[
    {
        "id": "da8414c2-1caa-44e9-9536-916cf452838c",
        "station_id": "13a27954-8a6b-445b-8a51-bb5312ff1fb1",
        "component_id": "88afd3d1-6da3-496a-ac81-669a47256d34",
        "value": 5.43,
        "timestamp_measured": "2019-04-07T22:00:00+00:00",
        "import_log_id": "2a5708d1-47cb-4cfd-ae35-bb8c8ef05d07",
        "rating": 1,
        "status": "validated"
    },
    {
        "id": "0d570fd5-e18b-4340-bc13-8f6669279602",
        "station_id": "13a27954-8a6b-445b-8a51-bb5312ff1fb1",
        "component_id": "88afd3d1-6da3-496a-ac81-669a47256d34",
        "value": 8.19,
        "timestamp_measured": "2019-04-07T23:00:00+00:00",
        "import_log_id": "2a5708d1-47cb-4cfd-ae35-bb8c8ef05d07",
        "rating": 1,
        "status": "validated"
    },
    {
        "id": "2168d7a2-be1a-4b2d-a2d1-9f9c273d459d",
        "station_id": "13a27954-8a6b-445b-8a51-bb5312ff1fb1",
        "component_id": "88afd3d1-6da3-496a-ac81-669a47256d34",
        "value": 9.4,
        "timestamp_measured": "2019-04-08T00:00:00+00:00",
        "import_log_id": "2a5708d1-47cb-4cfd-ae35-bb8c8ef05d07",
        "rating": 1,
        "status": "validated"
    },
    {
        "id": "845501cf-39fe-4589-8b7f-16faf13d4994",
        "station_id": "13a27954-8a6b-445b-8a51-bb5312ff1fb1",
        "component_id": "88afd3d1-6da3-496a-ac81-669a47256d34",
        "value": 9.09,
        "timestamp_measured": "2019-04-08T01:00:00+00:00",
        "import_log_id": "2a5708d1-47cb-4cfd-ae35-bb8c8ef05d07",
        "rating": 1,
        "status": "validated"
    },
    {
        "id": "5cadcdd4-dd63-455e-b4c8-2b5975b71353",
        "station_id": "13a27954-8a6b-445b-8a51-bb5312ff1fb1",
        "component_id": "88afd3d1-6da3-496a-ac81-669a47256d34",
        "value": 10.5,
        "timestamp_measured": "2019-04-08T02:00:00+00:00",
        "import_log_id": "2a5708d1-47cb-4cfd-ae35-bb8c8ef05d07",
        "rating": 2,
        "status": "validated"
    },
    {
        "id": "1876dd9a-5ed4-48eb-9cb2-912b66cbbe4b",
        "station_id": "13a27954-8a6b-445b-8a51-bb5312ff1fb1",
        "component_id": "88afd3d1-6da3-496a-ac81-669a47256d34",
        "value": 9.65,
        "timestamp_measured": "2019-04-08T03:00:00+00:00",
        "import_log_id": "2a5708d1-47cb-4cfd-ae35-bb8c8ef05d07",
        "rating": 1,
        "status": "validated"
    },
    {
        "id": "59fa4bc3-5918-4ca4-a3f5-621619cf75d9",
        "station_id": "13a27954-8a6b-445b-8a51-bb5312ff1fb1",
        "component_id": "88afd3d1-6da3-496a-ac81-669a47256d34",
        "value": 9.03,
        "timestamp_measured": "2019-04-08T04:00:00+00:00",
        "import_log_id": "2a5708d1-47cb-4cfd-ae35-bb8c8ef05d07",
        "rating": 1,
        "status": "validated"
    },
    {
        "id": "8945af96-9038-4e22-a112-4de16c9e2b81",
        "station_id": "13a27954-8a6b-445b-8a51-bb5312ff1fb1",
        "component_id": "88afd3d1-6da3-496a-ac81-669a47256d34",
        "value": 12.27,
        "timestamp_measured": "2019-04-08T05:00:00+00:00",
        "import_log_id": "2a5708d1-47cb-4cfd-ae35-bb8c8ef05d07",
        "rating": 2,
        "status": "validated"
    },
    {
        "id": "86e7bf01-0db4-4cdd-8352-35df4c77df6e",
        "station_id": "13a27954-8a6b-445b-8a51-bb5312ff1fb1",
        "component_id": "88afd3d1-6da3-496a-ac81-669a47256d34",
        "value": 13.73,
        "timestamp_measured": "2019-04-08T06:00:00+00:00",
        "import_log_id": "2a5708d1-47cb-4cfd-ae35-bb8c8ef05d07",
        "rating": 2,
        "status": "validated"
    },
    {
        "id": "0ee63c7f-8113-4c07-a83c-43fd7e2426a9",
        "station_id": "13a27954-8a6b-445b-8a51-bb5312ff1fb1",
        "component_id": "88afd3d1-6da3-496a-ac81-669a47256d34",
        "value": 20.71,
        "timestamp_measured": "2019-04-08T07:00:00+00:00",
        "import_log_id": "2a5708d1-47cb-4cfd-ae35-bb8c8ef05d07",
        "rating": 3,
        "status": "validated"
    },
    {
        "id": "e0567490-04cd-4bf0-a9f8-72e17de47674",
        "station_id": "13a27954-8a6b-445b-8a51-bb5312ff1fb1",
        "component_id": "88afd3d1-6da3-496a-ac81-669a47256d34",
        "value": 19.36,
        "timestamp_measured": "2019-04-08T08:00:00+00:00",
        "import_log_id": "2a5708d1-47cb-4cfd-ae35-bb8c8ef05d07",
        "rating": 2,
        "status": "validated"
    },
    {
        "id": "36115fc4-8811-4736-8a7b-3d1ebb4011b3",
        "station_id": "13a27954-8a6b-445b-8a51-bb5312ff1fb1",
        "component_id": "88afd3d1-6da3-496a-ac81-669a47256d34",
        "value": 17.77,
        "timestamp_measured": "2019-04-08T09:00:00+00:00",
        "import_log_id": "2a5708d1-47cb-4cfd-ae35-bb8c8ef05d07",
        "rating": 2,
        "status": "validated"
    },
    {
        "id": "42f57cde-4a40-40e5-9e8a-cd4d556c4b31",
        "station_id": "13a27954-8a6b-445b-8a51-bb5312ff1fb1",
        "component_id": "88afd3d1-6da3-496a-ac81-669a47256d34",
        "value": 13.49,
        "timestamp_measured": "2019-04-08T10:00:00+00:00",
        "import_log_id": "2a5708d1-47cb-4cfd-ae35-bb8c8ef05d07",
        "rating": 2,
        "status": "validated"
    },
    {
        "id": "3e0e4316-01ac-44bb-8526-f7dd22ca434d",
        "station_id": "13a27954-8a6b-445b-8a51-bb5312ff1fb1",
        "component_id": "88afd3d1-6da3-496a-ac81-669a47256d34",
        "value": 6.13,
        "timestamp_measured": "2019-04-08T11:00:00+00:00",
        "import_log_id": "2a5708d1-47cb-4cfd-ae35-bb8c8ef05d07",
        "rating": 1,
        "status": "validated"
    },
    {
        "id": "7f3799d7-cdb0-49a5-a99e-fa0608c7b113",
        "station_id": "13a27954-8a6b-445b-8a51-bb5312ff1fb1",
        "component_id": "88afd3d1-6da3-496a-ac81-669a47256d34",
        "value": 5.33,
        "timestamp_measured": "2019-04-08T12:00:00+00:00",
        "import_log_id": "2a5708d1-47cb-4cfd-ae35-bb8c8ef05d07",
        "rating": 1,
        "status": "validated"
    },
    {
        "id": "26d8f930-6b36-4ad2-ba4e-e5c8d8cefe9b",
        "station_id": "13a27954-8a6b-445b-8a51-bb5312ff1fb1",
        "component_id": "88afd3d1-6da3-496a-ac81-669a47256d34",
        "value": 5.06,
        "timestamp_measured": "2019-04-08T13:00:00+00:00",
        "import_log_id": "2a5708d1-47cb-4cfd-ae35-bb8c8ef05d07",
        "rating": 1,
        "status": "validated"
    },
    {
        "id": "2bfdce61-d1a5-458a-b2f4-2e6be17ff1ba",
        "station_id": "13a27954-8a6b-445b-8a51-bb5312ff1fb1",
        "component_id": "88afd3d1-6da3-496a-ac81-669a47256d34",
        "value": 4.33,
        "timestamp_measured": "2019-04-08T14:00:00+00:00",
        "import_log_id": "2a5708d1-47cb-4cfd-ae35-bb8c8ef05d07",
        "rating": 1,
        "status": "validated"
    },
    {
        "id": "1ac5cf01-97aa-428e-a4f4-80680378dc32",
        "station_id": "13a27954-8a6b-445b-8a51-bb5312ff1fb1",
        "component_id": "88afd3d1-6da3-496a-ac81-669a47256d34",
        "value": 4.61,
        "timestamp_measured": "2019-04-08T15:00:00+00:00",
        "import_log_id": "2a5708d1-47cb-4cfd-ae35-bb8c8ef05d07",
        "rating": 1,
        "status": "validated"
    },
    {
        "id": "64c262a9-92b5-4dbc-af77-9b4cafae4fa9",
        "station_id": "13a27954-8a6b-445b-8a51-bb5312ff1fb1",
        "component_id": "88afd3d1-6da3-496a-ac81-669a47256d34",
        "value": 4.92,
        "timestamp_measured": "2019-04-08T16:00:00+00:00",
        "import_log_id": "2a5708d1-47cb-4cfd-ae35-bb8c8ef05d07",
        "rating": 1,
        "status": "validated"
    },
    {
        "id": "8ce1a322-fc05-4312-a6c3-81b824641a52",
        "station_id": "13a27954-8a6b-445b-8a51-bb5312ff1fb1",
        "component_id": "88afd3d1-6da3-496a-ac81-669a47256d34",
        "value": 6.7,
        "timestamp_measured": "2019-04-08T17:00:00+00:00",
        "import_log_id": "2a5708d1-47cb-4cfd-ae35-bb8c8ef05d07",
        "rating": 1,
        "status": "validated"
    },
    {
        "id": "987fe017-022d-4223-b28f-4b8fc05c1a4e",
        "station_id": "13a27954-8a6b-445b-8a51-bb5312ff1fb1",
        "component_id": "88afd3d1-6da3-496a-ac81-669a47256d34",
        "value": 9.9,
        "timestamp_measured": "2019-04-08T18:00:00+00:00",
        "import_log_id": "2a5708d1-47cb-4cfd-ae35-bb8c8ef05d07",
        "rating": 1,
        "status": "validated"
    },
    {
        "id": "76fb78b5-52ae-4488-a327-edf77c7ff52d",
        "station_id": "13a27954-8a6b-445b-8a51-bb5312ff1fb1",
        "component_id": "88afd3d1-6da3-496a-ac81-669a47256d34",
        "value": 11.59,
        "timestamp_measured": "2019-04-08T19:00:00+00:00",
        "import_log_id": "2a5708d1-47cb-4cfd-ae35-bb8c8ef05d07",
        "rating": 2,
        "status": "validated"
    },
    {
        "id": "8b20b1ae-ada0-4c54-830e-17eef0f9efc5",
        "station_id": "13a27954-8a6b-445b-8a51-bb5312ff1fb1",
        "component_id": "88afd3d1-6da3-496a-ac81-669a47256d34",
        "value": 8.55,
        "timestamp_measured": "2019-04-08T20:00:00+00:00",
        "import_log_id": "2a5708d1-47cb-4cfd-ae35-bb8c8ef05d07",
        "rating": 1,
        "status": "validated"
    },
    {
        "id": "a97f86f1-d97f-4155-b9d5-ae9a23e3e1d6",
        "station_id": "13a27954-8a6b-445b-8a51-bb5312ff1fb1",
        "component_id": "88afd3d1-6da3-496a-ac81-669a47256d34",
        "value": 9.15,
        "timestamp_measured": "2019-04-08T21:00:00+00:00",
        "import_log_id": "2a5708d1-47cb-4cfd-ae35-bb8c8ef05d07",
        "rating": 1,
        "status": "validated"
    },
    {
        "id": "38768f84-b8a8-43f8-b591-19389b2e8782",
        "station_id": "13a27954-8a6b-445b-8a51-bb5312ff1fb1",
        "component_id": "88afd3d1-6da3-496a-ac81-669a47256d34",
        "value": 8.42,
        "timestamp_measured": "2019-04-08T22:00:00+00:00",
        "import_log_id": "2a5708d1-47cb-4cfd-ae35-bb8c8ef05d07",
        "rating": 1,
        "status": "validated"
    },
    {
        "id": "28eaf090-c77d-42d0-9443-f978b5e78e9d",
        "station_id": "13a27954-8a6b-445b-8a51-bb5312ff1fb1",
        "component_id": "88afd3d1-6da3-496a-ac81-669a47256d34",
        "value": 7.95,
        "timestamp_measured": "2019-04-08T23:00:00+00:00",
        "import_log_id": "2a5708d1-47cb-4cfd-ae35-bb8c8ef05d07",
        "rating": 1,
        "status": "validated"
    },
    {
        "id": "251e7fde-c0fb-41bf-8802-ba3c1174d7e0",
        "station_id": "13a27954-8a6b-445b-8a51-bb5312ff1fb1",
        "component_id": "88afd3d1-6da3-496a-ac81-669a47256d34",
        "value": 8.21,
        "timestamp_measured": "2019-04-09T00:00:00+00:00",
        "import_log_id": "2a5708d1-47cb-4cfd-ae35-bb8c8ef05d07",
        "rating": 1,
        "status": "validated"
    },
    {
        "id": "13240ba4-de06-4c45-9c1a-cde164795d23",
        "station_id": "13a27954-8a6b-445b-8a51-bb5312ff1fb1",
        "component_id": "88afd3d1-6da3-496a-ac81-669a47256d34",
        "value": 6.72,
        "timestamp_measured": "2019-04-09T01:00:00+00:00",
        "import_log_id": "2a5708d1-47cb-4cfd-ae35-bb8c8ef05d07",
        "rating": 1,
        "status": "validated"
    },
    {
        "id": "90128f59-f42b-43c6-8029-0d88628cf4ff",
        "station_id": "13a27954-8a6b-445b-8a51-bb5312ff1fb1",
        "component_id": "88afd3d1-6da3-496a-ac81-669a47256d34",
        "value": 6.18,
        "timestamp_measured": "2019-04-09T02:00:00+00:00",
        "import_log_id": "2a5708d1-47cb-4cfd-ae35-bb8c8ef05d07",
        "rating": 1,
        "status": "validated"
    },
    {
        "id": "0d47e64b-df60-4025-b717-94662a2303fe",
        "station_id": "13a27954-8a6b-445b-8a51-bb5312ff1fb1",
        "component_id": "88afd3d1-6da3-496a-ac81-669a47256d34",
        "value": 5.72,
        "timestamp_measured": "2019-04-09T03:00:00+00:00",
        "import_log_id": "2a5708d1-47cb-4cfd-ae35-bb8c8ef05d07",
        "rating": 1,
        "status": "validated"
    },
    {
        "id": "8b610dda-b853-41ca-821e-ec34daa48168",
        "station_id": "13a27954-8a6b-445b-8a51-bb5312ff1fb1",
        "component_id": "88afd3d1-6da3-496a-ac81-669a47256d34",
        "value": 6.33,
        "timestamp_measured": "2019-04-09T04:00:00+00:00",
        "import_log_id": "2a5708d1-47cb-4cfd-ae35-bb8c8ef05d07",
        "rating": 1,
        "status": "validated"
    },
    {
        "id": "5de7582c-7791-4844-97a6-632b247d519b",
        "station_id": "13a27954-8a6b-445b-8a51-bb5312ff1fb1",
        "component_id": "88afd3d1-6da3-496a-ac81-669a47256d34",
        "value": 7.14,
        "timestamp_measured": "2019-04-09T05:00:00+00:00",
        "import_log_id": "2a5708d1-47cb-4cfd-ae35-bb8c8ef05d07",
        "rating": 1,
        "status": "validated"
    },
    {
        "id": "fbdac288-3200-42e7-b653-ad2c5c0d3d94",
        "station_id": "13a27954-8a6b-445b-8a51-bb5312ff1fb1",
        "component_id": "88afd3d1-6da3-496a-ac81-669a47256d34",
        "value": 9.66,
        "timestamp_measured": "2019-04-09T06:00:00+00:00",
        "import_log_id": "2a5708d1-47cb-4cfd-ae35-bb8c8ef05d07",
        "rating": 1,
        "status": "validated"
    },
    {
        "id": "79670c71-52e3-4adc-9a14-c72b1f1a0a38",
        "station_id": "13a27954-8a6b-445b-8a51-bb5312ff1fb1",
        "component_id": "88afd3d1-6da3-496a-ac81-669a47256d34",
        "value": 10.6,
        "timestamp_measured": "2019-04-09T07:00:00+00:00",
        "import_log_id": "2a5708d1-47cb-4cfd-ae35-bb8c8ef05d07",
        "rating": 2,
        "status": "validated"
    },
    {
        "id": "ca599fb1-7888-4ecb-9888-19da002973af",
        "station_id": "13a27954-8a6b-445b-8a51-bb5312ff1fb1",
        "component_id": "88afd3d1-6da3-496a-ac81-669a47256d34",
        "value": 8.84,
        "timestamp_measured": "2019-04-09T08:00:00+00:00",
        "import_log_id": "2a5708d1-47cb-4cfd-ae35-bb8c8ef05d07",
        "rating": 1,
        "status": "validated"
    },
    {
        "id": "d7fdd6b7-cbb2-46df-a3f3-5b7a1ac5263e",
        "station_id": "13a27954-8a6b-445b-8a51-bb5312ff1fb1",
        "component_id": "88afd3d1-6da3-496a-ac81-669a47256d34",
        "value": 8.31,
        "timestamp_measured": "2019-04-09T09:00:00+00:00",
        "import_log_id": "2a5708d1-47cb-4cfd-ae35-bb8c8ef05d07",
        "rating": 1,
        "status": "validated"
    },
    {
        "id": "2953dbde-cdf8-4e99-846c-b271d161fa6c",
        "station_id": "13a27954-8a6b-445b-8a51-bb5312ff1fb1",
        "component_id": "88afd3d1-6da3-496a-ac81-669a47256d34",
        "value": 7.85,
        "timestamp_measured": "2019-04-09T10:00:00+00:00",
        "import_log_id": "2a5708d1-47cb-4cfd-ae35-bb8c8ef05d07",
        "rating": 1,
        "status": "validated"
    },
    {
        "id": "b67ee5c4-9c0b-40b5-8127-d3b569a85fdf",
        "station_id": "13a27954-8a6b-445b-8a51-bb5312ff1fb1",
        "component_id": "88afd3d1-6da3-496a-ac81-669a47256d34",
        "value": 7.08,
        "timestamp_measured": "2019-04-09T11:00:00+00:00",
        "import_log_id": "2a5708d1-47cb-4cfd-ae35-bb8c8ef05d07",
        "rating": 1,
        "status": "validated"
    },
    {
        "id": "86a59bef-ee5c-451b-b747-1f9e78eab5e3",
        "station_id": "13a27954-8a6b-445b-8a51-bb5312ff1fb1",
        "component_id": "88afd3d1-6da3-496a-ac81-669a47256d34",
        "value": 6.74,
        "timestamp_measured": "2019-04-09T12:00:00+00:00",
        "import_log_id": "2a5708d1-47cb-4cfd-ae35-bb8c8ef05d07",
        "rating": 1,
        "status": "validated"
    },
    {
        "id": "e1905426-7ba8-4458-a60f-89c1e90658e0",
        "station_id": "13a27954-8a6b-445b-8a51-bb5312ff1fb1",
        "component_id": "88afd3d1-6da3-496a-ac81-669a47256d34",
        "value": 7.02,
        "timestamp_measured": "2019-04-09T13:00:00+00:00",
        "import_log_id": "2a5708d1-47cb-4cfd-ae35-bb8c8ef05d07",
        "rating": 1,
        "status": "validated"
    },
    {
        "id": "acf53118-2157-4195-801b-5a47bc242486",
        "station_id": "13a27954-8a6b-445b-8a51-bb5312ff1fb1",
        "component_id": "88afd3d1-6da3-496a-ac81-669a47256d34",
        "value": 6.71,
        "timestamp_measured": "2019-04-09T14:00:00+00:00",
        "import_log_id": "2a5708d1-47cb-4cfd-ae35-bb8c8ef05d07",
        "rating": 1,
        "status": "validated"
    },
    {
        "id": "3c4a4178-6cc6-4960-ac57-b400dc6ff92b",
        "station_id": "13a27954-8a6b-445b-8a51-bb5312ff1fb1",
        "component_id": "88afd3d1-6da3-496a-ac81-669a47256d34",
        "value": 6.63,
        "timestamp_measured": "2019-04-09T15:00:00+00:00",
        "import_log_id": "2a5708d1-47cb-4cfd-ae35-bb8c8ef05d07",
        "rating": 1,
        "status": "validated"
    },
    {
        "id": "c38c3913-e122-4129-8fa7-20b221ddc09a",
        "station_id": "13a27954-8a6b-445b-8a51-bb5312ff1fb1",
        "component_id": "88afd3d1-6da3-496a-ac81-669a47256d34",
        "value": 6.78,
        "timestamp_measured": "2019-04-09T16:00:00+00:00",
        "import_log_id": "2a5708d1-47cb-4cfd-ae35-bb8c8ef05d07",
        "rating": 1,
        "status": "validated"
    },
    {
        "id": "06c5fcc2-25a6-4b30-ab3b-d9a05dd0f32f",
        "station_id": "13a27954-8a6b-445b-8a51-bb5312ff1fb1",
        "component_id": "88afd3d1-6da3-496a-ac81-669a47256d34",
        "value": 6.71,
        "timestamp_measured": "2019-04-09T17:00:00+00:00",
        "import_log_id": "2a5708d1-47cb-4cfd-ae35-bb8c8ef05d07",
        "rating": 1,
        "status": "validated"
    },
    {
        "id": "839fb311-68cb-4fba-a42a-55971528b1ad",
        "station_id": "13a27954-8a6b-445b-8a51-bb5312ff1fb1",
        "component_id": "88afd3d1-6da3-496a-ac81-669a47256d34",
        "value": 7.9,
        "timestamp_measured": "2019-04-09T18:00:00+00:00",
        "import_log_id": "2a5708d1-47cb-4cfd-ae35-bb8c8ef05d07",
        "rating": 1,
        "status": "validated"
    },
    {
        "id": "1085a830-97f3-46d1-a3fc-f3b36fdda0c5",
        "station_id": "13a27954-8a6b-445b-8a51-bb5312ff1fb1",
        "component_id": "88afd3d1-6da3-496a-ac81-669a47256d34",
        "value": 7.9,
        "timestamp_measured": "2019-04-09T19:00:00+00:00",
        "import_log_id": "2a5708d1-47cb-4cfd-ae35-bb8c8ef05d07",
        "rating": 1,
        "status": "validated"
    },
    {
        "id": "17e6cc3d-ec09-4924-ac9a-3ffffdad3dbd",
        "station_id": "13a27954-8a6b-445b-8a51-bb5312ff1fb1",
        "component_id": "88afd3d1-6da3-496a-ac81-669a47256d34",
        "value": 6.69,
        "timestamp_measured": "2019-04-09T20:00:00+00:00",
        "import_log_id": "2a5708d1-47cb-4cfd-ae35-bb8c8ef05d07",
        "rating": 1,
        "status": "validated"
    },
    {
        "id": "7666719c-d2e6-4d14-8b51-172d27a3db40",
        "station_id": "13a27954-8a6b-445b-8a51-bb5312ff1fb1",
        "component_id": "88afd3d1-6da3-496a-ac81-669a47256d34",
        "value": 6.35,
        "timestamp_measured": "2019-04-09T21:00:00+00:00",
        "import_log_id": "2a5708d1-47cb-4cfd-ae35-bb8c8ef05d07",
        "rating": 1,
        "status": "validated"
    },
    {
        "id": "adb711c5-759f-4188-9b16-c0c8f400e37c",
        "station_id": "13a27954-8a6b-445b-8a51-bb5312ff1fb1",
        "component_id": "88afd3d1-6da3-496a-ac81-669a47256d34",
        "value": 6.47,
        "timestamp_measured": "2019-04-09T22:00:00+00:00",
        "import_log_id": "2a5708d1-47cb-4cfd-ae35-bb8c8ef05d07",
        "rating": 1,
        "status": "validated"
    },
    {
        "id": "f0e47a05-f891-4251-b043-7cbf6847558b",
        "station_id": "13a27954-8a6b-445b-8a51-bb5312ff1fb1",
        "component_id": "88afd3d1-6da3-496a-ac81-669a47256d34",
        "value": 6.56,
        "timestamp_measured": "2019-04-09T23:00:00+00:00",
        "import_log_id": "2a5708d1-47cb-4cfd-ae35-bb8c8ef05d07",
        "rating": 1,
        "status": "validated"
    },
    {
        "id": "197f57a3-012d-4f2c-9092-bb4eb8933231",
        "station_id": "13a27954-8a6b-445b-8a51-bb5312ff1fb1",
        "component_id": "88afd3d1-6da3-496a-ac81-669a47256d34",
        "value": 5.98,
        "timestamp_measured": "2019-04-10T00:00:00+00:00",
        "import_log_id": "2a5708d1-47cb-4cfd-ae35-bb8c8ef05d07",
        "rating": 1,
        "status": "validated"
    },
    {
        "id": "9538d6c5-8892-491e-b857-de2be0317f63",
        "station_id": "13a27954-8a6b-445b-8a51-bb5312ff1fb1",
        "component_id": "88afd3d1-6da3-496a-ac81-669a47256d34",
        "value": 5.91,
        "timestamp_measured": "2019-04-10T01:00:00+00:00",
        "import_log_id": "2a5708d1-47cb-4cfd-ae35-bb8c8ef05d07",
        "rating": 1,
        "status": "validated"
    },
    {
        "id": "d96f66c5-aaca-4843-85d8-b88f1a504837",
        "station_id": "13a27954-8a6b-445b-8a51-bb5312ff1fb1",
        "component_id": "88afd3d1-6da3-496a-ac81-669a47256d34",
        "value": 5.74,
        "timestamp_measured": "2019-04-10T02:00:00+00:00",
        "import_log_id": "2a5708d1-47cb-4cfd-ae35-bb8c8ef05d07",
        "rating": 1,
        "status": "validated"
    },
    {
        "id": "f1096d1a-0448-4723-be77-b0eaedd9c327",
        "station_id": "13a27954-8a6b-445b-8a51-bb5312ff1fb1",
        "component_id": "88afd3d1-6da3-496a-ac81-669a47256d34",
        "value": 5.4,
        "timestamp_measured": "2019-04-10T03:00:00+00:00",
        "import_log_id": "2a5708d1-47cb-4cfd-ae35-bb8c8ef05d07",
        "rating": 1,
        "status": "validated"
    },
    {
        "id": "e07ef934-7bb4-4a67-9ef5-c4e4a78add84",
        "station_id": "13a27954-8a6b-445b-8a51-bb5312ff1fb1",
        "component_id": "88afd3d1-6da3-496a-ac81-669a47256d34",
        "value": 5.53,
        "timestamp_measured": "2019-04-10T04:00:00+00:00",
        "import_log_id": "2a5708d1-47cb-4cfd-ae35-bb8c8ef05d07",
        "rating": 1,
        "status": "validated"
    },
    {
        "id": "64301661-3f8a-42fc-9f43-c68fa77f4519",
        "station_id": "13a27954-8a6b-445b-8a51-bb5312ff1fb1",
        "component_id": "88afd3d1-6da3-496a-ac81-669a47256d34",
        "value": 5.48,
        "timestamp_measured": "2019-04-10T05:00:00+00:00",
        "import_log_id": "2a5708d1-47cb-4cfd-ae35-bb8c8ef05d07",
        "rating": 1,
        "status": "validated"
    },
    {
        "id": "b8b19d96-bd59-4e5f-9fc2-cca97b94ac59",
        "station_id": "13a27954-8a6b-445b-8a51-bb5312ff1fb1",
        "component_id": "88afd3d1-6da3-496a-ac81-669a47256d34",
        "value": 7.35,
        "timestamp_measured": "2019-04-10T06:00:00+00:00",
        "import_log_id": "2a5708d1-47cb-4cfd-ae35-bb8c8ef05d07",
        "rating": 1,
        "status": "validated"
    },
    {
        "id": "6c8c1166-7882-4488-9361-bfd345fce523",
        "station_id": "13a27954-8a6b-445b-8a51-bb5312ff1fb1",
        "component_id": "88afd3d1-6da3-496a-ac81-669a47256d34",
        "value": 8.16,
        "timestamp_measured": "2019-04-10T07:00:00+00:00",
        "import_log_id": "2a5708d1-47cb-4cfd-ae35-bb8c8ef05d07",
        "rating": 1,
        "status": "validated"
    },
    {
        "id": "116ff4a7-c9e1-4cd6-a7c7-6d2f7ed94952",
        "station_id": "13a27954-8a6b-445b-8a51-bb5312ff1fb1",
        "component_id": "88afd3d1-6da3-496a-ac81-669a47256d34",
        "value": 7.6,
        "timestamp_measured": "2019-04-10T08:00:00+00:00",
        "import_log_id": "2a5708d1-47cb-4cfd-ae35-bb8c8ef05d07",
        "rating": 1,
        "status": "validated"
    },
    {
        "id": "01a3c263-6bf1-4217-911f-86d6c64a5a50",
        "station_id": "13a27954-8a6b-445b-8a51-bb5312ff1fb1",
        "component_id": "88afd3d1-6da3-496a-ac81-669a47256d34",
        "value": 5.63,
        "timestamp_measured": "2019-04-10T09:00:00+00:00",
        "import_log_id": "2a5708d1-47cb-4cfd-ae35-bb8c8ef05d07",
        "rating": 1,
        "status": "validated"
    },
    {
        "id": "6225f148-bc96-44da-b996-0e1962e01548",
        "station_id": "13a27954-8a6b-445b-8a51-bb5312ff1fb1",
        "component_id": "88afd3d1-6da3-496a-ac81-669a47256d34",
        "value": 4.74,
        "timestamp_measured": "2019-04-10T10:00:00+00:00",
        "import_log_id": "2a5708d1-47cb-4cfd-ae35-bb8c8ef05d07",
        "rating": 1,
        "status": "validated"
    },
    {
        "id": "07c0fc13-8829-4802-8a90-0570927b773f",
        "station_id": "13a27954-8a6b-445b-8a51-bb5312ff1fb1",
        "component_id": "88afd3d1-6da3-496a-ac81-669a47256d34",
        "value": 4.52,
        "timestamp_measured": "2019-04-10T11:00:00+00:00",
        "import_log_id": "2a5708d1-47cb-4cfd-ae35-bb8c8ef05d07",
        "rating": 1,
        "status": "validated"
    },
    {
        "id": "6ab14789-c8d8-4adc-bea0-92a001a9f5de",
        "station_id": "13a27954-8a6b-445b-8a51-bb5312ff1fb1",
        "component_id": "88afd3d1-6da3-496a-ac81-669a47256d34",
        "value": 4.26,
        "timestamp_measured": "2019-04-10T12:00:00+00:00",
        "import_log_id": "2a5708d1-47cb-4cfd-ae35-bb8c8ef05d07",
        "rating": 1,
        "status": "validated"
    },
    {
        "id": "e3fb3f63-6b51-40de-8c8c-35c3a8a5dc5e",
        "station_id": "13a27954-8a6b-445b-8a51-bb5312ff1fb1",
        "component_id": "88afd3d1-6da3-496a-ac81-669a47256d34",
        "value": 4.17,
        "timestamp_measured": "2019-04-10T13:00:00+00:00",
        "import_log_id": "2a5708d1-47cb-4cfd-ae35-bb8c8ef05d07",
        "rating": 1,
        "status": "validated"
    },
    {
        "id": "be6df7f7-865f-4b56-bb49-25d295b76bcb",
        "station_id": "13a27954-8a6b-445b-8a51-bb5312ff1fb1",
        "component_id": "88afd3d1-6da3-496a-ac81-669a47256d34",
        "value": 4.08,
        "timestamp_measured": "2019-04-10T14:00:00+00:00",
        "import_log_id": "2a5708d1-47cb-4cfd-ae35-bb8c8ef05d07",
        "rating": 1,
        "status": "validated"
    },
    {
        "id": "ec710c5f-f4b7-4602-ac9a-c8625fe5e018",
        "station_id": "13a27954-8a6b-445b-8a51-bb5312ff1fb1",
        "component_id": "88afd3d1-6da3-496a-ac81-669a47256d34",
        "value": 3.43,
        "timestamp_measured": "2019-04-10T15:00:00+00:00",
        "import_log_id": "2a5708d1-47cb-4cfd-ae35-bb8c8ef05d07",
        "rating": 1,
        "status": "validated"
    },
    {
        "id": "31df191b-7667-45ce-8d0f-98805ba3be4b",
        "station_id": "13a27954-8a6b-445b-8a51-bb5312ff1fb1",
        "component_id": "88afd3d1-6da3-496a-ac81-669a47256d34",
        "value": 3.89,
        "timestamp_measured": "2019-04-10T16:00:00+00:00",
        "import_log_id": "2a5708d1-47cb-4cfd-ae35-bb8c8ef05d07",
        "rating": 1,
        "status": "validated"
    },
    {
        "id": "cac6ab69-9204-4d6a-a146-0c9d7df2cb5f",
        "station_id": "13a27954-8a6b-445b-8a51-bb5312ff1fb1",
        "component_id": "88afd3d1-6da3-496a-ac81-669a47256d34",
        "value": 3.68,
        "timestamp_measured": "2019-04-10T17:00:00+00:00",
        "import_log_id": "2a5708d1-47cb-4cfd-ae35-bb8c8ef05d07",
        "rating": 1,
        "status": "validated"
    },
    {
        "id": "8cfe30cb-e709-4e38-b45c-0fa6d3690237",
        "station_id": "13a27954-8a6b-445b-8a51-bb5312ff1fb1",
        "component_id": "88afd3d1-6da3-496a-ac81-669a47256d34",
        "value": 6.61,
        "timestamp_measured": "2019-04-10T18:00:00+00:00",
        "import_log_id": "2a5708d1-47cb-4cfd-ae35-bb8c8ef05d07",
        "rating": 1,
        "status": "validated"
    },
    {
        "id": "859561a9-ccf9-4e5d-849c-da8a65cb4374",
        "station_id": "13a27954-8a6b-445b-8a51-bb5312ff1fb1",
        "component_id": "88afd3d1-6da3-496a-ac81-669a47256d34",
        "value": 7.28,
        "timestamp_measured": "2019-04-10T19:00:00+00:00",
        "import_log_id": "2a5708d1-47cb-4cfd-ae35-bb8c8ef05d07",
        "rating": 1,
        "status": "validated"
    },
    {
        "id": "5bd2d3bc-d2cb-4186-b787-a79142af79bf",
        "station_id": "13a27954-8a6b-445b-8a51-bb5312ff1fb1",
        "component_id": "88afd3d1-6da3-496a-ac81-669a47256d34",
        "value": 7.06,
        "timestamp_measured": "2019-04-10T20:00:00+00:00",
        "import_log_id": "2a5708d1-47cb-4cfd-ae35-bb8c8ef05d07",
        "rating": 1,
        "status": "validated"
    },
    {
        "id": "db026df8-2b94-4845-9e96-b886242933cc",
        "station_id": "13a27954-8a6b-445b-8a51-bb5312ff1fb1",
        "component_id": "88afd3d1-6da3-496a-ac81-669a47256d34",
        "value": 5.53,
        "timestamp_measured": "2019-04-10T21:00:00+00:00",
        "import_log_id": "2a5708d1-47cb-4cfd-ae35-bb8c8ef05d07",
        "rating": 1,
        "status": "validated"
    },
    {
        "id": "b0b5f80f-528b-4a8c-ab09-0c51fdcc758c",
        "station_id": "13a27954-8a6b-445b-8a51-bb5312ff1fb1",
        "component_id": "88afd3d1-6da3-496a-ac81-669a47256d34",
        "value": 5.32,
        "timestamp_measured": "2019-04-10T22:00:00+00:00",
        "import_log_id": "2a5708d1-47cb-4cfd-ae35-bb8c8ef05d07",
        "rating": 1,
        "status": "validated"
    },
    {
        "id": "ec89a0f8-e1ed-4097-aecd-fe8acd22b918",
        "station_id": "13a27954-8a6b-445b-8a51-bb5312ff1fb1",
        "component_id": "88afd3d1-6da3-496a-ac81-669a47256d34",
        "value": 4.73,
        "timestamp_measured": "2019-04-10T23:00:00+00:00",
        "import_log_id": "2a5708d1-47cb-4cfd-ae35-bb8c8ef05d07",
        "rating": 1,
        "status": "validated"
    },
    {
        "id": "5d0b8aad-eb6e-4865-ae1e-6182a9a40cf1",
        "station_id": "13a27954-8a6b-445b-8a51-bb5312ff1fb1",
        "component_id": "88afd3d1-6da3-496a-ac81-669a47256d34",
        "value": 5.48,
        "timestamp_measured": "2019-04-11T00:00:00+00:00",
        "import_log_id": "2a5708d1-47cb-4cfd-ae35-bb8c8ef05d07",
        "rating": 1,
        "status": "validated"
    },
    {
        "id": "b353130e-0cb3-4256-8fcb-054157532542",
        "station_id": "13a27954-8a6b-445b-8a51-bb5312ff1fb1",
        "component_id": "88afd3d1-6da3-496a-ac81-669a47256d34",
        "value": 5.29,
        "timestamp_measured": "2019-04-11T01:00:00+00:00",
        "import_log_id": "2a5708d1-47cb-4cfd-ae35-bb8c8ef05d07",
        "rating": 1,
        "status": "validated"
    },
    {
        "id": "f685f70d-3749-4518-8213-b981109652bc",
        "station_id": "13a27954-8a6b-445b-8a51-bb5312ff1fb1",
        "component_id": "88afd3d1-6da3-496a-ac81-669a47256d34",
        "value": 5.26,
        "timestamp_measured": "2019-04-11T02:00:00+00:00",
        "import_log_id": "2a5708d1-47cb-4cfd-ae35-bb8c8ef05d07",
        "rating": 1,
        "status": "validated"
    },
    {
        "id": "1d80cb86-c45e-4603-9775-b0aa0a1d97e7",
        "station_id": "13a27954-8a6b-445b-8a51-bb5312ff1fb1",
        "component_id": "88afd3d1-6da3-496a-ac81-669a47256d34",
        "value": 5.01,
        "timestamp_measured": "2019-04-11T03:00:00+00:00",
        "import_log_id": "2a5708d1-47cb-4cfd-ae35-bb8c8ef05d07",
        "rating": 1,
        "status": "validated"
    },
    {
        "id": "62320b63-b3ce-43ba-bcc6-f73b7ec8951a",
        "station_id": "13a27954-8a6b-445b-8a51-bb5312ff1fb1",
        "component_id": "88afd3d1-6da3-496a-ac81-669a47256d34",
        "value": 4.83,
        "timestamp_measured": "2019-04-11T04:00:00+00:00",
        "import_log_id": "2a5708d1-47cb-4cfd-ae35-bb8c8ef05d07",
        "rating": 1,
        "status": "validated"
    },
    {
        "id": "28e4f2f4-3de6-448d-8c6e-3e31595b9afd",
        "station_id": "13a27954-8a6b-445b-8a51-bb5312ff1fb1",
        "component_id": "88afd3d1-6da3-496a-ac81-669a47256d34",
        "value": 5.34,
        "timestamp_measured": "2019-04-11T05:00:00+00:00",
        "import_log_id": "2a5708d1-47cb-4cfd-ae35-bb8c8ef05d07",
        "rating": 1,
        "status": "validated"
    },
    {
        "id": "50bca23b-d6ef-4b17-9ce8-e0e5dccab950",
        "station_id": "13a27954-8a6b-445b-8a51-bb5312ff1fb1",
        "component_id": "88afd3d1-6da3-496a-ac81-669a47256d34",
        "value": 6.01,
        "timestamp_measured": "2019-04-11T06:00:00+00:00",
        "import_log_id": "2a5708d1-47cb-4cfd-ae35-bb8c8ef05d07",
        "rating": 1,
        "status": "validated"
    },
    {
        "id": "779a1598-7924-4e35-9341-d98c503db0ab",
        "station_id": "13a27954-8a6b-445b-8a51-bb5312ff1fb1",
        "component_id": "88afd3d1-6da3-496a-ac81-669a47256d34",
        "value": 8.33,
        "timestamp_measured": "2019-04-11T07:00:00+00:00",
        "import_log_id": "2a5708d1-47cb-4cfd-ae35-bb8c8ef05d07",
        "rating": 1,
        "status": "validated"
    },
    {
        "id": "0c40024a-e11d-4048-a645-ba525e1d4259",
        "station_id": "13a27954-8a6b-445b-8a51-bb5312ff1fb1",
        "component_id": "88afd3d1-6da3-496a-ac81-669a47256d34",
        "value": 7.82,
        "timestamp_measured": "2019-04-11T08:00:00+00:00",
        "import_log_id": "2a5708d1-47cb-4cfd-ae35-bb8c8ef05d07",
        "rating": 1,
        "status": "validated"
    },
    {
        "id": "7c7b3d52-9bb0-4aa9-8863-d954e3089a36",
        "station_id": "13a27954-8a6b-445b-8a51-bb5312ff1fb1",
        "component_id": "88afd3d1-6da3-496a-ac81-669a47256d34",
        "value": 5.75,
        "timestamp_measured": "2019-04-11T09:00:00+00:00",
        "import_log_id": "2a5708d1-47cb-4cfd-ae35-bb8c8ef05d07",
        "rating": 1,
        "status": "validated"
    },
    {
        "id": "5f97cdf4-7209-4591-a33e-f89bcc15fd53",
        "station_id": "13a27954-8a6b-445b-8a51-bb5312ff1fb1",
        "component_id": "88afd3d1-6da3-496a-ac81-669a47256d34",
        "value": 4.52,
        "timestamp_measured": "2019-04-11T10:00:00+00:00",
        "import_log_id": "2a5708d1-47cb-4cfd-ae35-bb8c8ef05d07",
        "rating": 1,
        "status": "validated"
    },
    {
        "id": "2527ff3c-14b3-480d-b93e-46d594e2d204",
        "station_id": "13a27954-8a6b-445b-8a51-bb5312ff1fb1",
        "component_id": "88afd3d1-6da3-496a-ac81-669a47256d34",
        "value": 3.94,
        "timestamp_measured": "2019-04-11T11:00:00+00:00",
        "import_log_id": "2a5708d1-47cb-4cfd-ae35-bb8c8ef05d07",
        "rating": 1,
        "status": "validated"
    },
    {
        "id": "1c685f63-77de-4fd0-843f-340c2ea6d1f5",
        "station_id": "13a27954-8a6b-445b-8a51-bb5312ff1fb1",
        "component_id": "88afd3d1-6da3-496a-ac81-669a47256d34",
        "value": 3.32,
        "timestamp_measured": "2019-04-11T12:00:00+00:00",
        "import_log_id": "2a5708d1-47cb-4cfd-ae35-bb8c8ef05d07",
        "rating": 1,
        "status": "validated"
    },
    {
        "id": "18724922-ca16-4bd8-89d8-2ad09a9be60b",
        "station_id": "13a27954-8a6b-445b-8a51-bb5312ff1fb1",
        "component_id": "88afd3d1-6da3-496a-ac81-669a47256d34",
        "value": 3.66,
        "timestamp_measured": "2019-04-11T13:00:00+00:00",
        "import_log_id": "2a5708d1-47cb-4cfd-ae35-bb8c8ef05d07",
        "rating": 1,
        "status": "validated"
    },
    {
        "id": "ba844526-424b-406b-aedf-fdd55dd9451e",
        "station_id": "13a27954-8a6b-445b-8a51-bb5312ff1fb1",
        "component_id": "88afd3d1-6da3-496a-ac81-669a47256d34",
        "value": 4.25,
        "timestamp_measured": "2019-04-11T14:00:00+00:00",
        "import_log_id": "2a5708d1-47cb-4cfd-ae35-bb8c8ef05d07",
        "rating": 1,
        "status": "validated"
    },
    {
        "id": "0b94909b-0287-4f51-9d54-a9f7f3e3b8b1",
        "station_id": "13a27954-8a6b-445b-8a51-bb5312ff1fb1",
        "component_id": "88afd3d1-6da3-496a-ac81-669a47256d34",
        "value": 5.45,
        "timestamp_measured": "2019-04-11T15:00:00+00:00",
        "import_log_id": "2a5708d1-47cb-4cfd-ae35-bb8c8ef05d07",
        "rating": 1,
        "status": "validated"
    },
    {
        "id": "df27229a-efe0-441e-b66c-318b8e0f9799",
        "station_id": "13a27954-8a6b-445b-8a51-bb5312ff1fb1",
        "component_id": "88afd3d1-6da3-496a-ac81-669a47256d34",
        "value": 4.61,
        "timestamp_measured": "2019-04-11T16:00:00+00:00",
        "import_log_id": "2a5708d1-47cb-4cfd-ae35-bb8c8ef05d07",
        "rating": 1,
        "status": "validated"
    },
    {
        "id": "e3d6e0a9-417b-4347-b761-652dbd20098a",
        "station_id": "13a27954-8a6b-445b-8a51-bb5312ff1fb1",
        "component_id": "88afd3d1-6da3-496a-ac81-669a47256d34",
        "value": 4.76,
        "timestamp_measured": "2019-04-11T17:00:00+00:00",
        "import_log_id": "2a5708d1-47cb-4cfd-ae35-bb8c8ef05d07",
        "rating": 1,
        "status": "validated"
    },
    {
        "id": "5301b25d-fb8d-4832-bb53-11c4a75f8b78",
        "station_id": "13a27954-8a6b-445b-8a51-bb5312ff1fb1",
        "component_id": "88afd3d1-6da3-496a-ac81-669a47256d34",
        "value": 5.72,
        "timestamp_measured": "2019-04-11T18:00:00+00:00",
        "import_log_id": "2a5708d1-47cb-4cfd-ae35-bb8c8ef05d07",
        "rating": 1,
        "status": "validated"
    },
    {
        "id": "efd018fd-fa74-42ca-bcf7-e36a55db1eab",
        "station_id": "13a27954-8a6b-445b-8a51-bb5312ff1fb1",
        "component_id": "88afd3d1-6da3-496a-ac81-669a47256d34",
        "value": 7.88,
        "timestamp_measured": "2019-04-11T19:00:00+00:00",
        "import_log_id": "2a5708d1-47cb-4cfd-ae35-bb8c8ef05d07",
        "rating": 1,
        "status": "validated"
    },
    {
        "id": "320f5f6f-d10b-4618-ba43-3c958d4e0cb3",
        "station_id": "13a27954-8a6b-445b-8a51-bb5312ff1fb1",
        "component_id": "88afd3d1-6da3-496a-ac81-669a47256d34",
        "value": 8.33,
        "timestamp_measured": "2019-04-11T20:00:00+00:00",
        "import_log_id": "2a5708d1-47cb-4cfd-ae35-bb8c8ef05d07",
        "rating": 1,
        "status": "validated"
    },
    {
        "id": "73e6908f-98e5-4983-b640-52aaae3c97ab",
        "station_id": "13a27954-8a6b-445b-8a51-bb5312ff1fb1",
        "component_id": "88afd3d1-6da3-496a-ac81-669a47256d34",
        "value": 6.93,
        "timestamp_measured": "2019-04-11T21:00:00+00:00",
        "import_log_id": "2a5708d1-47cb-4cfd-ae35-bb8c8ef05d07",
        "rating": 1,
        "status": "validated"
    },
    {
        "id": "07e25d39-143c-4abd-b935-1bc2b9346771",
        "station_id": "13a27954-8a6b-445b-8a51-bb5312ff1fb1",
        "component_id": "88afd3d1-6da3-496a-ac81-669a47256d34",
        "value": 7.6,
        "timestamp_measured": "2019-04-11T22:00:00+00:00",
        "import_log_id": "2a5708d1-47cb-4cfd-ae35-bb8c8ef05d07",
        "rating": 1,
        "status": "validated"
    },
    {
        "id": "dc0c510a-10c9-4790-b4da-4b228b12c000",
        "station_id": "13a27954-8a6b-445b-8a51-bb5312ff1fb1",
        "component_id": "88afd3d1-6da3-496a-ac81-669a47256d34",
        "value": 7.44,
        "timestamp_measured": "2019-04-11T23:00:00+00:00",
        "import_log_id": "2a5708d1-47cb-4cfd-ae35-bb8c8ef05d07",
        "rating": 1,
        "status": "validated"
    },
    {
        "id": "3bb950f4-c7a9-4ed2-8f85-c97b49546db4",
        "station_id": "13a27954-8a6b-445b-8a51-bb5312ff1fb1",
        "component_id": "88afd3d1-6da3-496a-ac81-669a47256d34",
        "value": 6.21,
        "timestamp_measured": "2019-04-12T00:00:00+00:00",
        "import_log_id": "2a5708d1-47cb-4cfd-ae35-bb8c8ef05d07",
        "rating": 1,
        "status": "validated"
    },
    {
        "id": "0c27f9e8-b433-4670-93a6-fd92e4f13588",
        "station_id": "13a27954-8a6b-445b-8a51-bb5312ff1fb1",
        "component_id": "88afd3d1-6da3-496a-ac81-669a47256d34",
        "value": 6.23,
        "timestamp_measured": "2019-04-12T01:00:00+00:00",
        "import_log_id": "2a5708d1-47cb-4cfd-ae35-bb8c8ef05d07",
        "rating": 1,
        "status": "validated"
    },
    {
        "id": "c5c761e5-4d36-4f0b-932b-9453df543e51",
        "station_id": "13a27954-8a6b-445b-8a51-bb5312ff1fb1",
        "component_id": "88afd3d1-6da3-496a-ac81-669a47256d34",
        "value": 6.85,
        "timestamp_measured": "2019-04-12T02:00:00+00:00",
        "import_log_id": "2a5708d1-47cb-4cfd-ae35-bb8c8ef05d07",
        "rating": 1,
        "status": "validated"
    },
    {
        "id": "f7902a9f-77ee-4fcd-bacb-3b4ae150595e",
        "station_id": "13a27954-8a6b-445b-8a51-bb5312ff1fb1",
        "component_id": "88afd3d1-6da3-496a-ac81-669a47256d34",
        "value": 7.82,
        "timestamp_measured": "2019-04-12T03:00:00+00:00",
        "import_log_id": "2a5708d1-47cb-4cfd-ae35-bb8c8ef05d07",
        "rating": 1,
        "status": "validated"
    },
    {
        "id": "e564575a-a1d5-4a64-abd3-089c4f209506",
        "station_id": "13a27954-8a6b-445b-8a51-bb5312ff1fb1",
        "component_id": "88afd3d1-6da3-496a-ac81-669a47256d34",
        "value": 7.69,
        "timestamp_measured": "2019-04-12T04:00:00+00:00",
        "import_log_id": "2a5708d1-47cb-4cfd-ae35-bb8c8ef05d07",
        "rating": 1,
        "status": "validated"
    },
    {
        "id": "bf21d6f8-bd14-4d8e-ae17-42d1ecde2ade",
        "station_id": "13a27954-8a6b-445b-8a51-bb5312ff1fb1",
        "component_id": "88afd3d1-6da3-496a-ac81-669a47256d34",
        "value": 8.58,
        "timestamp_measured": "2019-04-12T05:00:00+00:00",
        "import_log_id": "2a5708d1-47cb-4cfd-ae35-bb8c8ef05d07",
        "rating": 1,
        "status": "validated"
    },
    {
        "id": "8ec0e0db-8db9-4979-8986-aba3d2645a31",
        "station_id": "13a27954-8a6b-445b-8a51-bb5312ff1fb1",
        "component_id": "88afd3d1-6da3-496a-ac81-669a47256d34",
        "value": 8.83,
        "timestamp_measured": "2019-04-12T06:00:00+00:00",
        "import_log_id": "2a5708d1-47cb-4cfd-ae35-bb8c8ef05d07",
        "rating": 1,
        "status": "validated"
    },
    {
        "id": "72f89439-73da-4376-9cce-f7c767bfff3d",
        "station_id": "13a27954-8a6b-445b-8a51-bb5312ff1fb1",
        "component_id": "88afd3d1-6da3-496a-ac81-669a47256d34",
        "value": 8.63,
        "timestamp_measured": "2019-04-12T07:00:00+00:00",
        "import_log_id": "2a5708d1-47cb-4cfd-ae35-bb8c8ef05d07",
        "rating": 1,
        "status": "validated"
    },
    {
        "id": "0fb39586-85a2-4b00-a7a3-642c86fcf5a4",
        "station_id": "13a27954-8a6b-445b-8a51-bb5312ff1fb1",
        "component_id": "88afd3d1-6da3-496a-ac81-669a47256d34",
        "value": 6.2,
        "timestamp_measured": "2019-04-12T08:00:00+00:00",
        "import_log_id": "2a5708d1-47cb-4cfd-ae35-bb8c8ef05d07",
        "rating": 1,
        "status": "validated"
    },
    {
        "id": "c3f915b4-6f30-4b31-a9e6-fcfab8996732",
        "station_id": "13a27954-8a6b-445b-8a51-bb5312ff1fb1",
        "component_id": "88afd3d1-6da3-496a-ac81-669a47256d34",
        "value": 4.33,
        "timestamp_measured": "2019-04-12T09:00:00+00:00",
        "import_log_id": "2a5708d1-47cb-4cfd-ae35-bb8c8ef05d07",
        "rating": 1,
        "status": "validated"
    },
    {
        "id": "c17860ef-9371-46f2-ad15-a5d6f9b731c8",
        "station_id": "13a27954-8a6b-445b-8a51-bb5312ff1fb1",
        "component_id": "88afd3d1-6da3-496a-ac81-669a47256d34",
        "value": 2.63,
        "timestamp_measured": "2019-04-12T10:00:00+00:00",
        "import_log_id": "2a5708d1-47cb-4cfd-ae35-bb8c8ef05d07",
        "rating": 1,
        "status": "validated"
    },
    {
        "id": "9ff4c209-2152-4401-8993-e804f68f9e93",
        "station_id": "13a27954-8a6b-445b-8a51-bb5312ff1fb1",
        "component_id": "88afd3d1-6da3-496a-ac81-669a47256d34",
        "value": 2.76,
        "timestamp_measured": "2019-04-12T11:00:00+00:00",
        "import_log_id": "2a5708d1-47cb-4cfd-ae35-bb8c8ef05d07",
        "rating": 1,
        "status": "validated"
    },
    {
        "id": "28b4c50b-2c0f-4c7c-b154-6d29a0fbc3c1",
        "station_id": "13a27954-8a6b-445b-8a51-bb5312ff1fb1",
        "component_id": "88afd3d1-6da3-496a-ac81-669a47256d34",
        "value": 3.35,
        "timestamp_measured": "2019-04-12T12:00:00+00:00",
        "import_log_id": "2a5708d1-47cb-4cfd-ae35-bb8c8ef05d07",
        "rating": 1,
        "status": "validated"
    },
    {
        "id": "f8d4cdf6-0fe2-4345-8a1d-9e7afa01ba16",
        "station_id": "13a27954-8a6b-445b-8a51-bb5312ff1fb1",
        "component_id": "88afd3d1-6da3-496a-ac81-669a47256d34",
        "value": 4.64,
        "timestamp_measured": "2019-04-12T13:00:00+00:00",
        "import_log_id": "2a5708d1-47cb-4cfd-ae35-bb8c8ef05d07",
        "rating": 1,
        "status": "validated"
    },
    {
        "id": "9ca4e4d8-8ba5-422d-b3b9-e870bb50d5fd",
        "station_id": "13a27954-8a6b-445b-8a51-bb5312ff1fb1",
        "component_id": "88afd3d1-6da3-496a-ac81-669a47256d34",
        "value": 6.03,
        "timestamp_measured": "2019-04-12T14:00:00+00:00",
        "import_log_id": "2a5708d1-47cb-4cfd-ae35-bb8c8ef05d07",
        "rating": 1,
        "status": "validated"
    },
    {
        "id": "54f4ff9c-16a9-4660-b9fc-49bb1006da38",
        "station_id": "13a27954-8a6b-445b-8a51-bb5312ff1fb1",
        "component_id": "88afd3d1-6da3-496a-ac81-669a47256d34",
        "value": 5.45,
        "timestamp_measured": "2019-04-12T15:00:00+00:00",
        "import_log_id": "2a5708d1-47cb-4cfd-ae35-bb8c8ef05d07",
        "rating": 1,
        "status": "validated"
    },
    {
        "id": "f0a91d8c-672a-4bba-a4d4-d3f92bd5aa4c",
        "station_id": "13a27954-8a6b-445b-8a51-bb5312ff1fb1",
        "component_id": "88afd3d1-6da3-496a-ac81-669a47256d34",
        "value": 6.9,
        "timestamp_measured": "2019-04-12T16:00:00+00:00",
        "import_log_id": "2a5708d1-47cb-4cfd-ae35-bb8c8ef05d07",
        "rating": 1,
        "status": "validated"
    },
    {
        "id": "3747dcae-b411-4859-9fb2-e2447ccfcf28",
        "station_id": "13a27954-8a6b-445b-8a51-bb5312ff1fb1",
        "component_id": "88afd3d1-6da3-496a-ac81-669a47256d34",
        "value": 5.32,
        "timestamp_measured": "2019-04-12T17:00:00+00:00",
        "import_log_id": "2a5708d1-47cb-4cfd-ae35-bb8c8ef05d07",
        "rating": 1,
        "status": "validated"
    },
    {
        "id": "c7ade8c3-d781-4797-b3ee-62ebe41d8560",
        "station_id": "13a27954-8a6b-445b-8a51-bb5312ff1fb1",
        "component_id": "88afd3d1-6da3-496a-ac81-669a47256d34",
        "value": 6.08,
        "timestamp_measured": "2019-04-12T18:00:00+00:00",
        "import_log_id": "2a5708d1-47cb-4cfd-ae35-bb8c8ef05d07",
        "rating": 1,
        "status": "validated"
    },
    {
        "id": "de9ae772-94ad-44f7-b5c3-f3d6c8b0f501",
        "station_id": "13a27954-8a6b-445b-8a51-bb5312ff1fb1",
        "component_id": "88afd3d1-6da3-496a-ac81-669a47256d34",
        "value": 6.81,
        "timestamp_measured": "2019-04-12T19:00:00+00:00",
        "import_log_id": "2a5708d1-47cb-4cfd-ae35-bb8c8ef05d07",
        "rating": 1,
        "status": "validated"
    },
    {
        "id": "a65e8817-7489-4067-a50a-07a75a55e156",
        "station_id": "13a27954-8a6b-445b-8a51-bb5312ff1fb1",
        "component_id": "88afd3d1-6da3-496a-ac81-669a47256d34",
        "value": 6.99,
        "timestamp_measured": "2019-04-12T20:00:00+00:00",
        "import_log_id": "2a5708d1-47cb-4cfd-ae35-bb8c8ef05d07",
        "rating": 1,
        "status": "validated"
    },
    {
        "id": "e22f70e8-62dc-4fd1-8a2b-1675c1badd37",
        "station_id": "13a27954-8a6b-445b-8a51-bb5312ff1fb1",
        "component_id": "88afd3d1-6da3-496a-ac81-669a47256d34",
        "value": 5.98,
        "timestamp_measured": "2019-04-12T21:00:00+00:00",
        "import_log_id": "2a5708d1-47cb-4cfd-ae35-bb8c8ef05d07",
        "rating": 1,
        "status": "validated"
    },
    {
        "id": "29c600c0-9e4d-4633-a3d6-6e7cf953bfca",
        "station_id": "13a27954-8a6b-445b-8a51-bb5312ff1fb1",
        "component_id": "88afd3d1-6da3-496a-ac81-669a47256d34",
        "value": 4.89,
        "timestamp_measured": "2019-04-12T22:00:00+00:00",
        "import_log_id": "2a5708d1-47cb-4cfd-ae35-bb8c8ef05d07",
        "rating": 1,
        "status": "validated"
    },
    {
        "id": "eed304ac-8e77-4ea4-9ca6-ae47358df882",
        "station_id": "13a27954-8a6b-445b-8a51-bb5312ff1fb1",
        "component_id": "88afd3d1-6da3-496a-ac81-669a47256d34",
        "value": 6.86,
        "timestamp_measured": "2019-04-12T23:00:00+00:00",
        "import_log_id": "2a5708d1-47cb-4cfd-ae35-bb8c8ef05d07",
        "rating": 1,
        "status": "validated"
    },
    {
        "id": "2c180d4d-0f97-4d87-8e23-5a8c5fc30e67",
        "station_id": "13a27954-8a6b-445b-8a51-bb5312ff1fb1",
        "component_id": "88afd3d1-6da3-496a-ac81-669a47256d34",
        "value": 6.66,
        "timestamp_measured": "2019-04-13T00:00:00+00:00",
        "import_log_id": "2a5708d1-47cb-4cfd-ae35-bb8c8ef05d07",
        "rating": 1,
        "status": "validated"
    },
    {
        "id": "55584c3b-00ca-485a-a246-e11bbb748881",
        "station_id": "13a27954-8a6b-445b-8a51-bb5312ff1fb1",
        "component_id": "88afd3d1-6da3-496a-ac81-669a47256d34",
        "value": 5.51,
        "timestamp_measured": "2019-04-13T01:00:00+00:00",
        "import_log_id": "2a5708d1-47cb-4cfd-ae35-bb8c8ef05d07",
        "rating": 1,
        "status": "validated"
    },
    {
        "id": "5b5a2579-0854-4ab8-a385-d168c85c4612",
        "station_id": "13a27954-8a6b-445b-8a51-bb5312ff1fb1",
        "component_id": "88afd3d1-6da3-496a-ac81-669a47256d34",
        "value": 5.2,
        "timestamp_measured": "2019-04-13T02:00:00+00:00",
        "import_log_id": "2a5708d1-47cb-4cfd-ae35-bb8c8ef05d07",
        "rating": 1,
        "status": "validated"
    },
    {
        "id": "c040cd8b-9a46-4bb2-a7ca-360db07ea35f",
        "station_id": "13a27954-8a6b-445b-8a51-bb5312ff1fb1",
        "component_id": "88afd3d1-6da3-496a-ac81-669a47256d34",
        "value": 6.11,
        "timestamp_measured": "2019-04-13T03:00:00+00:00",
        "import_log_id": "2a5708d1-47cb-4cfd-ae35-bb8c8ef05d07",
        "rating": 1,
        "status": "validated"
    },
    {
        "id": "975b1fe0-7e9b-4a90-9ef7-cd66456a074d",
        "station_id": "13a27954-8a6b-445b-8a51-bb5312ff1fb1",
        "component_id": "88afd3d1-6da3-496a-ac81-669a47256d34",
        "value": 5.13,
        "timestamp_measured": "2019-04-13T04:00:00+00:00",
        "import_log_id": "2a5708d1-47cb-4cfd-ae35-bb8c8ef05d07",
        "rating": 1,
        "status": "validated"
    },
    {
        "id": "34d858bd-a364-43b4-9fad-a7ace316016e",
        "station_id": "13a27954-8a6b-445b-8a51-bb5312ff1fb1",
        "component_id": "88afd3d1-6da3-496a-ac81-669a47256d34",
        "value": 12.92,
        "timestamp_measured": "2019-04-13T05:00:00+00:00",
        "import_log_id": "2a5708d1-47cb-4cfd-ae35-bb8c8ef05d07",
        "rating": 2,
        "status": "validated"
    },
    {
        "id": "3865ec49-7044-49e4-b684-758b66ee0c7f",
        "station_id": "13a27954-8a6b-445b-8a51-bb5312ff1fb1",
        "component_id": "88afd3d1-6da3-496a-ac81-669a47256d34",
        "value": 14.68,
        "timestamp_measured": "2019-04-13T06:00:00+00:00",
        "import_log_id": "2a5708d1-47cb-4cfd-ae35-bb8c8ef05d07",
        "rating": 2,
        "status": "validated"
    },
    {
        "id": "94ebb3ed-4cac-41df-a16b-4de360d1ba65",
        "station_id": "13a27954-8a6b-445b-8a51-bb5312ff1fb1",
        "component_id": "88afd3d1-6da3-496a-ac81-669a47256d34",
        "value": 9.03,
        "timestamp_measured": "2019-04-13T07:00:00+00:00",
        "import_log_id": "2a5708d1-47cb-4cfd-ae35-bb8c8ef05d07",
        "rating": 1,
        "status": "validated"
    },
    {
        "id": "1feaa0b3-87a4-438b-8be1-38784f049ab3",
        "station_id": "13a27954-8a6b-445b-8a51-bb5312ff1fb1",
        "component_id": "88afd3d1-6da3-496a-ac81-669a47256d34",
        "value": 4.81,
        "timestamp_measured": "2019-04-13T08:00:00+00:00",
        "import_log_id": "2a5708d1-47cb-4cfd-ae35-bb8c8ef05d07",
        "rating": 1,
        "status": "validated"
    },
    {
        "id": "7b94673d-f73d-41e1-96ba-fb146abab55c",
        "station_id": "13a27954-8a6b-445b-8a51-bb5312ff1fb1",
        "component_id": "88afd3d1-6da3-496a-ac81-669a47256d34",
        "value": 3.96,
        "timestamp_measured": "2019-04-13T09:00:00+00:00",
        "import_log_id": "2a5708d1-47cb-4cfd-ae35-bb8c8ef05d07",
        "rating": 1,
        "status": "validated"
    },
    {
        "id": "e01ce066-eff3-4318-9d55-bbba278a7c91",
        "station_id": "13a27954-8a6b-445b-8a51-bb5312ff1fb1",
        "component_id": "88afd3d1-6da3-496a-ac81-669a47256d34",
        "value": 3.6,
        "timestamp_measured": "2019-04-13T10:00:00+00:00",
        "import_log_id": "2a5708d1-47cb-4cfd-ae35-bb8c8ef05d07",
        "rating": 1,
        "status": "validated"
    },
    {
        "id": "490edbeb-3195-4380-b68e-2c8f74a0ca4f",
        "station_id": "13a27954-8a6b-445b-8a51-bb5312ff1fb1",
        "component_id": "88afd3d1-6da3-496a-ac81-669a47256d34",
        "value": 4.41,
        "timestamp_measured": "2019-04-13T11:00:00+00:00",
        "import_log_id": "2a5708d1-47cb-4cfd-ae35-bb8c8ef05d07",
        "rating": 1,
        "status": "validated"
    },
    {
        "id": "daac128f-586a-4e7f-a2de-ee7ae90239b8",
        "station_id": "13a27954-8a6b-445b-8a51-bb5312ff1fb1",
        "component_id": "88afd3d1-6da3-496a-ac81-669a47256d34",
        "value": 4.83,
        "timestamp_measured": "2019-04-13T12:00:00+00:00",
        "import_log_id": "2a5708d1-47cb-4cfd-ae35-bb8c8ef05d07",
        "rating": 1,
        "status": "validated"
    },
    {
        "id": "46d99e4c-612c-4869-bb69-6d922f8981ea",
        "station_id": "13a27954-8a6b-445b-8a51-bb5312ff1fb1",
        "component_id": "88afd3d1-6da3-496a-ac81-669a47256d34",
        "value": 4.17,
        "timestamp_measured": "2019-04-13T13:00:00+00:00",
        "import_log_id": "2a5708d1-47cb-4cfd-ae35-bb8c8ef05d07",
        "rating": 1,
        "status": "validated"
    },
    {
        "id": "ecdac796-5e8f-46b8-ad6a-149a8618ee03",
        "station_id": "13a27954-8a6b-445b-8a51-bb5312ff1fb1",
        "component_id": "88afd3d1-6da3-496a-ac81-669a47256d34",
        "value": 4.79,
        "timestamp_measured": "2019-04-13T14:00:00+00:00",
        "import_log_id": "2a5708d1-47cb-4cfd-ae35-bb8c8ef05d07",
        "rating": 1,
        "status": "validated"
    },
    {
        "id": "7f6eff0c-1d3e-4473-a925-467ee9091217",
        "station_id": "13a27954-8a6b-445b-8a51-bb5312ff1fb1",
        "component_id": "88afd3d1-6da3-496a-ac81-669a47256d34",
        "value": 3.98,
        "timestamp_measured": "2019-04-13T15:00:00+00:00",
        "import_log_id": "2a5708d1-47cb-4cfd-ae35-bb8c8ef05d07",
        "rating": 1,
        "status": "validated"
    },
    {
        "id": "5d09d528-526d-4606-97ae-6557251a64e4",
        "station_id": "13a27954-8a6b-445b-8a51-bb5312ff1fb1",
        "component_id": "88afd3d1-6da3-496a-ac81-669a47256d34",
        "value": 3.33,
        "timestamp_measured": "2019-04-13T16:00:00+00:00",
        "import_log_id": "2a5708d1-47cb-4cfd-ae35-bb8c8ef05d07",
        "rating": 1,
        "status": "validated"
    },
    {
        "id": "e73b2aa9-d5e6-4c90-bd00-42ff8b1450d8",
        "station_id": "13a27954-8a6b-445b-8a51-bb5312ff1fb1",
        "component_id": "88afd3d1-6da3-496a-ac81-669a47256d34",
        "value": 4.39,
        "timestamp_measured": "2019-04-13T17:00:00+00:00",
        "import_log_id": "2a5708d1-47cb-4cfd-ae35-bb8c8ef05d07",
        "rating": 1,
        "status": "validated"
    },
    {
        "id": "4bfc474b-e595-4351-aa6b-8beb560e5039",
        "station_id": "13a27954-8a6b-445b-8a51-bb5312ff1fb1",
        "component_id": "88afd3d1-6da3-496a-ac81-669a47256d34",
        "value": 5.31,
        "timestamp_measured": "2019-04-13T18:00:00+00:00",
        "import_log_id": "2a5708d1-47cb-4cfd-ae35-bb8c8ef05d07",
        "rating": 1,
        "status": "validated"
    },
    {
        "id": "bc572cc8-5947-40b7-86c2-e08412f18706",
        "station_id": "13a27954-8a6b-445b-8a51-bb5312ff1fb1",
        "component_id": "88afd3d1-6da3-496a-ac81-669a47256d34",
        "value": 6.52,
        "timestamp_measured": "2019-04-13T19:00:00+00:00",
        "import_log_id": "2a5708d1-47cb-4cfd-ae35-bb8c8ef05d07",
        "rating": 1,
        "status": "validated"
    },
    {
        "id": "a0b46c1e-ecb6-4130-87f7-a906e01397ce",
        "station_id": "13a27954-8a6b-445b-8a51-bb5312ff1fb1",
        "component_id": "88afd3d1-6da3-496a-ac81-669a47256d34",
        "value": 6.13,
        "timestamp_measured": "2019-04-13T20:00:00+00:00",
        "import_log_id": "2a5708d1-47cb-4cfd-ae35-bb8c8ef05d07",
        "rating": 1,
        "status": "validated"
    },
    {
        "id": "6882f446-989f-4697-9d49-14bd0db09d4e",
        "station_id": "13a27954-8a6b-445b-8a51-bb5312ff1fb1",
        "component_id": "88afd3d1-6da3-496a-ac81-669a47256d34",
        "value": 5.72,
        "timestamp_measured": "2019-04-13T21:00:00+00:00",
        "import_log_id": "2a5708d1-47cb-4cfd-ae35-bb8c8ef05d07",
        "rating": 1,
        "status": "validated"
    },
    {
        "id": "f2b690d2-e2cc-40ca-86ba-81016a4e2a01",
        "station_id": "13a27954-8a6b-445b-8a51-bb5312ff1fb1",
        "component_id": "88afd3d1-6da3-496a-ac81-669a47256d34",
        "value": 5.68,
        "timestamp_measured": "2019-04-13T22:00:00+00:00",
        "import_log_id": "2a5708d1-47cb-4cfd-ae35-bb8c8ef05d07",
        "rating": 1,
        "status": "validated"
    },
    {
        "id": "144a0f32-2b26-4278-a420-eccf1e25d7f7",
        "station_id": "13a27954-8a6b-445b-8a51-bb5312ff1fb1",
        "component_id": "88afd3d1-6da3-496a-ac81-669a47256d34",
        "value": 7.33,
        "timestamp_measured": "2019-04-13T23:00:00+00:00",
        "import_log_id": "2a5708d1-47cb-4cfd-ae35-bb8c8ef05d07",
        "rating": 1,
        "status": "validated"
    },
    {
        "id": "67301324-8a97-477b-8003-b36562482616",
        "station_id": "13a27954-8a6b-445b-8a51-bb5312ff1fb1",
        "component_id": "88afd3d1-6da3-496a-ac81-669a47256d34",
        "value": 15.05,
        "timestamp_measured": "2019-04-14T00:00:00+00:00",
        "import_log_id": "2a5708d1-47cb-4cfd-ae35-bb8c8ef05d07",
        "rating": 2,
        "status": "validated"
    },
    {
        "id": "42ba4205-9c29-4d10-b810-3acdca8a0372",
        "station_id": "13a27954-8a6b-445b-8a51-bb5312ff1fb1",
        "component_id": "88afd3d1-6da3-496a-ac81-669a47256d34",
        "value": 7.96,
        "timestamp_measured": "2019-04-14T01:00:00+00:00",
        "import_log_id": "2a5708d1-47cb-4cfd-ae35-bb8c8ef05d07",
        "rating": 1,
        "status": "validated"
    },
    {
        "id": "0500f090-b2ff-4207-a083-b9dea1de23e3",
        "station_id": "13a27954-8a6b-445b-8a51-bb5312ff1fb1",
        "component_id": "88afd3d1-6da3-496a-ac81-669a47256d34",
        "value": 7.17,
        "timestamp_measured": "2019-04-14T02:00:00+00:00",
        "import_log_id": "2a5708d1-47cb-4cfd-ae35-bb8c8ef05d07",
        "rating": 1,
        "status": "validated"
    },
    {
        "id": "5879960f-279c-4612-a23e-9cde1ea4779c",
        "station_id": "13a27954-8a6b-445b-8a51-bb5312ff1fb1",
        "component_id": "88afd3d1-6da3-496a-ac81-669a47256d34",
        "value": 7.03,
        "timestamp_measured": "2019-04-14T03:00:00+00:00",
        "import_log_id": "2a5708d1-47cb-4cfd-ae35-bb8c8ef05d07",
        "rating": 1,
        "status": "validated"
    },
    {
        "id": "b0453c0b-da86-416a-af43-4a137685362b",
        "station_id": "13a27954-8a6b-445b-8a51-bb5312ff1fb1",
        "component_id": "88afd3d1-6da3-496a-ac81-669a47256d34",
        "value": 5.83,
        "timestamp_measured": "2019-04-14T04:00:00+00:00",
        "import_log_id": "2a5708d1-47cb-4cfd-ae35-bb8c8ef05d07",
        "rating": 1,
        "status": "validated"
    },
    {
        "id": "4e36c857-46be-4b95-896f-c43a26129bdc",
        "station_id": "13a27954-8a6b-445b-8a51-bb5312ff1fb1",
        "component_id": "88afd3d1-6da3-496a-ac81-669a47256d34",
        "value": 6.29,
        "timestamp_measured": "2019-04-14T05:00:00+00:00",
        "import_log_id": "2a5708d1-47cb-4cfd-ae35-bb8c8ef05d07",
        "rating": 1,
        "status": "validated"
    },
    {
        "id": "25673b1c-d2c3-4d5f-86ae-40d851e356a1",
        "station_id": "13a27954-8a6b-445b-8a51-bb5312ff1fb1",
        "component_id": "88afd3d1-6da3-496a-ac81-669a47256d34",
        "value": 6.03,
        "timestamp_measured": "2019-04-14T06:00:00+00:00",
        "import_log_id": "2a5708d1-47cb-4cfd-ae35-bb8c8ef05d07",
        "rating": 1,
        "status": "validated"
    },
    {
        "id": "481286be-be55-41d6-ad31-bd362eaf91b7",
        "station_id": "13a27954-8a6b-445b-8a51-bb5312ff1fb1",
        "component_id": "88afd3d1-6da3-496a-ac81-669a47256d34",
        "value": 5.79,
        "timestamp_measured": "2019-04-14T07:00:00+00:00",
        "import_log_id": "2a5708d1-47cb-4cfd-ae35-bb8c8ef05d07",
        "rating": 1,
        "status": "validated"
    },
    {
        "id": "2b8506d4-89ff-48b4-90fe-bda88b80f6db",
        "station_id": "13a27954-8a6b-445b-8a51-bb5312ff1fb1",
        "component_id": "88afd3d1-6da3-496a-ac81-669a47256d34",
        "value": 5.42,
        "timestamp_measured": "2019-04-14T08:00:00+00:00",
        "import_log_id": "2a5708d1-47cb-4cfd-ae35-bb8c8ef05d07",
        "rating": 1,
        "status": "validated"
    },
    {
        "id": "f793aa5c-b9ca-48b0-a0ce-1b7dc5b04795",
        "station_id": "13a27954-8a6b-445b-8a51-bb5312ff1fb1",
        "component_id": "88afd3d1-6da3-496a-ac81-669a47256d34",
        "value": 4.07,
        "timestamp_measured": "2019-04-14T09:00:00+00:00",
        "import_log_id": "2a5708d1-47cb-4cfd-ae35-bb8c8ef05d07",
        "rating": 1,
        "status": "validated"
    },
    {
        "id": "ca9cad29-02bf-4435-8683-e55d9d09227b",
        "station_id": "13a27954-8a6b-445b-8a51-bb5312ff1fb1",
        "component_id": "88afd3d1-6da3-496a-ac81-669a47256d34",
        "value": 3.2,
        "timestamp_measured": "2019-04-14T10:00:00+00:00",
        "import_log_id": "2a5708d1-47cb-4cfd-ae35-bb8c8ef05d07",
        "rating": 1,
        "status": "validated"
    },
    {
        "id": "a7e80e08-610b-471b-a398-32e1da49e097",
        "station_id": "13a27954-8a6b-445b-8a51-bb5312ff1fb1",
        "component_id": "88afd3d1-6da3-496a-ac81-669a47256d34",
        "value": 2.66,
        "timestamp_measured": "2019-04-14T11:00:00+00:00",
        "import_log_id": "2a5708d1-47cb-4cfd-ae35-bb8c8ef05d07",
        "rating": 1,
        "status": "validated"
    },
    {
        "id": "7e74d5b3-5ff0-43bf-9283-bbef8d277768",
        "station_id": "13a27954-8a6b-445b-8a51-bb5312ff1fb1",
        "component_id": "88afd3d1-6da3-496a-ac81-669a47256d34",
        "value": 3.05,
        "timestamp_measured": "2019-04-14T12:00:00+00:00",
        "import_log_id": "2a5708d1-47cb-4cfd-ae35-bb8c8ef05d07",
        "rating": 1,
        "status": "validated"
    },
    {
        "id": "0c55eae5-ff75-4034-8c7e-3fe68427d56b",
        "station_id": "13a27954-8a6b-445b-8a51-bb5312ff1fb1",
        "component_id": "88afd3d1-6da3-496a-ac81-669a47256d34",
        "value": 2.81,
        "timestamp_measured": "2019-04-14T13:00:00+00:00",
        "import_log_id": "2a5708d1-47cb-4cfd-ae35-bb8c8ef05d07",
        "rating": 1,
        "status": "validated"
    },
    {
        "id": "52c1255f-c776-4e23-9314-bd4c87ad1548",
        "station_id": "13a27954-8a6b-445b-8a51-bb5312ff1fb1",
        "component_id": "88afd3d1-6da3-496a-ac81-669a47256d34",
        "value": 3.02,
        "timestamp_measured": "2019-04-14T14:00:00+00:00",
        "import_log_id": "2a5708d1-47cb-4cfd-ae35-bb8c8ef05d07",
        "rating": 1,
        "status": "validated"
    },
    {
        "id": "64a9ee67-b326-40d7-8ea3-ff662d834697",
        "station_id": "13a27954-8a6b-445b-8a51-bb5312ff1fb1",
        "component_id": "88afd3d1-6da3-496a-ac81-669a47256d34",
        "value": 3.19,
        "timestamp_measured": "2019-04-14T15:00:00+00:00",
        "import_log_id": "2a5708d1-47cb-4cfd-ae35-bb8c8ef05d07",
        "rating": 1,
        "status": "validated"
    },
    {
        "id": "58a37ce0-5839-4603-a374-dd9c65221db8",
        "station_id": "13a27954-8a6b-445b-8a51-bb5312ff1fb1",
        "component_id": "88afd3d1-6da3-496a-ac81-669a47256d34",
        "value": 3.22,
        "timestamp_measured": "2019-04-14T16:00:00+00:00",
        "import_log_id": "2a5708d1-47cb-4cfd-ae35-bb8c8ef05d07",
        "rating": 1,
        "status": "validated"
    },
    {
        "id": "24228795-1ef1-4731-9796-4c16d9201330",
        "station_id": "13a27954-8a6b-445b-8a51-bb5312ff1fb1",
        "component_id": "88afd3d1-6da3-496a-ac81-669a47256d34",
        "value": 4.03,
        "timestamp_measured": "2019-04-14T17:00:00+00:00",
        "import_log_id": "2a5708d1-47cb-4cfd-ae35-bb8c8ef05d07",
        "rating": 1,
        "status": "validated"
    },
    {
        "id": "a3fa6edb-e697-4fbc-a6b1-d94279f270dd",
        "station_id": "13a27954-8a6b-445b-8a51-bb5312ff1fb1",
        "component_id": "88afd3d1-6da3-496a-ac81-669a47256d34",
        "value": 4.7,
        "timestamp_measured": "2019-04-14T18:00:00+00:00",
        "import_log_id": "2a5708d1-47cb-4cfd-ae35-bb8c8ef05d07",
        "rating": 1,
        "status": "validated"
    },
    {
        "id": "3997cb9e-aac3-45d0-adb3-41ce7bd26d2e",
        "station_id": "13a27954-8a6b-445b-8a51-bb5312ff1fb1",
        "component_id": "88afd3d1-6da3-496a-ac81-669a47256d34",
        "value": 5.98,
        "timestamp_measured": "2019-04-14T19:00:00+00:00",
        "import_log_id": "2a5708d1-47cb-4cfd-ae35-bb8c8ef05d07",
        "rating": 1,
        "status": "validated"
    },
    {
        "id": "43a99250-9c7a-40d6-a375-5dbce88e563c",
        "station_id": "13a27954-8a6b-445b-8a51-bb5312ff1fb1",
        "component_id": "88afd3d1-6da3-496a-ac81-669a47256d34",
        "value": 7.13,
        "timestamp_measured": "2019-04-14T20:00:00+00:00",
        "import_log_id": "2a5708d1-47cb-4cfd-ae35-bb8c8ef05d07",
        "rating": 1,
        "status": "validated"
    },
    {
        "id": "1c490f84-a607-4f41-b3d5-7bf9d1fb2c82",
        "station_id": "13a27954-8a6b-445b-8a51-bb5312ff1fb1",
        "component_id": "88afd3d1-6da3-496a-ac81-669a47256d34",
        "value": 8.88,
        "timestamp_measured": "2019-04-14T21:00:00+00:00",
        "import_log_id": "2a5708d1-47cb-4cfd-ae35-bb8c8ef05d07",
        "rating": 1,
        "status": "validated"
    },
    {
        "id": "3f45897b-84b7-41dd-9e93-2d7caf73f42c",
        "station_id": "13a27954-8a6b-445b-8a51-bb5312ff1fb1",
        "component_id": "88afd3d1-6da3-496a-ac81-669a47256d34",
        "value": -999.0,
        "timestamp_measured": "2019-04-14T22:00:00+00:00",
        "import_log_id": "2a5708d1-47cb-4cfd-ae35-bb8c8ef05d07",
        "rating": -999,
        "status": "unvalidated"
    }
]