[
    {
        "id": "b27d2f16-2a52-4c22-876a-cf6b3f20dbc2",
        "station_id": "18dfa444-05ee-42e3-97cc-4abc91559c86",
        "component_id": "88afd3d1-6da3-496a-ac81-669a47256d34",
        "value": 10.8,
        "timestamp_measured": "2020-04-05T22:00:00+00:00",
        "import_log_id": "943725ad-43e2-443b-a7d9-1221103c2b9a",
        "rating": 2,
        "status": "validated"
    },
    {
        "id": "2308f0b1-636e-4394-9490-5b03db737094",
        "station_id": "18dfa444-05ee-42e3-97cc-4abc91559c86",
        "component_id": "88afd3d1-6da3-496a-ac81-669a47256d34",
        "value": 9.7,
        "timestamp_measured": "2020-04-05T23:00:00+00:00",
        "import_log_id": "943725ad-43e2-443b-a7d9-1221103c2b9a",
        "rating": 1,
        "status": "validated"
    },
    {
        "id": "f92e831d-a7c3-4513-85b7-aa43a844e1de",
        "station_id": "18dfa444-05ee-42e3-97cc-4abc91559c86",
        "component_id": "88afd3d1-6da3-496a-ac81-669a47256d34",
        "value": 9.4,
        "timestamp_measured": "2020-04-06T00:00:00+00:00",
        "import_log_id": "395a0435-5ebb-4910-8b68-a3dbbba04830",
        "rating": 1,
        "status": "validated"
    },
    {
        "id": "bcc20a8f-464e-4950-8a4a-be7e17717219",
        "station_id": "18dfa444-05ee-42e3-97cc-4abc91559c86",
        "component_id": "88afd3d1-6da3-496a-ac81-669a47256d34",
        "value": 12.8,
        "timestamp_measured": "2020-04-06T01:00:00+00:00",
        "import_log_id": "395a0435-5ebb-4910-8b68-a3dbbba04830",
        "rating": 2,
        "status": "validated"
    },
    {
        "id": "f3a01262-cb31-4b55-ad36-70cc463d7608",
        "station_id": "18dfa444-05ee-42e3-97cc-4abc91559c86",
        "component_id": "88afd3d1-6da3-496a-ac81-669a47256d34",
        "value": 12.8,
        "timestamp_measured": "2020-04-06T02:00:00+00:00",
        "import_log_id": "395a0435-5ebb-4910-8b68-a3dbbba04830",
        "rating": 2,
        "status": "validated"
    },
    {
        "id": "a6301e76-5f7c-4e95-8438-b95417fb003b",
        "station_id": "18dfa444-05ee-42e3-97cc-4abc91559c86",
        "component_id": "88afd3d1-6da3-496a-ac81-669a47256d34",
        "value": 13.8,
        "timestamp_measured": "2020-04-06T03:00:00+00:00",
        "import_log_id": "395a0435-5ebb-4910-8b68-a3dbbba04830",
        "rating": 2,
        "status": "validated"
    },
    {
        "id": "6b2eab72-0e64-4741-8513-85873096d20f",
        "station_id": "18dfa444-05ee-42e3-97cc-4abc91559c86",
        "component_id": "88afd3d1-6da3-496a-ac81-669a47256d34",
        "value": 16.1,
        "timestamp_measured": "2020-04-06T04:00:00+00:00",
        "import_log_id": "395a0435-5ebb-4910-8b68-a3dbbba04830",
        "rating": 2,
        "status": "validated"
    },
    {
        "id": "703a7c48-d77f-4dc4-8c41-a66da753dd24",
        "station_id": "18dfa444-05ee-42e3-97cc-4abc91559c86",
        "component_id": "88afd3d1-6da3-496a-ac81-669a47256d34",
        "value": 26.4,
        "timestamp_measured": "2020-04-06T05:00:00+00:00",
        "import_log_id": "395a0435-5ebb-4910-8b68-a3dbbba04830",
        "rating": 3,
        "status": "validated"
    },
    {
        "id": "ef03462d-a29a-4dc4-8001-5ba6b1d487dc",
        "station_id": "18dfa444-05ee-42e3-97cc-4abc91559c86",
        "component_id": "88afd3d1-6da3-496a-ac81-669a47256d34",
        "value": 31.4,
        "timestamp_measured": "2020-04-06T06:00:00+00:00",
        "import_log_id": "395a0435-5ebb-4910-8b68-a3dbbba04830",
        "rating": 4,
        "status": "validated"
    },
    {
        "id": "d3ca0369-e80c-44f3-bcc2-859d6ec1bb15",
        "station_id": "18dfa444-05ee-42e3-97cc-4abc91559c86",
        "component_id": "88afd3d1-6da3-496a-ac81-669a47256d34",
        "value": 35.4,
        "timestamp_measured": "2020-04-06T07:00:00+00:00",
        "import_log_id": "395a0435-5ebb-4910-8b68-a3dbbba04830",
        "rating": 4,
        "status": "validated"
    },
    {
        "id": "10cc58a7-776b-4acf-bff2-7475039ceff8",
        "station_id": "18dfa444-05ee-42e3-97cc-4abc91559c86",
        "component_id": "88afd3d1-6da3-496a-ac81-669a47256d34",
        "value": 33.7,
        "timestamp_measured": "2020-04-06T08:00:00+00:00",
        "import_log_id": "395a0435-5ebb-4910-8b68-a3dbbba04830",
        "rating": 4,
        "status": "validated"
    },
    {
        "id": "dd27cce9-ddb0-49dc-8983-60fc1f69d4b9",
        "station_id": "18dfa444-05ee-42e3-97cc-4abc91559c86",
        "component_id": "88afd3d1-6da3-496a-ac81-669a47256d34",
        "value": 27.3,
        "timestamp_measured": "2020-04-06T09:00:00+00:00",
        "import_log_id": "395a0435-5ebb-4910-8b68-a3dbbba04830",
        "rating": 3,
        "status": "validated"
    },
    {
        "id": "7117f6c5-3063-4115-bdfe-423e71b442e9",
        "station_id": "18dfa444-05ee-42e3-97cc-4abc91559c86",
        "component_id": "88afd3d1-6da3-496a-ac81-669a47256d34",
        "value": 34.6,
        "timestamp_measured": "2020-04-06T10:00:00+00:00",
        "import_log_id": "395a0435-5ebb-4910-8b68-a3dbbba04830",
        "rating": 4,
        "status": "validated"
    },
    {
        "id": "e551922a-85ec-4b5a-a1d1-9a820a0ed9f5",
        "station_id": "18dfa444-05ee-42e3-97cc-4abc91559c86",
        "component_id": "88afd3d1-6da3-496a-ac81-669a47256d34",
        "value": 25.5,
        "timestamp_measured": "2020-04-06T11:00:00+00:00",
        "import_log_id": "395a0435-5ebb-4910-8b68-a3dbbba04830",
        "rating": 3,
        "status": "validated"
    },
    {
        "id": "e5668605-38bb-4e65-a01f-d948865bbb67",
        "station_id": "18dfa444-05ee-42e3-97cc-4abc91559c86",
        "component_id": "88afd3d1-6da3-496a-ac81-669a47256d34",
        "value": 24.1,
        "timestamp_measured": "2020-04-06T12:00:00+00:00",
        "import_log_id": "395a0435-5ebb-4910-8b68-a3dbbba04830",
        "rating": 3,
        "status": "validated"
    },
    {
        "id": "0e991088-fc39-40ce-a3a6-1d73743de0e3",
        "station_id": "18dfa444-05ee-42e3-97cc-4abc91559c86",
        "component_id": "88afd3d1-6da3-496a-ac81-669a47256d34",
        "value": 21.2,
        "timestamp_measured": "2020-04-06T13:00:00+00:00",
        "import_log_id": "395a0435-5ebb-4910-8b68-a3dbbba04830",
        "rating": 3,
        "status": "validated"
    },
    {
        "id": "af5ba669-9637-4b94-9acf-02a2b6890d54",
        "station_id": "18dfa444-05ee-42e3-97cc-4abc91559c86",
        "component_id": "88afd3d1-6da3-496a-ac81-669a47256d34",
        "value": 20.2,
        "timestamp_measured": "2020-04-06T14:00:00+00:00",
        "import_log_id": "395a0435-5ebb-4910-8b68-a3dbbba04830",
        "rating": 3,
        "status": "validated"
    },
    {
        "id": "1d49c5a5-706b-48e6-a2e5-eaab55de2edb",
        "station_id": "18dfa444-05ee-42e3-97cc-4abc91559c86",
        "component_id": "88afd3d1-6da3-496a-ac81-669a47256d34",
        "value": 14.1,
        "timestamp_measured": "2020-04-06T15:00:00+00:00",
        "import_log_id": "395a0435-5ebb-4910-8b68-a3dbbba04830",
        "rating": 2,
        "status": "validated"
    },
    {
        "id": "60ae7298-d6e0-4732-b079-730a60e5920a",
        "station_id": "18dfa444-05ee-42e3-97cc-4abc91559c86",
        "component_id": "88afd3d1-6da3-496a-ac81-669a47256d34",
        "value": 15.4,
        "timestamp_measured": "2020-04-06T16:00:00+00:00",
        "import_log_id": "395a0435-5ebb-4910-8b68-a3dbbba04830",
        "rating": 2,
        "status": "validated"
    },
    {
        "id": "ee13e61e-0de4-4ad5-8cc3-bb9108ca7729",
        "station_id": "18dfa444-05ee-42e3-97cc-4abc91559c86",
        "component_id": "88afd3d1-6da3-496a-ac81-669a47256d34",
        "value": 17.6,
        "timestamp_measured": "2020-04-06T17:00:00+00:00",
        "import_log_id": "395a0435-5ebb-4910-8b68-a3dbbba04830",
        "rating": 2,
        "status": "validated"
    },
    {
        "id": "be90fd19-102b-4040-b3b4-ea1c25797a93",
        "station_id": "18dfa444-05ee-42e3-97cc-4abc91559c86",
        "component_id": "88afd3d1-6da3-496a-ac81-669a47256d34",
        "value": 17.8,
        "timestamp_measured": "2020-04-06T18:00:00+00:00",
        "import_log_id": "395a0435-5ebb-4910-8b68-a3dbbba04830",
        "rating": 2,
        "status": "validated"
    },
    {
        "id": "75b66524-09f5-42e1-8bb9-7d94efcfd8fb",
        "station_id": "18dfa444-05ee-42e3-97cc-4abc91559c86",
        "component_id": "88afd3d1-6da3-496a-ac81-669a47256d34",
        "value": 16.3,
        "timestamp_measured": "2020-04-06T19:00:00+00:00",
        "import_log_id": "395a0435-5ebb-4910-8b68-a3dbbba04830",
        "rating": 2,
        "status": "validated"
    },
    {
        "id": "57138d1f-223b-4e59-8b2f-dbe96df52896",
        "station_id": "18dfa444-05ee-42e3-97cc-4abc91559c86",
        "component_id": "88afd3d1-6da3-496a-ac81-669a47256d34",
        "value": 17.6,
        "timestamp_measured": "2020-04-06T20:00:00+00:00",
        "import_log_id": "395a0435-5ebb-4910-8b68-a3dbbba04830",
        "rating": 2,
        "status": "validated"
    },
    {
        "id": "c910662f-7020-4f4c-98c6-828f6cfadd1d",
        "station_id": "18dfa444-05ee-42e3-97cc-4abc91559c86",
        "component_id": "88afd3d1-6da3-496a-ac81-669a47256d34",
        "value": 17.9,
        "timestamp_measured": "2020-04-06T21:00:00+00:00",
        "import_log_id": "395a0435-5ebb-4910-8b68-a3dbbba04830",
        "rating": 2,
        "status": "validated"
    },
    {
        "id": "8c30d346-9e26-43a9-9e27-d8288cb12f29",
        "station_id": "18dfa444-05ee-42e3-97cc-4abc91559c86",
        "component_id": "88afd3d1-6da3-496a-ac81-669a47256d34",
        "value": 20.5,
        "timestamp_measured": "2020-04-06T22:00:00+00:00",
        "import_log_id": "395a0435-5ebb-4910-8b68-a3dbbba04830",
        "rating": 3,
        "status": "validated"
    },
    {
        "id": "43a984aa-b3c3-4f78-8af3-9cba390e4370",
        "station_id": "18dfa444-05ee-42e3-97cc-4abc91559c86",
        "component_id": "88afd3d1-6da3-496a-ac81-669a47256d34",
        "value": 26.9,
        "timestamp_measured": "2020-04-06T23:00:00+00:00",
        "import_log_id": "395a0435-5ebb-4910-8b68-a3dbbba04830",
        "rating": 3,
        "status": "validated"
    },
    {
        "id": "3be2aa9c-0561-49fa-9f11-95b4e3545067",
        "station_id": "18dfa444-05ee-42e3-97cc-4abc91559c86",
        "component_id": "88afd3d1-6da3-496a-ac81-669a47256d34",
        "value": 32.6,
        "timestamp_measured": "2020-04-07T00:00:00+00:00",
        "import_log_id": "b513375c-b912-44b8-9d44-163736104792",
        "rating": 4,
        "status": "validated"
    },
    {
        "id": "8d0e4133-6adc-4f7f-83b9-021b722f214a",
        "station_id": "18dfa444-05ee-42e3-97cc-4abc91559c86",
        "component_id": "88afd3d1-6da3-496a-ac81-669a47256d34",
        "value": 29.6,
        "timestamp_measured": "2020-04-07T01:00:00+00:00",
        "import_log_id": "b513375c-b912-44b8-9d44-163736104792",
        "rating": 3,
        "status": "validated"
    },
    {
        "id": "24129180-fa02-44b0-bea5-06f480f715ef",
        "station_id": "18dfa444-05ee-42e3-97cc-4abc91559c86",
        "component_id": "88afd3d1-6da3-496a-ac81-669a47256d34",
        "value": 30.7,
        "timestamp_measured": "2020-04-07T02:00:00+00:00",
        "import_log_id": "b513375c-b912-44b8-9d44-163736104792",
        "rating": 4,
        "status": "validated"
    },
    {
        "id": "c92c7722-9a29-4733-b367-fce0574b11f0",
        "station_id": "18dfa444-05ee-42e3-97cc-4abc91559c86",
        "component_id": "88afd3d1-6da3-496a-ac81-669a47256d34",
        "value": 45.3,
        "timestamp_measured": "2020-04-07T03:00:00+00:00",
        "import_log_id": "b513375c-b912-44b8-9d44-163736104792",
        "rating": 5,
        "status": "validated"
    },
    {
        "id": "c07b0f93-016a-463b-89bb-3b3a6517d30e",
        "station_id": "18dfa444-05ee-42e3-97cc-4abc91559c86",
        "component_id": "88afd3d1-6da3-496a-ac81-669a47256d34",
        "value": 46.8,
        "timestamp_measured": "2020-04-07T04:00:00+00:00",
        "import_log_id": "b513375c-b912-44b8-9d44-163736104792",
        "rating": 5,
        "status": "validated"
    },
    {
        "id": "94cf8385-e031-4053-aeb6-574575e26878",
        "station_id": "18dfa444-05ee-42e3-97cc-4abc91559c86",
        "component_id": "88afd3d1-6da3-496a-ac81-669a47256d34",
        "value": 38.6,
        "timestamp_measured": "2020-04-07T05:00:00+00:00",
        "import_log_id": "b513375c-b912-44b8-9d44-163736104792",
        "rating": 4,
        "status": "validated"
    },
    {
        "id": "b616bd0b-b0f9-44a1-8a33-975a96bcb8c4",
        "station_id": "18dfa444-05ee-42e3-97cc-4abc91559c86",
        "component_id": "88afd3d1-6da3-496a-ac81-669a47256d34",
        "value": 55.1,
        "timestamp_measured": "2020-04-07T06:00:00+00:00",
        "import_log_id": "b513375c-b912-44b8-9d44-163736104792",
        "rating": 5,
        "status": "validated"
    },
    {
        "id": "ef9e9012-28e7-4c2f-b5ae-86e0ef2351ea",
        "station_id": "18dfa444-05ee-42e3-97cc-4abc91559c86",
        "component_id": "88afd3d1-6da3-496a-ac81-669a47256d34",
        "value": 57.7,
        "timestamp_measured": "2020-04-07T07:00:00+00:00",
        "import_log_id": "b513375c-b912-44b8-9d44-163736104792",
        "rating": 5,
        "status": "validated"
    },
    {
        "id": "acb587f3-4370-4f41-8fa4-2e925df1f596",
        "station_id": "18dfa444-05ee-42e3-97cc-4abc91559c86",
        "component_id": "88afd3d1-6da3-496a-ac81-669a47256d34",
        "value": 37.0,
        "timestamp_measured": "2020-04-07T08:00:00+00:00",
        "import_log_id": "b513375c-b912-44b8-9d44-163736104792",
        "rating": 4,
        "status": "validated"
    },
    {
        "id": "4465ee30-f57a-4862-973e-a1be96c254d5",
        "station_id": "18dfa444-05ee-42e3-97cc-4abc91559c86",
        "component_id": "88afd3d1-6da3-496a-ac81-669a47256d34",
        "value": 24.5,
        "timestamp_measured": "2020-04-07T09:00:00+00:00",
        "import_log_id": "b513375c-b912-44b8-9d44-163736104792",
        "rating": 3,
        "status": "validated"
    },
    {
        "id": "dcc0870c-b32a-4661-adef-7b8c768d7b46",
        "station_id": "18dfa444-05ee-42e3-97cc-4abc91559c86",
        "component_id": "88afd3d1-6da3-496a-ac81-669a47256d34",
        "value": 24.2,
        "timestamp_measured": "2020-04-07T10:00:00+00:00",
        "import_log_id": "b513375c-b912-44b8-9d44-163736104792",
        "rating": 3,
        "status": "validated"
    },
    {
        "id": "1f43e4f6-2530-4bc7-a7f0-c527925d56c7",
        "station_id": "18dfa444-05ee-42e3-97cc-4abc91559c86",
        "component_id": "88afd3d1-6da3-496a-ac81-669a47256d34",
        "value": 13.7,
        "timestamp_measured": "2020-04-07T11:00:00+00:00",
        "import_log_id": "b513375c-b912-44b8-9d44-163736104792",
        "rating": 2,
        "status": "validated"
    },
    {
        "id": "371eaac6-83d7-4431-bd14-f5c2888da116",
        "station_id": "18dfa444-05ee-42e3-97cc-4abc91559c86",
        "component_id": "88afd3d1-6da3-496a-ac81-669a47256d34",
        "value": 8.1,
        "timestamp_measured": "2020-04-07T12:00:00+00:00",
        "import_log_id": "b513375c-b912-44b8-9d44-163736104792",
        "rating": 1,
        "status": "validated"
    },
    {
        "id": "487319ba-f6df-46ce-9889-494cff74fe9e",
        "station_id": "18dfa444-05ee-42e3-97cc-4abc91559c86",
        "component_id": "88afd3d1-6da3-496a-ac81-669a47256d34",
        "value": 5.1,
        "timestamp_measured": "2020-04-07T13:00:00+00:00",
        "import_log_id": "b513375c-b912-44b8-9d44-163736104792",
        "rating": 1,
        "status": "validated"
    },
    {
        "id": "e28bc647-2105-407f-bbbd-a8ef0f8ea14c",
        "station_id": "18dfa444-05ee-42e3-97cc-4abc91559c86",
        "component_id": "88afd3d1-6da3-496a-ac81-669a47256d34",
        "value": 6.4,
        "timestamp_measured": "2020-04-07T14:00:00+00:00",
        "import_log_id": "b513375c-b912-44b8-9d44-163736104792",
        "rating": 1,
        "status": "validated"
    },
    {
        "id": "881eeb35-ee16-4ef1-bf11-c35cba860a28",
        "station_id": "18dfa444-05ee-42e3-97cc-4abc91559c86",
        "component_id": "88afd3d1-6da3-496a-ac81-669a47256d34",
        "value": 6.4,
        "timestamp_measured": "2020-04-07T15:00:00+00:00",
        "import_log_id": "b513375c-b912-44b8-9d44-163736104792",
        "rating": 1,
        "status": "validated"
    },
    {
        "id": "7c80d3fb-0c97-4c09-b8f2-a961f6f45028",
        "station_id": "18dfa444-05ee-42e3-97cc-4abc91559c86",
        "component_id": "88afd3d1-6da3-496a-ac81-669a47256d34",
        "value": 6.4,
        "timestamp_measured": "2020-04-07T16:00:00+00:00",
        "import_log_id": "b513375c-b912-44b8-9d44-163736104792",
        "rating": 1,
        "status": "validated"
    },
    {
        "id": "01c1b1ad-053c-4f39-b13f-ad262593f349",
        "station_id": "18dfa444-05ee-42e3-97cc-4abc91559c86",
        "component_id": "88afd3d1-6da3-496a-ac81-669a47256d34",
        "value": 7.3,
        "timestamp_measured": "2020-04-07T17:00:00+00:00",
        "import_log_id": "b513375c-b912-44b8-9d44-163736104792",
        "rating": 1,
        "status": "validated"
    },
    {
        "id": "8d9ff5de-f0da-4168-af1e-7cc0fde03016",
        "station_id": "18dfa444-05ee-42e3-97cc-4abc91559c86",
        "component_id": "88afd3d1-6da3-496a-ac81-669a47256d34",
        "value": 25.1,
        "timestamp_measured": "2020-04-07T18:00:00+00:00",
        "import_log_id": "b513375c-b912-44b8-9d44-163736104792",
        "rating": 3,
        "status": "validated"
    },
    {
        "id": "1f0c3517-64c6-48e8-a624-9dd746718950",
        "station_id": "18dfa444-05ee-42e3-97cc-4abc91559c86",
        "component_id": "88afd3d1-6da3-496a-ac81-669a47256d34",
        "value": 42.5,
        "timestamp_measured": "2020-04-07T19:00:00+00:00",
        "import_log_id": "b513375c-b912-44b8-9d44-163736104792",
        "rating": 4,
        "status": "validated"
    },
    {
        "id": "07d43704-9f44-4f3a-af8a-c59f36a13b41",
        "station_id": "18dfa444-05ee-42e3-97cc-4abc91559c86",
        "component_id": "88afd3d1-6da3-496a-ac81-669a47256d34",
        "value": 45.1,
        "timestamp_measured": "2020-04-07T20:00:00+00:00",
        "import_log_id": "b513375c-b912-44b8-9d44-163736104792",
        "rating": 5,
        "status": "validated"
    },
    {
        "id": "69981d1d-3f3a-449e-b500-8f332fdd4935",
        "station_id": "18dfa444-05ee-42e3-97cc-4abc91559c86",
        "component_id": "88afd3d1-6da3-496a-ac81-669a47256d34",
        "value": 38.4,
        "timestamp_measured": "2020-04-07T21:00:00+00:00",
        "import_log_id": "b513375c-b912-44b8-9d44-163736104792",
        "rating": 4,
        "status": "validated"
    },
    {
        "id": "2b7db66a-c3be-481e-af5f-21fd9ac960f5",
        "station_id": "18dfa444-05ee-42e3-97cc-4abc91559c86",
        "component_id": "88afd3d1-6da3-496a-ac81-669a47256d34",
        "value": 53.2,
        "timestamp_measured": "2020-04-07T22:00:00+00:00",
        "import_log_id": "b513375c-b912-44b8-9d44-163736104792",
        "rating": 5,
        "status": "validated"
    },
    {
        "id": "50b0a65f-a242-41ff-96ad-a541c681b7d6",
        "station_id": "18dfa444-05ee-42e3-97cc-4abc91559c86",
        "component_id": "88afd3d1-6da3-496a-ac81-669a47256d34",
        "value": 24.0,
        "timestamp_measured": "2020-04-07T23:00:00+00:00",
        "import_log_id": "b513375c-b912-44b8-9d44-163736104792",
        "rating": 3,
        "status": "validated"
    },
    {
        "id": "9d631984-be59-4b05-bc16-5b2f60bfe5c5",
        "station_id": "18dfa444-05ee-42e3-97cc-4abc91559c86",
        "component_id": "88afd3d1-6da3-496a-ac81-669a47256d34",
        "value": 14.5,
        "timestamp_measured": "2020-04-08T00:00:00+00:00",
        "import_log_id": "fd11a449-fa13-4d8e-b7f2-2ddb39c8b38d",
        "rating": 2,
        "status": "validated"
    },
    {
        "id": "cd677c3d-a6b4-4d4a-9918-1e7573cbce75",
        "station_id": "18dfa444-05ee-42e3-97cc-4abc91559c86",
        "component_id": "88afd3d1-6da3-496a-ac81-669a47256d34",
        "value": 17.9,
        "timestamp_measured": "2020-04-08T01:00:00+00:00",
        "import_log_id": "fd11a449-fa13-4d8e-b7f2-2ddb39c8b38d",
        "rating": 2,
        "status": "validated"
    },
    {
        "id": "04447840-88e3-4544-850b-becb47951886",
        "station_id": "18dfa444-05ee-42e3-97cc-4abc91559c86",
        "component_id": "88afd3d1-6da3-496a-ac81-669a47256d34",
        "value": 15.4,
        "timestamp_measured": "2020-04-08T02:00:00+00:00",
        "import_log_id": "fd11a449-fa13-4d8e-b7f2-2ddb39c8b38d",
        "rating": 2,
        "status": "validated"
    },
    {
        "id": "86325485-708e-494b-a7cd-148c6939f3b0",
        "station_id": "18dfa444-05ee-42e3-97cc-4abc91559c86",
        "component_id": "88afd3d1-6da3-496a-ac81-669a47256d34",
        "value": 27.2,
        "timestamp_measured": "2020-04-08T03:00:00+00:00",
        "import_log_id": "fd11a449-fa13-4d8e-b7f2-2ddb39c8b38d",
        "rating": 3,
        "status": "validated"
    },
    {
        "id": "432356a5-1cc5-49ac-af3c-bf6f0412c79f",
        "station_id": "18dfa444-05ee-42e3-97cc-4abc91559c86",
        "component_id": "88afd3d1-6da3-496a-ac81-669a47256d34",
        "value": 26.7,
        "timestamp_measured": "2020-04-08T04:00:00+00:00",
        "import_log_id": "fd11a449-fa13-4d8e-b7f2-2ddb39c8b38d",
        "rating": 3,
        "status": "validated"
    },
    {
        "id": "16becc66-b01c-4e6a-9013-48fa7f1c096d",
        "station_id": "18dfa444-05ee-42e3-97cc-4abc91559c86",
        "component_id": "88afd3d1-6da3-496a-ac81-669a47256d34",
        "value": 64.0,
        "timestamp_measured": "2020-04-08T05:00:00+00:00",
        "import_log_id": "fd11a449-fa13-4d8e-b7f2-2ddb39c8b38d",
        "rating": 6,
        "status": "validated"
    },
    {
        "id": "b049281e-52c0-4aa8-b165-80b56cbb9f87",
        "station_id": "18dfa444-05ee-42e3-97cc-4abc91559c86",
        "component_id": "88afd3d1-6da3-496a-ac81-669a47256d34",
        "value": 72.4,
        "timestamp_measured": "2020-04-08T06:00:00+00:00",
        "import_log_id": "fd11a449-fa13-4d8e-b7f2-2ddb39c8b38d",
        "rating": 6,
        "status": "validated"
    },
    {
        "id": "4b9de9ca-753e-4c28-80da-41ba7f50bb75",
        "station_id": "18dfa444-05ee-42e3-97cc-4abc91559c86",
        "component_id": "88afd3d1-6da3-496a-ac81-669a47256d34",
        "value": 61.4,
        "timestamp_measured": "2020-04-08T07:00:00+00:00",
        "import_log_id": "fd11a449-fa13-4d8e-b7f2-2ddb39c8b38d",
        "rating": 6,
        "status": "validated"
    },
    {
        "id": "e28414dc-02b7-44c8-8338-e395b1fc54f7",
        "station_id": "18dfa444-05ee-42e3-97cc-4abc91559c86",
        "component_id": "88afd3d1-6da3-496a-ac81-669a47256d34",
        "value": 52.7,
        "timestamp_measured": "2020-04-08T08:00:00+00:00",
        "import_log_id": "fd11a449-fa13-4d8e-b7f2-2ddb39c8b38d",
        "rating": 5,
        "status": "validated"
    },
    {
        "id": "bfb31cf4-8648-40f2-a3ba-22dcbb68b5b6",
        "station_id": "18dfa444-05ee-42e3-97cc-4abc91559c86",
        "component_id": "88afd3d1-6da3-496a-ac81-669a47256d34",
        "value": 41.6,
        "timestamp_measured": "2020-04-08T09:00:00+00:00",
        "import_log_id": "fd11a449-fa13-4d8e-b7f2-2ddb39c8b38d",
        "rating": 4,
        "status": "validated"
    },
    {
        "id": "40c5d7e2-e7e0-4a20-a069-3f784b6eb40c",
        "station_id": "18dfa444-05ee-42e3-97cc-4abc91559c86",
        "component_id": "88afd3d1-6da3-496a-ac81-669a47256d34",
        "value": 35.3,
        "timestamp_measured": "2020-04-08T10:00:00+00:00",
        "import_log_id": "fd11a449-fa13-4d8e-b7f2-2ddb39c8b38d",
        "rating": 4,
        "status": "validated"
    },
    {
        "id": "2f15095c-4853-48fe-b93b-43dfcc49f3a2",
        "station_id": "18dfa444-05ee-42e3-97cc-4abc91559c86",
        "component_id": "88afd3d1-6da3-496a-ac81-669a47256d34",
        "value": 29.5,
        "timestamp_measured": "2020-04-08T11:00:00+00:00",
        "import_log_id": "fd11a449-fa13-4d8e-b7f2-2ddb39c8b38d",
        "rating": 3,
        "status": "validated"
    },
    {
        "id": "1bee5832-b6a1-4c16-af2e-ba787e378031",
        "station_id": "18dfa444-05ee-42e3-97cc-4abc91559c86",
        "component_id": "88afd3d1-6da3-496a-ac81-669a47256d34",
        "value": 36.6,
        "timestamp_measured": "2020-04-08T12:00:00+00:00",
        "import_log_id": "fd11a449-fa13-4d8e-b7f2-2ddb39c8b38d",
        "rating": 4,
        "status": "validated"
    },
    {
        "id": "71f31502-f6a5-45db-9d11-50626a3838c9",
        "station_id": "18dfa444-05ee-42e3-97cc-4abc91559c86",
        "component_id": "88afd3d1-6da3-496a-ac81-669a47256d34",
        "value": 20.7,
        "timestamp_measured": "2020-04-08T13:00:00+00:00",
        "import_log_id": "fd11a449-fa13-4d8e-b7f2-2ddb39c8b38d",
        "rating": 3,
        "status": "validated"
    },
    {
        "id": "a62d94e1-f4b0-4f53-96d7-6f6bc945f75f",
        "station_id": "18dfa444-05ee-42e3-97cc-4abc91559c86",
        "component_id": "88afd3d1-6da3-496a-ac81-669a47256d34",
        "value": 18.8,
        "timestamp_measured": "2020-04-08T14:00:00+00:00",
        "import_log_id": "fd11a449-fa13-4d8e-b7f2-2ddb39c8b38d",
        "rating": 2,
        "status": "validated"
    },
    {
        "id": "be69e1e6-4c9d-4a33-a7ec-f5469f31e557",
        "station_id": "18dfa444-05ee-42e3-97cc-4abc91559c86",
        "component_id": "88afd3d1-6da3-496a-ac81-669a47256d34",
        "value": 19.1,
        "timestamp_measured": "2020-04-08T15:00:00+00:00",
        "import_log_id": "fd11a449-fa13-4d8e-b7f2-2ddb39c8b38d",
        "rating": 2,
        "status": "validated"
    },
    {
        "id": "50696a6a-11a4-47c7-8905-db9452543bf3",
        "station_id": "18dfa444-05ee-42e3-97cc-4abc91559c86",
        "component_id": "88afd3d1-6da3-496a-ac81-669a47256d34",
        "value": 16.0,
        "timestamp_measured": "2020-04-08T16:00:00+00:00",
        "import_log_id": "fd11a449-fa13-4d8e-b7f2-2ddb39c8b38d",
        "rating": 2,
        "status": "validated"
    },
    {
        "id": "addaf6c2-de69-4a99-83de-7391d43dcc4f",
        "station_id": "18dfa444-05ee-42e3-97cc-4abc91559c86",
        "component_id": "88afd3d1-6da3-496a-ac81-669a47256d34",
        "value": 14.1,
        "timestamp_measured": "2020-04-08T17:00:00+00:00",
        "import_log_id": "fd11a449-fa13-4d8e-b7f2-2ddb39c8b38d",
        "rating": 2,
        "status": "validated"
    },
    {
        "id": "b108ff42-c8d2-477c-883d-ada7fcc2ae16",
        "station_id": "18dfa444-05ee-42e3-97cc-4abc91559c86",
        "component_id": "88afd3d1-6da3-496a-ac81-669a47256d34",
        "value": 27.2,
        "timestamp_measured": "2020-04-08T18:00:00+00:00",
        "import_log_id": "fd11a449-fa13-4d8e-b7f2-2ddb39c8b38d",
        "rating": 3,
        "status": "validated"
    },
    {
        "id": "d0c39ce3-7f42-4a3b-ae32-4bdf70b22752",
        "station_id": "18dfa444-05ee-42e3-97cc-4abc91559c86",
        "component_id": "88afd3d1-6da3-496a-ac81-669a47256d34",
        "value": 21.7,
        "timestamp_measured": "2020-04-08T19:00:00+00:00",
        "import_log_id": "fd11a449-fa13-4d8e-b7f2-2ddb39c8b38d",
        "rating": 3,
        "status": "validated"
    },
    {
        "id": "81bbee64-2b79-4418-96ce-1ad8069a3646",
        "station_id": "18dfa444-05ee-42e3-97cc-4abc91559c86",
        "component_id": "88afd3d1-6da3-496a-ac81-669a47256d34",
        "value": 17.1,
        "timestamp_measured": "2020-04-08T20:00:00+00:00",
        "import_log_id": "fd11a449-fa13-4d8e-b7f2-2ddb39c8b38d",
        "rating": 2,
        "status": "validated"
    },
    {
        "id": "745a94db-c089-46a0-a7c6-6c510f08b51a",
        "station_id": "18dfa444-05ee-42e3-97cc-4abc91559c86",
        "component_id": "88afd3d1-6da3-496a-ac81-669a47256d34",
        "value": 16.4,
        "timestamp_measured": "2020-04-08T21:00:00+00:00",
        "import_log_id": "fd11a449-fa13-4d8e-b7f2-2ddb39c8b38d",
        "rating": 2,
        "status": "validated"
    },
    {
        "id": "fd3130a6-cf2b-4926-922d-3de9ff0aefa4",
        "station_id": "18dfa444-05ee-42e3-97cc-4abc91559c86",
        "component_id": "88afd3d1-6da3-496a-ac81-669a47256d34",
        "value": 15.6,
        "timestamp_measured": "2020-04-08T22:00:00+00:00",
        "import_log_id": "fd11a449-fa13-4d8e-b7f2-2ddb39c8b38d",
        "rating": 2,
        "status": "validated"
    },
    {
        "id": "b2384a2d-b8f0-41d1-a10d-fe436452a94a",
        "station_id": "18dfa444-05ee-42e3-97cc-4abc91559c86",
        "component_id": "88afd3d1-6da3-496a-ac81-669a47256d34",
        "value": 17.0,
        "timestamp_measured": "2020-04-08T23:00:00+00:00",
        "import_log_id": "fd11a449-fa13-4d8e-b7f2-2ddb39c8b38d",
        "rating": 2,
        "status": "validated"
    },
    {
        "id": "1d862e81-1581-4d30-b390-ff0ef7ffdd87",
        "station_id": "18dfa444-05ee-42e3-97cc-4abc91559c86",
        "component_id": "88afd3d1-6da3-496a-ac81-669a47256d34",
        "value": 16.4,
        "timestamp_measured": "2020-04-09T00:00:00+00:00",
        "import_log_id": "9c6ef5bc-806a-4e24-9022-44999dd6eeb1",
        "rating": 2,
        "status": "validated"
    },
    {
        "id": "b36e0c2f-3744-4577-8396-f1c474e7501b",
        "station_id": "18dfa444-05ee-42e3-97cc-4abc91559c86",
        "component_id": "88afd3d1-6da3-496a-ac81-669a47256d34",
        "value": 18.5,
        "timestamp_measured": "2020-04-09T01:00:00+00:00",
        "import_log_id": "9c6ef5bc-806a-4e24-9022-44999dd6eeb1",
        "rating": 2,
        "status": "validated"
    },
    {
        "id": "3c4be5b7-51af-40f7-b1d8-7e29e841733e",
        "station_id": "18dfa444-05ee-42e3-97cc-4abc91559c86",
        "component_id": "88afd3d1-6da3-496a-ac81-669a47256d34",
        "value": 19.7,
        "timestamp_measured": "2020-04-09T02:00:00+00:00",
        "import_log_id": "9c6ef5bc-806a-4e24-9022-44999dd6eeb1",
        "rating": 2,
        "status": "validated"
    },
    {
        "id": "e2e89c76-fe86-47be-a021-ddd3864d37b6",
        "station_id": "18dfa444-05ee-42e3-97cc-4abc91559c86",
        "component_id": "88afd3d1-6da3-496a-ac81-669a47256d34",
        "value": 24.8,
        "timestamp_measured": "2020-04-09T03:00:00+00:00",
        "import_log_id": "9c6ef5bc-806a-4e24-9022-44999dd6eeb1",
        "rating": 3,
        "status": "validated"
    },
    {
        "id": "a5efac25-52cb-4fcb-9c89-9d74448a82b2",
        "station_id": "18dfa444-05ee-42e3-97cc-4abc91559c86",
        "component_id": "88afd3d1-6da3-496a-ac81-669a47256d34",
        "value": 27.7,
        "timestamp_measured": "2020-04-09T04:00:00+00:00",
        "import_log_id": "9c6ef5bc-806a-4e24-9022-44999dd6eeb1",
        "rating": 3,
        "status": "validated"
    },
    {
        "id": "af1a69ed-eb20-429d-86e0-3a5c83ea113c",
        "station_id": "18dfa444-05ee-42e3-97cc-4abc91559c86",
        "component_id": "88afd3d1-6da3-496a-ac81-669a47256d34",
        "value": 46.4,
        "timestamp_measured": "2020-04-09T05:00:00+00:00",
        "import_log_id": "9c6ef5bc-806a-4e24-9022-44999dd6eeb1",
        "rating": 5,
        "status": "validated"
    },
    {
        "id": "058ae920-621e-48c0-a6c1-bf6b418835ca",
        "station_id": "18dfa444-05ee-42e3-97cc-4abc91559c86",
        "component_id": "88afd3d1-6da3-496a-ac81-669a47256d34",
        "value": 49.4,
        "timestamp_measured": "2020-04-09T06:00:00+00:00",
        "import_log_id": "9c6ef5bc-806a-4e24-9022-44999dd6eeb1",
        "rating": 5,
        "status": "validated"
    },
    {
        "id": "f7d87ec5-95b1-4a08-a319-79a0ec962145",
        "station_id": "18dfa444-05ee-42e3-97cc-4abc91559c86",
        "component_id": "88afd3d1-6da3-496a-ac81-669a47256d34",
        "value": 54.2,
        "timestamp_measured": "2020-04-09T07:00:00+00:00",
        "import_log_id": "9c6ef5bc-806a-4e24-9022-44999dd6eeb1",
        "rating": 5,
        "status": "validated"
    },
    {
        "id": "388999d7-1ca0-45c0-9c7c-9e948590b9a6",
        "station_id": "18dfa444-05ee-42e3-97cc-4abc91559c86",
        "component_id": "88afd3d1-6da3-496a-ac81-669a47256d34",
        "value": 42.9,
        "timestamp_measured": "2020-04-09T08:00:00+00:00",
        "import_log_id": "9c6ef5bc-806a-4e24-9022-44999dd6eeb1",
        "rating": 4,
        "status": "validated"
    },
    {
        "id": "845a7ef4-83c1-4e9c-bc2a-c625bb6de05b",
        "station_id": "18dfa444-05ee-42e3-97cc-4abc91559c86",
        "component_id": "88afd3d1-6da3-496a-ac81-669a47256d34",
        "value": 31.3,
        "timestamp_measured": "2020-04-09T09:00:00+00:00",
        "import_log_id": "9c6ef5bc-806a-4e24-9022-44999dd6eeb1",
        "rating": 4,
        "status": "validated"
    },
    {
        "id": "424cff59-10e4-4e84-b78b-1a575360087c",
        "station_id": "18dfa444-05ee-42e3-97cc-4abc91559c86",
        "component_id": "88afd3d1-6da3-496a-ac81-669a47256d34",
        "value": 23.6,
        "timestamp_measured": "2020-04-09T10:00:00+00:00",
        "import_log_id": "9c6ef5bc-806a-4e24-9022-44999dd6eeb1",
        "rating": 3,
        "status": "validated"
    },
    {
        "id": "d27ee22f-bce0-4912-93c4-12e9253c4074",
        "station_id": "18dfa444-05ee-42e3-97cc-4abc91559c86",
        "component_id": "88afd3d1-6da3-496a-ac81-669a47256d34",
        "value": 12.3,
        "timestamp_measured": "2020-04-09T11:00:00+00:00",
        "import_log_id": "9c6ef5bc-806a-4e24-9022-44999dd6eeb1",
        "rating": 2,
        "status": "validated"
    },
    {
        "id": "9b747436-87ed-4199-b36d-5b980458d64e",
        "station_id": "18dfa444-05ee-42e3-97cc-4abc91559c86",
        "component_id": "88afd3d1-6da3-496a-ac81-669a47256d34",
        "value": 9.0,
        "timestamp_measured": "2020-04-09T12:00:00+00:00",
        "import_log_id": "9c6ef5bc-806a-4e24-9022-44999dd6eeb1",
        "rating": 1,
        "status": "validated"
    },
    {
        "id": "3b63aaf2-b530-46b5-9c79-06bf7e309852",
        "station_id": "18dfa444-05ee-42e3-97cc-4abc91559c86",
        "component_id": "88afd3d1-6da3-496a-ac81-669a47256d34",
        "value": 8.1,
        "timestamp_measured": "2020-04-09T13:00:00+00:00",
        "import_log_id": "9c6ef5bc-806a-4e24-9022-44999dd6eeb1",
        "rating": 1,
        "status": "validated"
    },
    {
        "id": "a654f2f2-5fe3-4b71-b4e3-90e7bfa88070",
        "station_id": "18dfa444-05ee-42e3-97cc-4abc91559c86",
        "component_id": "88afd3d1-6da3-496a-ac81-669a47256d34",
        "value": 7.1,
        "timestamp_measured": "2020-04-09T14:00:00+00:00",
        "import_log_id": "9c6ef5bc-806a-4e24-9022-44999dd6eeb1",
        "rating": 1,
        "status": "validated"
    },
    {
        "id": "b3e242c9-7ed6-4229-a6c2-4a40d6bfdeba",
        "station_id": "18dfa444-05ee-42e3-97cc-4abc91559c86",
        "component_id": "88afd3d1-6da3-496a-ac81-669a47256d34",
        "value": 6.9,
        "timestamp_measured": "2020-04-09T15:00:00+00:00",
        "import_log_id": "9c6ef5bc-806a-4e24-9022-44999dd6eeb1",
        "rating": 1,
        "status": "validated"
    },
    {
        "id": "675241c9-c44b-489f-8e99-9d9b024e1416",
        "station_id": "18dfa444-05ee-42e3-97cc-4abc91559c86",
        "component_id": "88afd3d1-6da3-496a-ac81-669a47256d34",
        "value": 9.8,
        "timestamp_measured": "2020-04-09T16:00:00+00:00",
        "import_log_id": "9c6ef5bc-806a-4e24-9022-44999dd6eeb1",
        "rating": 1,
        "status": "validated"
    },
    {
        "id": "6cf37d92-54a2-480e-9c03-7b431d182bd8",
        "station_id": "18dfa444-05ee-42e3-97cc-4abc91559c86",
        "component_id": "88afd3d1-6da3-496a-ac81-669a47256d34",
        "value": 9.1,
        "timestamp_measured": "2020-04-09T17:00:00+00:00",
        "import_log_id": "9c6ef5bc-806a-4e24-9022-44999dd6eeb1",
        "rating": 1,
        "status": "validated"
    },
    {
        "id": "73fc5dc3-d10d-4ac1-bdb4-e9ca3b788a52",
        "station_id": "18dfa444-05ee-42e3-97cc-4abc91559c86",
        "component_id": "88afd3d1-6da3-496a-ac81-669a47256d34",
        "value": 9.2,
        "timestamp_measured": "2020-04-09T18:00:00+00:00",
        "import_log_id": "9c6ef5bc-806a-4e24-9022-44999dd6eeb1",
        "rating": 1,
        "status": "validated"
    },
    {
        "id": "df37b3d6-7941-4b40-ae32-18ddf69bdddd",
        "station_id": "18dfa444-05ee-42e3-97cc-4abc91559c86",
        "component_id": "88afd3d1-6da3-496a-ac81-669a47256d34",
        "value": 11.0,
        "timestamp_measured": "2020-04-09T19:00:00+00:00",
        "import_log_id": "9c6ef5bc-806a-4e24-9022-44999dd6eeb1",
        "rating": 2,
        "status": "validated"
    },
    {
        "id": "0a8af7f9-4ba3-45c7-92e1-994fabb3403a",
        "station_id": "18dfa444-05ee-42e3-97cc-4abc91559c86",
        "component_id": "88afd3d1-6da3-496a-ac81-669a47256d34",
        "value": 8.6,
        "timestamp_measured": "2020-04-09T20:00:00+00:00",
        "import_log_id": "9c6ef5bc-806a-4e24-9022-44999dd6eeb1",
        "rating": 1,
        "status": "validated"
    },
    {
        "id": "e2b88fcf-0095-4b7e-bc72-80dbccab10bd",
        "station_id": "18dfa444-05ee-42e3-97cc-4abc91559c86",
        "component_id": "88afd3d1-6da3-496a-ac81-669a47256d34",
        "value": 9.4,
        "timestamp_measured": "2020-04-09T21:00:00+00:00",
        "import_log_id": "9c6ef5bc-806a-4e24-9022-44999dd6eeb1",
        "rating": 1,
        "status": "validated"
    },
    {
        "id": "f1552613-9bb2-4361-b935-93be922be201",
        "station_id": "18dfa444-05ee-42e3-97cc-4abc91559c86",
        "component_id": "88afd3d1-6da3-496a-ac81-669a47256d34",
        "value": 9.6,
        "timestamp_measured": "2020-04-09T22:00:00+00:00",
        "import_log_id": "9c6ef5bc-806a-4e24-9022-44999dd6eeb1",
        "rating": 1,
        "status": "validated"
    },
    {
        "id": "90d0a693-4b2f-4881-84ad-4064bfc2ff97",
        "station_id": "18dfa444-05ee-42e3-97cc-4abc91559c86",
        "component_id": "88afd3d1-6da3-496a-ac81-669a47256d34",
        "value": 8.7,
        "timestamp_measured": "2020-04-09T23:00:00+00:00",
        "import_log_id": "9c6ef5bc-806a-4e24-9022-44999dd6eeb1",
        "rating": 1,
        "status": "validated"
    },
    {
        "id": "d0afa902-1169-46f0-bcab-ab2037a7cce5",
        "station_id": "18dfa444-05ee-42e3-97cc-4abc91559c86",
        "component_id": "88afd3d1-6da3-496a-ac81-669a47256d34",
        "value": 7.3,
        "timestamp_measured": "2020-04-10T00:00:00+00:00",
        "import_log_id": "3886a045-c168-4121-881d-0a6070094877",
        "rating": 1,
        "status": "validated"
    },
    {
        "id": "457a6dc7-7d92-4df1-8f22-f7e58dc718c4",
        "station_id": "18dfa444-05ee-42e3-97cc-4abc91559c86",
        "component_id": "88afd3d1-6da3-496a-ac81-669a47256d34",
        "value": 7.3,
        "timestamp_measured": "2020-04-10T01:00:00+00:00",
        "import_log_id": "3886a045-c168-4121-881d-0a6070094877",
        "rating": 1,
        "status": "validated"
    },
    {
        "id": "0df2dbdb-45a2-46fa-a619-a565ef9313cc",
        "station_id": "18dfa444-05ee-42e3-97cc-4abc91559c86",
        "component_id": "88afd3d1-6da3-496a-ac81-669a47256d34",
        "value": 7.8,
        "timestamp_measured": "2020-04-10T02:00:00+00:00",
        "import_log_id": "3886a045-c168-4121-881d-0a6070094877",
        "rating": 1,
        "status": "validated"
    },
    {
        "id": "6722374d-c231-459c-a705-2aaa7b3b0fc8",
        "station_id": "18dfa444-05ee-42e3-97cc-4abc91559c86",
        "component_id": "88afd3d1-6da3-496a-ac81-669a47256d34",
        "value": 10.7,
        "timestamp_measured": "2020-04-10T03:00:00+00:00",
        "import_log_id": "3886a045-c168-4121-881d-0a6070094877",
        "rating": 2,
        "status": "validated"
    },
    {
        "id": "a6d88cc4-5607-406d-9051-94b2a87d6754",
        "station_id": "18dfa444-05ee-42e3-97cc-4abc91559c86",
        "component_id": "88afd3d1-6da3-496a-ac81-669a47256d34",
        "value": 11.1,
        "timestamp_measured": "2020-04-10T04:00:00+00:00",
        "import_log_id": "3886a045-c168-4121-881d-0a6070094877",
        "rating": 2,
        "status": "validated"
    },
    {
        "id": "513ec512-d5bf-4e32-bee1-16c2221fb8ba",
        "station_id": "18dfa444-05ee-42e3-97cc-4abc91559c86",
        "component_id": "88afd3d1-6da3-496a-ac81-669a47256d34",
        "value": 21.4,
        "timestamp_measured": "2020-04-10T05:00:00+00:00",
        "import_log_id": "3886a045-c168-4121-881d-0a6070094877",
        "rating": 3,
        "status": "validated"
    },
    {
        "id": "c6bd98be-01fc-4e1c-b14e-7ac2b1b26ed9",
        "station_id": "18dfa444-05ee-42e3-97cc-4abc91559c86",
        "component_id": "88afd3d1-6da3-496a-ac81-669a47256d34",
        "value": 22.4,
        "timestamp_measured": "2020-04-10T06:00:00+00:00",
        "import_log_id": "3886a045-c168-4121-881d-0a6070094877",
        "rating": 3,
        "status": "validated"
    },
    {
        "id": "7c703674-1f3a-4cc9-a5a9-9ddb5a9f9f2d",
        "station_id": "18dfa444-05ee-42e3-97cc-4abc91559c86",
        "component_id": "88afd3d1-6da3-496a-ac81-669a47256d34",
        "value": 20.0,
        "timestamp_measured": "2020-04-10T07:00:00+00:00",
        "import_log_id": "3886a045-c168-4121-881d-0a6070094877",
        "rating": 3,
        "status": "validated"
    },
    {
        "id": "b1d4ec1e-2e36-445c-af73-37a8e3a5c04e",
        "station_id": "18dfa444-05ee-42e3-97cc-4abc91559c86",
        "component_id": "88afd3d1-6da3-496a-ac81-669a47256d34",
        "value": 23.9,
        "timestamp_measured": "2020-04-10T08:00:00+00:00",
        "import_log_id": "3886a045-c168-4121-881d-0a6070094877",
        "rating": 3,
        "status": "validated"
    },
    {
        "id": "40d8ca64-d2b2-4b26-91a2-4e13b74061e3",
        "station_id": "18dfa444-05ee-42e3-97cc-4abc91559c86",
        "component_id": "88afd3d1-6da3-496a-ac81-669a47256d34",
        "value": 24.4,
        "timestamp_measured": "2020-04-10T09:00:00+00:00",
        "import_log_id": "3886a045-c168-4121-881d-0a6070094877",
        "rating": 3,
        "status": "validated"
    },
    {
        "id": "4e774e5b-b286-4fd4-8595-51a1af8eaaae",
        "station_id": "18dfa444-05ee-42e3-97cc-4abc91559c86",
        "component_id": "88afd3d1-6da3-496a-ac81-669a47256d34",
        "value": 20.5,
        "timestamp_measured": "2020-04-10T10:00:00+00:00",
        "import_log_id": "3886a045-c168-4121-881d-0a6070094877",
        "rating": 3,
        "status": "validated"
    },
    {
        "id": "29feb6e9-568b-4ca1-b636-375f470a4fc1",
        "station_id": "18dfa444-05ee-42e3-97cc-4abc91559c86",
        "component_id": "88afd3d1-6da3-496a-ac81-669a47256d34",
        "value": 17.1,
        "timestamp_measured": "2020-04-10T11:00:00+00:00",
        "import_log_id": "3886a045-c168-4121-881d-0a6070094877",
        "rating": 2,
        "status": "validated"
    },
    {
        "id": "134381d4-abfd-4627-87c6-5a921fec24cd",
        "station_id": "18dfa444-05ee-42e3-97cc-4abc91559c86",
        "component_id": "88afd3d1-6da3-496a-ac81-669a47256d34",
        "value": 13.0,
        "timestamp_measured": "2020-04-10T12:00:00+00:00",
        "import_log_id": "3886a045-c168-4121-881d-0a6070094877",
        "rating": 2,
        "status": "validated"
    },
    {
        "id": "0c70d3ae-345a-4466-a881-dc10cd0c7cf9",
        "station_id": "18dfa444-05ee-42e3-97cc-4abc91559c86",
        "component_id": "88afd3d1-6da3-496a-ac81-669a47256d34",
        "value": 10.6,
        "timestamp_measured": "2020-04-10T13:00:00+00:00",
        "import_log_id": "3886a045-c168-4121-881d-0a6070094877",
        "rating": 2,
        "status": "validated"
    },
    {
        "id": "d95f52d9-1713-4b1b-8c5e-cd7d277011d6",
        "station_id": "18dfa444-05ee-42e3-97cc-4abc91559c86",
        "component_id": "88afd3d1-6da3-496a-ac81-669a47256d34",
        "value": 10.9,
        "timestamp_measured": "2020-04-10T14:00:00+00:00",
        "import_log_id": "3886a045-c168-4121-881d-0a6070094877",
        "rating": 2,
        "status": "validated"
    },
    {
        "id": "0268925c-743b-421a-b014-2199f0b38f33",
        "station_id": "18dfa444-05ee-42e3-97cc-4abc91559c86",
        "component_id": "88afd3d1-6da3-496a-ac81-669a47256d34",
        "value": 7.6,
        "timestamp_measured": "2020-04-10T15:00:00+00:00",
        "import_log_id": "3886a045-c168-4121-881d-0a6070094877",
        "rating": 1,
        "status": "validated"
    },
    {
        "id": "e8792487-9b8f-48a0-9c89-15104e6a4af7",
        "station_id": "18dfa444-05ee-42e3-97cc-4abc91559c86",
        "component_id": "88afd3d1-6da3-496a-ac81-669a47256d34",
        "value": 7.9,
        "timestamp_measured": "2020-04-10T16:00:00+00:00",
        "import_log_id": "3886a045-c168-4121-881d-0a6070094877",
        "rating": 1,
        "status": "validated"
    },
    {
        "id": "3ffc1132-4158-47a3-a553-5628db62c456",
        "station_id": "18dfa444-05ee-42e3-97cc-4abc91559c86",
        "component_id": "88afd3d1-6da3-496a-ac81-669a47256d34",
        "value": 9.8,
        "timestamp_measured": "2020-04-10T17:00:00+00:00",
        "import_log_id": "3886a045-c168-4121-881d-0a6070094877",
        "rating": 1,
        "status": "validated"
    },
    {
        "id": "d18f607f-b90f-49b2-bba1-220227e5796f",
        "station_id": "18dfa444-05ee-42e3-97cc-4abc91559c86",
        "component_id": "88afd3d1-6da3-496a-ac81-669a47256d34",
        "value": 11.5,
        "timestamp_measured": "2020-04-10T18:00:00+00:00",
        "import_log_id": "3886a045-c168-4121-881d-0a6070094877",
        "rating": 2,
        "status": "validated"
    },
    {
        "id": "922eb97a-f888-4390-b1d2-159b2423e7df",
        "station_id": "18dfa444-05ee-42e3-97cc-4abc91559c86",
        "component_id": "88afd3d1-6da3-496a-ac81-669a47256d34",
        "value": 13.8,
        "timestamp_measured": "2020-04-10T19:00:00+00:00",
        "import_log_id": "3886a045-c168-4121-881d-0a6070094877",
        "rating": 2,
        "status": "validated"
    },
    {
        "id": "eba4e8cd-b230-4656-98e0-3e0720b967b3",
        "station_id": "18dfa444-05ee-42e3-97cc-4abc91559c86",
        "component_id": "88afd3d1-6da3-496a-ac81-669a47256d34",
        "value": 14.0,
        "timestamp_measured": "2020-04-10T20:00:00+00:00",
        "import_log_id": "3886a045-c168-4121-881d-0a6070094877",
        "rating": 2,
        "status": "validated"
    },
    {
        "id": "dbb1ba9a-55cc-46b5-adf4-6be2ad7d5cd4",
        "station_id": "18dfa444-05ee-42e3-97cc-4abc91559c86",
        "component_id": "88afd3d1-6da3-496a-ac81-669a47256d34",
        "value": 20.5,
        "timestamp_measured": "2020-04-10T21:00:00+00:00",
        "import_log_id": "3886a045-c168-4121-881d-0a6070094877",
        "rating": 3,
        "status": "validated"
    },
    {
        "id": "66bc5a69-fed5-4017-b1fb-4b4f81725a46",
        "station_id": "18dfa444-05ee-42e3-97cc-4abc91559c86",
        "component_id": "88afd3d1-6da3-496a-ac81-669a47256d34",
        "value": 53.7,
        "timestamp_measured": "2020-04-10T22:00:00+00:00",
        "import_log_id": "3886a045-c168-4121-881d-0a6070094877",
        "rating": 5,
        "status": "validated"
    },
    {
        "id": "c91278ac-8811-4bdb-a7fb-400471c999a7",
        "station_id": "18dfa444-05ee-42e3-97cc-4abc91559c86",
        "component_id": "88afd3d1-6da3-496a-ac81-669a47256d34",
        "value": 18.8,
        "timestamp_measured": "2020-04-10T23:00:00+00:00",
        "import_log_id": "3886a045-c168-4121-881d-0a6070094877",
        "rating": 2,
        "status": "validated"
    },
    {
        "id": "c3abf8fa-a24a-4058-913b-46aac653a0d0",
        "station_id": "18dfa444-05ee-42e3-97cc-4abc91559c86",
        "component_id": "88afd3d1-6da3-496a-ac81-669a47256d34",
        "value": 14.1,
        "timestamp_measured": "2020-04-11T00:00:00+00:00",
        "import_log_id": "031070e7-b5d9-4bb9-9c92-8374f0f80835",
        "rating": 2,
        "status": "validated"
    },
    {
        "id": "fbd52519-0749-4416-aaf9-92c610f07e63",
        "station_id": "18dfa444-05ee-42e3-97cc-4abc91559c86",
        "component_id": "88afd3d1-6da3-496a-ac81-669a47256d34",
        "value": 18.5,
        "timestamp_measured": "2020-04-11T01:00:00+00:00",
        "import_log_id": "031070e7-b5d9-4bb9-9c92-8374f0f80835",
        "rating": 2,
        "status": "validated"
    },
    {
        "id": "0e734c99-4328-4122-aa1e-28325cf48f47",
        "station_id": "18dfa444-05ee-42e3-97cc-4abc91559c86",
        "component_id": "88afd3d1-6da3-496a-ac81-669a47256d34",
        "value": 21.6,
        "timestamp_measured": "2020-04-11T02:00:00+00:00",
        "import_log_id": "031070e7-b5d9-4bb9-9c92-8374f0f80835",
        "rating": 3,
        "status": "validated"
    },
    {
        "id": "9cf29f9c-08e2-4e97-8f0b-f23d24ceeeb5",
        "station_id": "18dfa444-05ee-42e3-97cc-4abc91559c86",
        "component_id": "88afd3d1-6da3-496a-ac81-669a47256d34",
        "value": 23.8,
        "timestamp_measured": "2020-04-11T03:00:00+00:00",
        "import_log_id": "031070e7-b5d9-4bb9-9c92-8374f0f80835",
        "rating": 3,
        "status": "validated"
    },
    {
        "id": "ca98841a-1416-4f4c-b25e-56ff67eda60f",
        "station_id": "18dfa444-05ee-42e3-97cc-4abc91559c86",
        "component_id": "88afd3d1-6da3-496a-ac81-669a47256d34",
        "value": 19.7,
        "timestamp_measured": "2020-04-11T04:00:00+00:00",
        "import_log_id": "031070e7-b5d9-4bb9-9c92-8374f0f80835",
        "rating": 2,
        "status": "validated"
    },
    {
        "id": "662fe1d2-8a47-4cc3-9698-62d5e75b7383",
        "station_id": "18dfa444-05ee-42e3-97cc-4abc91559c86",
        "component_id": "88afd3d1-6da3-496a-ac81-669a47256d34",
        "value": 32.3,
        "timestamp_measured": "2020-04-11T05:00:00+00:00",
        "import_log_id": "031070e7-b5d9-4bb9-9c92-8374f0f80835",
        "rating": 4,
        "status": "validated"
    },
    {
        "id": "939d7ade-67e9-436f-aa5d-f1fe0c4f22c0",
        "station_id": "18dfa444-05ee-42e3-97cc-4abc91559c86",
        "component_id": "88afd3d1-6da3-496a-ac81-669a47256d34",
        "value": 50.0,
        "timestamp_measured": "2020-04-11T06:00:00+00:00",
        "import_log_id": "031070e7-b5d9-4bb9-9c92-8374f0f80835",
        "rating": 5,
        "status": "validated"
    },
    {
        "id": "576e1ae0-0f74-4e3a-93bc-1b4ae9ce0be9",
        "station_id": "18dfa444-05ee-42e3-97cc-4abc91559c86",
        "component_id": "88afd3d1-6da3-496a-ac81-669a47256d34",
        "value": 39.2,
        "timestamp_measured": "2020-04-11T07:00:00+00:00",
        "import_log_id": "031070e7-b5d9-4bb9-9c92-8374f0f80835",
        "rating": 4,
        "status": "validated"
    },
    {
        "id": "6389f58e-0d37-4dbc-8448-b9bcd579ce5c",
        "station_id": "18dfa444-05ee-42e3-97cc-4abc91559c86",
        "component_id": "88afd3d1-6da3-496a-ac81-669a47256d34",
        "value": 29.9,
        "timestamp_measured": "2020-04-11T08:00:00+00:00",
        "import_log_id": "031070e7-b5d9-4bb9-9c92-8374f0f80835",
        "rating": 3,
        "status": "validated"
    },
    {
        "id": "32b61934-8d13-4904-a186-14f27585bce9",
        "station_id": "18dfa444-05ee-42e3-97cc-4abc91559c86",
        "component_id": "88afd3d1-6da3-496a-ac81-669a47256d34",
        "value": 20.4,
        "timestamp_measured": "2020-04-11T09:00:00+00:00",
        "import_log_id": "031070e7-b5d9-4bb9-9c92-8374f0f80835",
        "rating": 3,
        "status": "validated"
    },
    {
        "id": "c1ebf45b-3559-4be7-8405-8d7eb17a7b36",
        "station_id": "18dfa444-05ee-42e3-97cc-4abc91559c86",
        "component_id": "88afd3d1-6da3-496a-ac81-669a47256d34",
        "value": 16.5,
        "timestamp_measured": "2020-04-11T10:00:00+00:00",
        "import_log_id": "031070e7-b5d9-4bb9-9c92-8374f0f80835",
        "rating": 2,
        "status": "validated"
    },
    {
        "id": "463dcf70-8fbf-4747-84f5-ef9831676581",
        "station_id": "18dfa444-05ee-42e3-97cc-4abc91559c86",
        "component_id": "88afd3d1-6da3-496a-ac81-669a47256d34",
        "value": 12.4,
        "timestamp_measured": "2020-04-11T11:00:00+00:00",
        "import_log_id": "031070e7-b5d9-4bb9-9c92-8374f0f80835",
        "rating": 2,
        "status": "validated"
    },
    {
        "id": "745818b8-8d93-41d2-b6fd-4373eaaa76d1",
        "station_id": "18dfa444-05ee-42e3-97cc-4abc91559c86",
        "component_id": "88afd3d1-6da3-496a-ac81-669a47256d34",
        "value": 10.4,
        "timestamp_measured": "2020-04-11T12:00:00+00:00",
        "import_log_id": "031070e7-b5d9-4bb9-9c92-8374f0f80835",
        "rating": 2,
        "status": "validated"
    },
    {
        "id": "55e4c5e8-3bb6-4288-ae76-732158740aff",
        "station_id": "18dfa444-05ee-42e3-97cc-4abc91559c86",
        "component_id": "88afd3d1-6da3-496a-ac81-669a47256d34",
        "value": 8.5,
        "timestamp_measured": "2020-04-11T13:00:00+00:00",
        "import_log_id": "031070e7-b5d9-4bb9-9c92-8374f0f80835",
        "rating": 1,
        "status": "validated"
    },
    {
        "id": "a54cae60-b4aa-47af-86c4-151fa27154c4",
        "station_id": "18dfa444-05ee-42e3-97cc-4abc91559c86",
        "component_id": "88afd3d1-6da3-496a-ac81-669a47256d34",
        "value": 8.7,
        "timestamp_measured": "2020-04-11T14:00:00+00:00",
        "import_log_id": "031070e7-b5d9-4bb9-9c92-8374f0f80835",
        "rating": 1,
        "status": "validated"
    },
    {
        "id": "4ad3aef6-b2bd-4882-9a98-1c481035e825",
        "station_id": "18dfa444-05ee-42e3-97cc-4abc91559c86",
        "component_id": "88afd3d1-6da3-496a-ac81-669a47256d34",
        "value": 9.0,
        "timestamp_measured": "2020-04-11T15:00:00+00:00",
        "import_log_id": "031070e7-b5d9-4bb9-9c92-8374f0f80835",
        "rating": 1,
        "status": "validated"
    },
    {
        "id": "3c275b92-d429-48b8-819f-90cecbb7c93f",
        "station_id": "18dfa444-05ee-42e3-97cc-4abc91559c86",
        "component_id": "88afd3d1-6da3-496a-ac81-669a47256d34",
        "value": 9.1,
        "timestamp_measured": "2020-04-11T16:00:00+00:00",
        "import_log_id": "031070e7-b5d9-4bb9-9c92-8374f0f80835",
        "rating": 1,
        "status": "validated"
    },
    {
        "id": "be8fc4a8-d76f-49ee-8131-ce587b635e00",
        "station_id": "18dfa444-05ee-42e3-97cc-4abc91559c86",
        "component_id": "88afd3d1-6da3-496a-ac81-669a47256d34",
        "value": 9.9,
        "timestamp_measured": "2020-04-11T17:00:00+00:00",
        "import_log_id": "031070e7-b5d9-4bb9-9c92-8374f0f80835",
        "rating": 1,
        "status": "validated"
    },
    {
        "id": "99b3cd0d-cbc5-43eb-8b00-4354baf6cabb",
        "station_id": "18dfa444-05ee-42e3-97cc-4abc91559c86",
        "component_id": "88afd3d1-6da3-496a-ac81-669a47256d34",
        "value": 15.5,
        "timestamp_measured": "2020-04-11T18:00:00+00:00",
        "import_log_id": "031070e7-b5d9-4bb9-9c92-8374f0f80835",
        "rating": 2,
        "status": "validated"
    },
    {
        "id": "e4763401-2e9d-4aa7-ba79-9fcc31d49930",
        "station_id": "18dfa444-05ee-42e3-97cc-4abc91559c86",
        "component_id": "88afd3d1-6da3-496a-ac81-669a47256d34",
        "value": 32.7,
        "timestamp_measured": "2020-04-11T19:00:00+00:00",
        "import_log_id": "031070e7-b5d9-4bb9-9c92-8374f0f80835",
        "rating": 4,
        "status": "validated"
    },
    {
        "id": "73cf1611-de35-48c6-9511-be7d9995f416",
        "station_id": "18dfa444-05ee-42e3-97cc-4abc91559c86",
        "component_id": "88afd3d1-6da3-496a-ac81-669a47256d34",
        "value": 39.4,
        "timestamp_measured": "2020-04-11T20:00:00+00:00",
        "import_log_id": "031070e7-b5d9-4bb9-9c92-8374f0f80835",
        "rating": 4,
        "status": "validated"
    },
    {
        "id": "5bcba2f1-1259-415e-aa2c-fdc31a913bad",
        "station_id": "18dfa444-05ee-42e3-97cc-4abc91559c86",
        "component_id": "88afd3d1-6da3-496a-ac81-669a47256d34",
        "value": 56.4,
        "timestamp_measured": "2020-04-11T21:00:00+00:00",
        "import_log_id": "031070e7-b5d9-4bb9-9c92-8374f0f80835",
        "rating": 5,
        "status": "validated"
    },
    {
        "id": "bae6d5d7-170e-4dc6-8012-c102c5d2a260",
        "station_id": "18dfa444-05ee-42e3-97cc-4abc91559c86",
        "component_id": "88afd3d1-6da3-496a-ac81-669a47256d34",
        "value": 68.7,
        "timestamp_measured": "2020-04-11T22:00:00+00:00",
        "import_log_id": "031070e7-b5d9-4bb9-9c92-8374f0f80835",
        "rating": 6,
        "status": "validated"
    },
    {
        "id": "a7d7431b-4fe8-409f-b40a-32f97e169295",
        "station_id": "18dfa444-05ee-42e3-97cc-4abc91559c86",
        "component_id": "88afd3d1-6da3-496a-ac81-669a47256d34",
        "value": 55.3,
        "timestamp_measured": "2020-04-11T23:00:00+00:00",
        "import_log_id": "031070e7-b5d9-4bb9-9c92-8374f0f80835",
        "rating": 5,
        "status": "validated"
    },
    {
        "id": "b14589ec-51b3-42e0-8174-26fa9457604e",
        "station_id": "18dfa444-05ee-42e3-97cc-4abc91559c86",
        "component_id": "88afd3d1-6da3-496a-ac81-669a47256d34",
        "value": 53.0,
        "timestamp_measured": "2020-04-12T00:00:00+00:00",
        "import_log_id": "6f038afb-09e0-45aa-9c76-c2911feb9843",
        "rating": 5,
        "status": "validated"
    },
    {
        "id": "830450c6-fd8a-4ead-ab6b-3c28ee471ef8",
        "station_id": "18dfa444-05ee-42e3-97cc-4abc91559c86",
        "component_id": "88afd3d1-6da3-496a-ac81-669a47256d34",
        "value": 52.6,
        "timestamp_measured": "2020-04-12T01:00:00+00:00",
        "import_log_id": "6f038afb-09e0-45aa-9c76-c2911feb9843",
        "rating": 5,
        "status": "validated"
    },
    {
        "id": "a9503f58-8806-484f-a435-9426ed2d92ba",
        "station_id": "18dfa444-05ee-42e3-97cc-4abc91559c86",
        "component_id": "88afd3d1-6da3-496a-ac81-669a47256d34",
        "value": 52.5,
        "timestamp_measured": "2020-04-12T02:00:00+00:00",
        "import_log_id": "6f038afb-09e0-45aa-9c76-c2911feb9843",
        "rating": 5,
        "status": "validated"
    },
    {
        "id": "034bedc2-9c7e-4a6d-bccb-220d3ea94ef0",
        "station_id": "18dfa444-05ee-42e3-97cc-4abc91559c86",
        "component_id": "88afd3d1-6da3-496a-ac81-669a47256d34",
        "value": 45.5,
        "timestamp_measured": "2020-04-12T03:00:00+00:00",
        "import_log_id": "6f038afb-09e0-45aa-9c76-c2911feb9843",
        "rating": 5,
        "status": "validated"
    },
    {
        "id": "d7a13fa3-54e5-4bcd-a01c-491ac82e6113",
        "station_id": "18dfa444-05ee-42e3-97cc-4abc91559c86",
        "component_id": "88afd3d1-6da3-496a-ac81-669a47256d34",
        "value": 36.5,
        "timestamp_measured": "2020-04-12T04:00:00+00:00",
        "import_log_id": "6f038afb-09e0-45aa-9c76-c2911feb9843",
        "rating": 4,
        "status": "validated"
    },
    {
        "id": "01ceed3c-41e1-48e5-9ca0-f68ae00bbc16",
        "station_id": "18dfa444-05ee-42e3-97cc-4abc91559c86",
        "component_id": "88afd3d1-6da3-496a-ac81-669a47256d34",
        "value": 44.3,
        "timestamp_measured": "2020-04-12T05:00:00+00:00",
        "import_log_id": "6f038afb-09e0-45aa-9c76-c2911feb9843",
        "rating": 4,
        "status": "validated"
    },
    {
        "id": "bca0b2bc-f6f6-4ff8-b58d-d81b470e8b23",
        "station_id": "18dfa444-05ee-42e3-97cc-4abc91559c86",
        "component_id": "88afd3d1-6da3-496a-ac81-669a47256d34",
        "value": 43.0,
        "timestamp_measured": "2020-04-12T06:00:00+00:00",
        "import_log_id": "6f038afb-09e0-45aa-9c76-c2911feb9843",
        "rating": 4,
        "status": "validated"
    },
    {
        "id": "1aa8f159-a210-4810-952f-0720600df133",
        "station_id": "18dfa444-05ee-42e3-97cc-4abc91559c86",
        "component_id": "88afd3d1-6da3-496a-ac81-669a47256d34",
        "value": 59.8,
        "timestamp_measured": "2020-04-12T07:00:00+00:00",
        "import_log_id": "6f038afb-09e0-45aa-9c76-c2911feb9843",
        "rating": 5,
        "status": "validated"
    },
    {
        "id": "d68fbc41-df2a-445b-bd1b-60c938091d9c",
        "station_id": "18dfa444-05ee-42e3-97cc-4abc91559c86",
        "component_id": "88afd3d1-6da3-496a-ac81-669a47256d34",
        "value": 59.6,
        "timestamp_measured": "2020-04-12T08:00:00+00:00",
        "import_log_id": "6f038afb-09e0-45aa-9c76-c2911feb9843",
        "rating": 5,
        "status": "validated"
    },
    {
        "id": "cff728c9-79eb-4928-a960-a386b92e3d6b",
        "station_id": "18dfa444-05ee-42e3-97cc-4abc91559c86",
        "component_id": "88afd3d1-6da3-496a-ac81-669a47256d34",
        "value": 43.9,
        "timestamp_measured": "2020-04-12T09:00:00+00:00",
        "import_log_id": "6f038afb-09e0-45aa-9c76-c2911feb9843",
        "rating": 4,
        "status": "validated"
    },
    {
        "id": "934e8af8-89f3-4180-b1c2-339bf9769ec2",
        "station_id": "18dfa444-05ee-42e3-97cc-4abc91559c86",
        "component_id": "88afd3d1-6da3-496a-ac81-669a47256d34",
        "value": 29.4,
        "timestamp_measured": "2020-04-12T10:00:00+00:00",
        "import_log_id": "6f038afb-09e0-45aa-9c76-c2911feb9843",
        "rating": 3,
        "status": "validated"
    },
    {
        "id": "f6001add-fad4-4434-9222-489dded0f473",
        "station_id": "18dfa444-05ee-42e3-97cc-4abc91559c86",
        "component_id": "88afd3d1-6da3-496a-ac81-669a47256d34",
        "value": 25.3,
        "timestamp_measured": "2020-04-12T11:00:00+00:00",
        "import_log_id": "6f038afb-09e0-45aa-9c76-c2911feb9843",
        "rating": 3,
        "status": "validated"
    },
    {
        "id": "38e30719-838e-43eb-aee7-304de1901fe3",
        "station_id": "18dfa444-05ee-42e3-97cc-4abc91559c86",
        "component_id": "88afd3d1-6da3-496a-ac81-669a47256d34",
        "value": 16.4,
        "timestamp_measured": "2020-04-12T12:00:00+00:00",
        "import_log_id": "6f038afb-09e0-45aa-9c76-c2911feb9843",
        "rating": 2,
        "status": "validated"
    },
    {
        "id": "c1dd7413-026a-48af-9975-793624791a20",
        "station_id": "18dfa444-05ee-42e3-97cc-4abc91559c86",
        "component_id": "88afd3d1-6da3-496a-ac81-669a47256d34",
        "value": 13.7,
        "timestamp_measured": "2020-04-12T13:00:00+00:00",
        "import_log_id": "6f038afb-09e0-45aa-9c76-c2911feb9843",
        "rating": 2,
        "status": "validated"
    },
    {
        "id": "f17ce977-985d-45d2-a905-0a121dfca9f2",
        "station_id": "18dfa444-05ee-42e3-97cc-4abc91559c86",
        "component_id": "88afd3d1-6da3-496a-ac81-669a47256d34",
        "value": 8.1,
        "timestamp_measured": "2020-04-12T14:00:00+00:00",
        "import_log_id": "6f038afb-09e0-45aa-9c76-c2911feb9843",
        "rating": 1,
        "status": "validated"
    },
    {
        "id": "c3dc78e3-0db1-4d8a-a4cb-6da50463e2ec",
        "station_id": "18dfa444-05ee-42e3-97cc-4abc91559c86",
        "component_id": "88afd3d1-6da3-496a-ac81-669a47256d34",
        "value": 7.9,
        "timestamp_measured": "2020-04-12T15:00:00+00:00",
        "import_log_id": "6f038afb-09e0-45aa-9c76-c2911feb9843",
        "rating": 1,
        "status": "validated"
    },
    {
        "id": "8744a951-2262-4313-9f6b-2df6a432b7f1",
        "station_id": "18dfa444-05ee-42e3-97cc-4abc91559c86",
        "component_id": "88afd3d1-6da3-496a-ac81-669a47256d34",
        "value": 9.4,
        "timestamp_measured": "2020-04-12T16:00:00+00:00",
        "import_log_id": "6f038afb-09e0-45aa-9c76-c2911feb9843",
        "rating": 1,
        "status": "validated"
    },
    {
        "id": "24651589-fd30-461a-8ace-e1648c097d68",
        "station_id": "18dfa444-05ee-42e3-97cc-4abc91559c86",
        "component_id": "88afd3d1-6da3-496a-ac81-669a47256d34",
        "value": 9.8,
        "timestamp_measured": "2020-04-12T17:00:00+00:00",
        "import_log_id": "6f038afb-09e0-45aa-9c76-c2911feb9843",
        "rating": 1,
        "status": "validated"
    },
    {
        "id": "a6d52ce2-d450-46d9-988e-041ecbba0401",
        "station_id": "18dfa444-05ee-42e3-97cc-4abc91559c86",
        "component_id": "88afd3d1-6da3-496a-ac81-669a47256d34",
        "value": 14.2,
        "timestamp_measured": "2020-04-12T18:00:00+00:00",
        "import_log_id": "6f038afb-09e0-45aa-9c76-c2911feb9843",
        "rating": 2,
        "status": "validated"
    },
    {
        "id": "17bc9b1e-09de-4a49-86c2-080402b8d4bf",
        "station_id": "18dfa444-05ee-42e3-97cc-4abc91559c86",
        "component_id": "88afd3d1-6da3-496a-ac81-669a47256d34",
        "value": 33.5,
        "timestamp_measured": "2020-04-12T19:00:00+00:00",
        "import_log_id": "6f038afb-09e0-45aa-9c76-c2911feb9843",
        "rating": 4,
        "status": "validated"
    },
    {
        "id": "a3b86c95-dd23-407d-8cbb-e4e6c5034a8c",
        "station_id": "18dfa444-05ee-42e3-97cc-4abc91559c86",
        "component_id": "88afd3d1-6da3-496a-ac81-669a47256d34",
        "value": 33.5,
        "timestamp_measured": "2020-04-12T20:00:00+00:00",
        "import_log_id": "6f038afb-09e0-45aa-9c76-c2911feb9843",
        "rating": 4,
        "status": "validated"
    },
    {
        "id": "6f457cb7-999a-44f6-9d10-02ccedd1a842",
        "station_id": "18dfa444-05ee-42e3-97cc-4abc91559c86",
        "component_id": "88afd3d1-6da3-496a-ac81-669a47256d34",
        "value": 42.0,
        "timestamp_measured": "2020-04-12T21:00:00+00:00",
        "import_log_id": "6f038afb-09e0-45aa-9c76-c2911feb9843",
        "rating": 4,
        "status": "validated"
    },
    {
        "id": "097748c3-f3de-490a-8451-8a3a3c4a66cd",
        "station_id": "18dfa444-05ee-42e3-97cc-4abc91559c86",
        "component_id": "88afd3d1-6da3-496a-ac81-669a47256d34",
        "value": -999.0,
        "timestamp_measured": "2020-04-12T22:00:00+00:00",
        "import_log_id": "a00c108b-a035-4bbe-8905-94451dc6e20b",
        "rating": -999,
        "status": "unvalidated"
    }
]