[
    {
        "id": "2ea55e30-cd58-4e1f-af43-fcaee2e33ae1",
        "station_id": "7fdae34d-cb53-4cc8-ba4a-237d16d42d61",
        "component_id": "88afd3d1-6da3-496a-ac81-669a47256d34",
        "value": 9.7,
        "timestamp_measured": "2019-04-14T22:00:00+00:00",
        "import_log_id": "4405e4a4-1bdc-4e51-8270-5d98e676215f",
        "rating": 1,
        "status": "validated"
    },
    {
        "id": "a4ff78df-4c65-4da7-8b1b-a443fe897d8e",
        "station_id": "7fdae34d-cb53-4cc8-ba4a-237d16d42d61",
        "component_id": "88afd3d1-6da3-496a-ac81-669a47256d34",
        "value": 9.5,
        "timestamp_measured": "2019-04-14T23:00:00+00:00",
        "import_log_id": "4405e4a4-1bdc-4e51-8270-5d98e676215f",
        "rating": 1,
        "status": "validated"
    },
    {
        "id": "2bb6fc05-7b3a-44ac-9283-cb30eaa81fd4",
        "station_id": "7fdae34d-cb53-4cc8-ba4a-237d16d42d61",
        "component_id": "88afd3d1-6da3-496a-ac81-669a47256d34",
        "value": 9.7,
        "timestamp_measured": "2019-04-15T00:00:00+00:00",
        "import_log_id": "4405e4a4-1bdc-4e51-8270-5d98e676215f",
        "rating": 1,
        "status": "validated"
    },
    {
        "id": "7298e2ad-d92f-4940-b3a6-1ddc4e9163be",
        "station_id": "7fdae34d-cb53-4cc8-ba4a-237d16d42d61",
        "component_id": "88afd3d1-6da3-496a-ac81-669a47256d34",
        "value": 9.1,
        "timestamp_measured": "2019-04-15T01:00:00+00:00",
        "import_log_id": "4405e4a4-1bdc-4e51-8270-5d98e676215f",
        "rating": 1,
        "status": "validated"
    },
    {
        "id": "8fe719e9-fd5a-45ee-944f-a736492c5498",
        "station_id": "7fdae34d-cb53-4cc8-ba4a-237d16d42d61",
        "component_id": "88afd3d1-6da3-496a-ac81-669a47256d34",
        "value": 8.9,
        "timestamp_measured": "2019-04-15T02:00:00+00:00",
        "import_log_id": "4405e4a4-1bdc-4e51-8270-5d98e676215f",
        "rating": 1,
        "status": "validated"
    },
    {
        "id": "b601d058-d53a-4240-9eab-353a2c26868c",
        "station_id": "7fdae34d-cb53-4cc8-ba4a-237d16d42d61",
        "component_id": "88afd3d1-6da3-496a-ac81-669a47256d34",
        "value": 10.0,
        "timestamp_measured": "2019-04-15T03:00:00+00:00",
        "import_log_id": "4405e4a4-1bdc-4e51-8270-5d98e676215f",
        "rating": 2,
        "status": "validated"
    },
    {
        "id": "d93bbcd1-8b3b-432a-baea-887dff435e52",
        "station_id": "7fdae34d-cb53-4cc8-ba4a-237d16d42d61",
        "component_id": "88afd3d1-6da3-496a-ac81-669a47256d34",
        "value": 13.2,
        "timestamp_measured": "2019-04-15T04:00:00+00:00",
        "import_log_id": "4405e4a4-1bdc-4e51-8270-5d98e676215f",
        "rating": 2,
        "status": "validated"
    },
    {
        "id": "62755cb5-5c08-499f-90f2-34d790ce0eba",
        "station_id": "7fdae34d-cb53-4cc8-ba4a-237d16d42d61",
        "component_id": "88afd3d1-6da3-496a-ac81-669a47256d34",
        "value": 20.0,
        "timestamp_measured": "2019-04-15T05:00:00+00:00",
        "import_log_id": "4405e4a4-1bdc-4e51-8270-5d98e676215f",
        "rating": 3,
        "status": "validated"
    },
    {
        "id": "bd9d0553-e365-4aaa-b07a-5a1728fcbac2",
        "station_id": "7fdae34d-cb53-4cc8-ba4a-237d16d42d61",
        "component_id": "88afd3d1-6da3-496a-ac81-669a47256d34",
        "value": 25.5,
        "timestamp_measured": "2019-04-15T06:00:00+00:00",
        "import_log_id": "4405e4a4-1bdc-4e51-8270-5d98e676215f",
        "rating": 3,
        "status": "validated"
    },
    {
        "id": "349427d9-ee9c-4b08-9df3-2a879df8de62",
        "station_id": "7fdae34d-cb53-4cc8-ba4a-237d16d42d61",
        "component_id": "88afd3d1-6da3-496a-ac81-669a47256d34",
        "value": 34.1,
        "timestamp_measured": "2019-04-15T07:00:00+00:00",
        "import_log_id": "4405e4a4-1bdc-4e51-8270-5d98e676215f",
        "rating": 4,
        "status": "validated"
    },
    {
        "id": "5f80921a-6bae-4b3c-b80c-f196f80448a3",
        "station_id": "7fdae34d-cb53-4cc8-ba4a-237d16d42d61",
        "component_id": "88afd3d1-6da3-496a-ac81-669a47256d34",
        "value": 19.9,
        "timestamp_measured": "2019-04-15T08:00:00+00:00",
        "import_log_id": "4405e4a4-1bdc-4e51-8270-5d98e676215f",
        "rating": 2,
        "status": "validated"
    },
    {
        "id": "96ece68b-d20f-41da-8d5a-abaaf429b466",
        "station_id": "7fdae34d-cb53-4cc8-ba4a-237d16d42d61",
        "component_id": "88afd3d1-6da3-496a-ac81-669a47256d34",
        "value": 13.6,
        "timestamp_measured": "2019-04-15T09:00:00+00:00",
        "import_log_id": "4405e4a4-1bdc-4e51-8270-5d98e676215f",
        "rating": 2,
        "status": "validated"
    },
    {
        "id": "72b132cc-5edc-4fe3-92b5-ede2e76d9b3a",
        "station_id": "7fdae34d-cb53-4cc8-ba4a-237d16d42d61",
        "component_id": "88afd3d1-6da3-496a-ac81-669a47256d34",
        "value": 12.5,
        "timestamp_measured": "2019-04-15T10:00:00+00:00",
        "import_log_id": "4405e4a4-1bdc-4e51-8270-5d98e676215f",
        "rating": 2,
        "status": "validated"
    },
    {
        "id": "f852740c-7b0a-4fe3-923d-0a31df51d95a",
        "station_id": "7fdae34d-cb53-4cc8-ba4a-237d16d42d61",
        "component_id": "88afd3d1-6da3-496a-ac81-669a47256d34",
        "value": 14.1,
        "timestamp_measured": "2019-04-15T11:00:00+00:00",
        "import_log_id": "4405e4a4-1bdc-4e51-8270-5d98e676215f",
        "rating": 2,
        "status": "validated"
    },
    {
        "id": "fa67d2a6-d6b6-4ded-80bc-6917b926fc8c",
        "station_id": "7fdae34d-cb53-4cc8-ba4a-237d16d42d61",
        "component_id": "88afd3d1-6da3-496a-ac81-669a47256d34",
        "value": 13.7,
        "timestamp_measured": "2019-04-15T12:00:00+00:00",
        "import_log_id": "4405e4a4-1bdc-4e51-8270-5d98e676215f",
        "rating": 2,
        "status": "validated"
    },
    {
        "id": "78be1879-cc9a-4b81-93c0-ded1b586ae1a",
        "station_id": "7fdae34d-cb53-4cc8-ba4a-237d16d42d61",
        "component_id": "88afd3d1-6da3-496a-ac81-669a47256d34",
        "value": 13.8,
        "timestamp_measured": "2019-04-15T13:00:00+00:00",
        "import_log_id": "4405e4a4-1bdc-4e51-8270-5d98e676215f",
        "rating": 2,
        "status": "validated"
    },
    {
        "id": "a8421a33-11e2-44b1-962e-d53b5a59bf17",
        "station_id": "7fdae34d-cb53-4cc8-ba4a-237d16d42d61",
        "component_id": "88afd3d1-6da3-496a-ac81-669a47256d34",
        "value": 13.9,
        "timestamp_measured": "2019-04-15T14:00:00+00:00",
        "import_log_id": "4405e4a4-1bdc-4e51-8270-5d98e676215f",
        "rating": 2,
        "status": "validated"
    },
    {
        "id": "d8599720-f79d-49f8-9245-ba95ad44abdf",
        "station_id": "7fdae34d-cb53-4cc8-ba4a-237d16d42d61",
        "component_id": "88afd3d1-6da3-496a-ac81-669a47256d34",
        "value": 11.4,
        "timestamp_measured": "2019-04-15T15:00:00+00:00",
        "import_log_id": "4405e4a4-1bdc-4e51-8270-5d98e676215f",
        "rating": 2,
        "status": "validated"
    },
    {
        "id": "c51b4853-fac3-440a-b63e-93ab5fd322b4",
        "station_id": "7fdae34d-cb53-4cc8-ba4a-237d16d42d61",
        "component_id": "88afd3d1-6da3-496a-ac81-669a47256d34",
        "value": 12.4,
        "timestamp_measured": "2019-04-15T16:00:00+00:00",
        "import_log_id": "4405e4a4-1bdc-4e51-8270-5d98e676215f",
        "rating": 2,
        "status": "validated"
    },
    {
        "id": "ec4cf185-fa02-4e57-a94c-c8b6cd6b6c53",
        "station_id": "7fdae34d-cb53-4cc8-ba4a-237d16d42d61",
        "component_id": "88afd3d1-6da3-496a-ac81-669a47256d34",
        "value": 11.3,
        "timestamp_measured": "2019-04-15T17:00:00+00:00",
        "import_log_id": "4405e4a4-1bdc-4e51-8270-5d98e676215f",
        "rating": 2,
        "status": "validated"
    },
    {
        "id": "27359270-ac65-47c6-a3c0-c5b09d9fa2e8",
        "station_id": "7fdae34d-cb53-4cc8-ba4a-237d16d42d61",
        "component_id": "88afd3d1-6da3-496a-ac81-669a47256d34",
        "value": 10.6,
        "timestamp_measured": "2019-04-15T18:00:00+00:00",
        "import_log_id": "4405e4a4-1bdc-4e51-8270-5d98e676215f",
        "rating": 2,
        "status": "validated"
    },
    {
        "id": "12561c14-8a3a-4724-b0c8-0070d6aa82f9",
        "station_id": "7fdae34d-cb53-4cc8-ba4a-237d16d42d61",
        "component_id": "88afd3d1-6da3-496a-ac81-669a47256d34",
        "value": 14.5,
        "timestamp_measured": "2019-04-15T19:00:00+00:00",
        "import_log_id": "4405e4a4-1bdc-4e51-8270-5d98e676215f",
        "rating": 2,
        "status": "validated"
    },
    {
        "id": "96dd57a9-fc7e-4e3c-a38f-2bef5bc3640e",
        "station_id": "7fdae34d-cb53-4cc8-ba4a-237d16d42d61",
        "component_id": "88afd3d1-6da3-496a-ac81-669a47256d34",
        "value": 20.3,
        "timestamp_measured": "2019-04-15T20:00:00+00:00",
        "import_log_id": "4405e4a4-1bdc-4e51-8270-5d98e676215f",
        "rating": 3,
        "status": "validated"
    },
    {
        "id": "6a649239-79d2-4536-9956-cefa73c4fca1",
        "station_id": "7fdae34d-cb53-4cc8-ba4a-237d16d42d61",
        "component_id": "88afd3d1-6da3-496a-ac81-669a47256d34",
        "value": 17.0,
        "timestamp_measured": "2019-04-15T21:00:00+00:00",
        "import_log_id": "4405e4a4-1bdc-4e51-8270-5d98e676215f",
        "rating": 2,
        "status": "validated"
    },
    {
        "id": "2dfa5d56-56bc-4ddf-bcb0-ca96f8bfd43b",
        "station_id": "7fdae34d-cb53-4cc8-ba4a-237d16d42d61",
        "component_id": "88afd3d1-6da3-496a-ac81-669a47256d34",
        "value": 15.6,
        "timestamp_measured": "2019-04-15T22:00:00+00:00",
        "import_log_id": "4405e4a4-1bdc-4e51-8270-5d98e676215f",
        "rating": 2,
        "status": "validated"
    },
    {
        "id": "ecffb6f4-1e33-4a65-a653-dd4bea40f604",
        "station_id": "7fdae34d-cb53-4cc8-ba4a-237d16d42d61",
        "component_id": "88afd3d1-6da3-496a-ac81-669a47256d34",
        "value": 12.0,
        "timestamp_measured": "2019-04-15T23:00:00+00:00",
        "import_log_id": "4405e4a4-1bdc-4e51-8270-5d98e676215f",
        "rating": 2,
        "status": "validated"
    },
    {
        "id": "6f2635d3-1014-46c1-9e45-d216f7414a41",
        "station_id": "7fdae34d-cb53-4cc8-ba4a-237d16d42d61",
        "component_id": "88afd3d1-6da3-496a-ac81-669a47256d34",
        "value": 10.7,
        "timestamp_measured": "2019-04-16T00:00:00+00:00",
        "import_log_id": "4405e4a4-1bdc-4e51-8270-5d98e676215f",
        "rating": 2,
        "status": "validated"
    },
    {
        "id": "cbc5e4f8-bbb7-41c7-8692-5458d2d8adba",
        "station_id": "7fdae34d-cb53-4cc8-ba4a-237d16d42d61",
        "component_id": "88afd3d1-6da3-496a-ac81-669a47256d34",
        "value": 9.4,
        "timestamp_measured": "2019-04-16T01:00:00+00:00",
        "import_log_id": "4405e4a4-1bdc-4e51-8270-5d98e676215f",
        "rating": 1,
        "status": "validated"
    },
    {
        "id": "75aad67c-7552-4adc-aa5e-30ca716633e1",
        "station_id": "7fdae34d-cb53-4cc8-ba4a-237d16d42d61",
        "component_id": "88afd3d1-6da3-496a-ac81-669a47256d34",
        "value": 10.1,
        "timestamp_measured": "2019-04-16T02:00:00+00:00",
        "import_log_id": "4405e4a4-1bdc-4e51-8270-5d98e676215f",
        "rating": 2,
        "status": "validated"
    },
    {
        "id": "effe2b64-b4fc-4b1a-b25c-e72720bcbbca",
        "station_id": "7fdae34d-cb53-4cc8-ba4a-237d16d42d61",
        "component_id": "88afd3d1-6da3-496a-ac81-669a47256d34",
        "value": 11.7,
        "timestamp_measured": "2019-04-16T03:00:00+00:00",
        "import_log_id": "4405e4a4-1bdc-4e51-8270-5d98e676215f",
        "rating": 2,
        "status": "validated"
    },
    {
        "id": "74f3c228-3ed3-4640-9412-527f89028515",
        "station_id": "7fdae34d-cb53-4cc8-ba4a-237d16d42d61",
        "component_id": "88afd3d1-6da3-496a-ac81-669a47256d34",
        "value": 16.1,
        "timestamp_measured": "2019-04-16T04:00:00+00:00",
        "import_log_id": "4405e4a4-1bdc-4e51-8270-5d98e676215f",
        "rating": 2,
        "status": "validated"
    },
    {
        "id": "9f750036-fb06-4c15-8ea7-a486c65ad536",
        "station_id": "7fdae34d-cb53-4cc8-ba4a-237d16d42d61",
        "component_id": "88afd3d1-6da3-496a-ac81-669a47256d34",
        "value": 21.7,
        "timestamp_measured": "2019-04-16T05:00:00+00:00",
        "import_log_id": "4405e4a4-1bdc-4e51-8270-5d98e676215f",
        "rating": 3,
        "status": "validated"
    },
    {
        "id": "58d520fd-9648-4564-b505-16482585d875",
        "station_id": "7fdae34d-cb53-4cc8-ba4a-237d16d42d61",
        "component_id": "88afd3d1-6da3-496a-ac81-669a47256d34",
        "value": 32.3,
        "timestamp_measured": "2019-04-16T06:00:00+00:00",
        "import_log_id": "4405e4a4-1bdc-4e51-8270-5d98e676215f",
        "rating": 4,
        "status": "validated"
    },
    {
        "id": "463a2916-3316-491f-8035-2d3af0af8551",
        "station_id": "7fdae34d-cb53-4cc8-ba4a-237d16d42d61",
        "component_id": "88afd3d1-6da3-496a-ac81-669a47256d34",
        "value": 31.7,
        "timestamp_measured": "2019-04-16T07:00:00+00:00",
        "import_log_id": "4405e4a4-1bdc-4e51-8270-5d98e676215f",
        "rating": 4,
        "status": "validated"
    },
    {
        "id": "de7fc112-19f1-435c-b657-f4cc17767e1c",
        "station_id": "7fdae34d-cb53-4cc8-ba4a-237d16d42d61",
        "component_id": "88afd3d1-6da3-496a-ac81-669a47256d34",
        "value": 29.4,
        "timestamp_measured": "2019-04-16T08:00:00+00:00",
        "import_log_id": "4405e4a4-1bdc-4e51-8270-5d98e676215f",
        "rating": 3,
        "status": "validated"
    },
    {
        "id": "7609b42e-1b39-4433-acdf-1f2da1fe301f",
        "station_id": "7fdae34d-cb53-4cc8-ba4a-237d16d42d61",
        "component_id": "88afd3d1-6da3-496a-ac81-669a47256d34",
        "value": 25.2,
        "timestamp_measured": "2019-04-16T09:00:00+00:00",
        "import_log_id": "4405e4a4-1bdc-4e51-8270-5d98e676215f",
        "rating": 3,
        "status": "validated"
    },
    {
        "id": "283f2523-30a5-4a49-8168-c31a83b5f43d",
        "station_id": "7fdae34d-cb53-4cc8-ba4a-237d16d42d61",
        "component_id": "88afd3d1-6da3-496a-ac81-669a47256d34",
        "value": 21.3,
        "timestamp_measured": "2019-04-16T10:00:00+00:00",
        "import_log_id": "4405e4a4-1bdc-4e51-8270-5d98e676215f",
        "rating": 3,
        "status": "validated"
    },
    {
        "id": "4f2152e6-2f71-4df3-be66-e75de70f73c1",
        "station_id": "7fdae34d-cb53-4cc8-ba4a-237d16d42d61",
        "component_id": "88afd3d1-6da3-496a-ac81-669a47256d34",
        "value": 19.8,
        "timestamp_measured": "2019-04-16T11:00:00+00:00",
        "import_log_id": "4405e4a4-1bdc-4e51-8270-5d98e676215f",
        "rating": 2,
        "status": "validated"
    },
    {
        "id": "1ddb1130-e965-4148-b789-d1dbaa0da1f9",
        "station_id": "7fdae34d-cb53-4cc8-ba4a-237d16d42d61",
        "component_id": "88afd3d1-6da3-496a-ac81-669a47256d34",
        "value": 16.9,
        "timestamp_measured": "2019-04-16T12:00:00+00:00",
        "import_log_id": "4405e4a4-1bdc-4e51-8270-5d98e676215f",
        "rating": 2,
        "status": "validated"
    },
    {
        "id": "b9ab2909-c190-46bd-81df-3639f97a6b79",
        "station_id": "7fdae34d-cb53-4cc8-ba4a-237d16d42d61",
        "component_id": "88afd3d1-6da3-496a-ac81-669a47256d34",
        "value": 15.6,
        "timestamp_measured": "2019-04-16T13:00:00+00:00",
        "import_log_id": "4405e4a4-1bdc-4e51-8270-5d98e676215f",
        "rating": 2,
        "status": "validated"
    },
    {
        "id": "adfab0b2-1ff9-47b3-8d36-f4efb32e7f28",
        "station_id": "7fdae34d-cb53-4cc8-ba4a-237d16d42d61",
        "component_id": "88afd3d1-6da3-496a-ac81-669a47256d34",
        "value": 16.2,
        "timestamp_measured": "2019-04-16T14:00:00+00:00",
        "import_log_id": "4405e4a4-1bdc-4e51-8270-5d98e676215f",
        "rating": 2,
        "status": "validated"
    },
    {
        "id": "f40daa7e-de72-42fd-9589-7121afcc58f5",
        "station_id": "7fdae34d-cb53-4cc8-ba4a-237d16d42d61",
        "component_id": "88afd3d1-6da3-496a-ac81-669a47256d34",
        "value": 18.2,
        "timestamp_measured": "2019-04-16T15:00:00+00:00",
        "import_log_id": "4405e4a4-1bdc-4e51-8270-5d98e676215f",
        "rating": 2,
        "status": "validated"
    },
    {
        "id": "558f067a-68c3-4f0d-8df0-ed06bbc0dabb",
        "station_id": "7fdae34d-cb53-4cc8-ba4a-237d16d42d61",
        "component_id": "88afd3d1-6da3-496a-ac81-669a47256d34",
        "value": 24.5,
        "timestamp_measured": "2019-04-16T16:00:00+00:00",
        "import_log_id": "4405e4a4-1bdc-4e51-8270-5d98e676215f",
        "rating": 3,
        "status": "validated"
    },
    {
        "id": "1a9d46e2-87ff-4296-8fd0-f275b81a1244",
        "station_id": "7fdae34d-cb53-4cc8-ba4a-237d16d42d61",
        "component_id": "88afd3d1-6da3-496a-ac81-669a47256d34",
        "value": 24.9,
        "timestamp_measured": "2019-04-16T17:00:00+00:00",
        "import_log_id": "4405e4a4-1bdc-4e51-8270-5d98e676215f",
        "rating": 3,
        "status": "validated"
    },
    {
        "id": "b1c09bf2-b82f-4435-927b-ea708db09c4a",
        "station_id": "7fdae34d-cb53-4cc8-ba4a-237d16d42d61",
        "component_id": "88afd3d1-6da3-496a-ac81-669a47256d34",
        "value": 25.3,
        "timestamp_measured": "2019-04-16T18:00:00+00:00",
        "import_log_id": "4405e4a4-1bdc-4e51-8270-5d98e676215f",
        "rating": 3,
        "status": "validated"
    },
    {
        "id": "5f8b153c-2f43-4e27-b4aa-d6273ba72d58",
        "station_id": "7fdae34d-cb53-4cc8-ba4a-237d16d42d61",
        "component_id": "88afd3d1-6da3-496a-ac81-669a47256d34",
        "value": 20.7,
        "timestamp_measured": "2019-04-16T19:00:00+00:00",
        "import_log_id": "4405e4a4-1bdc-4e51-8270-5d98e676215f",
        "rating": 3,
        "status": "validated"
    },
    {
        "id": "3702b6c1-55e0-46c6-9818-1ed9a0a94cd9",
        "station_id": "7fdae34d-cb53-4cc8-ba4a-237d16d42d61",
        "component_id": "88afd3d1-6da3-496a-ac81-669a47256d34",
        "value": 19.6,
        "timestamp_measured": "2019-04-16T20:00:00+00:00",
        "import_log_id": "4405e4a4-1bdc-4e51-8270-5d98e676215f",
        "rating": 2,
        "status": "validated"
    },
    {
        "id": "6f2b00b8-ffd0-4263-9542-1f34bfc1f43e",
        "station_id": "7fdae34d-cb53-4cc8-ba4a-237d16d42d61",
        "component_id": "88afd3d1-6da3-496a-ac81-669a47256d34",
        "value": 24.3,
        "timestamp_measured": "2019-04-16T21:00:00+00:00",
        "import_log_id": "4405e4a4-1bdc-4e51-8270-5d98e676215f",
        "rating": 3,
        "status": "validated"
    },
    {
        "id": "30767e77-4d5f-42f8-ae65-e4620fd58147",
        "station_id": "7fdae34d-cb53-4cc8-ba4a-237d16d42d61",
        "component_id": "88afd3d1-6da3-496a-ac81-669a47256d34",
        "value": 23.2,
        "timestamp_measured": "2019-04-16T22:00:00+00:00",
        "import_log_id": "4405e4a4-1bdc-4e51-8270-5d98e676215f",
        "rating": 3,
        "status": "validated"
    },
    {
        "id": "24a56645-a2c9-4ff4-934e-b069d9424c6a",
        "station_id": "7fdae34d-cb53-4cc8-ba4a-237d16d42d61",
        "component_id": "88afd3d1-6da3-496a-ac81-669a47256d34",
        "value": 27.3,
        "timestamp_measured": "2019-04-16T23:00:00+00:00",
        "import_log_id": "4405e4a4-1bdc-4e51-8270-5d98e676215f",
        "rating": 3,
        "status": "validated"
    },
    {
        "id": "fa1a0686-f077-4fa4-9912-1c4983a186f6",
        "station_id": "7fdae34d-cb53-4cc8-ba4a-237d16d42d61",
        "component_id": "88afd3d1-6da3-496a-ac81-669a47256d34",
        "value": 25.4,
        "timestamp_measured": "2019-04-17T00:00:00+00:00",
        "import_log_id": "4405e4a4-1bdc-4e51-8270-5d98e676215f",
        "rating": 3,
        "status": "validated"
    },
    {
        "id": "fbd5409f-9abb-4f35-8e20-0a0eb46fa37d",
        "station_id": "7fdae34d-cb53-4cc8-ba4a-237d16d42d61",
        "component_id": "88afd3d1-6da3-496a-ac81-669a47256d34",
        "value": 21.1,
        "timestamp_measured": "2019-04-17T01:00:00+00:00",
        "import_log_id": "4405e4a4-1bdc-4e51-8270-5d98e676215f",
        "rating": 3,
        "status": "validated"
    },
    {
        "id": "56e070e4-6c04-4c6a-a340-5b3ec1d5bc77",
        "station_id": "7fdae34d-cb53-4cc8-ba4a-237d16d42d61",
        "component_id": "88afd3d1-6da3-496a-ac81-669a47256d34",
        "value": 27.6,
        "timestamp_measured": "2019-04-17T02:00:00+00:00",
        "import_log_id": "4405e4a4-1bdc-4e51-8270-5d98e676215f",
        "rating": 3,
        "status": "validated"
    },
    {
        "id": "a9a92371-b4cc-4581-83fa-cae88fe66d98",
        "station_id": "7fdae34d-cb53-4cc8-ba4a-237d16d42d61",
        "component_id": "88afd3d1-6da3-496a-ac81-669a47256d34",
        "value": 26.8,
        "timestamp_measured": "2019-04-17T03:00:00+00:00",
        "import_log_id": "4405e4a4-1bdc-4e51-8270-5d98e676215f",
        "rating": 3,
        "status": "validated"
    },
    {
        "id": "9ccf1819-d039-4dec-8725-a3ba0dc3cf86",
        "station_id": "7fdae34d-cb53-4cc8-ba4a-237d16d42d61",
        "component_id": "88afd3d1-6da3-496a-ac81-669a47256d34",
        "value": 33.2,
        "timestamp_measured": "2019-04-17T04:00:00+00:00",
        "import_log_id": "4405e4a4-1bdc-4e51-8270-5d98e676215f",
        "rating": 4,
        "status": "validated"
    },
    {
        "id": "794881cb-326a-4755-b5ac-3257942fec63",
        "station_id": "7fdae34d-cb53-4cc8-ba4a-237d16d42d61",
        "component_id": "88afd3d1-6da3-496a-ac81-669a47256d34",
        "value": 36.5,
        "timestamp_measured": "2019-04-17T05:00:00+00:00",
        "import_log_id": "4405e4a4-1bdc-4e51-8270-5d98e676215f",
        "rating": 4,
        "status": "validated"
    },
    {
        "id": "dc114fa7-2116-4db1-a0e2-747deed3daa2",
        "station_id": "7fdae34d-cb53-4cc8-ba4a-237d16d42d61",
        "component_id": "88afd3d1-6da3-496a-ac81-669a47256d34",
        "value": 52.2,
        "timestamp_measured": "2019-04-17T06:00:00+00:00",
        "import_log_id": "4405e4a4-1bdc-4e51-8270-5d98e676215f",
        "rating": 5,
        "status": "validated"
    },
    {
        "id": "c9503bb9-b453-4e27-8bcd-0686991e1cee",
        "station_id": "7fdae34d-cb53-4cc8-ba4a-237d16d42d61",
        "component_id": "88afd3d1-6da3-496a-ac81-669a47256d34",
        "value": 43.5,
        "timestamp_measured": "2019-04-17T07:00:00+00:00",
        "import_log_id": "4405e4a4-1bdc-4e51-8270-5d98e676215f",
        "rating": 4,
        "status": "validated"
    },
    {
        "id": "66b04e99-b775-4fc3-87d0-0e2bd33d7566",
        "station_id": "7fdae34d-cb53-4cc8-ba4a-237d16d42d61",
        "component_id": "88afd3d1-6da3-496a-ac81-669a47256d34",
        "value": 34.8,
        "timestamp_measured": "2019-04-17T08:00:00+00:00",
        "import_log_id": "4405e4a4-1bdc-4e51-8270-5d98e676215f",
        "rating": 4,
        "status": "validated"
    },
    {
        "id": "f2757658-5bb6-4185-8345-67d0e0e8565f",
        "station_id": "7fdae34d-cb53-4cc8-ba4a-237d16d42d61",
        "component_id": "88afd3d1-6da3-496a-ac81-669a47256d34",
        "value": 32.9,
        "timestamp_measured": "2019-04-17T09:00:00+00:00",
        "import_log_id": "4405e4a4-1bdc-4e51-8270-5d98e676215f",
        "rating": 4,
        "status": "validated"
    },
    {
        "id": "c43da0cc-8916-496c-b520-65571e7a7efb",
        "station_id": "7fdae34d-cb53-4cc8-ba4a-237d16d42d61",
        "component_id": "88afd3d1-6da3-496a-ac81-669a47256d34",
        "value": 30.6,
        "timestamp_measured": "2019-04-17T10:00:00+00:00",
        "import_log_id": "4405e4a4-1bdc-4e51-8270-5d98e676215f",
        "rating": 4,
        "status": "validated"
    },
    {
        "id": "268ba3b5-7ac0-45e1-9c9e-4441c1b8d95c",
        "station_id": "7fdae34d-cb53-4cc8-ba4a-237d16d42d61",
        "component_id": "88afd3d1-6da3-496a-ac81-669a47256d34",
        "value": 25.7,
        "timestamp_measured": "2019-04-17T11:00:00+00:00",
        "import_log_id": "4405e4a4-1bdc-4e51-8270-5d98e676215f",
        "rating": 3,
        "status": "validated"
    },
    {
        "id": "cdc93411-eaef-40da-b4fe-73b29d706d61",
        "station_id": "7fdae34d-cb53-4cc8-ba4a-237d16d42d61",
        "component_id": "88afd3d1-6da3-496a-ac81-669a47256d34",
        "value": 38.6,
        "timestamp_measured": "2019-04-17T12:00:00+00:00",
        "import_log_id": "4405e4a4-1bdc-4e51-8270-5d98e676215f",
        "rating": 4,
        "status": "validated"
    },
    {
        "id": "999b21e5-82d8-42e4-8c8f-d315fedb82a4",
        "station_id": "7fdae34d-cb53-4cc8-ba4a-237d16d42d61",
        "component_id": "88afd3d1-6da3-496a-ac81-669a47256d34",
        "value": 30.5,
        "timestamp_measured": "2019-04-17T13:00:00+00:00",
        "import_log_id": "4405e4a4-1bdc-4e51-8270-5d98e676215f",
        "rating": 4,
        "status": "validated"
    },
    {
        "id": "d0bca4cd-875a-4451-865d-a1709148c524",
        "station_id": "7fdae34d-cb53-4cc8-ba4a-237d16d42d61",
        "component_id": "88afd3d1-6da3-496a-ac81-669a47256d34",
        "value": 27.1,
        "timestamp_measured": "2019-04-17T14:00:00+00:00",
        "import_log_id": "4405e4a4-1bdc-4e51-8270-5d98e676215f",
        "rating": 3,
        "status": "validated"
    },
    {
        "id": "d3165147-c5e2-449f-818a-f651f1446ac6",
        "station_id": "7fdae34d-cb53-4cc8-ba4a-237d16d42d61",
        "component_id": "88afd3d1-6da3-496a-ac81-669a47256d34",
        "value": 36.9,
        "timestamp_measured": "2019-04-17T15:00:00+00:00",
        "import_log_id": "4405e4a4-1bdc-4e51-8270-5d98e676215f",
        "rating": 4,
        "status": "validated"
    },
    {
        "id": "6a6eb1ba-3431-48d0-ad9a-10c73b06f620",
        "station_id": "7fdae34d-cb53-4cc8-ba4a-237d16d42d61",
        "component_id": "88afd3d1-6da3-496a-ac81-669a47256d34",
        "value": 26.9,
        "timestamp_measured": "2019-04-17T16:00:00+00:00",
        "import_log_id": "4405e4a4-1bdc-4e51-8270-5d98e676215f",
        "rating": 3,
        "status": "validated"
    },
    {
        "id": "a17c3377-74c0-4d11-83aa-32b68c0073cd",
        "station_id": "7fdae34d-cb53-4cc8-ba4a-237d16d42d61",
        "component_id": "88afd3d1-6da3-496a-ac81-669a47256d34",
        "value": 29.5,
        "timestamp_measured": "2019-04-17T17:00:00+00:00",
        "import_log_id": "4405e4a4-1bdc-4e51-8270-5d98e676215f",
        "rating": 3,
        "status": "validated"
    },
    {
        "id": "6bc6bcd0-dd2a-4741-b83f-e6f8f3c9c861",
        "station_id": "7fdae34d-cb53-4cc8-ba4a-237d16d42d61",
        "component_id": "88afd3d1-6da3-496a-ac81-669a47256d34",
        "value": 35.9,
        "timestamp_measured": "2019-04-17T18:00:00+00:00",
        "import_log_id": "4405e4a4-1bdc-4e51-8270-5d98e676215f",
        "rating": 4,
        "status": "validated"
    },
    {
        "id": "ce12ea7b-c977-4a43-ae69-b0932554c395",
        "station_id": "7fdae34d-cb53-4cc8-ba4a-237d16d42d61",
        "component_id": "88afd3d1-6da3-496a-ac81-669a47256d34",
        "value": 40.3,
        "timestamp_measured": "2019-04-17T19:00:00+00:00",
        "import_log_id": "4405e4a4-1bdc-4e51-8270-5d98e676215f",
        "rating": 4,
        "status": "validated"
    },
    {
        "id": "8c8a30dd-9f3a-4b4b-abd6-080e555bde3d",
        "station_id": "7fdae34d-cb53-4cc8-ba4a-237d16d42d61",
        "component_id": "88afd3d1-6da3-496a-ac81-669a47256d34",
        "value": 44.8,
        "timestamp_measured": "2019-04-17T20:00:00+00:00",
        "import_log_id": "4405e4a4-1bdc-4e51-8270-5d98e676215f",
        "rating": 4,
        "status": "validated"
    },
    {
        "id": "a89896ee-0399-4672-8acd-451bfe79428e",
        "station_id": "7fdae34d-cb53-4cc8-ba4a-237d16d42d61",
        "component_id": "88afd3d1-6da3-496a-ac81-669a47256d34",
        "value": 45.6,
        "timestamp_measured": "2019-04-17T21:00:00+00:00",
        "import_log_id": "4405e4a4-1bdc-4e51-8270-5d98e676215f",
        "rating": 5,
        "status": "validated"
    },
    {
        "id": "0f03ff8e-058e-4993-ba10-8968b5d7d6dc",
        "station_id": "7fdae34d-cb53-4cc8-ba4a-237d16d42d61",
        "component_id": "88afd3d1-6da3-496a-ac81-669a47256d34",
        "value": 52.2,
        "timestamp_measured": "2019-04-17T22:00:00+00:00",
        "import_log_id": "4405e4a4-1bdc-4e51-8270-5d98e676215f",
        "rating": 5,
        "status": "validated"
    },
    {
        "id": "c5e78f29-6e24-454f-b8e0-ac3a959c5f7f",
        "station_id": "7fdae34d-cb53-4cc8-ba4a-237d16d42d61",
        "component_id": "88afd3d1-6da3-496a-ac81-669a47256d34",
        "value": 39.3,
        "timestamp_measured": "2019-04-17T23:00:00+00:00",
        "import_log_id": "4405e4a4-1bdc-4e51-8270-5d98e676215f",
        "rating": 4,
        "status": "validated"
    },
    {
        "id": "a859b3dd-01e4-4a54-9c08-2fa53ac4523c",
        "station_id": "7fdae34d-cb53-4cc8-ba4a-237d16d42d61",
        "component_id": "88afd3d1-6da3-496a-ac81-669a47256d34",
        "value": 22.0,
        "timestamp_measured": "2019-04-18T00:00:00+00:00",
        "import_log_id": "4405e4a4-1bdc-4e51-8270-5d98e676215f",
        "rating": 3,
        "status": "validated"
    },
    {
        "id": "9d0849f4-5a4a-4ced-b651-8606e0f980e5",
        "station_id": "7fdae34d-cb53-4cc8-ba4a-237d16d42d61",
        "component_id": "88afd3d1-6da3-496a-ac81-669a47256d34",
        "value": 15.1,
        "timestamp_measured": "2019-04-18T01:00:00+00:00",
        "import_log_id": "4405e4a4-1bdc-4e51-8270-5d98e676215f",
        "rating": 2,
        "status": "validated"
    },
    {
        "id": "3af28c6c-4fe7-4f7d-9acf-5feb4241c8b0",
        "station_id": "7fdae34d-cb53-4cc8-ba4a-237d16d42d61",
        "component_id": "88afd3d1-6da3-496a-ac81-669a47256d34",
        "value": 14.6,
        "timestamp_measured": "2019-04-18T02:00:00+00:00",
        "import_log_id": "4405e4a4-1bdc-4e51-8270-5d98e676215f",
        "rating": 2,
        "status": "validated"
    },
    {
        "id": "2dc2ccf7-43b8-4490-8d31-dc88dc59e8d4",
        "station_id": "7fdae34d-cb53-4cc8-ba4a-237d16d42d61",
        "component_id": "88afd3d1-6da3-496a-ac81-669a47256d34",
        "value": 14.1,
        "timestamp_measured": "2019-04-18T03:00:00+00:00",
        "import_log_id": "4405e4a4-1bdc-4e51-8270-5d98e676215f",
        "rating": 2,
        "status": "validated"
    },
    {
        "id": "f4a136e9-b4a0-4aa7-908b-24ed601c301a",
        "station_id": "7fdae34d-cb53-4cc8-ba4a-237d16d42d61",
        "component_id": "88afd3d1-6da3-496a-ac81-669a47256d34",
        "value": 17.5,
        "timestamp_measured": "2019-04-18T04:00:00+00:00",
        "import_log_id": "4405e4a4-1bdc-4e51-8270-5d98e676215f",
        "rating": 2,
        "status": "validated"
    },
    {
        "id": "6e601b66-6a4a-4031-acc6-350785f9114b",
        "station_id": "7fdae34d-cb53-4cc8-ba4a-237d16d42d61",
        "component_id": "88afd3d1-6da3-496a-ac81-669a47256d34",
        "value": 22.6,
        "timestamp_measured": "2019-04-18T05:00:00+00:00",
        "import_log_id": "4405e4a4-1bdc-4e51-8270-5d98e676215f",
        "rating": 3,
        "status": "validated"
    },
    {
        "id": "f8828031-34de-4a63-ad10-290d71bd8319",
        "station_id": "7fdae34d-cb53-4cc8-ba4a-237d16d42d61",
        "component_id": "88afd3d1-6da3-496a-ac81-669a47256d34",
        "value": 32.3,
        "timestamp_measured": "2019-04-18T06:00:00+00:00",
        "import_log_id": "4405e4a4-1bdc-4e51-8270-5d98e676215f",
        "rating": 4,
        "status": "validated"
    },
    {
        "id": "ec2bd5c5-87c0-4cac-88e6-3328b55d2d76",
        "station_id": "7fdae34d-cb53-4cc8-ba4a-237d16d42d61",
        "component_id": "88afd3d1-6da3-496a-ac81-669a47256d34",
        "value": 42.1,
        "timestamp_measured": "2019-04-18T07:00:00+00:00",
        "import_log_id": "4405e4a4-1bdc-4e51-8270-5d98e676215f",
        "rating": 4,
        "status": "validated"
    },
    {
        "id": "104ac580-3b9a-4bdc-9be4-09af7a1a68d8",
        "station_id": "7fdae34d-cb53-4cc8-ba4a-237d16d42d61",
        "component_id": "88afd3d1-6da3-496a-ac81-669a47256d34",
        "value": 37.2,
        "timestamp_measured": "2019-04-18T08:00:00+00:00",
        "import_log_id": "4405e4a4-1bdc-4e51-8270-5d98e676215f",
        "rating": 4,
        "status": "validated"
    },
    {
        "id": "73b18172-486e-47d8-b077-65a962154c86",
        "station_id": "7fdae34d-cb53-4cc8-ba4a-237d16d42d61",
        "component_id": "88afd3d1-6da3-496a-ac81-669a47256d34",
        "value": 26.9,
        "timestamp_measured": "2019-04-18T09:00:00+00:00",
        "import_log_id": "4405e4a4-1bdc-4e51-8270-5d98e676215f",
        "rating": 3,
        "status": "validated"
    },
    {
        "id": "d32a0652-3804-45c7-9c58-e7a1ab93baee",
        "station_id": "7fdae34d-cb53-4cc8-ba4a-237d16d42d61",
        "component_id": "88afd3d1-6da3-496a-ac81-669a47256d34",
        "value": 27.8,
        "timestamp_measured": "2019-04-18T10:00:00+00:00",
        "import_log_id": "4405e4a4-1bdc-4e51-8270-5d98e676215f",
        "rating": 3,
        "status": "validated"
    },
    {
        "id": "df67712c-8742-4814-a05f-fa01d0df7768",
        "station_id": "7fdae34d-cb53-4cc8-ba4a-237d16d42d61",
        "component_id": "88afd3d1-6da3-496a-ac81-669a47256d34",
        "value": 21.5,
        "timestamp_measured": "2019-04-18T11:00:00+00:00",
        "import_log_id": "4405e4a4-1bdc-4e51-8270-5d98e676215f",
        "rating": 3,
        "status": "validated"
    },
    {
        "id": "23af002a-dfa6-4141-ac3f-7167cf2b03ad",
        "station_id": "7fdae34d-cb53-4cc8-ba4a-237d16d42d61",
        "component_id": "88afd3d1-6da3-496a-ac81-669a47256d34",
        "value": 14.6,
        "timestamp_measured": "2019-04-18T12:00:00+00:00",
        "import_log_id": "4405e4a4-1bdc-4e51-8270-5d98e676215f",
        "rating": 2,
        "status": "validated"
    },
    {
        "id": "2a5cfc8f-aad0-4df8-9739-b42fa5735403",
        "station_id": "7fdae34d-cb53-4cc8-ba4a-237d16d42d61",
        "component_id": "88afd3d1-6da3-496a-ac81-669a47256d34",
        "value": 14.7,
        "timestamp_measured": "2019-04-18T13:00:00+00:00",
        "import_log_id": "4405e4a4-1bdc-4e51-8270-5d98e676215f",
        "rating": 2,
        "status": "validated"
    },
    {
        "id": "0c5e4a8b-7845-4244-a72b-b7712dbf8dd9",
        "station_id": "7fdae34d-cb53-4cc8-ba4a-237d16d42d61",
        "component_id": "88afd3d1-6da3-496a-ac81-669a47256d34",
        "value": 11.4,
        "timestamp_measured": "2019-04-18T14:00:00+00:00",
        "import_log_id": "4405e4a4-1bdc-4e51-8270-5d98e676215f",
        "rating": 2,
        "status": "validated"
    },
    {
        "id": "88bea185-1898-450e-b0f3-1e5543e54c2a",
        "station_id": "7fdae34d-cb53-4cc8-ba4a-237d16d42d61",
        "component_id": "88afd3d1-6da3-496a-ac81-669a47256d34",
        "value": 10.6,
        "timestamp_measured": "2019-04-18T15:00:00+00:00",
        "import_log_id": "4405e4a4-1bdc-4e51-8270-5d98e676215f",
        "rating": 2,
        "status": "validated"
    },
    {
        "id": "199f5cca-6885-47c1-b26f-6c5910fdca38",
        "station_id": "7fdae34d-cb53-4cc8-ba4a-237d16d42d61",
        "component_id": "88afd3d1-6da3-496a-ac81-669a47256d34",
        "value": 12.6,
        "timestamp_measured": "2019-04-18T16:00:00+00:00",
        "import_log_id": "4405e4a4-1bdc-4e51-8270-5d98e676215f",
        "rating": 2,
        "status": "validated"
    },
    {
        "id": "54d94571-76cf-4dcb-af24-08d2afaf4ab9",
        "station_id": "7fdae34d-cb53-4cc8-ba4a-237d16d42d61",
        "component_id": "88afd3d1-6da3-496a-ac81-669a47256d34",
        "value": 12.0,
        "timestamp_measured": "2019-04-18T17:00:00+00:00",
        "import_log_id": "4405e4a4-1bdc-4e51-8270-5d98e676215f",
        "rating": 2,
        "status": "validated"
    },
    {
        "id": "314acbaf-c576-4438-8fd8-0d2b15b21192",
        "station_id": "7fdae34d-cb53-4cc8-ba4a-237d16d42d61",
        "component_id": "88afd3d1-6da3-496a-ac81-669a47256d34",
        "value": 17.0,
        "timestamp_measured": "2019-04-18T18:00:00+00:00",
        "import_log_id": "4405e4a4-1bdc-4e51-8270-5d98e676215f",
        "rating": 2,
        "status": "validated"
    },
    {
        "id": "6e5b940a-84cb-4dc2-b67d-82b7f7773321",
        "station_id": "7fdae34d-cb53-4cc8-ba4a-237d16d42d61",
        "component_id": "88afd3d1-6da3-496a-ac81-669a47256d34",
        "value": 16.5,
        "timestamp_measured": "2019-04-18T19:00:00+00:00",
        "import_log_id": "4405e4a4-1bdc-4e51-8270-5d98e676215f",
        "rating": 2,
        "status": "validated"
    },
    {
        "id": "117213f6-05f9-4093-a6c3-6311ad516a89",
        "station_id": "7fdae34d-cb53-4cc8-ba4a-237d16d42d61",
        "component_id": "88afd3d1-6da3-496a-ac81-669a47256d34",
        "value": 16.9,
        "timestamp_measured": "2019-04-18T20:00:00+00:00",
        "import_log_id": "4405e4a4-1bdc-4e51-8270-5d98e676215f",
        "rating": 2,
        "status": "validated"
    },
    {
        "id": "f827badb-a0ed-4eb8-b4a4-45255a388b1c",
        "station_id": "7fdae34d-cb53-4cc8-ba4a-237d16d42d61",
        "component_id": "88afd3d1-6da3-496a-ac81-669a47256d34",
        "value": 14.6,
        "timestamp_measured": "2019-04-18T21:00:00+00:00",
        "import_log_id": "4405e4a4-1bdc-4e51-8270-5d98e676215f",
        "rating": 2,
        "status": "validated"
    },
    {
        "id": "1cc4610b-c198-4601-92ca-b0ce080b9d1d",
        "station_id": "7fdae34d-cb53-4cc8-ba4a-237d16d42d61",
        "component_id": "88afd3d1-6da3-496a-ac81-669a47256d34",
        "value": 14.8,
        "timestamp_measured": "2019-04-18T22:00:00+00:00",
        "import_log_id": "4405e4a4-1bdc-4e51-8270-5d98e676215f",
        "rating": 2,
        "status": "validated"
    },
    {
        "id": "6ec85dbe-3984-42db-850b-d648497c3d57",
        "station_id": "7fdae34d-cb53-4cc8-ba4a-237d16d42d61",
        "component_id": "88afd3d1-6da3-496a-ac81-669a47256d34",
        "value": 14.7,
        "timestamp_measured": "2019-04-18T23:00:00+00:00",
        "import_log_id": "4405e4a4-1bdc-4e51-8270-5d98e676215f",
        "rating": 2,
        "status": "validated"
    },
    {
        "id": "fb4ba26a-a514-4e7d-84ac-4e976cace4f4",
        "station_id": "7fdae34d-cb53-4cc8-ba4a-237d16d42d61",
        "component_id": "88afd3d1-6da3-496a-ac81-669a47256d34",
        "value": 16.3,
        "timestamp_measured": "2019-04-19T00:00:00+00:00",
        "import_log_id": "4405e4a4-1bdc-4e51-8270-5d98e676215f",
        "rating": 2,
        "status": "validated"
    },
    {
        "id": "51c0d37a-0788-4014-bc85-d8565cdca9ac",
        "station_id": "7fdae34d-cb53-4cc8-ba4a-237d16d42d61",
        "component_id": "88afd3d1-6da3-496a-ac81-669a47256d34",
        "value": 13.8,
        "timestamp_measured": "2019-04-19T01:00:00+00:00",
        "import_log_id": "4405e4a4-1bdc-4e51-8270-5d98e676215f",
        "rating": 2,
        "status": "validated"
    },
    {
        "id": "07e2f0c3-d91f-4fd5-ac0b-149d1f39d923",
        "station_id": "7fdae34d-cb53-4cc8-ba4a-237d16d42d61",
        "component_id": "88afd3d1-6da3-496a-ac81-669a47256d34",
        "value": 11.8,
        "timestamp_measured": "2019-04-19T02:00:00+00:00",
        "import_log_id": "4405e4a4-1bdc-4e51-8270-5d98e676215f",
        "rating": 2,
        "status": "validated"
    },
    {
        "id": "3fc98628-79b4-4d77-aacd-65058d7cb26e",
        "station_id": "7fdae34d-cb53-4cc8-ba4a-237d16d42d61",
        "component_id": "88afd3d1-6da3-496a-ac81-669a47256d34",
        "value": 12.7,
        "timestamp_measured": "2019-04-19T03:00:00+00:00",
        "import_log_id": "4405e4a4-1bdc-4e51-8270-5d98e676215f",
        "rating": 2,
        "status": "validated"
    },
    {
        "id": "31a12a52-6550-4661-90fe-54d8a406b25e",
        "station_id": "7fdae34d-cb53-4cc8-ba4a-237d16d42d61",
        "component_id": "88afd3d1-6da3-496a-ac81-669a47256d34",
        "value": 15.9,
        "timestamp_measured": "2019-04-19T04:00:00+00:00",
        "import_log_id": "4405e4a4-1bdc-4e51-8270-5d98e676215f",
        "rating": 2,
        "status": "validated"
    },
    {
        "id": "88783d74-39ec-437e-8893-b346024f5b6b",
        "station_id": "7fdae34d-cb53-4cc8-ba4a-237d16d42d61",
        "component_id": "88afd3d1-6da3-496a-ac81-669a47256d34",
        "value": 18.5,
        "timestamp_measured": "2019-04-19T05:00:00+00:00",
        "import_log_id": "4405e4a4-1bdc-4e51-8270-5d98e676215f",
        "rating": 2,
        "status": "validated"
    },
    {
        "id": "d9a82c75-8a86-4df3-9963-a4fd21ce37bb",
        "station_id": "7fdae34d-cb53-4cc8-ba4a-237d16d42d61",
        "component_id": "88afd3d1-6da3-496a-ac81-669a47256d34",
        "value": 25.3,
        "timestamp_measured": "2019-04-19T06:00:00+00:00",
        "import_log_id": "4405e4a4-1bdc-4e51-8270-5d98e676215f",
        "rating": 3,
        "status": "validated"
    },
    {
        "id": "70a221e2-385b-4d51-b0a9-3e70269d1a8a",
        "station_id": "7fdae34d-cb53-4cc8-ba4a-237d16d42d61",
        "component_id": "88afd3d1-6da3-496a-ac81-669a47256d34",
        "value": 28.4,
        "timestamp_measured": "2019-04-19T07:00:00+00:00",
        "import_log_id": "4405e4a4-1bdc-4e51-8270-5d98e676215f",
        "rating": 3,
        "status": "validated"
    },
    {
        "id": "90c0b65f-c7fc-4505-b7bb-697292dcac59",
        "station_id": "7fdae34d-cb53-4cc8-ba4a-237d16d42d61",
        "component_id": "88afd3d1-6da3-496a-ac81-669a47256d34",
        "value": 31.9,
        "timestamp_measured": "2019-04-19T08:00:00+00:00",
        "import_log_id": "4405e4a4-1bdc-4e51-8270-5d98e676215f",
        "rating": 4,
        "status": "validated"
    },
    {
        "id": "be69ed0a-ef28-4e73-92e4-aebdc0ab02de",
        "station_id": "7fdae34d-cb53-4cc8-ba4a-237d16d42d61",
        "component_id": "88afd3d1-6da3-496a-ac81-669a47256d34",
        "value": 27.8,
        "timestamp_measured": "2019-04-19T09:00:00+00:00",
        "import_log_id": "4405e4a4-1bdc-4e51-8270-5d98e676215f",
        "rating": 3,
        "status": "validated"
    },
    {
        "id": "64d63066-30d0-4752-9041-54b8f2459181",
        "station_id": "7fdae34d-cb53-4cc8-ba4a-237d16d42d61",
        "component_id": "88afd3d1-6da3-496a-ac81-669a47256d34",
        "value": 26.2,
        "timestamp_measured": "2019-04-19T10:00:00+00:00",
        "import_log_id": "4405e4a4-1bdc-4e51-8270-5d98e676215f",
        "rating": 3,
        "status": "validated"
    },
    {
        "id": "6a052931-905b-405d-ae99-8151dccf73f9",
        "station_id": "7fdae34d-cb53-4cc8-ba4a-237d16d42d61",
        "component_id": "88afd3d1-6da3-496a-ac81-669a47256d34",
        "value": 23.3,
        "timestamp_measured": "2019-04-19T11:00:00+00:00",
        "import_log_id": "4405e4a4-1bdc-4e51-8270-5d98e676215f",
        "rating": 3,
        "status": "validated"
    },
    {
        "id": "e5b3e66c-f363-495d-b5ca-6d0f8f2e6caa",
        "station_id": "7fdae34d-cb53-4cc8-ba4a-237d16d42d61",
        "component_id": "88afd3d1-6da3-496a-ac81-669a47256d34",
        "value": 21.5,
        "timestamp_measured": "2019-04-19T12:00:00+00:00",
        "import_log_id": "4405e4a4-1bdc-4e51-8270-5d98e676215f",
        "rating": 3,
        "status": "validated"
    },
    {
        "id": "efffec4e-5004-432d-b6dd-f71894843444",
        "station_id": "7fdae34d-cb53-4cc8-ba4a-237d16d42d61",
        "component_id": "88afd3d1-6da3-496a-ac81-669a47256d34",
        "value": 20.4,
        "timestamp_measured": "2019-04-19T13:00:00+00:00",
        "import_log_id": "4405e4a4-1bdc-4e51-8270-5d98e676215f",
        "rating": 3,
        "status": "validated"
    },
    {
        "id": "5307c418-467d-4eae-8d4c-a1db94e842a6",
        "station_id": "7fdae34d-cb53-4cc8-ba4a-237d16d42d61",
        "component_id": "88afd3d1-6da3-496a-ac81-669a47256d34",
        "value": 14.9,
        "timestamp_measured": "2019-04-19T14:00:00+00:00",
        "import_log_id": "4405e4a4-1bdc-4e51-8270-5d98e676215f",
        "rating": 2,
        "status": "validated"
    },
    {
        "id": "74e87a07-4cee-4c91-8bc2-32337a242582",
        "station_id": "7fdae34d-cb53-4cc8-ba4a-237d16d42d61",
        "component_id": "88afd3d1-6da3-496a-ac81-669a47256d34",
        "value": 13.5,
        "timestamp_measured": "2019-04-19T15:00:00+00:00",
        "import_log_id": "4405e4a4-1bdc-4e51-8270-5d98e676215f",
        "rating": 2,
        "status": "validated"
    },
    {
        "id": "a7c29687-23ec-4ecd-a0b4-d80ec0d9071c",
        "station_id": "7fdae34d-cb53-4cc8-ba4a-237d16d42d61",
        "component_id": "88afd3d1-6da3-496a-ac81-669a47256d34",
        "value": 12.9,
        "timestamp_measured": "2019-04-19T16:00:00+00:00",
        "import_log_id": "4405e4a4-1bdc-4e51-8270-5d98e676215f",
        "rating": 2,
        "status": "validated"
    },
    {
        "id": "5696cbfb-e32b-49dc-90e7-e34a0f1a8634",
        "station_id": "7fdae34d-cb53-4cc8-ba4a-237d16d42d61",
        "component_id": "88afd3d1-6da3-496a-ac81-669a47256d34",
        "value": 17.0,
        "timestamp_measured": "2019-04-19T17:00:00+00:00",
        "import_log_id": "4405e4a4-1bdc-4e51-8270-5d98e676215f",
        "rating": 2,
        "status": "validated"
    },
    {
        "id": "885f2256-cd08-4a8f-8cf7-1996db3f4992",
        "station_id": "7fdae34d-cb53-4cc8-ba4a-237d16d42d61",
        "component_id": "88afd3d1-6da3-496a-ac81-669a47256d34",
        "value": 22.2,
        "timestamp_measured": "2019-04-19T18:00:00+00:00",
        "import_log_id": "4405e4a4-1bdc-4e51-8270-5d98e676215f",
        "rating": 3,
        "status": "validated"
    },
    {
        "id": "619334e1-6e14-473f-9135-376a901ffd3e",
        "station_id": "7fdae34d-cb53-4cc8-ba4a-237d16d42d61",
        "component_id": "88afd3d1-6da3-496a-ac81-669a47256d34",
        "value": 30.1,
        "timestamp_measured": "2019-04-19T19:00:00+00:00",
        "import_log_id": "4405e4a4-1bdc-4e51-8270-5d98e676215f",
        "rating": 4,
        "status": "validated"
    },
    {
        "id": "2ba9fa76-d661-4660-99b2-dc8f2b58d3fd",
        "station_id": "7fdae34d-cb53-4cc8-ba4a-237d16d42d61",
        "component_id": "88afd3d1-6da3-496a-ac81-669a47256d34",
        "value": 43.0,
        "timestamp_measured": "2019-04-19T20:00:00+00:00",
        "import_log_id": "4405e4a4-1bdc-4e51-8270-5d98e676215f",
        "rating": 4,
        "status": "validated"
    },
    {
        "id": "61edc895-b1cc-42d7-a2b0-3d7cfa043896",
        "station_id": "7fdae34d-cb53-4cc8-ba4a-237d16d42d61",
        "component_id": "88afd3d1-6da3-496a-ac81-669a47256d34",
        "value": 35.7,
        "timestamp_measured": "2019-04-19T21:00:00+00:00",
        "import_log_id": "4405e4a4-1bdc-4e51-8270-5d98e676215f",
        "rating": 4,
        "status": "validated"
    },
    {
        "id": "8532c065-1f04-4fc3-a9c5-2dfd9f79bfc6",
        "station_id": "7fdae34d-cb53-4cc8-ba4a-237d16d42d61",
        "component_id": "88afd3d1-6da3-496a-ac81-669a47256d34",
        "value": 25.8,
        "timestamp_measured": "2019-04-19T22:00:00+00:00",
        "import_log_id": "4405e4a4-1bdc-4e51-8270-5d98e676215f",
        "rating": 3,
        "status": "validated"
    },
    {
        "id": "fd69600b-1421-493c-838b-1a028aedbda1",
        "station_id": "7fdae34d-cb53-4cc8-ba4a-237d16d42d61",
        "component_id": "88afd3d1-6da3-496a-ac81-669a47256d34",
        "value": 21.7,
        "timestamp_measured": "2019-04-19T23:00:00+00:00",
        "import_log_id": "4405e4a4-1bdc-4e51-8270-5d98e676215f",
        "rating": 3,
        "status": "validated"
    },
    {
        "id": "d03b067a-3dc2-409b-9001-b2f32bfdb666",
        "station_id": "7fdae34d-cb53-4cc8-ba4a-237d16d42d61",
        "component_id": "88afd3d1-6da3-496a-ac81-669a47256d34",
        "value": 23.1,
        "timestamp_measured": "2019-04-20T00:00:00+00:00",
        "import_log_id": "4405e4a4-1bdc-4e51-8270-5d98e676215f",
        "rating": 3,
        "status": "validated"
    },
    {
        "id": "a484d641-7ebc-405f-9410-bc614c282c8b",
        "station_id": "7fdae34d-cb53-4cc8-ba4a-237d16d42d61",
        "component_id": "88afd3d1-6da3-496a-ac81-669a47256d34",
        "value": 14.6,
        "timestamp_measured": "2019-04-20T01:00:00+00:00",
        "import_log_id": "4405e4a4-1bdc-4e51-8270-5d98e676215f",
        "rating": 2,
        "status": "validated"
    },
    {
        "id": "8040c378-51d4-4e14-bab6-b53dcd6b3dca",
        "station_id": "7fdae34d-cb53-4cc8-ba4a-237d16d42d61",
        "component_id": "88afd3d1-6da3-496a-ac81-669a47256d34",
        "value": 14.2,
        "timestamp_measured": "2019-04-20T02:00:00+00:00",
        "import_log_id": "4405e4a4-1bdc-4e51-8270-5d98e676215f",
        "rating": 2,
        "status": "validated"
    },
    {
        "id": "fa313196-bb46-4fc5-b94c-f2688cd85f45",
        "station_id": "7fdae34d-cb53-4cc8-ba4a-237d16d42d61",
        "component_id": "88afd3d1-6da3-496a-ac81-669a47256d34",
        "value": 13.9,
        "timestamp_measured": "2019-04-20T03:00:00+00:00",
        "import_log_id": "4405e4a4-1bdc-4e51-8270-5d98e676215f",
        "rating": 2,
        "status": "validated"
    },
    {
        "id": "9ac993a9-2c0c-4749-bd64-2df9387d1531",
        "station_id": "7fdae34d-cb53-4cc8-ba4a-237d16d42d61",
        "component_id": "88afd3d1-6da3-496a-ac81-669a47256d34",
        "value": 17.5,
        "timestamp_measured": "2019-04-20T04:00:00+00:00",
        "import_log_id": "4405e4a4-1bdc-4e51-8270-5d98e676215f",
        "rating": 2,
        "status": "validated"
    },
    {
        "id": "da86eb60-1259-4489-9ce6-f1cbadaf740f",
        "station_id": "7fdae34d-cb53-4cc8-ba4a-237d16d42d61",
        "component_id": "88afd3d1-6da3-496a-ac81-669a47256d34",
        "value": 29.6,
        "timestamp_measured": "2019-04-20T05:00:00+00:00",
        "import_log_id": "4405e4a4-1bdc-4e51-8270-5d98e676215f",
        "rating": 3,
        "status": "validated"
    },
    {
        "id": "ffdb3c9c-f44e-4d92-95d8-5fa90ca5078b",
        "station_id": "7fdae34d-cb53-4cc8-ba4a-237d16d42d61",
        "component_id": "88afd3d1-6da3-496a-ac81-669a47256d34",
        "value": 31.5,
        "timestamp_measured": "2019-04-20T06:00:00+00:00",
        "import_log_id": "4405e4a4-1bdc-4e51-8270-5d98e676215f",
        "rating": 4,
        "status": "validated"
    },
    {
        "id": "0fdf751f-c4f6-4b2b-8b98-bcb330ca76a4",
        "station_id": "7fdae34d-cb53-4cc8-ba4a-237d16d42d61",
        "component_id": "88afd3d1-6da3-496a-ac81-669a47256d34",
        "value": 31.5,
        "timestamp_measured": "2019-04-20T07:00:00+00:00",
        "import_log_id": "4405e4a4-1bdc-4e51-8270-5d98e676215f",
        "rating": 4,
        "status": "validated"
    },
    {
        "id": "33f5b3bf-baef-4bbf-bf00-23ce3bea0531",
        "station_id": "7fdae34d-cb53-4cc8-ba4a-237d16d42d61",
        "component_id": "88afd3d1-6da3-496a-ac81-669a47256d34",
        "value": 30.6,
        "timestamp_measured": "2019-04-20T08:00:00+00:00",
        "import_log_id": "4405e4a4-1bdc-4e51-8270-5d98e676215f",
        "rating": 4,
        "status": "validated"
    },
    {
        "id": "8b28b983-6f76-4936-81c2-18dc0e32c135",
        "station_id": "7fdae34d-cb53-4cc8-ba4a-237d16d42d61",
        "component_id": "88afd3d1-6da3-496a-ac81-669a47256d34",
        "value": 26.4,
        "timestamp_measured": "2019-04-20T09:00:00+00:00",
        "import_log_id": "4405e4a4-1bdc-4e51-8270-5d98e676215f",
        "rating": 3,
        "status": "validated"
    },
    {
        "id": "8eb90399-9681-4643-8f2f-2875040a1083",
        "station_id": "7fdae34d-cb53-4cc8-ba4a-237d16d42d61",
        "component_id": "88afd3d1-6da3-496a-ac81-669a47256d34",
        "value": 22.0,
        "timestamp_measured": "2019-04-20T10:00:00+00:00",
        "import_log_id": "4405e4a4-1bdc-4e51-8270-5d98e676215f",
        "rating": 3,
        "status": "validated"
    },
    {
        "id": "33c49322-ce82-451a-8492-3dd160ba2efe",
        "station_id": "7fdae34d-cb53-4cc8-ba4a-237d16d42d61",
        "component_id": "88afd3d1-6da3-496a-ac81-669a47256d34",
        "value": 15.7,
        "timestamp_measured": "2019-04-20T11:00:00+00:00",
        "import_log_id": "4405e4a4-1bdc-4e51-8270-5d98e676215f",
        "rating": 2,
        "status": "validated"
    },
    {
        "id": "046dbb4d-6d45-4970-9542-a6d69453e40d",
        "station_id": "7fdae34d-cb53-4cc8-ba4a-237d16d42d61",
        "component_id": "88afd3d1-6da3-496a-ac81-669a47256d34",
        "value": 11.5,
        "timestamp_measured": "2019-04-20T12:00:00+00:00",
        "import_log_id": "4405e4a4-1bdc-4e51-8270-5d98e676215f",
        "rating": 2,
        "status": "validated"
    },
    {
        "id": "6793bc57-ab6f-45fe-86a9-e7c544192637",
        "station_id": "7fdae34d-cb53-4cc8-ba4a-237d16d42d61",
        "component_id": "88afd3d1-6da3-496a-ac81-669a47256d34",
        "value": 13.5,
        "timestamp_measured": "2019-04-20T13:00:00+00:00",
        "import_log_id": "4405e4a4-1bdc-4e51-8270-5d98e676215f",
        "rating": 2,
        "status": "validated"
    },
    {
        "id": "21e5ce3f-1d6c-49f2-869a-71d7b261c32c",
        "station_id": "7fdae34d-cb53-4cc8-ba4a-237d16d42d61",
        "component_id": "88afd3d1-6da3-496a-ac81-669a47256d34",
        "value": 11.0,
        "timestamp_measured": "2019-04-20T14:00:00+00:00",
        "import_log_id": "4405e4a4-1bdc-4e51-8270-5d98e676215f",
        "rating": 2,
        "status": "validated"
    },
    {
        "id": "59f13c98-f84f-467b-a6e4-fe328e033e50",
        "station_id": "7fdae34d-cb53-4cc8-ba4a-237d16d42d61",
        "component_id": "88afd3d1-6da3-496a-ac81-669a47256d34",
        "value": 10.5,
        "timestamp_measured": "2019-04-20T15:00:00+00:00",
        "import_log_id": "4405e4a4-1bdc-4e51-8270-5d98e676215f",
        "rating": 2,
        "status": "validated"
    },
    {
        "id": "f9f0ead2-2cbd-4883-b00f-053764cdbd79",
        "station_id": "7fdae34d-cb53-4cc8-ba4a-237d16d42d61",
        "component_id": "88afd3d1-6da3-496a-ac81-669a47256d34",
        "value": 10.5,
        "timestamp_measured": "2019-04-20T16:00:00+00:00",
        "import_log_id": "4405e4a4-1bdc-4e51-8270-5d98e676215f",
        "rating": 2,
        "status": "validated"
    },
    {
        "id": "dd1041d5-a92b-4bc7-923c-c15268b571ab",
        "station_id": "7fdae34d-cb53-4cc8-ba4a-237d16d42d61",
        "component_id": "88afd3d1-6da3-496a-ac81-669a47256d34",
        "value": 11.6,
        "timestamp_measured": "2019-04-20T17:00:00+00:00",
        "import_log_id": "4405e4a4-1bdc-4e51-8270-5d98e676215f",
        "rating": 2,
        "status": "validated"
    },
    {
        "id": "6c5595e8-8b46-4f13-8b7b-069d3c4e7d95",
        "station_id": "7fdae34d-cb53-4cc8-ba4a-237d16d42d61",
        "component_id": "88afd3d1-6da3-496a-ac81-669a47256d34",
        "value": 12.6,
        "timestamp_measured": "2019-04-20T18:00:00+00:00",
        "import_log_id": "4405e4a4-1bdc-4e51-8270-5d98e676215f",
        "rating": 2,
        "status": "validated"
    },
    {
        "id": "c4dc8810-ce06-4785-bb44-b97db494a32f",
        "station_id": "7fdae34d-cb53-4cc8-ba4a-237d16d42d61",
        "component_id": "88afd3d1-6da3-496a-ac81-669a47256d34",
        "value": 12.4,
        "timestamp_measured": "2019-04-20T19:00:00+00:00",
        "import_log_id": "4405e4a4-1bdc-4e51-8270-5d98e676215f",
        "rating": 2,
        "status": "validated"
    },
    {
        "id": "0b6e8468-4803-47a4-ad1c-f1f0a848b364",
        "station_id": "7fdae34d-cb53-4cc8-ba4a-237d16d42d61",
        "component_id": "88afd3d1-6da3-496a-ac81-669a47256d34",
        "value": 11.1,
        "timestamp_measured": "2019-04-20T20:00:00+00:00",
        "import_log_id": "4405e4a4-1bdc-4e51-8270-5d98e676215f",
        "rating": 2,
        "status": "validated"
    },
    {
        "id": "1bc343b6-99da-42c6-b695-7ed5b5eef93e",
        "station_id": "7fdae34d-cb53-4cc8-ba4a-237d16d42d61",
        "component_id": "88afd3d1-6da3-496a-ac81-669a47256d34",
        "value": 12.4,
        "timestamp_measured": "2019-04-20T21:00:00+00:00",
        "import_log_id": "4405e4a4-1bdc-4e51-8270-5d98e676215f",
        "rating": 2,
        "status": "validated"
    },
    {
        "id": "03b59d41-d30e-4e3b-9140-007f70a15c91",
        "station_id": "7fdae34d-cb53-4cc8-ba4a-237d16d42d61",
        "component_id": "88afd3d1-6da3-496a-ac81-669a47256d34",
        "value": 12.4,
        "timestamp_measured": "2019-04-20T22:00:00+00:00",
        "import_log_id": "4405e4a4-1bdc-4e51-8270-5d98e676215f",
        "rating": 2,
        "status": "validated"
    },
    {
        "id": "39394e7a-8112-4e61-a25a-c6a2f39bbdb9",
        "station_id": "7fdae34d-cb53-4cc8-ba4a-237d16d42d61",
        "component_id": "88afd3d1-6da3-496a-ac81-669a47256d34",
        "value": 12.3,
        "timestamp_measured": "2019-04-20T23:00:00+00:00",
        "import_log_id": "4405e4a4-1bdc-4e51-8270-5d98e676215f",
        "rating": 2,
        "status": "validated"
    },
    {
        "id": "2accc76d-0124-433e-ac73-bbc64dfd8601",
        "station_id": "7fdae34d-cb53-4cc8-ba4a-237d16d42d61",
        "component_id": "88afd3d1-6da3-496a-ac81-669a47256d34",
        "value": 10.4,
        "timestamp_measured": "2019-04-21T00:00:00+00:00",
        "import_log_id": "4405e4a4-1bdc-4e51-8270-5d98e676215f",
        "rating": 2,
        "status": "validated"
    },
    {
        "id": "3f742fc9-95f2-41d1-a1c8-0158abd780de",
        "station_id": "7fdae34d-cb53-4cc8-ba4a-237d16d42d61",
        "component_id": "88afd3d1-6da3-496a-ac81-669a47256d34",
        "value": 13.2,
        "timestamp_measured": "2019-04-21T01:00:00+00:00",
        "import_log_id": "4405e4a4-1bdc-4e51-8270-5d98e676215f",
        "rating": 2,
        "status": "validated"
    },
    {
        "id": "7d3bbef4-bd9d-4216-a5e6-c9ecfff46f00",
        "station_id": "7fdae34d-cb53-4cc8-ba4a-237d16d42d61",
        "component_id": "88afd3d1-6da3-496a-ac81-669a47256d34",
        "value": 15.9,
        "timestamp_measured": "2019-04-21T02:00:00+00:00",
        "import_log_id": "4405e4a4-1bdc-4e51-8270-5d98e676215f",
        "rating": 2,
        "status": "validated"
    },
    {
        "id": "2b4b24c5-7e24-4871-a368-da9a2141e466",
        "station_id": "7fdae34d-cb53-4cc8-ba4a-237d16d42d61",
        "component_id": "88afd3d1-6da3-496a-ac81-669a47256d34",
        "value": 20.4,
        "timestamp_measured": "2019-04-21T03:00:00+00:00",
        "import_log_id": "4405e4a4-1bdc-4e51-8270-5d98e676215f",
        "rating": 3,
        "status": "validated"
    },
    {
        "id": "fc4c5b1b-5176-4b0b-be1c-46caaf3af591",
        "station_id": "7fdae34d-cb53-4cc8-ba4a-237d16d42d61",
        "component_id": "88afd3d1-6da3-496a-ac81-669a47256d34",
        "value": 25.2,
        "timestamp_measured": "2019-04-21T04:00:00+00:00",
        "import_log_id": "4405e4a4-1bdc-4e51-8270-5d98e676215f",
        "rating": 3,
        "status": "validated"
    },
    {
        "id": "ece0e09c-5b46-434a-ba5e-83044f591515",
        "station_id": "7fdae34d-cb53-4cc8-ba4a-237d16d42d61",
        "component_id": "88afd3d1-6da3-496a-ac81-669a47256d34",
        "value": 31.5,
        "timestamp_measured": "2019-04-21T05:00:00+00:00",
        "import_log_id": "4405e4a4-1bdc-4e51-8270-5d98e676215f",
        "rating": 4,
        "status": "validated"
    },
    {
        "id": "e54145e7-6658-4253-a8b0-39fd1a754cdf",
        "station_id": "7fdae34d-cb53-4cc8-ba4a-237d16d42d61",
        "component_id": "88afd3d1-6da3-496a-ac81-669a47256d34",
        "value": 24.6,
        "timestamp_measured": "2019-04-21T06:00:00+00:00",
        "import_log_id": "4405e4a4-1bdc-4e51-8270-5d98e676215f",
        "rating": 3,
        "status": "validated"
    },
    {
        "id": "0c47691d-da35-4539-bce5-4bad28604044",
        "station_id": "7fdae34d-cb53-4cc8-ba4a-237d16d42d61",
        "component_id": "88afd3d1-6da3-496a-ac81-669a47256d34",
        "value": 27.5,
        "timestamp_measured": "2019-04-21T07:00:00+00:00",
        "import_log_id": "4405e4a4-1bdc-4e51-8270-5d98e676215f",
        "rating": 3,
        "status": "validated"
    },
    {
        "id": "ecb352c4-6d30-4e78-b29b-521abe440e58",
        "station_id": "7fdae34d-cb53-4cc8-ba4a-237d16d42d61",
        "component_id": "88afd3d1-6da3-496a-ac81-669a47256d34",
        "value": 27.8,
        "timestamp_measured": "2019-04-21T08:00:00+00:00",
        "import_log_id": "4405e4a4-1bdc-4e51-8270-5d98e676215f",
        "rating": 3,
        "status": "validated"
    },
    {
        "id": "896deb4b-57f3-4f94-883e-c91b9ac103c8",
        "station_id": "7fdae34d-cb53-4cc8-ba4a-237d16d42d61",
        "component_id": "88afd3d1-6da3-496a-ac81-669a47256d34",
        "value": 20.9,
        "timestamp_measured": "2019-04-21T09:00:00+00:00",
        "import_log_id": "4405e4a4-1bdc-4e51-8270-5d98e676215f",
        "rating": 3,
        "status": "validated"
    },
    {
        "id": "5f46443e-1ddc-4ed1-87e3-c3abfe6dbc3b",
        "station_id": "7fdae34d-cb53-4cc8-ba4a-237d16d42d61",
        "component_id": "88afd3d1-6da3-496a-ac81-669a47256d34",
        "value": 20.7,
        "timestamp_measured": "2019-04-21T10:00:00+00:00",
        "import_log_id": "4405e4a4-1bdc-4e51-8270-5d98e676215f",
        "rating": 3,
        "status": "validated"
    },
    {
        "id": "b8513506-3ac3-4e6b-bf6a-297367d5aef4",
        "station_id": "7fdae34d-cb53-4cc8-ba4a-237d16d42d61",
        "component_id": "88afd3d1-6da3-496a-ac81-669a47256d34",
        "value": 18.9,
        "timestamp_measured": "2019-04-21T11:00:00+00:00",
        "import_log_id": "4405e4a4-1bdc-4e51-8270-5d98e676215f",
        "rating": 2,
        "status": "validated"
    },
    {
        "id": "6e84311c-b39e-4592-a8fa-d5507042f149",
        "station_id": "7fdae34d-cb53-4cc8-ba4a-237d16d42d61",
        "component_id": "88afd3d1-6da3-496a-ac81-669a47256d34",
        "value": 15.3,
        "timestamp_measured": "2019-04-21T12:00:00+00:00",
        "import_log_id": "4405e4a4-1bdc-4e51-8270-5d98e676215f",
        "rating": 2,
        "status": "validated"
    },
    {
        "id": "405d37d0-353e-47f8-a2b0-8f6a5a59cc82",
        "station_id": "7fdae34d-cb53-4cc8-ba4a-237d16d42d61",
        "component_id": "88afd3d1-6da3-496a-ac81-669a47256d34",
        "value": 14.8,
        "timestamp_measured": "2019-04-21T13:00:00+00:00",
        "import_log_id": "4405e4a4-1bdc-4e51-8270-5d98e676215f",
        "rating": 2,
        "status": "validated"
    },
    {
        "id": "aef6bf48-c584-474b-a426-1199bacd3e80",
        "station_id": "7fdae34d-cb53-4cc8-ba4a-237d16d42d61",
        "component_id": "88afd3d1-6da3-496a-ac81-669a47256d34",
        "value": 14.1,
        "timestamp_measured": "2019-04-21T14:00:00+00:00",
        "import_log_id": "4405e4a4-1bdc-4e51-8270-5d98e676215f",
        "rating": 2,
        "status": "validated"
    },
    {
        "id": "40836a88-924f-4d63-981d-27b2e7c14755",
        "station_id": "7fdae34d-cb53-4cc8-ba4a-237d16d42d61",
        "component_id": "88afd3d1-6da3-496a-ac81-669a47256d34",
        "value": 12.6,
        "timestamp_measured": "2019-04-21T15:00:00+00:00",
        "import_log_id": "4405e4a4-1bdc-4e51-8270-5d98e676215f",
        "rating": 2,
        "status": "validated"
    },
    {
        "id": "77297782-6ad6-49a6-8732-8f04618dcf2e",
        "station_id": "7fdae34d-cb53-4cc8-ba4a-237d16d42d61",
        "component_id": "88afd3d1-6da3-496a-ac81-669a47256d34",
        "value": 10.3,
        "timestamp_measured": "2019-04-21T16:00:00+00:00",
        "import_log_id": "4405e4a4-1bdc-4e51-8270-5d98e676215f",
        "rating": 2,
        "status": "validated"
    },
    {
        "id": "94b25070-34fe-4c69-b187-7362c52829c4",
        "station_id": "7fdae34d-cb53-4cc8-ba4a-237d16d42d61",
        "component_id": "88afd3d1-6da3-496a-ac81-669a47256d34",
        "value": 10.7,
        "timestamp_measured": "2019-04-21T17:00:00+00:00",
        "import_log_id": "4405e4a4-1bdc-4e51-8270-5d98e676215f",
        "rating": 2,
        "status": "validated"
    },
    {
        "id": "8be220ad-6e3e-4788-b3eb-03529509c490",
        "station_id": "7fdae34d-cb53-4cc8-ba4a-237d16d42d61",
        "component_id": "88afd3d1-6da3-496a-ac81-669a47256d34",
        "value": 9.3,
        "timestamp_measured": "2019-04-21T18:00:00+00:00",
        "import_log_id": "4405e4a4-1bdc-4e51-8270-5d98e676215f",
        "rating": 1,
        "status": "validated"
    },
    {
        "id": "1f526752-68d9-4e65-ad83-564b518039cd",
        "station_id": "7fdae34d-cb53-4cc8-ba4a-237d16d42d61",
        "component_id": "88afd3d1-6da3-496a-ac81-669a47256d34",
        "value": 20.1,
        "timestamp_measured": "2019-04-21T19:00:00+00:00",
        "import_log_id": "4405e4a4-1bdc-4e51-8270-5d98e676215f",
        "rating": 3,
        "status": "validated"
    },
    {
        "id": "1c92b540-f95d-4395-bd2d-d4f1464db3f1",
        "station_id": "7fdae34d-cb53-4cc8-ba4a-237d16d42d61",
        "component_id": "88afd3d1-6da3-496a-ac81-669a47256d34",
        "value": 27.4,
        "timestamp_measured": "2019-04-21T20:00:00+00:00",
        "import_log_id": "4405e4a4-1bdc-4e51-8270-5d98e676215f",
        "rating": 3,
        "status": "validated"
    },
    {
        "id": "ab5d9f6d-857d-4bf3-a93c-3bcb24ed1e35",
        "station_id": "7fdae34d-cb53-4cc8-ba4a-237d16d42d61",
        "component_id": "88afd3d1-6da3-496a-ac81-669a47256d34",
        "value": 18.5,
        "timestamp_measured": "2019-04-21T21:00:00+00:00",
        "import_log_id": "4405e4a4-1bdc-4e51-8270-5d98e676215f",
        "rating": 2,
        "status": "validated"
    },
    {
        "id": "886f1dd3-dc8f-404c-b247-73e4fc0643dc",
        "station_id": "7fdae34d-cb53-4cc8-ba4a-237d16d42d61",
        "component_id": "88afd3d1-6da3-496a-ac81-669a47256d34",
        "value": -999.0,
        "timestamp_measured": "2019-04-21T22:00:00+00:00",
        "import_log_id": "4405e4a4-1bdc-4e51-8270-5d98e676215f",
        "rating": -999,
        "status": "unvalidated"
    }
]