[
    {
        "id": "a64687fa-8810-4a93-bfac-82b8af584f03",
        "station_id": "67f32b32-ad35-4f91-83b3-edeae3784b89",
        "component_id": "88afd3d1-6da3-496a-ac81-669a47256d34",
        "value": 18.7,
        "timestamp_measured": "2020-04-26T22:00:00+00:00",
        "import_log_id": "a1d47004-e091-4283-8e00-4a63151646a3",
        "rating": 2,
        "status": "validated"
    },
    {
        "id": "34c3343d-d316-4bc8-9931-cf298d17caaa",
        "station_id": "67f32b32-ad35-4f91-83b3-edeae3784b89",
        "component_id": "88afd3d1-6da3-496a-ac81-669a47256d34",
        "value": 27.1,
        "timestamp_measured": "2020-04-26T23:00:00+00:00",
        "import_log_id": "a1d47004-e091-4283-8e00-4a63151646a3",
        "rating": 3,
        "status": "validated"
    },
    {
        "id": "280eb7b6-a7ba-4658-bdb5-d49bb3f46a75",
        "station_id": "67f32b32-ad35-4f91-83b3-edeae3784b89",
        "component_id": "88afd3d1-6da3-496a-ac81-669a47256d34",
        "value": 21.6,
        "timestamp_measured": "2020-04-27T00:00:00+00:00",
        "import_log_id": "c14cd217-b1d7-48ac-bf2e-9a2e8fa75b32",
        "rating": 3,
        "status": "validated"
    },
    {
        "id": "f438a726-f425-4371-ab50-514d16676a50",
        "station_id": "67f32b32-ad35-4f91-83b3-edeae3784b89",
        "component_id": "88afd3d1-6da3-496a-ac81-669a47256d34",
        "value": 23.1,
        "timestamp_measured": "2020-04-27T01:00:00+00:00",
        "import_log_id": "c14cd217-b1d7-48ac-bf2e-9a2e8fa75b32",
        "rating": 3,
        "status": "validated"
    },
    {
        "id": "1572e6f6-c305-480c-806b-474b0fcdf76f",
        "station_id": "67f32b32-ad35-4f91-83b3-edeae3784b89",
        "component_id": "88afd3d1-6da3-496a-ac81-669a47256d34",
        "value": 34.2,
        "timestamp_measured": "2020-04-27T02:00:00+00:00",
        "import_log_id": "c14cd217-b1d7-48ac-bf2e-9a2e8fa75b32",
        "rating": 4,
        "status": "validated"
    },
    {
        "id": "023ad15c-27bc-45df-bc40-b4889cca3424",
        "station_id": "67f32b32-ad35-4f91-83b3-edeae3784b89",
        "component_id": "88afd3d1-6da3-496a-ac81-669a47256d34",
        "value": 40.5,
        "timestamp_measured": "2020-04-27T03:00:00+00:00",
        "import_log_id": "c14cd217-b1d7-48ac-bf2e-9a2e8fa75b32",
        "rating": 4,
        "status": "validated"
    },
    {
        "id": "c69e0e6f-fe8d-42ab-8958-d9af0f1699be",
        "station_id": "67f32b32-ad35-4f91-83b3-edeae3784b89",
        "component_id": "88afd3d1-6da3-496a-ac81-669a47256d34",
        "value": 47.8,
        "timestamp_measured": "2020-04-27T04:00:00+00:00",
        "import_log_id": "c14cd217-b1d7-48ac-bf2e-9a2e8fa75b32",
        "rating": 5,
        "status": "validated"
    },
    {
        "id": "a43966ef-3508-4f70-ab2e-7debc9fa96b6",
        "station_id": "67f32b32-ad35-4f91-83b3-edeae3784b89",
        "component_id": "88afd3d1-6da3-496a-ac81-669a47256d34",
        "value": 53.9,
        "timestamp_measured": "2020-04-27T05:00:00+00:00",
        "import_log_id": "c14cd217-b1d7-48ac-bf2e-9a2e8fa75b32",
        "rating": 5,
        "status": "validated"
    },
    {
        "id": "a4231f7d-0658-46a4-b513-65cdda8592cf",
        "station_id": "67f32b32-ad35-4f91-83b3-edeae3784b89",
        "component_id": "88afd3d1-6da3-496a-ac81-669a47256d34",
        "value": 54.4,
        "timestamp_measured": "2020-04-27T06:00:00+00:00",
        "import_log_id": "c14cd217-b1d7-48ac-bf2e-9a2e8fa75b32",
        "rating": 5,
        "status": "validated"
    },
    {
        "id": "39419d92-6925-470c-8643-110836599877",
        "station_id": "67f32b32-ad35-4f91-83b3-edeae3784b89",
        "component_id": "88afd3d1-6da3-496a-ac81-669a47256d34",
        "value": 45.1,
        "timestamp_measured": "2020-04-27T07:00:00+00:00",
        "import_log_id": "c14cd217-b1d7-48ac-bf2e-9a2e8fa75b32",
        "rating": 5,
        "status": "validated"
    },
    {
        "id": "3b9ddd1e-2070-4046-94b3-1149d6b638f8",
        "station_id": "67f32b32-ad35-4f91-83b3-edeae3784b89",
        "component_id": "88afd3d1-6da3-496a-ac81-669a47256d34",
        "value": 29.6,
        "timestamp_measured": "2020-04-27T08:00:00+00:00",
        "import_log_id": "c14cd217-b1d7-48ac-bf2e-9a2e8fa75b32",
        "rating": 3,
        "status": "validated"
    },
    {
        "id": "ca29a9da-ed93-4b14-ad38-9112c5229963",
        "station_id": "67f32b32-ad35-4f91-83b3-edeae3784b89",
        "component_id": "88afd3d1-6da3-496a-ac81-669a47256d34",
        "value": 35.3,
        "timestamp_measured": "2020-04-27T09:00:00+00:00",
        "import_log_id": "c14cd217-b1d7-48ac-bf2e-9a2e8fa75b32",
        "rating": 4,
        "status": "validated"
    },
    {
        "id": "79d6fa0d-49af-46c8-9083-8371e4c6f0d6",
        "station_id": "67f32b32-ad35-4f91-83b3-edeae3784b89",
        "component_id": "88afd3d1-6da3-496a-ac81-669a47256d34",
        "value": 30.6,
        "timestamp_measured": "2020-04-27T10:00:00+00:00",
        "import_log_id": "c14cd217-b1d7-48ac-bf2e-9a2e8fa75b32",
        "rating": 4,
        "status": "validated"
    },
    {
        "id": "e4e233e3-bcda-4b79-a4e3-029a6c444f29",
        "station_id": "67f32b32-ad35-4f91-83b3-edeae3784b89",
        "component_id": "88afd3d1-6da3-496a-ac81-669a47256d34",
        "value": 17.8,
        "timestamp_measured": "2020-04-27T11:00:00+00:00",
        "import_log_id": "c14cd217-b1d7-48ac-bf2e-9a2e8fa75b32",
        "rating": 2,
        "status": "validated"
    },
    {
        "id": "9114a8c6-7996-4231-b399-af8f446490c1",
        "station_id": "67f32b32-ad35-4f91-83b3-edeae3784b89",
        "component_id": "88afd3d1-6da3-496a-ac81-669a47256d34",
        "value": 19.1,
        "timestamp_measured": "2020-04-27T12:00:00+00:00",
        "import_log_id": "c14cd217-b1d7-48ac-bf2e-9a2e8fa75b32",
        "rating": 2,
        "status": "validated"
    },
    {
        "id": "714aa33c-a5fa-47f6-b2ae-6b96f81b9f9d",
        "station_id": "67f32b32-ad35-4f91-83b3-edeae3784b89",
        "component_id": "88afd3d1-6da3-496a-ac81-669a47256d34",
        "value": 17.8,
        "timestamp_measured": "2020-04-27T13:00:00+00:00",
        "import_log_id": "c14cd217-b1d7-48ac-bf2e-9a2e8fa75b32",
        "rating": 2,
        "status": "validated"
    },
    {
        "id": "87fe43a6-bdb0-4003-81b1-55820d4ebdb8",
        "station_id": "67f32b32-ad35-4f91-83b3-edeae3784b89",
        "component_id": "88afd3d1-6da3-496a-ac81-669a47256d34",
        "value": 18.3,
        "timestamp_measured": "2020-04-27T14:00:00+00:00",
        "import_log_id": "c14cd217-b1d7-48ac-bf2e-9a2e8fa75b32",
        "rating": 2,
        "status": "validated"
    },
    {
        "id": "13167a1d-2345-489b-91b9-b56d9da630ce",
        "station_id": "67f32b32-ad35-4f91-83b3-edeae3784b89",
        "component_id": "88afd3d1-6da3-496a-ac81-669a47256d34",
        "value": 17.6,
        "timestamp_measured": "2020-04-27T15:00:00+00:00",
        "import_log_id": "c14cd217-b1d7-48ac-bf2e-9a2e8fa75b32",
        "rating": 2,
        "status": "validated"
    },
    {
        "id": "c358e0d2-790b-498e-bd31-a8b1b1fdea52",
        "station_id": "67f32b32-ad35-4f91-83b3-edeae3784b89",
        "component_id": "88afd3d1-6da3-496a-ac81-669a47256d34",
        "value": 17.0,
        "timestamp_measured": "2020-04-27T16:00:00+00:00",
        "import_log_id": "c14cd217-b1d7-48ac-bf2e-9a2e8fa75b32",
        "rating": 2,
        "status": "validated"
    },
    {
        "id": "f6845108-5fb2-407e-8f9a-b1b83ec79929",
        "station_id": "67f32b32-ad35-4f91-83b3-edeae3784b89",
        "component_id": "88afd3d1-6da3-496a-ac81-669a47256d34",
        "value": 24.8,
        "timestamp_measured": "2020-04-27T17:00:00+00:00",
        "import_log_id": "c14cd217-b1d7-48ac-bf2e-9a2e8fa75b32",
        "rating": 3,
        "status": "validated"
    },
    {
        "id": "b6a47a39-5150-4f1e-9254-4b0147538437",
        "station_id": "67f32b32-ad35-4f91-83b3-edeae3784b89",
        "component_id": "88afd3d1-6da3-496a-ac81-669a47256d34",
        "value": 18.9,
        "timestamp_measured": "2020-04-27T18:00:00+00:00",
        "import_log_id": "c14cd217-b1d7-48ac-bf2e-9a2e8fa75b32",
        "rating": 2,
        "status": "validated"
    },
    {
        "id": "29703c3f-b486-41c6-b1bf-20bfa400d6f1",
        "station_id": "67f32b32-ad35-4f91-83b3-edeae3784b89",
        "component_id": "88afd3d1-6da3-496a-ac81-669a47256d34",
        "value": 16.2,
        "timestamp_measured": "2020-04-27T19:00:00+00:00",
        "import_log_id": "c14cd217-b1d7-48ac-bf2e-9a2e8fa75b32",
        "rating": 2,
        "status": "validated"
    },
    {
        "id": "30626234-6431-4818-b084-e0b7b96d345d",
        "station_id": "67f32b32-ad35-4f91-83b3-edeae3784b89",
        "component_id": "88afd3d1-6da3-496a-ac81-669a47256d34",
        "value": 21.8,
        "timestamp_measured": "2020-04-27T20:00:00+00:00",
        "import_log_id": "c14cd217-b1d7-48ac-bf2e-9a2e8fa75b32",
        "rating": 3,
        "status": "validated"
    },
    {
        "id": "a5bdfeac-e28d-49aa-9eb4-8023247f2de7",
        "station_id": "67f32b32-ad35-4f91-83b3-edeae3784b89",
        "component_id": "88afd3d1-6da3-496a-ac81-669a47256d34",
        "value": 11.8,
        "timestamp_measured": "2020-04-27T21:00:00+00:00",
        "import_log_id": "c14cd217-b1d7-48ac-bf2e-9a2e8fa75b32",
        "rating": 2,
        "status": "validated"
    },
    {
        "id": "a0278a91-8e49-47d4-af0f-2f5fa19c8de6",
        "station_id": "67f32b32-ad35-4f91-83b3-edeae3784b89",
        "component_id": "88afd3d1-6da3-496a-ac81-669a47256d34",
        "value": 12.4,
        "timestamp_measured": "2020-04-27T22:00:00+00:00",
        "import_log_id": "c14cd217-b1d7-48ac-bf2e-9a2e8fa75b32",
        "rating": 2,
        "status": "validated"
    },
    {
        "id": "36a7e3fb-d43e-4c81-b0e8-af063e714d73",
        "station_id": "67f32b32-ad35-4f91-83b3-edeae3784b89",
        "component_id": "88afd3d1-6da3-496a-ac81-669a47256d34",
        "value": 14.9,
        "timestamp_measured": "2020-04-27T23:00:00+00:00",
        "import_log_id": "c14cd217-b1d7-48ac-bf2e-9a2e8fa75b32",
        "rating": 2,
        "status": "validated"
    },
    {
        "id": "910eb814-ba6a-48a2-b91c-84bd3a5ded0c",
        "station_id": "67f32b32-ad35-4f91-83b3-edeae3784b89",
        "component_id": "88afd3d1-6da3-496a-ac81-669a47256d34",
        "value": 14.1,
        "timestamp_measured": "2020-04-28T00:00:00+00:00",
        "import_log_id": "b6e8a1a1-adda-46f0-b5a4-7031c7c0723b",
        "rating": 2,
        "status": "validated"
    },
    {
        "id": "245c4b24-b3e0-4baf-bb84-15bc9994b241",
        "station_id": "67f32b32-ad35-4f91-83b3-edeae3784b89",
        "component_id": "88afd3d1-6da3-496a-ac81-669a47256d34",
        "value": 10.1,
        "timestamp_measured": "2020-04-28T01:00:00+00:00",
        "import_log_id": "b6e8a1a1-adda-46f0-b5a4-7031c7c0723b",
        "rating": 2,
        "status": "validated"
    },
    {
        "id": "149a5fbe-1400-44e8-96cf-c584e78165bd",
        "station_id": "67f32b32-ad35-4f91-83b3-edeae3784b89",
        "component_id": "88afd3d1-6da3-496a-ac81-669a47256d34",
        "value": 7.3,
        "timestamp_measured": "2020-04-28T02:00:00+00:00",
        "import_log_id": "b6e8a1a1-adda-46f0-b5a4-7031c7c0723b",
        "rating": 1,
        "status": "validated"
    },
    {
        "id": "7442132e-6691-4f8a-8989-c0a1c3522d33",
        "station_id": "67f32b32-ad35-4f91-83b3-edeae3784b89",
        "component_id": "88afd3d1-6da3-496a-ac81-669a47256d34",
        "value": 4.6,
        "timestamp_measured": "2020-04-28T03:00:00+00:00",
        "import_log_id": "b6e8a1a1-adda-46f0-b5a4-7031c7c0723b",
        "rating": 1,
        "status": "validated"
    },
    {
        "id": "4d4ca2a4-9cff-4ea7-ac10-cf64322b6fee",
        "station_id": "67f32b32-ad35-4f91-83b3-edeae3784b89",
        "component_id": "88afd3d1-6da3-496a-ac81-669a47256d34",
        "value": 6.7,
        "timestamp_measured": "2020-04-28T04:00:00+00:00",
        "import_log_id": "b6e8a1a1-adda-46f0-b5a4-7031c7c0723b",
        "rating": 1,
        "status": "validated"
    },
    {
        "id": "6a203e25-76bf-49e4-95ed-c589917669dc",
        "station_id": "67f32b32-ad35-4f91-83b3-edeae3784b89",
        "component_id": "88afd3d1-6da3-496a-ac81-669a47256d34",
        "value": 7.8,
        "timestamp_measured": "2020-04-28T05:00:00+00:00",
        "import_log_id": "b6e8a1a1-adda-46f0-b5a4-7031c7c0723b",
        "rating": 1,
        "status": "validated"
    },
    {
        "id": "5df18993-1e80-4591-b4f9-9b035473ef5f",
        "station_id": "67f32b32-ad35-4f91-83b3-edeae3784b89",
        "component_id": "88afd3d1-6da3-496a-ac81-669a47256d34",
        "value": 12.4,
        "timestamp_measured": "2020-04-28T06:00:00+00:00",
        "import_log_id": "b6e8a1a1-adda-46f0-b5a4-7031c7c0723b",
        "rating": 2,
        "status": "validated"
    },
    {
        "id": "c8c84e52-c51b-4651-8362-d5c91fdd5d25",
        "station_id": "67f32b32-ad35-4f91-83b3-edeae3784b89",
        "component_id": "88afd3d1-6da3-496a-ac81-669a47256d34",
        "value": 12.0,
        "timestamp_measured": "2020-04-28T07:00:00+00:00",
        "import_log_id": "b6e8a1a1-adda-46f0-b5a4-7031c7c0723b",
        "rating": 2,
        "status": "validated"
    },
    {
        "id": "67730df7-c6ee-4999-9a5d-e2557f8fcb59",
        "station_id": "67f32b32-ad35-4f91-83b3-edeae3784b89",
        "component_id": "88afd3d1-6da3-496a-ac81-669a47256d34",
        "value": 12.0,
        "timestamp_measured": "2020-04-28T08:00:00+00:00",
        "import_log_id": "b6e8a1a1-adda-46f0-b5a4-7031c7c0723b",
        "rating": 2,
        "status": "validated"
    },
    {
        "id": "fa2d2168-6390-41f0-a6e2-2bc6296f4614",
        "station_id": "67f32b32-ad35-4f91-83b3-edeae3784b89",
        "component_id": "88afd3d1-6da3-496a-ac81-669a47256d34",
        "value": 12.6,
        "timestamp_measured": "2020-04-28T09:00:00+00:00",
        "import_log_id": "b6e8a1a1-adda-46f0-b5a4-7031c7c0723b",
        "rating": 2,
        "status": "validated"
    },
    {
        "id": "4506253a-f1d0-4b6d-a013-ca7d5f72b6e2",
        "station_id": "67f32b32-ad35-4f91-83b3-edeae3784b89",
        "component_id": "88afd3d1-6da3-496a-ac81-669a47256d34",
        "value": 11.1,
        "timestamp_measured": "2020-04-28T10:00:00+00:00",
        "import_log_id": "b6e8a1a1-adda-46f0-b5a4-7031c7c0723b",
        "rating": 2,
        "status": "validated"
    },
    {
        "id": "ffc2896d-dbf2-4e01-9645-f53776c66a96",
        "station_id": "67f32b32-ad35-4f91-83b3-edeae3784b89",
        "component_id": "88afd3d1-6da3-496a-ac81-669a47256d34",
        "value": 11.1,
        "timestamp_measured": "2020-04-28T11:00:00+00:00",
        "import_log_id": "b6e8a1a1-adda-46f0-b5a4-7031c7c0723b",
        "rating": 2,
        "status": "validated"
    },
    {
        "id": "fe6117e6-9207-43c5-8d2c-ab851b96978e",
        "station_id": "67f32b32-ad35-4f91-83b3-edeae3784b89",
        "component_id": "88afd3d1-6da3-496a-ac81-669a47256d34",
        "value": 11.8,
        "timestamp_measured": "2020-04-28T12:00:00+00:00",
        "import_log_id": "b6e8a1a1-adda-46f0-b5a4-7031c7c0723b",
        "rating": 2,
        "status": "validated"
    },
    {
        "id": "e5407500-8520-42d9-aedd-81442524df84",
        "station_id": "67f32b32-ad35-4f91-83b3-edeae3784b89",
        "component_id": "88afd3d1-6da3-496a-ac81-669a47256d34",
        "value": 15.3,
        "timestamp_measured": "2020-04-28T13:00:00+00:00",
        "import_log_id": "b6e8a1a1-adda-46f0-b5a4-7031c7c0723b",
        "rating": 2,
        "status": "validated"
    },
    {
        "id": "f416d445-faa8-47bb-be0a-8e31eb4de42b",
        "station_id": "67f32b32-ad35-4f91-83b3-edeae3784b89",
        "component_id": "88afd3d1-6da3-496a-ac81-669a47256d34",
        "value": 13.8,
        "timestamp_measured": "2020-04-28T14:00:00+00:00",
        "import_log_id": "b6e8a1a1-adda-46f0-b5a4-7031c7c0723b",
        "rating": 2,
        "status": "validated"
    },
    {
        "id": "88db181c-494d-4d03-a15b-dee0d90b7343",
        "station_id": "67f32b32-ad35-4f91-83b3-edeae3784b89",
        "component_id": "88afd3d1-6da3-496a-ac81-669a47256d34",
        "value": 17.8,
        "timestamp_measured": "2020-04-28T15:00:00+00:00",
        "import_log_id": "b6e8a1a1-adda-46f0-b5a4-7031c7c0723b",
        "rating": 2,
        "status": "validated"
    },
    {
        "id": "69979e10-c456-44ac-bf9f-13321b1724ae",
        "station_id": "67f32b32-ad35-4f91-83b3-edeae3784b89",
        "component_id": "88afd3d1-6da3-496a-ac81-669a47256d34",
        "value": 19.1,
        "timestamp_measured": "2020-04-28T16:00:00+00:00",
        "import_log_id": "b6e8a1a1-adda-46f0-b5a4-7031c7c0723b",
        "rating": 2,
        "status": "validated"
    },
    {
        "id": "5a45a45f-ab97-4681-b591-470b646195f2",
        "station_id": "67f32b32-ad35-4f91-83b3-edeae3784b89",
        "component_id": "88afd3d1-6da3-496a-ac81-669a47256d34",
        "value": 15.3,
        "timestamp_measured": "2020-04-28T17:00:00+00:00",
        "import_log_id": "b6e8a1a1-adda-46f0-b5a4-7031c7c0723b",
        "rating": 2,
        "status": "validated"
    },
    {
        "id": "f7f458d4-002a-4b68-b717-40ae323dffca",
        "station_id": "67f32b32-ad35-4f91-83b3-edeae3784b89",
        "component_id": "88afd3d1-6da3-496a-ac81-669a47256d34",
        "value": 16.4,
        "timestamp_measured": "2020-04-28T18:00:00+00:00",
        "import_log_id": "b6e8a1a1-adda-46f0-b5a4-7031c7c0723b",
        "rating": 2,
        "status": "validated"
    },
    {
        "id": "f43faebc-46e5-4b65-82a0-2317131e1555",
        "station_id": "67f32b32-ad35-4f91-83b3-edeae3784b89",
        "component_id": "88afd3d1-6da3-496a-ac81-669a47256d34",
        "value": 16.0,
        "timestamp_measured": "2020-04-28T19:00:00+00:00",
        "import_log_id": "b6e8a1a1-adda-46f0-b5a4-7031c7c0723b",
        "rating": 2,
        "status": "validated"
    },
    {
        "id": "cbb8e8c0-a12c-4e69-8512-0829f9fadff2",
        "station_id": "67f32b32-ad35-4f91-83b3-edeae3784b89",
        "component_id": "88afd3d1-6da3-496a-ac81-669a47256d34",
        "value": 16.2,
        "timestamp_measured": "2020-04-28T20:00:00+00:00",
        "import_log_id": "b6e8a1a1-adda-46f0-b5a4-7031c7c0723b",
        "rating": 2,
        "status": "validated"
    },
    {
        "id": "890da613-9a94-43e1-98e6-466211bb38db",
        "station_id": "67f32b32-ad35-4f91-83b3-edeae3784b89",
        "component_id": "88afd3d1-6da3-496a-ac81-669a47256d34",
        "value": 15.7,
        "timestamp_measured": "2020-04-28T21:00:00+00:00",
        "import_log_id": "b6e8a1a1-adda-46f0-b5a4-7031c7c0723b",
        "rating": 2,
        "status": "validated"
    },
    {
        "id": "0916989a-98b4-4ea3-ad9d-ae2d3e5b21b0",
        "station_id": "67f32b32-ad35-4f91-83b3-edeae3784b89",
        "component_id": "88afd3d1-6da3-496a-ac81-669a47256d34",
        "value": 8.4,
        "timestamp_measured": "2020-04-28T22:00:00+00:00",
        "import_log_id": "b6e8a1a1-adda-46f0-b5a4-7031c7c0723b",
        "rating": 1,
        "status": "validated"
    },
    {
        "id": "229cf41e-bf68-469b-89ca-f4eb87ff2011",
        "station_id": "67f32b32-ad35-4f91-83b3-edeae3784b89",
        "component_id": "88afd3d1-6da3-496a-ac81-669a47256d34",
        "value": 8.0,
        "timestamp_measured": "2020-04-28T23:00:00+00:00",
        "import_log_id": "b6e8a1a1-adda-46f0-b5a4-7031c7c0723b",
        "rating": 1,
        "status": "validated"
    },
    {
        "id": "e00ab65e-337a-49ad-bb86-6edadd56e06b",
        "station_id": "67f32b32-ad35-4f91-83b3-edeae3784b89",
        "component_id": "88afd3d1-6da3-496a-ac81-669a47256d34",
        "value": 10.1,
        "timestamp_measured": "2020-04-29T00:00:00+00:00",
        "import_log_id": "2d2f2159-df61-4e1f-8134-2534ee31189e",
        "rating": 2,
        "status": "validated"
    },
    {
        "id": "0723a33a-50db-4147-84dd-334fa9650e44",
        "station_id": "67f32b32-ad35-4f91-83b3-edeae3784b89",
        "component_id": "88afd3d1-6da3-496a-ac81-669a47256d34",
        "value": 11.1,
        "timestamp_measured": "2020-04-29T01:00:00+00:00",
        "import_log_id": "2d2f2159-df61-4e1f-8134-2534ee31189e",
        "rating": 2,
        "status": "validated"
    },
    {
        "id": "25ad3635-3275-4cb1-848f-2c127d14a009",
        "station_id": "67f32b32-ad35-4f91-83b3-edeae3784b89",
        "component_id": "88afd3d1-6da3-496a-ac81-669a47256d34",
        "value": 13.0,
        "timestamp_measured": "2020-04-29T02:00:00+00:00",
        "import_log_id": "2d2f2159-df61-4e1f-8134-2534ee31189e",
        "rating": 2,
        "status": "validated"
    },
    {
        "id": "0cef401a-cb0a-41cb-b94a-4d8a162627f0",
        "station_id": "67f32b32-ad35-4f91-83b3-edeae3784b89",
        "component_id": "88afd3d1-6da3-496a-ac81-669a47256d34",
        "value": 19.3,
        "timestamp_measured": "2020-04-29T03:00:00+00:00",
        "import_log_id": "2d2f2159-df61-4e1f-8134-2534ee31189e",
        "rating": 2,
        "status": "validated"
    },
    {
        "id": "e64aa8c2-13e8-4159-8c3c-eba1455e80e3",
        "station_id": "67f32b32-ad35-4f91-83b3-edeae3784b89",
        "component_id": "88afd3d1-6da3-496a-ac81-669a47256d34",
        "value": 25.8,
        "timestamp_measured": "2020-04-29T04:00:00+00:00",
        "import_log_id": "2d2f2159-df61-4e1f-8134-2534ee31189e",
        "rating": 3,
        "status": "validated"
    },
    {
        "id": "6d2a140f-336b-4c21-bd50-55f7a283bf5b",
        "station_id": "67f32b32-ad35-4f91-83b3-edeae3784b89",
        "component_id": "88afd3d1-6da3-496a-ac81-669a47256d34",
        "value": 48.3,
        "timestamp_measured": "2020-04-29T05:00:00+00:00",
        "import_log_id": "2d2f2159-df61-4e1f-8134-2534ee31189e",
        "rating": 5,
        "status": "validated"
    },
    {
        "id": "6d49797f-36da-4590-a191-0fe8775bdb55",
        "station_id": "67f32b32-ad35-4f91-83b3-edeae3784b89",
        "component_id": "88afd3d1-6da3-496a-ac81-669a47256d34",
        "value": 48.5,
        "timestamp_measured": "2020-04-29T06:00:00+00:00",
        "import_log_id": "2d2f2159-df61-4e1f-8134-2534ee31189e",
        "rating": 5,
        "status": "validated"
    },
    {
        "id": "f3efac2c-3c94-4ce7-8c57-3a9171316fa7",
        "station_id": "67f32b32-ad35-4f91-83b3-edeae3784b89",
        "component_id": "88afd3d1-6da3-496a-ac81-669a47256d34",
        "value": 43.2,
        "timestamp_measured": "2020-04-29T07:00:00+00:00",
        "import_log_id": "2d2f2159-df61-4e1f-8134-2534ee31189e",
        "rating": 4,
        "status": "validated"
    },
    {
        "id": "12a7ca78-2a4b-43fa-a4a9-1bdcef2ff1bb",
        "station_id": "67f32b32-ad35-4f91-83b3-edeae3784b89",
        "component_id": "88afd3d1-6da3-496a-ac81-669a47256d34",
        "value": 36.3,
        "timestamp_measured": "2020-04-29T08:00:00+00:00",
        "import_log_id": "2d2f2159-df61-4e1f-8134-2534ee31189e",
        "rating": 4,
        "status": "validated"
    },
    {
        "id": "df92c8c2-f018-4141-912e-203e4a059bdb",
        "station_id": "67f32b32-ad35-4f91-83b3-edeae3784b89",
        "component_id": "88afd3d1-6da3-496a-ac81-669a47256d34",
        "value": 35.3,
        "timestamp_measured": "2020-04-29T09:00:00+00:00",
        "import_log_id": "2d2f2159-df61-4e1f-8134-2534ee31189e",
        "rating": 4,
        "status": "validated"
    },
    {
        "id": "d2217ab2-3c63-4f17-87df-2e6cb4ce69e2",
        "station_id": "67f32b32-ad35-4f91-83b3-edeae3784b89",
        "component_id": "88afd3d1-6da3-496a-ac81-669a47256d34",
        "value": 29.4,
        "timestamp_measured": "2020-04-29T10:00:00+00:00",
        "import_log_id": "2d2f2159-df61-4e1f-8134-2534ee31189e",
        "rating": 3,
        "status": "validated"
    },
    {
        "id": "9aa57627-6109-4d82-b353-4975bec12849",
        "station_id": "67f32b32-ad35-4f91-83b3-edeae3784b89",
        "component_id": "88afd3d1-6da3-496a-ac81-669a47256d34",
        "value": 27.9,
        "timestamp_measured": "2020-04-29T11:00:00+00:00",
        "import_log_id": "2d2f2159-df61-4e1f-8134-2534ee31189e",
        "rating": 3,
        "status": "validated"
    },
    {
        "id": "17a9c5d7-03f3-4451-b2f6-bb864fb74aad",
        "station_id": "67f32b32-ad35-4f91-83b3-edeae3784b89",
        "component_id": "88afd3d1-6da3-496a-ac81-669a47256d34",
        "value": 24.6,
        "timestamp_measured": "2020-04-29T12:00:00+00:00",
        "import_log_id": "2d2f2159-df61-4e1f-8134-2534ee31189e",
        "rating": 3,
        "status": "validated"
    },
    {
        "id": "0f4e47ae-8a58-48b4-bb55-524460b92500",
        "station_id": "67f32b32-ad35-4f91-83b3-edeae3784b89",
        "component_id": "88afd3d1-6da3-496a-ac81-669a47256d34",
        "value": 27.3,
        "timestamp_measured": "2020-04-29T13:00:00+00:00",
        "import_log_id": "2d2f2159-df61-4e1f-8134-2534ee31189e",
        "rating": 3,
        "status": "validated"
    },
    {
        "id": "f7884024-71e2-44fe-9d98-b785d9552c38",
        "station_id": "67f32b32-ad35-4f91-83b3-edeae3784b89",
        "component_id": "88afd3d1-6da3-496a-ac81-669a47256d34",
        "value": 29.2,
        "timestamp_measured": "2020-04-29T14:00:00+00:00",
        "import_log_id": "2d2f2159-df61-4e1f-8134-2534ee31189e",
        "rating": 3,
        "status": "validated"
    },
    {
        "id": "8cb41060-2c41-43a2-abd5-9b7652c18368",
        "station_id": "67f32b32-ad35-4f91-83b3-edeae3784b89",
        "component_id": "88afd3d1-6da3-496a-ac81-669a47256d34",
        "value": 28.7,
        "timestamp_measured": "2020-04-29T15:00:00+00:00",
        "import_log_id": "2d2f2159-df61-4e1f-8134-2534ee31189e",
        "rating": 3,
        "status": "validated"
    },
    {
        "id": "1707a0f2-19a5-4cf4-9b67-7433ba5c6fb4",
        "station_id": "67f32b32-ad35-4f91-83b3-edeae3784b89",
        "component_id": "88afd3d1-6da3-496a-ac81-669a47256d34",
        "value": 35.5,
        "timestamp_measured": "2020-04-29T16:00:00+00:00",
        "import_log_id": "2d2f2159-df61-4e1f-8134-2534ee31189e",
        "rating": 4,
        "status": "validated"
    },
    {
        "id": "e21504b5-7621-41fc-93a8-d31ec56adc7e",
        "station_id": "67f32b32-ad35-4f91-83b3-edeae3784b89",
        "component_id": "88afd3d1-6da3-496a-ac81-669a47256d34",
        "value": 38.4,
        "timestamp_measured": "2020-04-29T17:00:00+00:00",
        "import_log_id": "2d2f2159-df61-4e1f-8134-2534ee31189e",
        "rating": 4,
        "status": "validated"
    },
    {
        "id": "65978874-9b2d-441c-8f67-5e5ec3416df1",
        "station_id": "67f32b32-ad35-4f91-83b3-edeae3784b89",
        "component_id": "88afd3d1-6da3-496a-ac81-669a47256d34",
        "value": 28.7,
        "timestamp_measured": "2020-04-29T18:00:00+00:00",
        "import_log_id": "2d2f2159-df61-4e1f-8134-2534ee31189e",
        "rating": 3,
        "status": "validated"
    },
    {
        "id": "a8822c63-2dbe-4984-a2e9-f940ac213029",
        "station_id": "67f32b32-ad35-4f91-83b3-edeae3784b89",
        "component_id": "88afd3d1-6da3-496a-ac81-669a47256d34",
        "value": 32.9,
        "timestamp_measured": "2020-04-29T19:00:00+00:00",
        "import_log_id": "2d2f2159-df61-4e1f-8134-2534ee31189e",
        "rating": 4,
        "status": "validated"
    },
    {
        "id": "936520c3-51a4-4d74-b23b-8fef414d4633",
        "station_id": "67f32b32-ad35-4f91-83b3-edeae3784b89",
        "component_id": "88afd3d1-6da3-496a-ac81-669a47256d34",
        "value": 23.9,
        "timestamp_measured": "2020-04-29T20:00:00+00:00",
        "import_log_id": "2d2f2159-df61-4e1f-8134-2534ee31189e",
        "rating": 3,
        "status": "validated"
    },
    {
        "id": "a1849497-fe83-4110-a18d-ab09a6bd4341",
        "station_id": "67f32b32-ad35-4f91-83b3-edeae3784b89",
        "component_id": "88afd3d1-6da3-496a-ac81-669a47256d34",
        "value": 14.9,
        "timestamp_measured": "2020-04-29T21:00:00+00:00",
        "import_log_id": "2d2f2159-df61-4e1f-8134-2534ee31189e",
        "rating": 2,
        "status": "validated"
    },
    {
        "id": "8e7393cb-f585-4b4c-92f0-6c4c868cb7a3",
        "station_id": "67f32b32-ad35-4f91-83b3-edeae3784b89",
        "component_id": "88afd3d1-6da3-496a-ac81-669a47256d34",
        "value": 12.8,
        "timestamp_measured": "2020-04-29T22:00:00+00:00",
        "import_log_id": "2d2f2159-df61-4e1f-8134-2534ee31189e",
        "rating": 2,
        "status": "validated"
    },
    {
        "id": "5d73c400-00e7-4998-b9dd-9d4bbcdc4b37",
        "station_id": "67f32b32-ad35-4f91-83b3-edeae3784b89",
        "component_id": "88afd3d1-6da3-496a-ac81-669a47256d34",
        "value": 12.6,
        "timestamp_measured": "2020-04-29T23:00:00+00:00",
        "import_log_id": "2d2f2159-df61-4e1f-8134-2534ee31189e",
        "rating": 2,
        "status": "validated"
    },
    {
        "id": "fd2926e2-7e86-40fe-8336-1bc0f9cf26f4",
        "station_id": "67f32b32-ad35-4f91-83b3-edeae3784b89",
        "component_id": "88afd3d1-6da3-496a-ac81-669a47256d34",
        "value": 13.9,
        "timestamp_measured": "2020-04-30T00:00:00+00:00",
        "import_log_id": "c71646d1-96a8-4748-96c7-3b356d2da000",
        "rating": 2,
        "status": "validated"
    },
    {
        "id": "1dd4af54-5817-4638-8198-9178fc540d22",
        "station_id": "67f32b32-ad35-4f91-83b3-edeae3784b89",
        "component_id": "88afd3d1-6da3-496a-ac81-669a47256d34",
        "value": 21.4,
        "timestamp_measured": "2020-04-30T01:00:00+00:00",
        "import_log_id": "c71646d1-96a8-4748-96c7-3b356d2da000",
        "rating": 3,
        "status": "validated"
    },
    {
        "id": "ad6490ac-b644-4878-93d7-f02a8854fc2b",
        "station_id": "67f32b32-ad35-4f91-83b3-edeae3784b89",
        "component_id": "88afd3d1-6da3-496a-ac81-669a47256d34",
        "value": 20.2,
        "timestamp_measured": "2020-04-30T02:00:00+00:00",
        "import_log_id": "c71646d1-96a8-4748-96c7-3b356d2da000",
        "rating": 3,
        "status": "validated"
    },
    {
        "id": "7adbf343-ee8a-4d7f-9735-06f4b934d9ea",
        "station_id": "67f32b32-ad35-4f91-83b3-edeae3784b89",
        "component_id": "88afd3d1-6da3-496a-ac81-669a47256d34",
        "value": 18.9,
        "timestamp_measured": "2020-04-30T03:00:00+00:00",
        "import_log_id": "c71646d1-96a8-4748-96c7-3b356d2da000",
        "rating": 2,
        "status": "validated"
    },
    {
        "id": "2eb28c85-0fce-46d2-a3b9-43162a172408",
        "station_id": "67f32b32-ad35-4f91-83b3-edeae3784b89",
        "component_id": "88afd3d1-6da3-496a-ac81-669a47256d34",
        "value": 34.4,
        "timestamp_measured": "2020-04-30T04:00:00+00:00",
        "import_log_id": "c71646d1-96a8-4748-96c7-3b356d2da000",
        "rating": 4,
        "status": "validated"
    },
    {
        "id": "3bfcde31-f7af-48d4-995f-195fa409c17c",
        "station_id": "67f32b32-ad35-4f91-83b3-edeae3784b89",
        "component_id": "88afd3d1-6da3-496a-ac81-669a47256d34",
        "value": 54.2,
        "timestamp_measured": "2020-04-30T05:00:00+00:00",
        "import_log_id": "c71646d1-96a8-4748-96c7-3b356d2da000",
        "rating": 5,
        "status": "validated"
    },
    {
        "id": "6b00ac2d-c7dd-452a-91fe-268afceafaac",
        "station_id": "67f32b32-ad35-4f91-83b3-edeae3784b89",
        "component_id": "88afd3d1-6da3-496a-ac81-669a47256d34",
        "value": 42.2,
        "timestamp_measured": "2020-04-30T06:00:00+00:00",
        "import_log_id": "c71646d1-96a8-4748-96c7-3b356d2da000",
        "rating": 4,
        "status": "validated"
    },
    {
        "id": "0df8af27-eb73-4bca-911c-2961cf3e4c29",
        "station_id": "67f32b32-ad35-4f91-83b3-edeae3784b89",
        "component_id": "88afd3d1-6da3-496a-ac81-669a47256d34",
        "value": 28.7,
        "timestamp_measured": "2020-04-30T07:00:00+00:00",
        "import_log_id": "c71646d1-96a8-4748-96c7-3b356d2da000",
        "rating": 3,
        "status": "validated"
    },
    {
        "id": "23025ce4-118d-4fbb-a08d-e2e0a5e3ea00",
        "station_id": "67f32b32-ad35-4f91-83b3-edeae3784b89",
        "component_id": "88afd3d1-6da3-496a-ac81-669a47256d34",
        "value": 24.8,
        "timestamp_measured": "2020-04-30T08:00:00+00:00",
        "import_log_id": "c71646d1-96a8-4748-96c7-3b356d2da000",
        "rating": 3,
        "status": "validated"
    },
    {
        "id": "033b7a5e-7b62-439a-918f-3f0f4106174f",
        "station_id": "67f32b32-ad35-4f91-83b3-edeae3784b89",
        "component_id": "88afd3d1-6da3-496a-ac81-669a47256d34",
        "value": 22.7,
        "timestamp_measured": "2020-04-30T09:00:00+00:00",
        "import_log_id": "c71646d1-96a8-4748-96c7-3b356d2da000",
        "rating": 3,
        "status": "validated"
    },
    {
        "id": "ad348a1b-7650-49bf-9fb6-41a049716752",
        "station_id": "67f32b32-ad35-4f91-83b3-edeae3784b89",
        "component_id": "88afd3d1-6da3-496a-ac81-669a47256d34",
        "value": 23.3,
        "timestamp_measured": "2020-04-30T10:00:00+00:00",
        "import_log_id": "c71646d1-96a8-4748-96c7-3b356d2da000",
        "rating": 3,
        "status": "validated"
    },
    {
        "id": "a69c51c0-a863-4642-aae3-6b41be7c32ce",
        "station_id": "67f32b32-ad35-4f91-83b3-edeae3784b89",
        "component_id": "88afd3d1-6da3-496a-ac81-669a47256d34",
        "value": 20.6,
        "timestamp_measured": "2020-04-30T11:00:00+00:00",
        "import_log_id": "c71646d1-96a8-4748-96c7-3b356d2da000",
        "rating": 3,
        "status": "validated"
    },
    {
        "id": "7ef7c629-3c95-4365-bc50-9fc60d34b806",
        "station_id": "67f32b32-ad35-4f91-83b3-edeae3784b89",
        "component_id": "88afd3d1-6da3-496a-ac81-669a47256d34",
        "value": 21.2,
        "timestamp_measured": "2020-04-30T12:00:00+00:00",
        "import_log_id": "c71646d1-96a8-4748-96c7-3b356d2da000",
        "rating": 3,
        "status": "validated"
    },
    {
        "id": "38958c3e-19e1-486d-8fd5-c53786f654e0",
        "station_id": "67f32b32-ad35-4f91-83b3-edeae3784b89",
        "component_id": "88afd3d1-6da3-496a-ac81-669a47256d34",
        "value": 20.8,
        "timestamp_measured": "2020-04-30T13:00:00+00:00",
        "import_log_id": "c71646d1-96a8-4748-96c7-3b356d2da000",
        "rating": 3,
        "status": "validated"
    },
    {
        "id": "32404b22-4415-4868-8e0a-04950bfe98f3",
        "station_id": "67f32b32-ad35-4f91-83b3-edeae3784b89",
        "component_id": "88afd3d1-6da3-496a-ac81-669a47256d34",
        "value": 21.0,
        "timestamp_measured": "2020-04-30T14:00:00+00:00",
        "import_log_id": "c71646d1-96a8-4748-96c7-3b356d2da000",
        "rating": 3,
        "status": "validated"
    },
    {
        "id": "59cad844-75a8-4d5c-a965-25f3f43bae0e",
        "station_id": "67f32b32-ad35-4f91-83b3-edeae3784b89",
        "component_id": "88afd3d1-6da3-496a-ac81-669a47256d34",
        "value": 27.1,
        "timestamp_measured": "2020-04-30T15:00:00+00:00",
        "import_log_id": "c71646d1-96a8-4748-96c7-3b356d2da000",
        "rating": 3,
        "status": "validated"
    },
    {
        "id": "b56f2e97-fcd9-42bb-8a84-50b19109e9d9",
        "station_id": "67f32b32-ad35-4f91-83b3-edeae3784b89",
        "component_id": "88afd3d1-6da3-496a-ac81-669a47256d34",
        "value": 26.4,
        "timestamp_measured": "2020-04-30T16:00:00+00:00",
        "import_log_id": "c71646d1-96a8-4748-96c7-3b356d2da000",
        "rating": 3,
        "status": "validated"
    },
    {
        "id": "aa407868-8201-4e49-8db9-7a105cf11a45",
        "station_id": "67f32b32-ad35-4f91-83b3-edeae3784b89",
        "component_id": "88afd3d1-6da3-496a-ac81-669a47256d34",
        "value": 24.4,
        "timestamp_measured": "2020-04-30T17:00:00+00:00",
        "import_log_id": "c71646d1-96a8-4748-96c7-3b356d2da000",
        "rating": 3,
        "status": "validated"
    },
    {
        "id": "30144055-a659-4394-9dfb-4b5549a43ba9",
        "station_id": "67f32b32-ad35-4f91-83b3-edeae3784b89",
        "component_id": "88afd3d1-6da3-496a-ac81-669a47256d34",
        "value": 22.7,
        "timestamp_measured": "2020-04-30T18:00:00+00:00",
        "import_log_id": "c71646d1-96a8-4748-96c7-3b356d2da000",
        "rating": 3,
        "status": "validated"
    },
    {
        "id": "beb5c311-59d0-481c-8342-23bb461e6343",
        "station_id": "67f32b32-ad35-4f91-83b3-edeae3784b89",
        "component_id": "88afd3d1-6da3-496a-ac81-669a47256d34",
        "value": 24.1,
        "timestamp_measured": "2020-04-30T19:00:00+00:00",
        "import_log_id": "c71646d1-96a8-4748-96c7-3b356d2da000",
        "rating": 3,
        "status": "validated"
    },
    {
        "id": "687b2584-e030-4136-9095-34fe299a200b",
        "station_id": "67f32b32-ad35-4f91-83b3-edeae3784b89",
        "component_id": "88afd3d1-6da3-496a-ac81-669a47256d34",
        "value": 26.5,
        "timestamp_measured": "2020-04-30T20:00:00+00:00",
        "import_log_id": "c71646d1-96a8-4748-96c7-3b356d2da000",
        "rating": 3,
        "status": "validated"
    },
    {
        "id": "1f922a14-e5f9-4ea0-9273-7782cf8067e9",
        "station_id": "67f32b32-ad35-4f91-83b3-edeae3784b89",
        "component_id": "88afd3d1-6da3-496a-ac81-669a47256d34",
        "value": 22.9,
        "timestamp_measured": "2020-04-30T21:00:00+00:00",
        "import_log_id": "c71646d1-96a8-4748-96c7-3b356d2da000",
        "rating": 3,
        "status": "validated"
    },
    {
        "id": "198c5969-2ad4-4a08-add8-e4d7ad0064ef",
        "station_id": "67f32b32-ad35-4f91-83b3-edeae3784b89",
        "component_id": "88afd3d1-6da3-496a-ac81-669a47256d34",
        "value": -999.0,
        "timestamp_measured": "2020-04-30T22:00:00+00:00",
        "import_log_id": "5b12fd53-e14c-463c-b2a4-7f3247c20544",
        "rating": -999,
        "status": "unvalidated"
    }
]