[
    {
        "id": "0f28a2dd-8daf-4fbd-8b2a-c28c3b14851a",
        "station_id": "5b2a40aa-e9db-47bf-88cb-d14fe8b7790e",
        "component_id": "88afd3d1-6da3-496a-ac81-669a47256d34",
        "value": 39.7,
        "timestamp_measured": "2019-04-21T22:00:00+00:00",
        "import_log_id": "930e25c0-5c17-4757-b49d-8441a8e02991",
        "rating": 4,
        "status": "validated"
    },
    {
        "id": "cabdc5cb-7c6c-4cff-93d1-aad283211955",
        "station_id": "5b2a40aa-e9db-47bf-88cb-d14fe8b7790e",
        "component_id": "88afd3d1-6da3-496a-ac81-669a47256d34",
        "value": 43.09,
        "timestamp_measured": "2019-04-21T23:00:00+00:00",
        "import_log_id": "930e25c0-5c17-4757-b49d-8441a8e02991",
        "rating": 4,
        "status": "validated"
    },
    {
        "id": "a587c03a-786e-4dfc-acb6-9b90a88dd174",
        "station_id": "5b2a40aa-e9db-47bf-88cb-d14fe8b7790e",
        "component_id": "88afd3d1-6da3-496a-ac81-669a47256d34",
        "value": 36.97,
        "timestamp_measured": "2019-04-22T00:00:00+00:00",
        "import_log_id": "930e25c0-5c17-4757-b49d-8441a8e02991",
        "rating": 4,
        "status": "validated"
    },
    {
        "id": "30aa1125-2524-4377-bbd2-01734fd7c965",
        "station_id": "5b2a40aa-e9db-47bf-88cb-d14fe8b7790e",
        "component_id": "88afd3d1-6da3-496a-ac81-669a47256d34",
        "value": 32.78,
        "timestamp_measured": "2019-04-22T01:00:00+00:00",
        "import_log_id": "930e25c0-5c17-4757-b49d-8441a8e02991",
        "rating": 4,
        "status": "validated"
    },
    {
        "id": "83206b29-acec-4c4e-84a8-32fb44f48eea",
        "station_id": "5b2a40aa-e9db-47bf-88cb-d14fe8b7790e",
        "component_id": "88afd3d1-6da3-496a-ac81-669a47256d34",
        "value": 27.06,
        "timestamp_measured": "2019-04-22T02:00:00+00:00",
        "import_log_id": "930e25c0-5c17-4757-b49d-8441a8e02991",
        "rating": 3,
        "status": "validated"
    },
    {
        "id": "772331d5-4870-4c6c-9d21-9f184ce686f5",
        "station_id": "5b2a40aa-e9db-47bf-88cb-d14fe8b7790e",
        "component_id": "88afd3d1-6da3-496a-ac81-669a47256d34",
        "value": 35.82,
        "timestamp_measured": "2019-04-22T03:00:00+00:00",
        "import_log_id": "930e25c0-5c17-4757-b49d-8441a8e02991",
        "rating": 4,
        "status": "validated"
    },
    {
        "id": "dfad7b4c-7316-49d1-a03b-0486d1de1fd2",
        "station_id": "5b2a40aa-e9db-47bf-88cb-d14fe8b7790e",
        "component_id": "88afd3d1-6da3-496a-ac81-669a47256d34",
        "value": 24.61,
        "timestamp_measured": "2019-04-22T04:00:00+00:00",
        "import_log_id": "930e25c0-5c17-4757-b49d-8441a8e02991",
        "rating": 3,
        "status": "validated"
    },
    {
        "id": "fbe7447c-b055-4341-8c7b-5725188ad4e5",
        "station_id": "5b2a40aa-e9db-47bf-88cb-d14fe8b7790e",
        "component_id": "88afd3d1-6da3-496a-ac81-669a47256d34",
        "value": 36.15,
        "timestamp_measured": "2019-04-22T05:00:00+00:00",
        "import_log_id": "930e25c0-5c17-4757-b49d-8441a8e02991",
        "rating": 4,
        "status": "validated"
    },
    {
        "id": "6f585b4c-5f3b-4727-b210-4e3dbee298d5",
        "station_id": "5b2a40aa-e9db-47bf-88cb-d14fe8b7790e",
        "component_id": "88afd3d1-6da3-496a-ac81-669a47256d34",
        "value": 52.4,
        "timestamp_measured": "2019-04-22T06:00:00+00:00",
        "import_log_id": "930e25c0-5c17-4757-b49d-8441a8e02991",
        "rating": 5,
        "status": "validated"
    },
    {
        "id": "bdc1714b-d12a-46dd-82e1-9649a30c1605",
        "station_id": "5b2a40aa-e9db-47bf-88cb-d14fe8b7790e",
        "component_id": "88afd3d1-6da3-496a-ac81-669a47256d34",
        "value": 60.16,
        "timestamp_measured": "2019-04-22T07:00:00+00:00",
        "import_log_id": "930e25c0-5c17-4757-b49d-8441a8e02991",
        "rating": 6,
        "status": "validated"
    },
    {
        "id": "8a08386d-b7e8-4c9e-b17e-5880b0ef2d02",
        "station_id": "5b2a40aa-e9db-47bf-88cb-d14fe8b7790e",
        "component_id": "88afd3d1-6da3-496a-ac81-669a47256d34",
        "value": 51.3,
        "timestamp_measured": "2019-04-22T08:00:00+00:00",
        "import_log_id": "930e25c0-5c17-4757-b49d-8441a8e02991",
        "rating": 5,
        "status": "validated"
    },
    {
        "id": "769143f4-7bfd-4542-ace3-4e2a855f99aa",
        "station_id": "5b2a40aa-e9db-47bf-88cb-d14fe8b7790e",
        "component_id": "88afd3d1-6da3-496a-ac81-669a47256d34",
        "value": 21.0,
        "timestamp_measured": "2019-04-22T09:00:00+00:00",
        "import_log_id": "930e25c0-5c17-4757-b49d-8441a8e02991",
        "rating": 3,
        "status": "validated"
    },
    {
        "id": "acae2825-9947-49bd-8512-7ee23a4d4b0b",
        "station_id": "5b2a40aa-e9db-47bf-88cb-d14fe8b7790e",
        "component_id": "88afd3d1-6da3-496a-ac81-669a47256d34",
        "value": 9.2,
        "timestamp_measured": "2019-04-22T10:00:00+00:00",
        "import_log_id": "930e25c0-5c17-4757-b49d-8441a8e02991",
        "rating": 1,
        "status": "validated"
    },
    {
        "id": "a2ae73e4-6f3f-4fdd-a6eb-17b2c7d7aacb",
        "station_id": "5b2a40aa-e9db-47bf-88cb-d14fe8b7790e",
        "component_id": "88afd3d1-6da3-496a-ac81-669a47256d34",
        "value": 5.8,
        "timestamp_measured": "2019-04-22T11:00:00+00:00",
        "import_log_id": "930e25c0-5c17-4757-b49d-8441a8e02991",
        "rating": 1,
        "status": "validated"
    },
    {
        "id": "37fe7273-5bb7-41ac-a0ba-f51f953d999e",
        "station_id": "5b2a40aa-e9db-47bf-88cb-d14fe8b7790e",
        "component_id": "88afd3d1-6da3-496a-ac81-669a47256d34",
        "value": 4.7,
        "timestamp_measured": "2019-04-22T12:00:00+00:00",
        "import_log_id": "930e25c0-5c17-4757-b49d-8441a8e02991",
        "rating": 1,
        "status": "validated"
    },
    {
        "id": "158f3fd0-dac3-49ff-80c9-c1d4ee89070c",
        "station_id": "5b2a40aa-e9db-47bf-88cb-d14fe8b7790e",
        "component_id": "88afd3d1-6da3-496a-ac81-669a47256d34",
        "value": 4.3,
        "timestamp_measured": "2019-04-22T13:00:00+00:00",
        "import_log_id": "930e25c0-5c17-4757-b49d-8441a8e02991",
        "rating": 1,
        "status": "validated"
    },
    {
        "id": "28f5c943-ed0d-4d6e-a497-c59c9613e8a3",
        "station_id": "5b2a40aa-e9db-47bf-88cb-d14fe8b7790e",
        "component_id": "88afd3d1-6da3-496a-ac81-669a47256d34",
        "value": 4.91,
        "timestamp_measured": "2019-04-22T14:00:00+00:00",
        "import_log_id": "930e25c0-5c17-4757-b49d-8441a8e02991",
        "rating": 1,
        "status": "validated"
    },
    {
        "id": "91f1c8a7-c616-4ac2-b1c6-272b041bdfa2",
        "station_id": "5b2a40aa-e9db-47bf-88cb-d14fe8b7790e",
        "component_id": "88afd3d1-6da3-496a-ac81-669a47256d34",
        "value": 5.21,
        "timestamp_measured": "2019-04-22T15:00:00+00:00",
        "import_log_id": "930e25c0-5c17-4757-b49d-8441a8e02991",
        "rating": 1,
        "status": "validated"
    },
    {
        "id": "44adabfa-0513-4d54-81d0-fde69f3a1a42",
        "station_id": "5b2a40aa-e9db-47bf-88cb-d14fe8b7790e",
        "component_id": "88afd3d1-6da3-496a-ac81-669a47256d34",
        "value": 6.68,
        "timestamp_measured": "2019-04-22T16:00:00+00:00",
        "import_log_id": "930e25c0-5c17-4757-b49d-8441a8e02991",
        "rating": 1,
        "status": "validated"
    },
    {
        "id": "10ef5941-6e1e-45bf-9425-3d72d26e0083",
        "station_id": "5b2a40aa-e9db-47bf-88cb-d14fe8b7790e",
        "component_id": "88afd3d1-6da3-496a-ac81-669a47256d34",
        "value": 6.74,
        "timestamp_measured": "2019-04-22T17:00:00+00:00",
        "import_log_id": "930e25c0-5c17-4757-b49d-8441a8e02991",
        "rating": 1,
        "status": "validated"
    },
    {
        "id": "e19f9448-3159-466f-bb71-183dbb9de670",
        "station_id": "5b2a40aa-e9db-47bf-88cb-d14fe8b7790e",
        "component_id": "88afd3d1-6da3-496a-ac81-669a47256d34",
        "value": 8.8,
        "timestamp_measured": "2019-04-22T18:00:00+00:00",
        "import_log_id": "930e25c0-5c17-4757-b49d-8441a8e02991",
        "rating": 1,
        "status": "validated"
    },
    {
        "id": "373a4be6-2693-4cc0-8eb2-78ad252bfae1",
        "station_id": "5b2a40aa-e9db-47bf-88cb-d14fe8b7790e",
        "component_id": "88afd3d1-6da3-496a-ac81-669a47256d34",
        "value": 36.11,
        "timestamp_measured": "2019-04-22T19:00:00+00:00",
        "import_log_id": "930e25c0-5c17-4757-b49d-8441a8e02991",
        "rating": 4,
        "status": "validated"
    },
    {
        "id": "5645d79b-08e1-4345-afef-9f51eb49c428",
        "station_id": "5b2a40aa-e9db-47bf-88cb-d14fe8b7790e",
        "component_id": "88afd3d1-6da3-496a-ac81-669a47256d34",
        "value": 42.88,
        "timestamp_measured": "2019-04-22T20:00:00+00:00",
        "import_log_id": "930e25c0-5c17-4757-b49d-8441a8e02991",
        "rating": 4,
        "status": "validated"
    },
    {
        "id": "ae8675ed-5fa8-473e-ac96-4e4560b38c1e",
        "station_id": "5b2a40aa-e9db-47bf-88cb-d14fe8b7790e",
        "component_id": "88afd3d1-6da3-496a-ac81-669a47256d34",
        "value": 25.64,
        "timestamp_measured": "2019-04-22T21:00:00+00:00",
        "import_log_id": "930e25c0-5c17-4757-b49d-8441a8e02991",
        "rating": 3,
        "status": "validated"
    },
    {
        "id": "6fc6f2f0-b353-4d6f-976b-82404c1c02c5",
        "station_id": "5b2a40aa-e9db-47bf-88cb-d14fe8b7790e",
        "component_id": "88afd3d1-6da3-496a-ac81-669a47256d34",
        "value": 25.14,
        "timestamp_measured": "2019-04-22T22:00:00+00:00",
        "import_log_id": "930e25c0-5c17-4757-b49d-8441a8e02991",
        "rating": 3,
        "status": "validated"
    },
    {
        "id": "b0f64ced-4c77-48ed-a367-8d2dd2dc744e",
        "station_id": "5b2a40aa-e9db-47bf-88cb-d14fe8b7790e",
        "component_id": "88afd3d1-6da3-496a-ac81-669a47256d34",
        "value": 26.22,
        "timestamp_measured": "2019-04-22T23:00:00+00:00",
        "import_log_id": "930e25c0-5c17-4757-b49d-8441a8e02991",
        "rating": 3,
        "status": "validated"
    },
    {
        "id": "972d95db-fe3d-42f9-884e-722c84e9a0d9",
        "station_id": "5b2a40aa-e9db-47bf-88cb-d14fe8b7790e",
        "component_id": "88afd3d1-6da3-496a-ac81-669a47256d34",
        "value": 30.63,
        "timestamp_measured": "2019-04-23T00:00:00+00:00",
        "import_log_id": "930e25c0-5c17-4757-b49d-8441a8e02991",
        "rating": 4,
        "status": "validated"
    },
    {
        "id": "8550f70c-3986-403b-8cfe-9e8f67186af9",
        "station_id": "5b2a40aa-e9db-47bf-88cb-d14fe8b7790e",
        "component_id": "88afd3d1-6da3-496a-ac81-669a47256d34",
        "value": 33.59,
        "timestamp_measured": "2019-04-23T01:00:00+00:00",
        "import_log_id": "930e25c0-5c17-4757-b49d-8441a8e02991",
        "rating": 4,
        "status": "validated"
    },
    {
        "id": "5398b1ef-786d-4366-8a6f-4cea83f86ea3",
        "station_id": "5b2a40aa-e9db-47bf-88cb-d14fe8b7790e",
        "component_id": "88afd3d1-6da3-496a-ac81-669a47256d34",
        "value": 26.12,
        "timestamp_measured": "2019-04-23T02:00:00+00:00",
        "import_log_id": "930e25c0-5c17-4757-b49d-8441a8e02991",
        "rating": 3,
        "status": "validated"
    },
    {
        "id": "80082de5-2d50-4cab-9848-4689762401fc",
        "station_id": "5b2a40aa-e9db-47bf-88cb-d14fe8b7790e",
        "component_id": "88afd3d1-6da3-496a-ac81-669a47256d34",
        "value": 29.99,
        "timestamp_measured": "2019-04-23T03:00:00+00:00",
        "import_log_id": "930e25c0-5c17-4757-b49d-8441a8e02991",
        "rating": 3,
        "status": "validated"
    },
    {
        "id": "f78cce2f-85dd-4ca2-b637-bb3a0aeb177f",
        "station_id": "5b2a40aa-e9db-47bf-88cb-d14fe8b7790e",
        "component_id": "88afd3d1-6da3-496a-ac81-669a47256d34",
        "value": 30.03,
        "timestamp_measured": "2019-04-23T04:00:00+00:00",
        "import_log_id": "930e25c0-5c17-4757-b49d-8441a8e02991",
        "rating": 4,
        "status": "validated"
    },
    {
        "id": "c8c54db2-5652-4f58-a3e9-58a6eccacee6",
        "station_id": "5b2a40aa-e9db-47bf-88cb-d14fe8b7790e",
        "component_id": "88afd3d1-6da3-496a-ac81-669a47256d34",
        "value": 32.36,
        "timestamp_measured": "2019-04-23T05:00:00+00:00",
        "import_log_id": "930e25c0-5c17-4757-b49d-8441a8e02991",
        "rating": 4,
        "status": "validated"
    },
    {
        "id": "33291e05-c3cd-4f3d-ab1f-4cdc622e257d",
        "station_id": "5b2a40aa-e9db-47bf-88cb-d14fe8b7790e",
        "component_id": "88afd3d1-6da3-496a-ac81-669a47256d34",
        "value": 36.75,
        "timestamp_measured": "2019-04-23T06:00:00+00:00",
        "import_log_id": "930e25c0-5c17-4757-b49d-8441a8e02991",
        "rating": 4,
        "status": "validated"
    },
    {
        "id": "b06cee41-0c7c-4a1e-8ba2-57fbd607e5c9",
        "station_id": "5b2a40aa-e9db-47bf-88cb-d14fe8b7790e",
        "component_id": "88afd3d1-6da3-496a-ac81-669a47256d34",
        "value": 42.87,
        "timestamp_measured": "2019-04-23T07:00:00+00:00",
        "import_log_id": "930e25c0-5c17-4757-b49d-8441a8e02991",
        "rating": 4,
        "status": "validated"
    },
    {
        "id": "a3e652f9-9fae-4c21-ae74-0e1e464a2356",
        "station_id": "5b2a40aa-e9db-47bf-88cb-d14fe8b7790e",
        "component_id": "88afd3d1-6da3-496a-ac81-669a47256d34",
        "value": 39.21,
        "timestamp_measured": "2019-04-23T08:00:00+00:00",
        "import_log_id": "930e25c0-5c17-4757-b49d-8441a8e02991",
        "rating": 4,
        "status": "validated"
    },
    {
        "id": "1c7df73e-1d19-4897-8853-44567d3b7186",
        "station_id": "5b2a40aa-e9db-47bf-88cb-d14fe8b7790e",
        "component_id": "88afd3d1-6da3-496a-ac81-669a47256d34",
        "value": 31.81,
        "timestamp_measured": "2019-04-23T09:00:00+00:00",
        "import_log_id": "930e25c0-5c17-4757-b49d-8441a8e02991",
        "rating": 4,
        "status": "validated"
    },
    {
        "id": "aba8b4ce-cdd6-463c-a534-86477c112545",
        "station_id": "5b2a40aa-e9db-47bf-88cb-d14fe8b7790e",
        "component_id": "88afd3d1-6da3-496a-ac81-669a47256d34",
        "value": 31.06,
        "timestamp_measured": "2019-04-23T10:00:00+00:00",
        "import_log_id": "930e25c0-5c17-4757-b49d-8441a8e02991",
        "rating": 4,
        "status": "validated"
    },
    {
        "id": "4a0a8fd6-bbfa-4302-860d-8a07511350d5",
        "station_id": "5b2a40aa-e9db-47bf-88cb-d14fe8b7790e",
        "component_id": "88afd3d1-6da3-496a-ac81-669a47256d34",
        "value": 26.28,
        "timestamp_measured": "2019-04-23T11:00:00+00:00",
        "import_log_id": "930e25c0-5c17-4757-b49d-8441a8e02991",
        "rating": 3,
        "status": "validated"
    },
    {
        "id": "6d338f73-2929-404b-8e2c-b2744fbc1fd2",
        "station_id": "5b2a40aa-e9db-47bf-88cb-d14fe8b7790e",
        "component_id": "88afd3d1-6da3-496a-ac81-669a47256d34",
        "value": 29.62,
        "timestamp_measured": "2019-04-23T12:00:00+00:00",
        "import_log_id": "930e25c0-5c17-4757-b49d-8441a8e02991",
        "rating": 3,
        "status": "validated"
    },
    {
        "id": "56578c46-3479-4c23-a615-3362bcdf7bfe",
        "station_id": "5b2a40aa-e9db-47bf-88cb-d14fe8b7790e",
        "component_id": "88afd3d1-6da3-496a-ac81-669a47256d34",
        "value": 21.35,
        "timestamp_measured": "2019-04-23T13:00:00+00:00",
        "import_log_id": "930e25c0-5c17-4757-b49d-8441a8e02991",
        "rating": 3,
        "status": "validated"
    },
    {
        "id": "a4b82e2c-87fb-4c10-a10d-c00eef9bac5c",
        "station_id": "5b2a40aa-e9db-47bf-88cb-d14fe8b7790e",
        "component_id": "88afd3d1-6da3-496a-ac81-669a47256d34",
        "value": 20.73,
        "timestamp_measured": "2019-04-23T14:00:00+00:00",
        "import_log_id": "930e25c0-5c17-4757-b49d-8441a8e02991",
        "rating": 3,
        "status": "validated"
    },
    {
        "id": "49610c1c-bb3c-4c60-858b-8d989fd5164a",
        "station_id": "5b2a40aa-e9db-47bf-88cb-d14fe8b7790e",
        "component_id": "88afd3d1-6da3-496a-ac81-669a47256d34",
        "value": 22.16,
        "timestamp_measured": "2019-04-23T15:00:00+00:00",
        "import_log_id": "930e25c0-5c17-4757-b49d-8441a8e02991",
        "rating": 3,
        "status": "validated"
    },
    {
        "id": "3fc9cc84-ffe8-4dbd-9c2b-fbc8ffb1e8ca",
        "station_id": "5b2a40aa-e9db-47bf-88cb-d14fe8b7790e",
        "component_id": "88afd3d1-6da3-496a-ac81-669a47256d34",
        "value": 22.44,
        "timestamp_measured": "2019-04-23T16:00:00+00:00",
        "import_log_id": "930e25c0-5c17-4757-b49d-8441a8e02991",
        "rating": 3,
        "status": "validated"
    },
    {
        "id": "4e5ec004-4c0d-4d87-ab7e-9b6e6a2f10eb",
        "station_id": "5b2a40aa-e9db-47bf-88cb-d14fe8b7790e",
        "component_id": "88afd3d1-6da3-496a-ac81-669a47256d34",
        "value": 14.46,
        "timestamp_measured": "2019-04-23T17:00:00+00:00",
        "import_log_id": "930e25c0-5c17-4757-b49d-8441a8e02991",
        "rating": 2,
        "status": "validated"
    },
    {
        "id": "089d4694-aa2f-40fb-b61f-27ed3aed4172",
        "station_id": "5b2a40aa-e9db-47bf-88cb-d14fe8b7790e",
        "component_id": "88afd3d1-6da3-496a-ac81-669a47256d34",
        "value": 12.35,
        "timestamp_measured": "2019-04-23T18:00:00+00:00",
        "import_log_id": "930e25c0-5c17-4757-b49d-8441a8e02991",
        "rating": 2,
        "status": "validated"
    },
    {
        "id": "9b8d31ce-958c-4e81-8660-3c308c24374c",
        "station_id": "5b2a40aa-e9db-47bf-88cb-d14fe8b7790e",
        "component_id": "88afd3d1-6da3-496a-ac81-669a47256d34",
        "value": 18.76,
        "timestamp_measured": "2019-04-23T19:00:00+00:00",
        "import_log_id": "930e25c0-5c17-4757-b49d-8441a8e02991",
        "rating": 2,
        "status": "validated"
    },
    {
        "id": "6d8e4a43-32a5-4df3-bfce-beeddab1dfbe",
        "station_id": "5b2a40aa-e9db-47bf-88cb-d14fe8b7790e",
        "component_id": "88afd3d1-6da3-496a-ac81-669a47256d34",
        "value": 36.38,
        "timestamp_measured": "2019-04-23T20:00:00+00:00",
        "import_log_id": "930e25c0-5c17-4757-b49d-8441a8e02991",
        "rating": 4,
        "status": "validated"
    },
    {
        "id": "98afec6d-3bc8-4157-89ad-c1a64255df4e",
        "station_id": "5b2a40aa-e9db-47bf-88cb-d14fe8b7790e",
        "component_id": "88afd3d1-6da3-496a-ac81-669a47256d34",
        "value": 54.53,
        "timestamp_measured": "2019-04-23T21:00:00+00:00",
        "import_log_id": "930e25c0-5c17-4757-b49d-8441a8e02991",
        "rating": 5,
        "status": "validated"
    },
    {
        "id": "7f2c7406-861d-46a1-9df8-5436d50c8975",
        "station_id": "5b2a40aa-e9db-47bf-88cb-d14fe8b7790e",
        "component_id": "88afd3d1-6da3-496a-ac81-669a47256d34",
        "value": 33.75,
        "timestamp_measured": "2019-04-23T22:00:00+00:00",
        "import_log_id": "930e25c0-5c17-4757-b49d-8441a8e02991",
        "rating": 4,
        "status": "validated"
    },
    {
        "id": "53b3ea97-45e7-4c4b-82e9-dad5cfd6aca2",
        "station_id": "5b2a40aa-e9db-47bf-88cb-d14fe8b7790e",
        "component_id": "88afd3d1-6da3-496a-ac81-669a47256d34",
        "value": 44.0,
        "timestamp_measured": "2019-04-23T23:00:00+00:00",
        "import_log_id": "930e25c0-5c17-4757-b49d-8441a8e02991",
        "rating": 4,
        "status": "validated"
    },
    {
        "id": "6f69cc2c-4121-4e74-baa3-633a741f55e5",
        "station_id": "5b2a40aa-e9db-47bf-88cb-d14fe8b7790e",
        "component_id": "88afd3d1-6da3-496a-ac81-669a47256d34",
        "value": 34.89,
        "timestamp_measured": "2019-04-24T00:00:00+00:00",
        "import_log_id": "930e25c0-5c17-4757-b49d-8441a8e02991",
        "rating": 4,
        "status": "validated"
    },
    {
        "id": "9b6531d0-2f07-45ad-b6f7-5a48c0c5c991",
        "station_id": "5b2a40aa-e9db-47bf-88cb-d14fe8b7790e",
        "component_id": "88afd3d1-6da3-496a-ac81-669a47256d34",
        "value": 23.85,
        "timestamp_measured": "2019-04-24T01:00:00+00:00",
        "import_log_id": "930e25c0-5c17-4757-b49d-8441a8e02991",
        "rating": 3,
        "status": "validated"
    },
    {
        "id": "2bc76fae-5715-412c-9dca-7873856799d7",
        "station_id": "5b2a40aa-e9db-47bf-88cb-d14fe8b7790e",
        "component_id": "88afd3d1-6da3-496a-ac81-669a47256d34",
        "value": 19.8,
        "timestamp_measured": "2019-04-24T02:00:00+00:00",
        "import_log_id": "930e25c0-5c17-4757-b49d-8441a8e02991",
        "rating": 2,
        "status": "validated"
    },
    {
        "id": "e877c232-2d8b-45b7-9715-76dcf9cc1dd2",
        "station_id": "5b2a40aa-e9db-47bf-88cb-d14fe8b7790e",
        "component_id": "88afd3d1-6da3-496a-ac81-669a47256d34",
        "value": 15.67,
        "timestamp_measured": "2019-04-24T03:00:00+00:00",
        "import_log_id": "930e25c0-5c17-4757-b49d-8441a8e02991",
        "rating": 2,
        "status": "validated"
    },
    {
        "id": "5f40fb66-1206-4a20-b124-6724e204c021",
        "station_id": "5b2a40aa-e9db-47bf-88cb-d14fe8b7790e",
        "component_id": "88afd3d1-6da3-496a-ac81-669a47256d34",
        "value": 20.0,
        "timestamp_measured": "2019-04-24T04:00:00+00:00",
        "import_log_id": "930e25c0-5c17-4757-b49d-8441a8e02991",
        "rating": 3,
        "status": "validated"
    },
    {
        "id": "c1b354e4-71ae-4d36-a62a-d629fe2351e6",
        "station_id": "5b2a40aa-e9db-47bf-88cb-d14fe8b7790e",
        "component_id": "88afd3d1-6da3-496a-ac81-669a47256d34",
        "value": 26.34,
        "timestamp_measured": "2019-04-24T05:00:00+00:00",
        "import_log_id": "930e25c0-5c17-4757-b49d-8441a8e02991",
        "rating": 3,
        "status": "validated"
    },
    {
        "id": "a64d8aea-9a5f-4b20-b7ab-14d7fd3384c9",
        "station_id": "5b2a40aa-e9db-47bf-88cb-d14fe8b7790e",
        "component_id": "88afd3d1-6da3-496a-ac81-669a47256d34",
        "value": 16.92,
        "timestamp_measured": "2019-04-24T06:00:00+00:00",
        "import_log_id": "930e25c0-5c17-4757-b49d-8441a8e02991",
        "rating": 2,
        "status": "validated"
    },
    {
        "id": "5657049e-76c0-4ebc-b099-8556eb61e49c",
        "station_id": "5b2a40aa-e9db-47bf-88cb-d14fe8b7790e",
        "component_id": "88afd3d1-6da3-496a-ac81-669a47256d34",
        "value": 21.26,
        "timestamp_measured": "2019-04-24T07:00:00+00:00",
        "import_log_id": "930e25c0-5c17-4757-b49d-8441a8e02991",
        "rating": 3,
        "status": "validated"
    },
    {
        "id": "a4191036-1070-4f1a-a871-4bdf2d3da741",
        "station_id": "5b2a40aa-e9db-47bf-88cb-d14fe8b7790e",
        "component_id": "88afd3d1-6da3-496a-ac81-669a47256d34",
        "value": 23.39,
        "timestamp_measured": "2019-04-24T08:00:00+00:00",
        "import_log_id": "930e25c0-5c17-4757-b49d-8441a8e02991",
        "rating": 3,
        "status": "validated"
    },
    {
        "id": "77571761-f070-4a78-bd3b-d62aafeea805",
        "station_id": "5b2a40aa-e9db-47bf-88cb-d14fe8b7790e",
        "component_id": "88afd3d1-6da3-496a-ac81-669a47256d34",
        "value": 8.24,
        "timestamp_measured": "2019-04-24T09:00:00+00:00",
        "import_log_id": "930e25c0-5c17-4757-b49d-8441a8e02991",
        "rating": 1,
        "status": "validated"
    },
    {
        "id": "e7d8aed9-7195-4883-834f-fabfd66c976c",
        "station_id": "5b2a40aa-e9db-47bf-88cb-d14fe8b7790e",
        "component_id": "88afd3d1-6da3-496a-ac81-669a47256d34",
        "value": 5.15,
        "timestamp_measured": "2019-04-24T10:00:00+00:00",
        "import_log_id": "930e25c0-5c17-4757-b49d-8441a8e02991",
        "rating": 1,
        "status": "validated"
    },
    {
        "id": "9af43ee5-300a-4f89-a2e7-c36b3a865f83",
        "station_id": "5b2a40aa-e9db-47bf-88cb-d14fe8b7790e",
        "component_id": "88afd3d1-6da3-496a-ac81-669a47256d34",
        "value": 3.63,
        "timestamp_measured": "2019-04-24T11:00:00+00:00",
        "import_log_id": "930e25c0-5c17-4757-b49d-8441a8e02991",
        "rating": 1,
        "status": "validated"
    },
    {
        "id": "99418a43-da82-43ce-8a06-4312570297e2",
        "station_id": "5b2a40aa-e9db-47bf-88cb-d14fe8b7790e",
        "component_id": "88afd3d1-6da3-496a-ac81-669a47256d34",
        "value": 1.72,
        "timestamp_measured": "2019-04-24T12:00:00+00:00",
        "import_log_id": "930e25c0-5c17-4757-b49d-8441a8e02991",
        "rating": 1,
        "status": "validated"
    },
    {
        "id": "ac9bb285-07fe-4109-9494-f6f73207c145",
        "station_id": "5b2a40aa-e9db-47bf-88cb-d14fe8b7790e",
        "component_id": "88afd3d1-6da3-496a-ac81-669a47256d34",
        "value": 1.68,
        "timestamp_measured": "2019-04-24T13:00:00+00:00",
        "import_log_id": "930e25c0-5c17-4757-b49d-8441a8e02991",
        "rating": 1,
        "status": "validated"
    },
    {
        "id": "434a185d-8fa9-406e-b0b6-d69de3d718ab",
        "station_id": "5b2a40aa-e9db-47bf-88cb-d14fe8b7790e",
        "component_id": "88afd3d1-6da3-496a-ac81-669a47256d34",
        "value": 1.95,
        "timestamp_measured": "2019-04-24T14:00:00+00:00",
        "import_log_id": "930e25c0-5c17-4757-b49d-8441a8e02991",
        "rating": 1,
        "status": "validated"
    },
    {
        "id": "85044526-a115-4dcb-8c88-7c9fbd18ee64",
        "station_id": "5b2a40aa-e9db-47bf-88cb-d14fe8b7790e",
        "component_id": "88afd3d1-6da3-496a-ac81-669a47256d34",
        "value": 2.2,
        "timestamp_measured": "2019-04-24T15:00:00+00:00",
        "import_log_id": "930e25c0-5c17-4757-b49d-8441a8e02991",
        "rating": 1,
        "status": "validated"
    },
    {
        "id": "0c0c674f-b475-403c-ac94-54a143528232",
        "station_id": "5b2a40aa-e9db-47bf-88cb-d14fe8b7790e",
        "component_id": "88afd3d1-6da3-496a-ac81-669a47256d34",
        "value": 16.9,
        "timestamp_measured": "2019-04-24T16:00:00+00:00",
        "import_log_id": "930e25c0-5c17-4757-b49d-8441a8e02991",
        "rating": 2,
        "status": "validated"
    },
    {
        "id": "c55f5e1a-3b19-4674-ad61-075714180ca4",
        "station_id": "5b2a40aa-e9db-47bf-88cb-d14fe8b7790e",
        "component_id": "88afd3d1-6da3-496a-ac81-669a47256d34",
        "value": 8.99,
        "timestamp_measured": "2019-04-24T17:00:00+00:00",
        "import_log_id": "930e25c0-5c17-4757-b49d-8441a8e02991",
        "rating": 1,
        "status": "validated"
    },
    {
        "id": "8b2bd39b-826a-4f56-9ac5-811ff3ef795f",
        "station_id": "5b2a40aa-e9db-47bf-88cb-d14fe8b7790e",
        "component_id": "88afd3d1-6da3-496a-ac81-669a47256d34",
        "value": 4.95,
        "timestamp_measured": "2019-04-24T18:00:00+00:00",
        "import_log_id": "930e25c0-5c17-4757-b49d-8441a8e02991",
        "rating": 1,
        "status": "validated"
    },
    {
        "id": "74c7fe9f-504d-4167-a6a8-88167b8a92ef",
        "station_id": "5b2a40aa-e9db-47bf-88cb-d14fe8b7790e",
        "component_id": "88afd3d1-6da3-496a-ac81-669a47256d34",
        "value": 11.48,
        "timestamp_measured": "2019-04-24T19:00:00+00:00",
        "import_log_id": "930e25c0-5c17-4757-b49d-8441a8e02991",
        "rating": 2,
        "status": "validated"
    },
    {
        "id": "17cd724a-ff59-4ec5-a04a-99bdc1963a21",
        "station_id": "5b2a40aa-e9db-47bf-88cb-d14fe8b7790e",
        "component_id": "88afd3d1-6da3-496a-ac81-669a47256d34",
        "value": 11.4,
        "timestamp_measured": "2019-04-24T20:00:00+00:00",
        "import_log_id": "930e25c0-5c17-4757-b49d-8441a8e02991",
        "rating": 2,
        "status": "validated"
    },
    {
        "id": "2415f440-77ec-42b9-b131-c880121b9f2e",
        "station_id": "5b2a40aa-e9db-47bf-88cb-d14fe8b7790e",
        "component_id": "88afd3d1-6da3-496a-ac81-669a47256d34",
        "value": 22.73,
        "timestamp_measured": "2019-04-24T21:00:00+00:00",
        "import_log_id": "930e25c0-5c17-4757-b49d-8441a8e02991",
        "rating": 3,
        "status": "validated"
    },
    {
        "id": "8ee73fda-567f-4c9b-81b9-1ed7961145dc",
        "station_id": "5b2a40aa-e9db-47bf-88cb-d14fe8b7790e",
        "component_id": "88afd3d1-6da3-496a-ac81-669a47256d34",
        "value": 8.75,
        "timestamp_measured": "2019-04-24T22:00:00+00:00",
        "import_log_id": "930e25c0-5c17-4757-b49d-8441a8e02991",
        "rating": 1,
        "status": "validated"
    },
    {
        "id": "7b84da2e-9c4c-485b-ba7a-2de3628279e0",
        "station_id": "5b2a40aa-e9db-47bf-88cb-d14fe8b7790e",
        "component_id": "88afd3d1-6da3-496a-ac81-669a47256d34",
        "value": 3.83,
        "timestamp_measured": "2019-04-24T23:00:00+00:00",
        "import_log_id": "930e25c0-5c17-4757-b49d-8441a8e02991",
        "rating": 1,
        "status": "validated"
    },
    {
        "id": "63e04631-9f3c-4521-8a58-c4f7ea1e14cf",
        "station_id": "5b2a40aa-e9db-47bf-88cb-d14fe8b7790e",
        "component_id": "88afd3d1-6da3-496a-ac81-669a47256d34",
        "value": 34.87,
        "timestamp_measured": "2019-04-25T00:00:00+00:00",
        "import_log_id": "930e25c0-5c17-4757-b49d-8441a8e02991",
        "rating": 4,
        "status": "validated"
    },
    {
        "id": "282197b9-5508-4ddf-8034-f989a2a906e8",
        "station_id": "5b2a40aa-e9db-47bf-88cb-d14fe8b7790e",
        "component_id": "88afd3d1-6da3-496a-ac81-669a47256d34",
        "value": 16.61,
        "timestamp_measured": "2019-04-25T01:00:00+00:00",
        "import_log_id": "930e25c0-5c17-4757-b49d-8441a8e02991",
        "rating": 2,
        "status": "validated"
    },
    {
        "id": "0107afe1-0c14-4b77-b6ee-384c35953409",
        "station_id": "5b2a40aa-e9db-47bf-88cb-d14fe8b7790e",
        "component_id": "88afd3d1-6da3-496a-ac81-669a47256d34",
        "value": 10.79,
        "timestamp_measured": "2019-04-25T02:00:00+00:00",
        "import_log_id": "930e25c0-5c17-4757-b49d-8441a8e02991",
        "rating": 2,
        "status": "validated"
    },
    {
        "id": "535424ed-d758-4eb4-8a8d-551e578f15eb",
        "station_id": "5b2a40aa-e9db-47bf-88cb-d14fe8b7790e",
        "component_id": "88afd3d1-6da3-496a-ac81-669a47256d34",
        "value": 8.31,
        "timestamp_measured": "2019-04-25T03:00:00+00:00",
        "import_log_id": "930e25c0-5c17-4757-b49d-8441a8e02991",
        "rating": 1,
        "status": "validated"
    },
    {
        "id": "c7e1eb59-23a4-418e-b435-80077065a9b6",
        "station_id": "5b2a40aa-e9db-47bf-88cb-d14fe8b7790e",
        "component_id": "88afd3d1-6da3-496a-ac81-669a47256d34",
        "value": 9.65,
        "timestamp_measured": "2019-04-25T04:00:00+00:00",
        "import_log_id": "930e25c0-5c17-4757-b49d-8441a8e02991",
        "rating": 1,
        "status": "validated"
    },
    {
        "id": "6f486b93-a87e-470c-88f2-b9e4856f6cb2",
        "station_id": "5b2a40aa-e9db-47bf-88cb-d14fe8b7790e",
        "component_id": "88afd3d1-6da3-496a-ac81-669a47256d34",
        "value": 11.49,
        "timestamp_measured": "2019-04-25T05:00:00+00:00",
        "import_log_id": "930e25c0-5c17-4757-b49d-8441a8e02991",
        "rating": 2,
        "status": "validated"
    },
    {
        "id": "96e5835c-73fa-4994-bc66-4023ffcd5122",
        "station_id": "5b2a40aa-e9db-47bf-88cb-d14fe8b7790e",
        "component_id": "88afd3d1-6da3-496a-ac81-669a47256d34",
        "value": 25.2,
        "timestamp_measured": "2019-04-25T06:00:00+00:00",
        "import_log_id": "930e25c0-5c17-4757-b49d-8441a8e02991",
        "rating": 3,
        "status": "validated"
    },
    {
        "id": "607cfb72-1ae6-4a06-8c1f-71ed4aeb888f",
        "station_id": "5b2a40aa-e9db-47bf-88cb-d14fe8b7790e",
        "component_id": "88afd3d1-6da3-496a-ac81-669a47256d34",
        "value": 25.2,
        "timestamp_measured": "2019-04-25T07:00:00+00:00",
        "import_log_id": "930e25c0-5c17-4757-b49d-8441a8e02991",
        "rating": 3,
        "status": "validated"
    },
    {
        "id": "6da56eac-d44d-4dbb-820e-4ecaf2a4021d",
        "station_id": "5b2a40aa-e9db-47bf-88cb-d14fe8b7790e",
        "component_id": "88afd3d1-6da3-496a-ac81-669a47256d34",
        "value": 17.46,
        "timestamp_measured": "2019-04-25T08:00:00+00:00",
        "import_log_id": "930e25c0-5c17-4757-b49d-8441a8e02991",
        "rating": 2,
        "status": "validated"
    },
    {
        "id": "bfa991df-ebe3-419f-a2f3-0437e8fbf04f",
        "station_id": "5b2a40aa-e9db-47bf-88cb-d14fe8b7790e",
        "component_id": "88afd3d1-6da3-496a-ac81-669a47256d34",
        "value": 7.32,
        "timestamp_measured": "2019-04-25T09:00:00+00:00",
        "import_log_id": "930e25c0-5c17-4757-b49d-8441a8e02991",
        "rating": 1,
        "status": "validated"
    },
    {
        "id": "371ca53e-e014-4b97-9b80-f6834809873b",
        "station_id": "5b2a40aa-e9db-47bf-88cb-d14fe8b7790e",
        "component_id": "88afd3d1-6da3-496a-ac81-669a47256d34",
        "value": 9.94,
        "timestamp_measured": "2019-04-25T10:00:00+00:00",
        "import_log_id": "930e25c0-5c17-4757-b49d-8441a8e02991",
        "rating": 1,
        "status": "validated"
    },
    {
        "id": "2c7616ee-57bc-4fc7-8852-6ff79d7be88b",
        "station_id": "5b2a40aa-e9db-47bf-88cb-d14fe8b7790e",
        "component_id": "88afd3d1-6da3-496a-ac81-669a47256d34",
        "value": 8.57,
        "timestamp_measured": "2019-04-25T11:00:00+00:00",
        "import_log_id": "930e25c0-5c17-4757-b49d-8441a8e02991",
        "rating": 1,
        "status": "validated"
    },
    {
        "id": "ab4159f9-c601-4b3e-adab-cb0cca2f1d5f",
        "station_id": "5b2a40aa-e9db-47bf-88cb-d14fe8b7790e",
        "component_id": "88afd3d1-6da3-496a-ac81-669a47256d34",
        "value": 7.9,
        "timestamp_measured": "2019-04-25T12:00:00+00:00",
        "import_log_id": "930e25c0-5c17-4757-b49d-8441a8e02991",
        "rating": 1,
        "status": "validated"
    },
    {
        "id": "b610a0bb-6c66-47a5-8314-f1e2ef5848b1",
        "station_id": "5b2a40aa-e9db-47bf-88cb-d14fe8b7790e",
        "component_id": "88afd3d1-6da3-496a-ac81-669a47256d34",
        "value": 8.35,
        "timestamp_measured": "2019-04-25T13:00:00+00:00",
        "import_log_id": "930e25c0-5c17-4757-b49d-8441a8e02991",
        "rating": 1,
        "status": "validated"
    },
    {
        "id": "8fd1e484-15be-4cbe-b46d-01fe1dc78333",
        "station_id": "5b2a40aa-e9db-47bf-88cb-d14fe8b7790e",
        "component_id": "88afd3d1-6da3-496a-ac81-669a47256d34",
        "value": 9.05,
        "timestamp_measured": "2019-04-25T14:00:00+00:00",
        "import_log_id": "930e25c0-5c17-4757-b49d-8441a8e02991",
        "rating": 1,
        "status": "validated"
    },
    {
        "id": "34d43277-f0b2-4a41-996a-53d4bb7a96ed",
        "station_id": "5b2a40aa-e9db-47bf-88cb-d14fe8b7790e",
        "component_id": "88afd3d1-6da3-496a-ac81-669a47256d34",
        "value": 9.54,
        "timestamp_measured": "2019-04-25T15:00:00+00:00",
        "import_log_id": "930e25c0-5c17-4757-b49d-8441a8e02991",
        "rating": 1,
        "status": "validated"
    },
    {
        "id": "907406d1-2cf1-4c0e-88cd-2eb2e4293955",
        "station_id": "5b2a40aa-e9db-47bf-88cb-d14fe8b7790e",
        "component_id": "88afd3d1-6da3-496a-ac81-669a47256d34",
        "value": 12.07,
        "timestamp_measured": "2019-04-25T16:00:00+00:00",
        "import_log_id": "930e25c0-5c17-4757-b49d-8441a8e02991",
        "rating": 2,
        "status": "validated"
    },
    {
        "id": "fcb3a346-0160-45ab-b3b9-9ab68a09e343",
        "station_id": "5b2a40aa-e9db-47bf-88cb-d14fe8b7790e",
        "component_id": "88afd3d1-6da3-496a-ac81-669a47256d34",
        "value": 15.98,
        "timestamp_measured": "2019-04-25T17:00:00+00:00",
        "import_log_id": "930e25c0-5c17-4757-b49d-8441a8e02991",
        "rating": 2,
        "status": "validated"
    },
    {
        "id": "31deeec2-8559-4150-a0e4-b9419cc9f9b3",
        "station_id": "5b2a40aa-e9db-47bf-88cb-d14fe8b7790e",
        "component_id": "88afd3d1-6da3-496a-ac81-669a47256d34",
        "value": 10.53,
        "timestamp_measured": "2019-04-25T18:00:00+00:00",
        "import_log_id": "930e25c0-5c17-4757-b49d-8441a8e02991",
        "rating": 2,
        "status": "validated"
    },
    {
        "id": "0f934dc5-d1b1-456c-9639-b1de4eaf22c2",
        "station_id": "5b2a40aa-e9db-47bf-88cb-d14fe8b7790e",
        "component_id": "88afd3d1-6da3-496a-ac81-669a47256d34",
        "value": 9.57,
        "timestamp_measured": "2019-04-25T19:00:00+00:00",
        "import_log_id": "930e25c0-5c17-4757-b49d-8441a8e02991",
        "rating": 1,
        "status": "validated"
    },
    {
        "id": "2b5828ad-9269-4df5-bb1b-c73e62aac4a1",
        "station_id": "5b2a40aa-e9db-47bf-88cb-d14fe8b7790e",
        "component_id": "88afd3d1-6da3-496a-ac81-669a47256d34",
        "value": 13.09,
        "timestamp_measured": "2019-04-25T20:00:00+00:00",
        "import_log_id": "930e25c0-5c17-4757-b49d-8441a8e02991",
        "rating": 2,
        "status": "validated"
    },
    {
        "id": "25145a66-65de-448b-85b1-ac703b67c11a",
        "station_id": "5b2a40aa-e9db-47bf-88cb-d14fe8b7790e",
        "component_id": "88afd3d1-6da3-496a-ac81-669a47256d34",
        "value": 9.29,
        "timestamp_measured": "2019-04-25T21:00:00+00:00",
        "import_log_id": "930e25c0-5c17-4757-b49d-8441a8e02991",
        "rating": 1,
        "status": "validated"
    },
    {
        "id": "51b4b44a-249e-40d3-a0c3-47927b8ee745",
        "station_id": "5b2a40aa-e9db-47bf-88cb-d14fe8b7790e",
        "component_id": "88afd3d1-6da3-496a-ac81-669a47256d34",
        "value": 10.92,
        "timestamp_measured": "2019-04-25T22:00:00+00:00",
        "import_log_id": "930e25c0-5c17-4757-b49d-8441a8e02991",
        "rating": 2,
        "status": "validated"
    },
    {
        "id": "01500ef7-651f-4a9e-926d-e1176a76f0f4",
        "station_id": "5b2a40aa-e9db-47bf-88cb-d14fe8b7790e",
        "component_id": "88afd3d1-6da3-496a-ac81-669a47256d34",
        "value": 5.43,
        "timestamp_measured": "2019-04-25T23:00:00+00:00",
        "import_log_id": "930e25c0-5c17-4757-b49d-8441a8e02991",
        "rating": 1,
        "status": "validated"
    },
    {
        "id": "4a9fbc0f-a227-4a73-99d9-96a2fa1526e1",
        "station_id": "5b2a40aa-e9db-47bf-88cb-d14fe8b7790e",
        "component_id": "88afd3d1-6da3-496a-ac81-669a47256d34",
        "value": 10.62,
        "timestamp_measured": "2019-04-26T00:00:00+00:00",
        "import_log_id": "930e25c0-5c17-4757-b49d-8441a8e02991",
        "rating": 2,
        "status": "validated"
    },
    {
        "id": "9ecfd3f5-28f6-41b4-9d12-55dde7808d5b",
        "station_id": "5b2a40aa-e9db-47bf-88cb-d14fe8b7790e",
        "component_id": "88afd3d1-6da3-496a-ac81-669a47256d34",
        "value": 7.4,
        "timestamp_measured": "2019-04-26T01:00:00+00:00",
        "import_log_id": "930e25c0-5c17-4757-b49d-8441a8e02991",
        "rating": 1,
        "status": "validated"
    },
    {
        "id": "f5d0ebc2-6b2d-407e-b2d1-d70778a72da1",
        "station_id": "5b2a40aa-e9db-47bf-88cb-d14fe8b7790e",
        "component_id": "88afd3d1-6da3-496a-ac81-669a47256d34",
        "value": 8.13,
        "timestamp_measured": "2019-04-26T02:00:00+00:00",
        "import_log_id": "930e25c0-5c17-4757-b49d-8441a8e02991",
        "rating": 1,
        "status": "validated"
    },
    {
        "id": "a2fb3a5b-a8c2-4fef-a37d-3c55d2510238",
        "station_id": "5b2a40aa-e9db-47bf-88cb-d14fe8b7790e",
        "component_id": "88afd3d1-6da3-496a-ac81-669a47256d34",
        "value": 7.43,
        "timestamp_measured": "2019-04-26T03:00:00+00:00",
        "import_log_id": "930e25c0-5c17-4757-b49d-8441a8e02991",
        "rating": 1,
        "status": "validated"
    },
    {
        "id": "78f1a4e1-4329-45b6-836f-bead08a1996a",
        "station_id": "5b2a40aa-e9db-47bf-88cb-d14fe8b7790e",
        "component_id": "88afd3d1-6da3-496a-ac81-669a47256d34",
        "value": 8.44,
        "timestamp_measured": "2019-04-26T04:00:00+00:00",
        "import_log_id": "930e25c0-5c17-4757-b49d-8441a8e02991",
        "rating": 1,
        "status": "validated"
    },
    {
        "id": "cb6e9706-5092-4986-ad23-108fedcb5d2b",
        "station_id": "5b2a40aa-e9db-47bf-88cb-d14fe8b7790e",
        "component_id": "88afd3d1-6da3-496a-ac81-669a47256d34",
        "value": 9.39,
        "timestamp_measured": "2019-04-26T05:00:00+00:00",
        "import_log_id": "930e25c0-5c17-4757-b49d-8441a8e02991",
        "rating": 1,
        "status": "validated"
    },
    {
        "id": "6aad6637-4486-4899-b344-25ddb5b3e9a4",
        "station_id": "5b2a40aa-e9db-47bf-88cb-d14fe8b7790e",
        "component_id": "88afd3d1-6da3-496a-ac81-669a47256d34",
        "value": 11.31,
        "timestamp_measured": "2019-04-26T06:00:00+00:00",
        "import_log_id": "930e25c0-5c17-4757-b49d-8441a8e02991",
        "rating": 2,
        "status": "validated"
    },
    {
        "id": "7b653039-10b6-4cba-be8e-69fa87150752",
        "station_id": "5b2a40aa-e9db-47bf-88cb-d14fe8b7790e",
        "component_id": "88afd3d1-6da3-496a-ac81-669a47256d34",
        "value": 9.83,
        "timestamp_measured": "2019-04-26T07:00:00+00:00",
        "import_log_id": "930e25c0-5c17-4757-b49d-8441a8e02991",
        "rating": 1,
        "status": "validated"
    },
    {
        "id": "cb607e27-443e-4534-8699-1f6fc4c09fcd",
        "station_id": "5b2a40aa-e9db-47bf-88cb-d14fe8b7790e",
        "component_id": "88afd3d1-6da3-496a-ac81-669a47256d34",
        "value": 8.16,
        "timestamp_measured": "2019-04-26T08:00:00+00:00",
        "import_log_id": "930e25c0-5c17-4757-b49d-8441a8e02991",
        "rating": 1,
        "status": "validated"
    },
    {
        "id": "d8d24b69-340a-464c-888b-bc34d69d9f15",
        "station_id": "5b2a40aa-e9db-47bf-88cb-d14fe8b7790e",
        "component_id": "88afd3d1-6da3-496a-ac81-669a47256d34",
        "value": 8.8,
        "timestamp_measured": "2019-04-26T09:00:00+00:00",
        "import_log_id": "930e25c0-5c17-4757-b49d-8441a8e02991",
        "rating": 1,
        "status": "validated"
    },
    {
        "id": "49e86b15-387f-41a3-a05f-28f19fc946e3",
        "station_id": "5b2a40aa-e9db-47bf-88cb-d14fe8b7790e",
        "component_id": "88afd3d1-6da3-496a-ac81-669a47256d34",
        "value": 8.96,
        "timestamp_measured": "2019-04-26T10:00:00+00:00",
        "import_log_id": "930e25c0-5c17-4757-b49d-8441a8e02991",
        "rating": 1,
        "status": "validated"
    },
    {
        "id": "e1ecab53-f4fb-4fa6-8976-26282322fb61",
        "station_id": "5b2a40aa-e9db-47bf-88cb-d14fe8b7790e",
        "component_id": "88afd3d1-6da3-496a-ac81-669a47256d34",
        "value": 9.44,
        "timestamp_measured": "2019-04-26T11:00:00+00:00",
        "import_log_id": "930e25c0-5c17-4757-b49d-8441a8e02991",
        "rating": 1,
        "status": "validated"
    },
    {
        "id": "0fee8fa9-7108-445d-948a-949f82f2377c",
        "station_id": "5b2a40aa-e9db-47bf-88cb-d14fe8b7790e",
        "component_id": "88afd3d1-6da3-496a-ac81-669a47256d34",
        "value": 9.98,
        "timestamp_measured": "2019-04-26T12:00:00+00:00",
        "import_log_id": "930e25c0-5c17-4757-b49d-8441a8e02991",
        "rating": 1,
        "status": "validated"
    },
    {
        "id": "4e0f4c49-9af2-48b3-8419-3af6eddbefde",
        "station_id": "5b2a40aa-e9db-47bf-88cb-d14fe8b7790e",
        "component_id": "88afd3d1-6da3-496a-ac81-669a47256d34",
        "value": 9.73,
        "timestamp_measured": "2019-04-26T13:00:00+00:00",
        "import_log_id": "930e25c0-5c17-4757-b49d-8441a8e02991",
        "rating": 1,
        "status": "validated"
    },
    {
        "id": "6eb24fe1-f019-4c8f-80dc-6bd785b977de",
        "station_id": "5b2a40aa-e9db-47bf-88cb-d14fe8b7790e",
        "component_id": "88afd3d1-6da3-496a-ac81-669a47256d34",
        "value": 8.56,
        "timestamp_measured": "2019-04-26T14:00:00+00:00",
        "import_log_id": "930e25c0-5c17-4757-b49d-8441a8e02991",
        "rating": 1,
        "status": "validated"
    },
    {
        "id": "5bc92411-4231-4919-9193-c535c0d7497b",
        "station_id": "5b2a40aa-e9db-47bf-88cb-d14fe8b7790e",
        "component_id": "88afd3d1-6da3-496a-ac81-669a47256d34",
        "value": 6.6,
        "timestamp_measured": "2019-04-26T15:00:00+00:00",
        "import_log_id": "930e25c0-5c17-4757-b49d-8441a8e02991",
        "rating": 1,
        "status": "validated"
    },
    {
        "id": "909865ae-5985-4e34-b9f3-4f36f6da4527",
        "station_id": "5b2a40aa-e9db-47bf-88cb-d14fe8b7790e",
        "component_id": "88afd3d1-6da3-496a-ac81-669a47256d34",
        "value": 8.03,
        "timestamp_measured": "2019-04-26T16:00:00+00:00",
        "import_log_id": "930e25c0-5c17-4757-b49d-8441a8e02991",
        "rating": 1,
        "status": "validated"
    },
    {
        "id": "c076ffef-5f65-40a9-885e-ae7ef3c027bb",
        "station_id": "5b2a40aa-e9db-47bf-88cb-d14fe8b7790e",
        "component_id": "88afd3d1-6da3-496a-ac81-669a47256d34",
        "value": 6.03,
        "timestamp_measured": "2019-04-26T17:00:00+00:00",
        "import_log_id": "930e25c0-5c17-4757-b49d-8441a8e02991",
        "rating": 1,
        "status": "validated"
    },
    {
        "id": "5ca21e42-4f2c-4412-a48f-1a34701628cc",
        "station_id": "5b2a40aa-e9db-47bf-88cb-d14fe8b7790e",
        "component_id": "88afd3d1-6da3-496a-ac81-669a47256d34",
        "value": 10.33,
        "timestamp_measured": "2019-04-26T18:00:00+00:00",
        "import_log_id": "930e25c0-5c17-4757-b49d-8441a8e02991",
        "rating": 2,
        "status": "validated"
    },
    {
        "id": "fd1d671b-e359-4107-805d-a0866cf29189",
        "station_id": "5b2a40aa-e9db-47bf-88cb-d14fe8b7790e",
        "component_id": "88afd3d1-6da3-496a-ac81-669a47256d34",
        "value": 12.02,
        "timestamp_measured": "2019-04-26T19:00:00+00:00",
        "import_log_id": "930e25c0-5c17-4757-b49d-8441a8e02991",
        "rating": 2,
        "status": "validated"
    },
    {
        "id": "72a6c8e8-5182-4f4f-96c5-fcfeffbf0a9e",
        "station_id": "5b2a40aa-e9db-47bf-88cb-d14fe8b7790e",
        "component_id": "88afd3d1-6da3-496a-ac81-669a47256d34",
        "value": 10.59,
        "timestamp_measured": "2019-04-26T20:00:00+00:00",
        "import_log_id": "930e25c0-5c17-4757-b49d-8441a8e02991",
        "rating": 2,
        "status": "validated"
    },
    {
        "id": "6c42596c-7d31-4fb5-aee1-d160ac2672ad",
        "station_id": "5b2a40aa-e9db-47bf-88cb-d14fe8b7790e",
        "component_id": "88afd3d1-6da3-496a-ac81-669a47256d34",
        "value": 12.04,
        "timestamp_measured": "2019-04-26T21:00:00+00:00",
        "import_log_id": "930e25c0-5c17-4757-b49d-8441a8e02991",
        "rating": 2,
        "status": "validated"
    },
    {
        "id": "db1026fa-91a4-42e7-8cbd-c62d8b627218",
        "station_id": "5b2a40aa-e9db-47bf-88cb-d14fe8b7790e",
        "component_id": "88afd3d1-6da3-496a-ac81-669a47256d34",
        "value": 14.41,
        "timestamp_measured": "2019-04-26T22:00:00+00:00",
        "import_log_id": "930e25c0-5c17-4757-b49d-8441a8e02991",
        "rating": 2,
        "status": "validated"
    },
    {
        "id": "8790de9b-fe00-4fea-90e6-610217685c96",
        "station_id": "5b2a40aa-e9db-47bf-88cb-d14fe8b7790e",
        "component_id": "88afd3d1-6da3-496a-ac81-669a47256d34",
        "value": 14.94,
        "timestamp_measured": "2019-04-26T23:00:00+00:00",
        "import_log_id": "930e25c0-5c17-4757-b49d-8441a8e02991",
        "rating": 2,
        "status": "validated"
    },
    {
        "id": "056867e1-2b39-45f7-a3da-d7cb723f1203",
        "station_id": "5b2a40aa-e9db-47bf-88cb-d14fe8b7790e",
        "component_id": "88afd3d1-6da3-496a-ac81-669a47256d34",
        "value": 13.12,
        "timestamp_measured": "2019-04-27T00:00:00+00:00",
        "import_log_id": "930e25c0-5c17-4757-b49d-8441a8e02991",
        "rating": 2,
        "status": "validated"
    },
    {
        "id": "846efb58-bbb5-46aa-b7e4-61b7527382cc",
        "station_id": "5b2a40aa-e9db-47bf-88cb-d14fe8b7790e",
        "component_id": "88afd3d1-6da3-496a-ac81-669a47256d34",
        "value": 10.53,
        "timestamp_measured": "2019-04-27T01:00:00+00:00",
        "import_log_id": "930e25c0-5c17-4757-b49d-8441a8e02991",
        "rating": 2,
        "status": "validated"
    },
    {
        "id": "84c4f142-01d1-46a1-a7d1-d98b271950ea",
        "station_id": "5b2a40aa-e9db-47bf-88cb-d14fe8b7790e",
        "component_id": "88afd3d1-6da3-496a-ac81-669a47256d34",
        "value": 8.71,
        "timestamp_measured": "2019-04-27T02:00:00+00:00",
        "import_log_id": "930e25c0-5c17-4757-b49d-8441a8e02991",
        "rating": 1,
        "status": "validated"
    },
    {
        "id": "6b04da36-cf9d-4ee2-8839-033c9a894ee5",
        "station_id": "5b2a40aa-e9db-47bf-88cb-d14fe8b7790e",
        "component_id": "88afd3d1-6da3-496a-ac81-669a47256d34",
        "value": 5.72,
        "timestamp_measured": "2019-04-27T03:00:00+00:00",
        "import_log_id": "930e25c0-5c17-4757-b49d-8441a8e02991",
        "rating": 1,
        "status": "validated"
    },
    {
        "id": "7c7a6e05-2873-4970-be31-661429198f0b",
        "station_id": "5b2a40aa-e9db-47bf-88cb-d14fe8b7790e",
        "component_id": "88afd3d1-6da3-496a-ac81-669a47256d34",
        "value": 4.41,
        "timestamp_measured": "2019-04-27T04:00:00+00:00",
        "import_log_id": "930e25c0-5c17-4757-b49d-8441a8e02991",
        "rating": 1,
        "status": "validated"
    },
    {
        "id": "9adb2a03-3266-4f51-bc7d-264975ab26bd",
        "station_id": "5b2a40aa-e9db-47bf-88cb-d14fe8b7790e",
        "component_id": "88afd3d1-6da3-496a-ac81-669a47256d34",
        "value": 4.72,
        "timestamp_measured": "2019-04-27T05:00:00+00:00",
        "import_log_id": "930e25c0-5c17-4757-b49d-8441a8e02991",
        "rating": 1,
        "status": "validated"
    },
    {
        "id": "17d407e9-6689-44a7-8b1c-d89da3b727c7",
        "station_id": "5b2a40aa-e9db-47bf-88cb-d14fe8b7790e",
        "component_id": "88afd3d1-6da3-496a-ac81-669a47256d34",
        "value": 3.58,
        "timestamp_measured": "2019-04-27T06:00:00+00:00",
        "import_log_id": "930e25c0-5c17-4757-b49d-8441a8e02991",
        "rating": 1,
        "status": "validated"
    },
    {
        "id": "a0e259ab-a40f-4044-aa41-fe25551de3a0",
        "station_id": "5b2a40aa-e9db-47bf-88cb-d14fe8b7790e",
        "component_id": "88afd3d1-6da3-496a-ac81-669a47256d34",
        "value": 3.2,
        "timestamp_measured": "2019-04-27T07:00:00+00:00",
        "import_log_id": "930e25c0-5c17-4757-b49d-8441a8e02991",
        "rating": 1,
        "status": "validated"
    },
    {
        "id": "994a850f-7dcf-489c-91ae-f9cbda832fcd",
        "station_id": "5b2a40aa-e9db-47bf-88cb-d14fe8b7790e",
        "component_id": "88afd3d1-6da3-496a-ac81-669a47256d34",
        "value": 4.1,
        "timestamp_measured": "2019-04-27T08:00:00+00:00",
        "import_log_id": "930e25c0-5c17-4757-b49d-8441a8e02991",
        "rating": 1,
        "status": "validated"
    },
    {
        "id": "fd796b0b-9052-4343-b424-58086e857677",
        "station_id": "5b2a40aa-e9db-47bf-88cb-d14fe8b7790e",
        "component_id": "88afd3d1-6da3-496a-ac81-669a47256d34",
        "value": 5.26,
        "timestamp_measured": "2019-04-27T09:00:00+00:00",
        "import_log_id": "930e25c0-5c17-4757-b49d-8441a8e02991",
        "rating": 1,
        "status": "validated"
    },
    {
        "id": "388e3e5a-add1-429d-b8a0-b51d537ab8ed",
        "station_id": "5b2a40aa-e9db-47bf-88cb-d14fe8b7790e",
        "component_id": "88afd3d1-6da3-496a-ac81-669a47256d34",
        "value": 6.77,
        "timestamp_measured": "2019-04-27T10:00:00+00:00",
        "import_log_id": "930e25c0-5c17-4757-b49d-8441a8e02991",
        "rating": 1,
        "status": "validated"
    },
    {
        "id": "5ba40c5b-a84c-4080-be17-c720b5fc9544",
        "station_id": "5b2a40aa-e9db-47bf-88cb-d14fe8b7790e",
        "component_id": "88afd3d1-6da3-496a-ac81-669a47256d34",
        "value": 7.24,
        "timestamp_measured": "2019-04-27T11:00:00+00:00",
        "import_log_id": "930e25c0-5c17-4757-b49d-8441a8e02991",
        "rating": 1,
        "status": "validated"
    },
    {
        "id": "6c0f8ab1-7b20-41a3-afbc-d226ab539b94",
        "station_id": "5b2a40aa-e9db-47bf-88cb-d14fe8b7790e",
        "component_id": "88afd3d1-6da3-496a-ac81-669a47256d34",
        "value": 7.04,
        "timestamp_measured": "2019-04-27T12:00:00+00:00",
        "import_log_id": "930e25c0-5c17-4757-b49d-8441a8e02991",
        "rating": 1,
        "status": "validated"
    },
    {
        "id": "3524999d-aa58-461d-a029-7756fa57b6e4",
        "station_id": "5b2a40aa-e9db-47bf-88cb-d14fe8b7790e",
        "component_id": "88afd3d1-6da3-496a-ac81-669a47256d34",
        "value": 7.55,
        "timestamp_measured": "2019-04-27T13:00:00+00:00",
        "import_log_id": "930e25c0-5c17-4757-b49d-8441a8e02991",
        "rating": 1,
        "status": "validated"
    },
    {
        "id": "4e570693-9f0e-4068-ae1f-f8288cb103d5",
        "station_id": "5b2a40aa-e9db-47bf-88cb-d14fe8b7790e",
        "component_id": "88afd3d1-6da3-496a-ac81-669a47256d34",
        "value": 6.02,
        "timestamp_measured": "2019-04-27T14:00:00+00:00",
        "import_log_id": "930e25c0-5c17-4757-b49d-8441a8e02991",
        "rating": 1,
        "status": "validated"
    },
    {
        "id": "c8c702c7-0790-481c-9f6c-c53d6959ef53",
        "station_id": "5b2a40aa-e9db-47bf-88cb-d14fe8b7790e",
        "component_id": "88afd3d1-6da3-496a-ac81-669a47256d34",
        "value": 7.07,
        "timestamp_measured": "2019-04-27T15:00:00+00:00",
        "import_log_id": "930e25c0-5c17-4757-b49d-8441a8e02991",
        "rating": 1,
        "status": "validated"
    },
    {
        "id": "23da0327-5c54-43fb-8e5c-3f04d5257ff2",
        "station_id": "5b2a40aa-e9db-47bf-88cb-d14fe8b7790e",
        "component_id": "88afd3d1-6da3-496a-ac81-669a47256d34",
        "value": 7.41,
        "timestamp_measured": "2019-04-27T16:00:00+00:00",
        "import_log_id": "930e25c0-5c17-4757-b49d-8441a8e02991",
        "rating": 1,
        "status": "validated"
    },
    {
        "id": "3096f151-2158-44df-b26d-1d922699b9c4",
        "station_id": "5b2a40aa-e9db-47bf-88cb-d14fe8b7790e",
        "component_id": "88afd3d1-6da3-496a-ac81-669a47256d34",
        "value": 7.08,
        "timestamp_measured": "2019-04-27T17:00:00+00:00",
        "import_log_id": "930e25c0-5c17-4757-b49d-8441a8e02991",
        "rating": 1,
        "status": "validated"
    },
    {
        "id": "d645fdd5-451b-4c75-a2ba-686d025d8646",
        "station_id": "5b2a40aa-e9db-47bf-88cb-d14fe8b7790e",
        "component_id": "88afd3d1-6da3-496a-ac81-669a47256d34",
        "value": 7.65,
        "timestamp_measured": "2019-04-27T18:00:00+00:00",
        "import_log_id": "930e25c0-5c17-4757-b49d-8441a8e02991",
        "rating": 1,
        "status": "validated"
    },
    {
        "id": "af97a048-f581-4ee6-892c-6009d6ec6681",
        "station_id": "5b2a40aa-e9db-47bf-88cb-d14fe8b7790e",
        "component_id": "88afd3d1-6da3-496a-ac81-669a47256d34",
        "value": 7.52,
        "timestamp_measured": "2019-04-27T19:00:00+00:00",
        "import_log_id": "930e25c0-5c17-4757-b49d-8441a8e02991",
        "rating": 1,
        "status": "validated"
    },
    {
        "id": "0dbc4dfe-3086-4977-a131-e32aa2c11f45",
        "station_id": "5b2a40aa-e9db-47bf-88cb-d14fe8b7790e",
        "component_id": "88afd3d1-6da3-496a-ac81-669a47256d34",
        "value": 7.23,
        "timestamp_measured": "2019-04-27T20:00:00+00:00",
        "import_log_id": "930e25c0-5c17-4757-b49d-8441a8e02991",
        "rating": 1,
        "status": "validated"
    },
    {
        "id": "03a2422d-f47f-44ba-99bf-18172bc3f9f4",
        "station_id": "5b2a40aa-e9db-47bf-88cb-d14fe8b7790e",
        "component_id": "88afd3d1-6da3-496a-ac81-669a47256d34",
        "value": 7.5,
        "timestamp_measured": "2019-04-27T21:00:00+00:00",
        "import_log_id": "930e25c0-5c17-4757-b49d-8441a8e02991",
        "rating": 1,
        "status": "validated"
    },
    {
        "id": "ec751049-c45f-4601-b2c3-07e7a7e1e44c",
        "station_id": "5b2a40aa-e9db-47bf-88cb-d14fe8b7790e",
        "component_id": "88afd3d1-6da3-496a-ac81-669a47256d34",
        "value": 7.7,
        "timestamp_measured": "2019-04-27T22:00:00+00:00",
        "import_log_id": "930e25c0-5c17-4757-b49d-8441a8e02991",
        "rating": 1,
        "status": "validated"
    },
    {
        "id": "fc8ecc0d-12ca-4a0d-9f9a-5855246b1f4e",
        "station_id": "5b2a40aa-e9db-47bf-88cb-d14fe8b7790e",
        "component_id": "88afd3d1-6da3-496a-ac81-669a47256d34",
        "value": 7.3,
        "timestamp_measured": "2019-04-27T23:00:00+00:00",
        "import_log_id": "930e25c0-5c17-4757-b49d-8441a8e02991",
        "rating": 1,
        "status": "validated"
    },
    {
        "id": "a78c4a78-18e5-48f8-996a-b4b497a14e42",
        "station_id": "5b2a40aa-e9db-47bf-88cb-d14fe8b7790e",
        "component_id": "88afd3d1-6da3-496a-ac81-669a47256d34",
        "value": 6.18,
        "timestamp_measured": "2019-04-28T00:00:00+00:00",
        "import_log_id": "930e25c0-5c17-4757-b49d-8441a8e02991",
        "rating": 1,
        "status": "validated"
    },
    {
        "id": "7c425c07-ef45-496a-8551-62c6a80f5c9c",
        "station_id": "5b2a40aa-e9db-47bf-88cb-d14fe8b7790e",
        "component_id": "88afd3d1-6da3-496a-ac81-669a47256d34",
        "value": 4.87,
        "timestamp_measured": "2019-04-28T01:00:00+00:00",
        "import_log_id": "930e25c0-5c17-4757-b49d-8441a8e02991",
        "rating": 1,
        "status": "validated"
    },
    {
        "id": "c9eb7d77-124e-4f25-9b82-a0c439a290ea",
        "station_id": "5b2a40aa-e9db-47bf-88cb-d14fe8b7790e",
        "component_id": "88afd3d1-6da3-496a-ac81-669a47256d34",
        "value": 5.34,
        "timestamp_measured": "2019-04-28T02:00:00+00:00",
        "import_log_id": "930e25c0-5c17-4757-b49d-8441a8e02991",
        "rating": 1,
        "status": "validated"
    },
    {
        "id": "e1eab881-6e8e-425d-bfb3-359deabc516f",
        "station_id": "5b2a40aa-e9db-47bf-88cb-d14fe8b7790e",
        "component_id": "88afd3d1-6da3-496a-ac81-669a47256d34",
        "value": 5.05,
        "timestamp_measured": "2019-04-28T03:00:00+00:00",
        "import_log_id": "930e25c0-5c17-4757-b49d-8441a8e02991",
        "rating": 1,
        "status": "validated"
    },
    {
        "id": "f43d6da3-5a8f-41e9-92db-684d7f9c5780",
        "station_id": "5b2a40aa-e9db-47bf-88cb-d14fe8b7790e",
        "component_id": "88afd3d1-6da3-496a-ac81-669a47256d34",
        "value": 3.9,
        "timestamp_measured": "2019-04-28T04:00:00+00:00",
        "import_log_id": "930e25c0-5c17-4757-b49d-8441a8e02991",
        "rating": 1,
        "status": "validated"
    },
    {
        "id": "a4c73f65-909e-4f74-bf3b-20b6b958438d",
        "station_id": "5b2a40aa-e9db-47bf-88cb-d14fe8b7790e",
        "component_id": "88afd3d1-6da3-496a-ac81-669a47256d34",
        "value": 4.48,
        "timestamp_measured": "2019-04-28T05:00:00+00:00",
        "import_log_id": "930e25c0-5c17-4757-b49d-8441a8e02991",
        "rating": 1,
        "status": "validated"
    },
    {
        "id": "c0198030-bba1-4188-ab68-46d5787ea107",
        "station_id": "5b2a40aa-e9db-47bf-88cb-d14fe8b7790e",
        "component_id": "88afd3d1-6da3-496a-ac81-669a47256d34",
        "value": 4.55,
        "timestamp_measured": "2019-04-28T06:00:00+00:00",
        "import_log_id": "930e25c0-5c17-4757-b49d-8441a8e02991",
        "rating": 1,
        "status": "validated"
    },
    {
        "id": "226c1541-4a04-4ccc-bcd2-9c9ac6088ba9",
        "station_id": "5b2a40aa-e9db-47bf-88cb-d14fe8b7790e",
        "component_id": "88afd3d1-6da3-496a-ac81-669a47256d34",
        "value": 4.09,
        "timestamp_measured": "2019-04-28T07:00:00+00:00",
        "import_log_id": "930e25c0-5c17-4757-b49d-8441a8e02991",
        "rating": 1,
        "status": "validated"
    },
    {
        "id": "68b8a2d8-362b-4d55-962a-2e794487ea68",
        "station_id": "5b2a40aa-e9db-47bf-88cb-d14fe8b7790e",
        "component_id": "88afd3d1-6da3-496a-ac81-669a47256d34",
        "value": 4.03,
        "timestamp_measured": "2019-04-28T08:00:00+00:00",
        "import_log_id": "930e25c0-5c17-4757-b49d-8441a8e02991",
        "rating": 1,
        "status": "validated"
    },
    {
        "id": "ee0ccfd4-25bc-4b24-87b4-edf8b62ad702",
        "station_id": "5b2a40aa-e9db-47bf-88cb-d14fe8b7790e",
        "component_id": "88afd3d1-6da3-496a-ac81-669a47256d34",
        "value": 4.77,
        "timestamp_measured": "2019-04-28T09:00:00+00:00",
        "import_log_id": "930e25c0-5c17-4757-b49d-8441a8e02991",
        "rating": 1,
        "status": "validated"
    },
    {
        "id": "805963f5-2e26-4eb4-abf8-89b14260df9e",
        "station_id": "5b2a40aa-e9db-47bf-88cb-d14fe8b7790e",
        "component_id": "88afd3d1-6da3-496a-ac81-669a47256d34",
        "value": 5.48,
        "timestamp_measured": "2019-04-28T10:00:00+00:00",
        "import_log_id": "930e25c0-5c17-4757-b49d-8441a8e02991",
        "rating": 1,
        "status": "validated"
    },
    {
        "id": "4ada46eb-adae-44a0-bd34-f988c17810b9",
        "station_id": "5b2a40aa-e9db-47bf-88cb-d14fe8b7790e",
        "component_id": "88afd3d1-6da3-496a-ac81-669a47256d34",
        "value": 4.02,
        "timestamp_measured": "2019-04-28T11:00:00+00:00",
        "import_log_id": "930e25c0-5c17-4757-b49d-8441a8e02991",
        "rating": 1,
        "status": "validated"
    },
    {
        "id": "cdce8315-a025-4735-9f14-ebc7a4e1f896",
        "station_id": "5b2a40aa-e9db-47bf-88cb-d14fe8b7790e",
        "component_id": "88afd3d1-6da3-496a-ac81-669a47256d34",
        "value": 2.52,
        "timestamp_measured": "2019-04-28T12:00:00+00:00",
        "import_log_id": "930e25c0-5c17-4757-b49d-8441a8e02991",
        "rating": 1,
        "status": "validated"
    },
    {
        "id": "2cc201d5-a98c-4bc8-abcd-5b3ddb3d8e43",
        "station_id": "5b2a40aa-e9db-47bf-88cb-d14fe8b7790e",
        "component_id": "88afd3d1-6da3-496a-ac81-669a47256d34",
        "value": 2.69,
        "timestamp_measured": "2019-04-28T13:00:00+00:00",
        "import_log_id": "930e25c0-5c17-4757-b49d-8441a8e02991",
        "rating": 1,
        "status": "validated"
    },
    {
        "id": "0707029c-3c10-4afa-b2fc-72da6dd13ce5",
        "station_id": "5b2a40aa-e9db-47bf-88cb-d14fe8b7790e",
        "component_id": "88afd3d1-6da3-496a-ac81-669a47256d34",
        "value": 3.01,
        "timestamp_measured": "2019-04-28T14:00:00+00:00",
        "import_log_id": "930e25c0-5c17-4757-b49d-8441a8e02991",
        "rating": 1,
        "status": "validated"
    },
    {
        "id": "7359ea69-ef8f-4922-9dfe-2a6931f0f274",
        "station_id": "5b2a40aa-e9db-47bf-88cb-d14fe8b7790e",
        "component_id": "88afd3d1-6da3-496a-ac81-669a47256d34",
        "value": 3.68,
        "timestamp_measured": "2019-04-28T15:00:00+00:00",
        "import_log_id": "930e25c0-5c17-4757-b49d-8441a8e02991",
        "rating": 1,
        "status": "validated"
    },
    {
        "id": "b6f467f2-fe7c-4f25-95fe-cd7fed5c1dcb",
        "station_id": "5b2a40aa-e9db-47bf-88cb-d14fe8b7790e",
        "component_id": "88afd3d1-6da3-496a-ac81-669a47256d34",
        "value": 3.27,
        "timestamp_measured": "2019-04-28T16:00:00+00:00",
        "import_log_id": "930e25c0-5c17-4757-b49d-8441a8e02991",
        "rating": 1,
        "status": "validated"
    },
    {
        "id": "30c3e2af-78e7-4703-8948-ddcd2cc0b4bf",
        "station_id": "5b2a40aa-e9db-47bf-88cb-d14fe8b7790e",
        "component_id": "88afd3d1-6da3-496a-ac81-669a47256d34",
        "value": 7.47,
        "timestamp_measured": "2019-04-28T17:00:00+00:00",
        "import_log_id": "930e25c0-5c17-4757-b49d-8441a8e02991",
        "rating": 1,
        "status": "validated"
    },
    {
        "id": "d40554d0-3ab9-4176-a2d9-9198761f61d9",
        "station_id": "5b2a40aa-e9db-47bf-88cb-d14fe8b7790e",
        "component_id": "88afd3d1-6da3-496a-ac81-669a47256d34",
        "value": 8.43,
        "timestamp_measured": "2019-04-28T18:00:00+00:00",
        "import_log_id": "930e25c0-5c17-4757-b49d-8441a8e02991",
        "rating": 1,
        "status": "validated"
    },
    {
        "id": "39014fd8-ec21-4aa5-9554-77d08f981690",
        "station_id": "5b2a40aa-e9db-47bf-88cb-d14fe8b7790e",
        "component_id": "88afd3d1-6da3-496a-ac81-669a47256d34",
        "value": 17.07,
        "timestamp_measured": "2019-04-28T19:00:00+00:00",
        "import_log_id": "930e25c0-5c17-4757-b49d-8441a8e02991",
        "rating": 2,
        "status": "validated"
    },
    {
        "id": "6d0bcf7d-b55f-41ab-86b0-99b8fef428cf",
        "station_id": "5b2a40aa-e9db-47bf-88cb-d14fe8b7790e",
        "component_id": "88afd3d1-6da3-496a-ac81-669a47256d34",
        "value": 15.83,
        "timestamp_measured": "2019-04-28T20:00:00+00:00",
        "import_log_id": "930e25c0-5c17-4757-b49d-8441a8e02991",
        "rating": 2,
        "status": "validated"
    },
    {
        "id": "843a9fcf-ca39-406c-9ff1-dc91e23a5d03",
        "station_id": "5b2a40aa-e9db-47bf-88cb-d14fe8b7790e",
        "component_id": "88afd3d1-6da3-496a-ac81-669a47256d34",
        "value": 17.89,
        "timestamp_measured": "2019-04-28T21:00:00+00:00",
        "import_log_id": "930e25c0-5c17-4757-b49d-8441a8e02991",
        "rating": 2,
        "status": "validated"
    },
    {
        "id": "26824225-cadb-4c98-be28-7ed10d6dc719",
        "station_id": "5b2a40aa-e9db-47bf-88cb-d14fe8b7790e",
        "component_id": "88afd3d1-6da3-496a-ac81-669a47256d34",
        "value": -999.0,
        "timestamp_measured": "2019-04-28T22:00:00+00:00",
        "import_log_id": "930e25c0-5c17-4757-b49d-8441a8e02991",
        "rating": -999,
        "status": "unvalidated"
    }
]