[
    {
        "id": "4c9d2351-d297-4f8f-91ca-afaa1a6101d6",
        "station_id": "f33b882a-adbc-4820-9145-33d406415985",
        "component_id": "88afd3d1-6da3-496a-ac81-669a47256d34",
        "value": 9.3,
        "timestamp_measured": "2019-03-31T22:00:00+00:00",
        "import_log_id": "6f8cadd4-ceb8-4248-b6c4-549ee55cc594",
        "rating": 1,
        "status": "validated"
    },
    {
        "id": "a35efc2e-c6a5-4980-a831-4ac9482cefe9",
        "station_id": "f33b882a-adbc-4820-9145-33d406415985",
        "component_id": "88afd3d1-6da3-496a-ac81-669a47256d34",
        "value": 7.5,
        "timestamp_measured": "2019-03-31T23:00:00+00:00",
        "import_log_id": "6f8cadd4-ceb8-4248-b6c4-549ee55cc594",
        "rating": 1,
        "status": "validated"
    },
    {
        "id": "87d409b5-e66a-4314-b05f-48eee83b6308",
        "station_id": "f33b882a-adbc-4820-9145-33d406415985",
        "component_id": "88afd3d1-6da3-496a-ac81-669a47256d34",
        "value": 5.1,
        "timestamp_measured": "2019-04-01T00:00:00+00:00",
        "import_log_id": "6f8cadd4-ceb8-4248-b6c4-549ee55cc594",
        "rating": 1,
        "status": "validated"
    },
    {
        "id": "0e2ad7da-ac3b-4d91-a928-fe9ad5ce2299",
        "station_id": "f33b882a-adbc-4820-9145-33d406415985",
        "component_id": "88afd3d1-6da3-496a-ac81-669a47256d34",
        "value": 4.5,
        "timestamp_measured": "2019-04-01T01:00:00+00:00",
        "import_log_id": "6f8cadd4-ceb8-4248-b6c4-549ee55cc594",
        "rating": 1,
        "status": "validated"
    },
    {
        "id": "5bf55271-af91-4bca-97bc-cb64688a3fcf",
        "station_id": "f33b882a-adbc-4820-9145-33d406415985",
        "component_id": "88afd3d1-6da3-496a-ac81-669a47256d34",
        "value": 4.0,
        "timestamp_measured": "2019-04-01T02:00:00+00:00",
        "import_log_id": "6f8cadd4-ceb8-4248-b6c4-549ee55cc594",
        "rating": 1,
        "status": "validated"
    },
    {
        "id": "fd843032-2a22-41a9-a526-9b3b64acd8c4",
        "station_id": "f33b882a-adbc-4820-9145-33d406415985",
        "component_id": "88afd3d1-6da3-496a-ac81-669a47256d34",
        "value": 5.3,
        "timestamp_measured": "2019-04-01T03:00:00+00:00",
        "import_log_id": "6f8cadd4-ceb8-4248-b6c4-549ee55cc594",
        "rating": 1,
        "status": "validated"
    },
    {
        "id": "81b1706a-1f92-440f-ba54-7b3d9d041bb9",
        "station_id": "f33b882a-adbc-4820-9145-33d406415985",
        "component_id": "88afd3d1-6da3-496a-ac81-669a47256d34",
        "value": 6.5,
        "timestamp_measured": "2019-04-01T04:00:00+00:00",
        "import_log_id": "6f8cadd4-ceb8-4248-b6c4-549ee55cc594",
        "rating": 1,
        "status": "validated"
    },
    {
        "id": "51df9ad6-dab8-44cd-ad36-e4eeff6f6794",
        "station_id": "f33b882a-adbc-4820-9145-33d406415985",
        "component_id": "88afd3d1-6da3-496a-ac81-669a47256d34",
        "value": 15.9,
        "timestamp_measured": "2019-04-01T05:00:00+00:00",
        "import_log_id": "6f8cadd4-ceb8-4248-b6c4-549ee55cc594",
        "rating": 2,
        "status": "validated"
    },
    {
        "id": "609fb5b5-322c-4166-b207-53b38e5ec27e",
        "station_id": "f33b882a-adbc-4820-9145-33d406415985",
        "component_id": "88afd3d1-6da3-496a-ac81-669a47256d34",
        "value": 22.9,
        "timestamp_measured": "2019-04-01T06:00:00+00:00",
        "import_log_id": "6f8cadd4-ceb8-4248-b6c4-549ee55cc594",
        "rating": 3,
        "status": "validated"
    },
    {
        "id": "1d55ea8a-e712-4cc0-830a-0f1874cb9b51",
        "station_id": "f33b882a-adbc-4820-9145-33d406415985",
        "component_id": "88afd3d1-6da3-496a-ac81-669a47256d34",
        "value": 32.3,
        "timestamp_measured": "2019-04-01T07:00:00+00:00",
        "import_log_id": "6f8cadd4-ceb8-4248-b6c4-549ee55cc594",
        "rating": 4,
        "status": "validated"
    },
    {
        "id": "a3569659-6fbd-499e-ad97-61360bae77ce",
        "station_id": "f33b882a-adbc-4820-9145-33d406415985",
        "component_id": "88afd3d1-6da3-496a-ac81-669a47256d34",
        "value": 28.0,
        "timestamp_measured": "2019-04-01T08:00:00+00:00",
        "import_log_id": "6f8cadd4-ceb8-4248-b6c4-549ee55cc594",
        "rating": 3,
        "status": "validated"
    },
    {
        "id": "821ef958-ed97-4854-889b-4025c8195122",
        "station_id": "f33b882a-adbc-4820-9145-33d406415985",
        "component_id": "88afd3d1-6da3-496a-ac81-669a47256d34",
        "value": 32.5,
        "timestamp_measured": "2019-04-01T09:00:00+00:00",
        "import_log_id": "6f8cadd4-ceb8-4248-b6c4-549ee55cc594",
        "rating": 4,
        "status": "validated"
    },
    {
        "id": "c1fdb8b9-11ca-4fe9-a2d4-f1553e484944",
        "station_id": "f33b882a-adbc-4820-9145-33d406415985",
        "component_id": "88afd3d1-6da3-496a-ac81-669a47256d34",
        "value": 29.5,
        "timestamp_measured": "2019-04-01T10:00:00+00:00",
        "import_log_id": "6f8cadd4-ceb8-4248-b6c4-549ee55cc594",
        "rating": 3,
        "status": "validated"
    },
    {
        "id": "b9031378-532c-4d40-8bbf-baa1dad42e2f",
        "station_id": "f33b882a-adbc-4820-9145-33d406415985",
        "component_id": "88afd3d1-6da3-496a-ac81-669a47256d34",
        "value": 23.7,
        "timestamp_measured": "2019-04-01T11:00:00+00:00",
        "import_log_id": "6f8cadd4-ceb8-4248-b6c4-549ee55cc594",
        "rating": 3,
        "status": "validated"
    },
    {
        "id": "7ee4510d-0e5a-47b3-af48-177ebf6c9df5",
        "station_id": "f33b882a-adbc-4820-9145-33d406415985",
        "component_id": "88afd3d1-6da3-496a-ac81-669a47256d34",
        "value": 20.3,
        "timestamp_measured": "2019-04-01T12:00:00+00:00",
        "import_log_id": "6f8cadd4-ceb8-4248-b6c4-549ee55cc594",
        "rating": 3,
        "status": "validated"
    },
    {
        "id": "16eb64cb-5f89-4b08-a9f3-4f471bc3fe34",
        "station_id": "f33b882a-adbc-4820-9145-33d406415985",
        "component_id": "88afd3d1-6da3-496a-ac81-669a47256d34",
        "value": 17.8,
        "timestamp_measured": "2019-04-01T13:00:00+00:00",
        "import_log_id": "6f8cadd4-ceb8-4248-b6c4-549ee55cc594",
        "rating": 2,
        "status": "validated"
    },
    {
        "id": "52edac7c-c43a-4418-a332-37fde7cdb2ec",
        "station_id": "f33b882a-adbc-4820-9145-33d406415985",
        "component_id": "88afd3d1-6da3-496a-ac81-669a47256d34",
        "value": 19.3,
        "timestamp_measured": "2019-04-01T14:00:00+00:00",
        "import_log_id": "6f8cadd4-ceb8-4248-b6c4-549ee55cc594",
        "rating": 2,
        "status": "validated"
    },
    {
        "id": "1c1a4b0e-562f-4ea7-9f95-a573573101fc",
        "station_id": "f33b882a-adbc-4820-9145-33d406415985",
        "component_id": "88afd3d1-6da3-496a-ac81-669a47256d34",
        "value": 15.6,
        "timestamp_measured": "2019-04-01T15:00:00+00:00",
        "import_log_id": "6f8cadd4-ceb8-4248-b6c4-549ee55cc594",
        "rating": 2,
        "status": "validated"
    },
    {
        "id": "38738293-00d3-41ad-a23d-ee0c3845bd51",
        "station_id": "f33b882a-adbc-4820-9145-33d406415985",
        "component_id": "88afd3d1-6da3-496a-ac81-669a47256d34",
        "value": 15.4,
        "timestamp_measured": "2019-04-01T16:00:00+00:00",
        "import_log_id": "6f8cadd4-ceb8-4248-b6c4-549ee55cc594",
        "rating": 2,
        "status": "validated"
    },
    {
        "id": "84afcf53-c5b7-4f48-a204-46b4b6f49e30",
        "station_id": "f33b882a-adbc-4820-9145-33d406415985",
        "component_id": "88afd3d1-6da3-496a-ac81-669a47256d34",
        "value": 16.6,
        "timestamp_measured": "2019-04-01T17:00:00+00:00",
        "import_log_id": "6f8cadd4-ceb8-4248-b6c4-549ee55cc594",
        "rating": 2,
        "status": "validated"
    },
    {
        "id": "b54bde69-1954-4cdd-a42f-26265e8c659d",
        "station_id": "f33b882a-adbc-4820-9145-33d406415985",
        "component_id": "88afd3d1-6da3-496a-ac81-669a47256d34",
        "value": 23.5,
        "timestamp_measured": "2019-04-01T18:00:00+00:00",
        "import_log_id": "6f8cadd4-ceb8-4248-b6c4-549ee55cc594",
        "rating": 3,
        "status": "validated"
    },
    {
        "id": "56492917-ffb7-415c-92eb-55ac9a9930ea",
        "station_id": "f33b882a-adbc-4820-9145-33d406415985",
        "component_id": "88afd3d1-6da3-496a-ac81-669a47256d34",
        "value": 34.7,
        "timestamp_measured": "2019-04-01T19:00:00+00:00",
        "import_log_id": "6f8cadd4-ceb8-4248-b6c4-549ee55cc594",
        "rating": 4,
        "status": "validated"
    },
    {
        "id": "d9507eb1-4e87-4531-8541-bd4bc8887d03",
        "station_id": "f33b882a-adbc-4820-9145-33d406415985",
        "component_id": "88afd3d1-6da3-496a-ac81-669a47256d34",
        "value": 40.6,
        "timestamp_measured": "2019-04-01T20:00:00+00:00",
        "import_log_id": "6f8cadd4-ceb8-4248-b6c4-549ee55cc594",
        "rating": 4,
        "status": "validated"
    },
    {
        "id": "a398dfe6-f3c9-45e9-b2e1-7af35b53e9b2",
        "station_id": "f33b882a-adbc-4820-9145-33d406415985",
        "component_id": "88afd3d1-6da3-496a-ac81-669a47256d34",
        "value": 46.0,
        "timestamp_measured": "2019-04-01T21:00:00+00:00",
        "import_log_id": "6f8cadd4-ceb8-4248-b6c4-549ee55cc594",
        "rating": 5,
        "status": "validated"
    },
    {
        "id": "5c7f40f2-ed6f-425c-b8af-dda61bd8661c",
        "station_id": "f33b882a-adbc-4820-9145-33d406415985",
        "component_id": "88afd3d1-6da3-496a-ac81-669a47256d34",
        "value": 32.3,
        "timestamp_measured": "2019-04-01T22:00:00+00:00",
        "import_log_id": "6f8cadd4-ceb8-4248-b6c4-549ee55cc594",
        "rating": 4,
        "status": "validated"
    },
    {
        "id": "b34735ba-21e3-462f-bde3-06321921fcbb",
        "station_id": "f33b882a-adbc-4820-9145-33d406415985",
        "component_id": "88afd3d1-6da3-496a-ac81-669a47256d34",
        "value": 31.5,
        "timestamp_measured": "2019-04-01T23:00:00+00:00",
        "import_log_id": "6f8cadd4-ceb8-4248-b6c4-549ee55cc594",
        "rating": 4,
        "status": "validated"
    },
    {
        "id": "8d52f326-0bb5-4788-b05c-dace9f298031",
        "station_id": "f33b882a-adbc-4820-9145-33d406415985",
        "component_id": "88afd3d1-6da3-496a-ac81-669a47256d34",
        "value": 27.2,
        "timestamp_measured": "2019-04-02T00:00:00+00:00",
        "import_log_id": "6f8cadd4-ceb8-4248-b6c4-549ee55cc594",
        "rating": 3,
        "status": "validated"
    },
    {
        "id": "042664ae-b762-44de-a84e-abdf40e6421b",
        "station_id": "f33b882a-adbc-4820-9145-33d406415985",
        "component_id": "88afd3d1-6da3-496a-ac81-669a47256d34",
        "value": 19.1,
        "timestamp_measured": "2019-04-02T01:00:00+00:00",
        "import_log_id": "6f8cadd4-ceb8-4248-b6c4-549ee55cc594",
        "rating": 2,
        "status": "validated"
    },
    {
        "id": "a77435d6-e790-4976-b5ad-89c98907021f",
        "station_id": "f33b882a-adbc-4820-9145-33d406415985",
        "component_id": "88afd3d1-6da3-496a-ac81-669a47256d34",
        "value": 18.8,
        "timestamp_measured": "2019-04-02T02:00:00+00:00",
        "import_log_id": "6f8cadd4-ceb8-4248-b6c4-549ee55cc594",
        "rating": 2,
        "status": "validated"
    },
    {
        "id": "bbb72c64-8a23-47ad-8180-9a7b5875879f",
        "station_id": "f33b882a-adbc-4820-9145-33d406415985",
        "component_id": "88afd3d1-6da3-496a-ac81-669a47256d34",
        "value": 20.2,
        "timestamp_measured": "2019-04-02T03:00:00+00:00",
        "import_log_id": "6f8cadd4-ceb8-4248-b6c4-549ee55cc594",
        "rating": 3,
        "status": "validated"
    },
    {
        "id": "71319c59-ac53-4549-92b8-587ea23ba2cb",
        "station_id": "f33b882a-adbc-4820-9145-33d406415985",
        "component_id": "88afd3d1-6da3-496a-ac81-669a47256d34",
        "value": 24.0,
        "timestamp_measured": "2019-04-02T04:00:00+00:00",
        "import_log_id": "6f8cadd4-ceb8-4248-b6c4-549ee55cc594",
        "rating": 3,
        "status": "validated"
    },
    {
        "id": "361a0dfc-efd8-41e3-8eb9-d1e22acb17ad",
        "station_id": "f33b882a-adbc-4820-9145-33d406415985",
        "component_id": "88afd3d1-6da3-496a-ac81-669a47256d34",
        "value": 39.8,
        "timestamp_measured": "2019-04-02T05:00:00+00:00",
        "import_log_id": "6f8cadd4-ceb8-4248-b6c4-549ee55cc594",
        "rating": 4,
        "status": "validated"
    },
    {
        "id": "c3e6bd3e-7314-4d94-9fa5-3676efbe179a",
        "station_id": "f33b882a-adbc-4820-9145-33d406415985",
        "component_id": "88afd3d1-6da3-496a-ac81-669a47256d34",
        "value": 53.8,
        "timestamp_measured": "2019-04-02T06:00:00+00:00",
        "import_log_id": "6f8cadd4-ceb8-4248-b6c4-549ee55cc594",
        "rating": 5,
        "status": "validated"
    },
    {
        "id": "855231e4-1def-42fb-8cbb-0955abd7e61d",
        "station_id": "f33b882a-adbc-4820-9145-33d406415985",
        "component_id": "88afd3d1-6da3-496a-ac81-669a47256d34",
        "value": 64.8,
        "timestamp_measured": "2019-04-02T07:00:00+00:00",
        "import_log_id": "6f8cadd4-ceb8-4248-b6c4-549ee55cc594",
        "rating": 6,
        "status": "validated"
    },
    {
        "id": "3ebea0c0-376e-45ef-84e4-9c73e9d3f9f6",
        "station_id": "f33b882a-adbc-4820-9145-33d406415985",
        "component_id": "88afd3d1-6da3-496a-ac81-669a47256d34",
        "value": 70.3,
        "timestamp_measured": "2019-04-02T08:00:00+00:00",
        "import_log_id": "6f8cadd4-ceb8-4248-b6c4-549ee55cc594",
        "rating": 6,
        "status": "validated"
    },
    {
        "id": "b6f54c84-77cb-4c6a-baef-d3c11196967d",
        "station_id": "f33b882a-adbc-4820-9145-33d406415985",
        "component_id": "88afd3d1-6da3-496a-ac81-669a47256d34",
        "value": 61.9,
        "timestamp_measured": "2019-04-02T09:00:00+00:00",
        "import_log_id": "6f8cadd4-ceb8-4248-b6c4-549ee55cc594",
        "rating": 6,
        "status": "validated"
    },
    {
        "id": "012570f2-f82a-44eb-9528-15da81f490db",
        "station_id": "f33b882a-adbc-4820-9145-33d406415985",
        "component_id": "88afd3d1-6da3-496a-ac81-669a47256d34",
        "value": 52.6,
        "timestamp_measured": "2019-04-02T10:00:00+00:00",
        "import_log_id": "6f8cadd4-ceb8-4248-b6c4-549ee55cc594",
        "rating": 5,
        "status": "validated"
    },
    {
        "id": "82ad1896-6930-4b14-b4b8-a350fe4da473",
        "station_id": "f33b882a-adbc-4820-9145-33d406415985",
        "component_id": "88afd3d1-6da3-496a-ac81-669a47256d34",
        "value": 48.8,
        "timestamp_measured": "2019-04-02T11:00:00+00:00",
        "import_log_id": "6f8cadd4-ceb8-4248-b6c4-549ee55cc594",
        "rating": 5,
        "status": "validated"
    },
    {
        "id": "2d4c4cee-a5d7-4d87-b7d4-43d73021fc0f",
        "station_id": "f33b882a-adbc-4820-9145-33d406415985",
        "component_id": "88afd3d1-6da3-496a-ac81-669a47256d34",
        "value": 55.9,
        "timestamp_measured": "2019-04-02T12:00:00+00:00",
        "import_log_id": "6f8cadd4-ceb8-4248-b6c4-549ee55cc594",
        "rating": 5,
        "status": "validated"
    },
    {
        "id": "7e95a1f1-7d70-4d55-8854-53e3d7492486",
        "station_id": "f33b882a-adbc-4820-9145-33d406415985",
        "component_id": "88afd3d1-6da3-496a-ac81-669a47256d34",
        "value": 55.8,
        "timestamp_measured": "2019-04-02T13:00:00+00:00",
        "import_log_id": "6f8cadd4-ceb8-4248-b6c4-549ee55cc594",
        "rating": 5,
        "status": "validated"
    },
    {
        "id": "63561160-a76e-4a2e-b78f-6652a480c31b",
        "station_id": "f33b882a-adbc-4820-9145-33d406415985",
        "component_id": "88afd3d1-6da3-496a-ac81-669a47256d34",
        "value": 56.9,
        "timestamp_measured": "2019-04-02T14:00:00+00:00",
        "import_log_id": "6f8cadd4-ceb8-4248-b6c4-549ee55cc594",
        "rating": 5,
        "status": "validated"
    },
    {
        "id": "84926907-1496-4bd6-8217-1bf8ba06f7e4",
        "station_id": "f33b882a-adbc-4820-9145-33d406415985",
        "component_id": "88afd3d1-6da3-496a-ac81-669a47256d34",
        "value": 42.8,
        "timestamp_measured": "2019-04-02T15:00:00+00:00",
        "import_log_id": "6f8cadd4-ceb8-4248-b6c4-549ee55cc594",
        "rating": 4,
        "status": "validated"
    },
    {
        "id": "9e942cd8-1cd4-486e-ad4e-734bfbcfd57e",
        "station_id": "f33b882a-adbc-4820-9145-33d406415985",
        "component_id": "88afd3d1-6da3-496a-ac81-669a47256d34",
        "value": 42.7,
        "timestamp_measured": "2019-04-02T16:00:00+00:00",
        "import_log_id": "6f8cadd4-ceb8-4248-b6c4-549ee55cc594",
        "rating": 4,
        "status": "validated"
    },
    {
        "id": "3bbfaa73-497a-45af-af27-ea26fec1636b",
        "station_id": "f33b882a-adbc-4820-9145-33d406415985",
        "component_id": "88afd3d1-6da3-496a-ac81-669a47256d34",
        "value": 57.6,
        "timestamp_measured": "2019-04-02T17:00:00+00:00",
        "import_log_id": "6f8cadd4-ceb8-4248-b6c4-549ee55cc594",
        "rating": 5,
        "status": "validated"
    },
    {
        "id": "453b3306-4cc2-4acb-b87a-b0a98efbd997",
        "station_id": "f33b882a-adbc-4820-9145-33d406415985",
        "component_id": "88afd3d1-6da3-496a-ac81-669a47256d34",
        "value": 54.0,
        "timestamp_measured": "2019-04-02T18:00:00+00:00",
        "import_log_id": "6f8cadd4-ceb8-4248-b6c4-549ee55cc594",
        "rating": 5,
        "status": "validated"
    },
    {
        "id": "f348ae4c-7445-4712-b0dd-78a973f76a4b",
        "station_id": "f33b882a-adbc-4820-9145-33d406415985",
        "component_id": "88afd3d1-6da3-496a-ac81-669a47256d34",
        "value": 47.3,
        "timestamp_measured": "2019-04-02T19:00:00+00:00",
        "import_log_id": "6f8cadd4-ceb8-4248-b6c4-549ee55cc594",
        "rating": 5,
        "status": "validated"
    },
    {
        "id": "ea4710c5-aada-4645-9de9-097db019e123",
        "station_id": "f33b882a-adbc-4820-9145-33d406415985",
        "component_id": "88afd3d1-6da3-496a-ac81-669a47256d34",
        "value": 42.9,
        "timestamp_measured": "2019-04-02T20:00:00+00:00",
        "import_log_id": "6f8cadd4-ceb8-4248-b6c4-549ee55cc594",
        "rating": 4,
        "status": "validated"
    },
    {
        "id": "7c23e3e7-af62-42c0-92bf-c9a4f18d1ef4",
        "station_id": "f33b882a-adbc-4820-9145-33d406415985",
        "component_id": "88afd3d1-6da3-496a-ac81-669a47256d34",
        "value": 36.8,
        "timestamp_measured": "2019-04-02T21:00:00+00:00",
        "import_log_id": "6f8cadd4-ceb8-4248-b6c4-549ee55cc594",
        "rating": 4,
        "status": "validated"
    },
    {
        "id": "c1052638-c913-4e77-a2e9-298a5ffb910c",
        "station_id": "f33b882a-adbc-4820-9145-33d406415985",
        "component_id": "88afd3d1-6da3-496a-ac81-669a47256d34",
        "value": 31.3,
        "timestamp_measured": "2019-04-02T22:00:00+00:00",
        "import_log_id": "6f8cadd4-ceb8-4248-b6c4-549ee55cc594",
        "rating": 4,
        "status": "validated"
    },
    {
        "id": "9311d78c-66f9-4af2-894e-250ab7c189fe",
        "station_id": "f33b882a-adbc-4820-9145-33d406415985",
        "component_id": "88afd3d1-6da3-496a-ac81-669a47256d34",
        "value": 29.8,
        "timestamp_measured": "2019-04-02T23:00:00+00:00",
        "import_log_id": "6f8cadd4-ceb8-4248-b6c4-549ee55cc594",
        "rating": 3,
        "status": "validated"
    },
    {
        "id": "fc76ec50-f155-4f68-b96e-762e1b9d0043",
        "station_id": "f33b882a-adbc-4820-9145-33d406415985",
        "component_id": "88afd3d1-6da3-496a-ac81-669a47256d34",
        "value": 23.6,
        "timestamp_measured": "2019-04-03T00:00:00+00:00",
        "import_log_id": "6f8cadd4-ceb8-4248-b6c4-549ee55cc594",
        "rating": 3,
        "status": "validated"
    },
    {
        "id": "807368fa-3ebb-4039-89c2-945e00752171",
        "station_id": "f33b882a-adbc-4820-9145-33d406415985",
        "component_id": "88afd3d1-6da3-496a-ac81-669a47256d34",
        "value": 21.2,
        "timestamp_measured": "2019-04-03T01:00:00+00:00",
        "import_log_id": "6f8cadd4-ceb8-4248-b6c4-549ee55cc594",
        "rating": 3,
        "status": "validated"
    },
    {
        "id": "a6151a85-80e4-49b4-a4c0-faaf8d6dd4f4",
        "station_id": "f33b882a-adbc-4820-9145-33d406415985",
        "component_id": "88afd3d1-6da3-496a-ac81-669a47256d34",
        "value": 19.2,
        "timestamp_measured": "2019-04-03T02:00:00+00:00",
        "import_log_id": "6f8cadd4-ceb8-4248-b6c4-549ee55cc594",
        "rating": 2,
        "status": "validated"
    },
    {
        "id": "1b9dd355-f78a-4a8e-ad08-af4bd0782e0a",
        "station_id": "f33b882a-adbc-4820-9145-33d406415985",
        "component_id": "88afd3d1-6da3-496a-ac81-669a47256d34",
        "value": 20.4,
        "timestamp_measured": "2019-04-03T03:00:00+00:00",
        "import_log_id": "6f8cadd4-ceb8-4248-b6c4-549ee55cc594",
        "rating": 3,
        "status": "validated"
    },
    {
        "id": "5b01d07e-74f4-4310-b0c0-f1f48667108e",
        "station_id": "f33b882a-adbc-4820-9145-33d406415985",
        "component_id": "88afd3d1-6da3-496a-ac81-669a47256d34",
        "value": 24.1,
        "timestamp_measured": "2019-04-03T04:00:00+00:00",
        "import_log_id": "6f8cadd4-ceb8-4248-b6c4-549ee55cc594",
        "rating": 3,
        "status": "validated"
    },
    {
        "id": "2541347d-e66a-49d5-8d46-0e0617dc97f0",
        "station_id": "f33b882a-adbc-4820-9145-33d406415985",
        "component_id": "88afd3d1-6da3-496a-ac81-669a47256d34",
        "value": 35.8,
        "timestamp_measured": "2019-04-03T05:00:00+00:00",
        "import_log_id": "6f8cadd4-ceb8-4248-b6c4-549ee55cc594",
        "rating": 4,
        "status": "validated"
    },
    {
        "id": "bd06f39b-bc8e-43d5-82ca-03a3dd7c265a",
        "station_id": "f33b882a-adbc-4820-9145-33d406415985",
        "component_id": "88afd3d1-6da3-496a-ac81-669a47256d34",
        "value": 49.9,
        "timestamp_measured": "2019-04-03T06:00:00+00:00",
        "import_log_id": "6f8cadd4-ceb8-4248-b6c4-549ee55cc594",
        "rating": 5,
        "status": "validated"
    },
    {
        "id": "d578f415-dde6-4b14-9102-1cb520bb30f5",
        "station_id": "f33b882a-adbc-4820-9145-33d406415985",
        "component_id": "88afd3d1-6da3-496a-ac81-669a47256d34",
        "value": 54.1,
        "timestamp_measured": "2019-04-03T07:00:00+00:00",
        "import_log_id": "6f8cadd4-ceb8-4248-b6c4-549ee55cc594",
        "rating": 5,
        "status": "validated"
    },
    {
        "id": "ea4c5cf0-791a-4c9e-9b2e-6866f3209430",
        "station_id": "f33b882a-adbc-4820-9145-33d406415985",
        "component_id": "88afd3d1-6da3-496a-ac81-669a47256d34",
        "value": 54.6,
        "timestamp_measured": "2019-04-03T08:00:00+00:00",
        "import_log_id": "6f8cadd4-ceb8-4248-b6c4-549ee55cc594",
        "rating": 5,
        "status": "validated"
    },
    {
        "id": "987c7d90-b78d-47bb-b81a-d1faee09de68",
        "station_id": "f33b882a-adbc-4820-9145-33d406415985",
        "component_id": "88afd3d1-6da3-496a-ac81-669a47256d34",
        "value": 50.2,
        "timestamp_measured": "2019-04-03T09:00:00+00:00",
        "import_log_id": "6f8cadd4-ceb8-4248-b6c4-549ee55cc594",
        "rating": 5,
        "status": "validated"
    },
    {
        "id": "8f2a0062-978e-4ca5-b32d-df93b4b6f83a",
        "station_id": "f33b882a-adbc-4820-9145-33d406415985",
        "component_id": "88afd3d1-6da3-496a-ac81-669a47256d34",
        "value": 36.0,
        "timestamp_measured": "2019-04-03T10:00:00+00:00",
        "import_log_id": "6f8cadd4-ceb8-4248-b6c4-549ee55cc594",
        "rating": 4,
        "status": "validated"
    },
    {
        "id": "9710b49f-2ac2-4a97-9e67-c61359835ae9",
        "station_id": "f33b882a-adbc-4820-9145-33d406415985",
        "component_id": "88afd3d1-6da3-496a-ac81-669a47256d34",
        "value": 44.1,
        "timestamp_measured": "2019-04-03T11:00:00+00:00",
        "import_log_id": "6f8cadd4-ceb8-4248-b6c4-549ee55cc594",
        "rating": 4,
        "status": "validated"
    },
    {
        "id": "ca5f66de-d842-4432-a00a-e77e46a4596d",
        "station_id": "f33b882a-adbc-4820-9145-33d406415985",
        "component_id": "88afd3d1-6da3-496a-ac81-669a47256d34",
        "value": 40.9,
        "timestamp_measured": "2019-04-03T12:00:00+00:00",
        "import_log_id": "6f8cadd4-ceb8-4248-b6c4-549ee55cc594",
        "rating": 4,
        "status": "validated"
    },
    {
        "id": "bbad8fa2-64ea-40cc-a235-f1dadf55e4bc",
        "station_id": "f33b882a-adbc-4820-9145-33d406415985",
        "component_id": "88afd3d1-6da3-496a-ac81-669a47256d34",
        "value": 42.6,
        "timestamp_measured": "2019-04-03T13:00:00+00:00",
        "import_log_id": "6f8cadd4-ceb8-4248-b6c4-549ee55cc594",
        "rating": 4,
        "status": "validated"
    },
    {
        "id": "a77b3e20-1e66-443e-ba6d-f6577d748a5b",
        "station_id": "f33b882a-adbc-4820-9145-33d406415985",
        "component_id": "88afd3d1-6da3-496a-ac81-669a47256d34",
        "value": 35.1,
        "timestamp_measured": "2019-04-03T14:00:00+00:00",
        "import_log_id": "6f8cadd4-ceb8-4248-b6c4-549ee55cc594",
        "rating": 4,
        "status": "validated"
    },
    {
        "id": "cb3a2545-0afa-4642-93a6-9ffcf8db6dd4",
        "station_id": "f33b882a-adbc-4820-9145-33d406415985",
        "component_id": "88afd3d1-6da3-496a-ac81-669a47256d34",
        "value": 25.7,
        "timestamp_measured": "2019-04-03T15:00:00+00:00",
        "import_log_id": "6f8cadd4-ceb8-4248-b6c4-549ee55cc594",
        "rating": 3,
        "status": "validated"
    },
    {
        "id": "bac40557-6085-4ef4-8063-4c771f8a45e7",
        "station_id": "f33b882a-adbc-4820-9145-33d406415985",
        "component_id": "88afd3d1-6da3-496a-ac81-669a47256d34",
        "value": 25.3,
        "timestamp_measured": "2019-04-03T16:00:00+00:00",
        "import_log_id": "6f8cadd4-ceb8-4248-b6c4-549ee55cc594",
        "rating": 3,
        "status": "validated"
    },
    {
        "id": "2d94343a-4446-49f6-868f-2aa85934fc16",
        "station_id": "f33b882a-adbc-4820-9145-33d406415985",
        "component_id": "88afd3d1-6da3-496a-ac81-669a47256d34",
        "value": 37.7,
        "timestamp_measured": "2019-04-03T17:00:00+00:00",
        "import_log_id": "6f8cadd4-ceb8-4248-b6c4-549ee55cc594",
        "rating": 4,
        "status": "validated"
    },
    {
        "id": "db17ca65-b65b-4e2c-af7b-1ba1d7c46085",
        "station_id": "f33b882a-adbc-4820-9145-33d406415985",
        "component_id": "88afd3d1-6da3-496a-ac81-669a47256d34",
        "value": 26.9,
        "timestamp_measured": "2019-04-03T18:00:00+00:00",
        "import_log_id": "6f8cadd4-ceb8-4248-b6c4-549ee55cc594",
        "rating": 3,
        "status": "validated"
    },
    {
        "id": "4e0c7ff3-e0f7-41b9-8142-7e003119c249",
        "station_id": "f33b882a-adbc-4820-9145-33d406415985",
        "component_id": "88afd3d1-6da3-496a-ac81-669a47256d34",
        "value": 38.6,
        "timestamp_measured": "2019-04-03T19:00:00+00:00",
        "import_log_id": "6f8cadd4-ceb8-4248-b6c4-549ee55cc594",
        "rating": 4,
        "status": "validated"
    },
    {
        "id": "c0970ae2-f757-497f-8211-d9cf2d09f108",
        "station_id": "f33b882a-adbc-4820-9145-33d406415985",
        "component_id": "88afd3d1-6da3-496a-ac81-669a47256d34",
        "value": 36.4,
        "timestamp_measured": "2019-04-03T20:00:00+00:00",
        "import_log_id": "6f8cadd4-ceb8-4248-b6c4-549ee55cc594",
        "rating": 4,
        "status": "validated"
    },
    {
        "id": "38d5fbb9-2f1c-4f4e-9256-3d51003eb301",
        "station_id": "f33b882a-adbc-4820-9145-33d406415985",
        "component_id": "88afd3d1-6da3-496a-ac81-669a47256d34",
        "value": 36.7,
        "timestamp_measured": "2019-04-03T21:00:00+00:00",
        "import_log_id": "6f8cadd4-ceb8-4248-b6c4-549ee55cc594",
        "rating": 4,
        "status": "validated"
    },
    {
        "id": "7c0fd612-5dbd-422c-a72e-c1ce46792cf9",
        "station_id": "f33b882a-adbc-4820-9145-33d406415985",
        "component_id": "88afd3d1-6da3-496a-ac81-669a47256d34",
        "value": 46.6,
        "timestamp_measured": "2019-04-03T22:00:00+00:00",
        "import_log_id": "6f8cadd4-ceb8-4248-b6c4-549ee55cc594",
        "rating": 5,
        "status": "validated"
    },
    {
        "id": "341f0520-9f53-4b72-a632-3bfe27de3c53",
        "station_id": "f33b882a-adbc-4820-9145-33d406415985",
        "component_id": "88afd3d1-6da3-496a-ac81-669a47256d34",
        "value": 37.3,
        "timestamp_measured": "2019-04-03T23:00:00+00:00",
        "import_log_id": "6f8cadd4-ceb8-4248-b6c4-549ee55cc594",
        "rating": 4,
        "status": "validated"
    },
    {
        "id": "96139bb0-370b-414d-b594-19d1a4fa5df1",
        "station_id": "f33b882a-adbc-4820-9145-33d406415985",
        "component_id": "88afd3d1-6da3-496a-ac81-669a47256d34",
        "value": 35.7,
        "timestamp_measured": "2019-04-04T00:00:00+00:00",
        "import_log_id": "6f8cadd4-ceb8-4248-b6c4-549ee55cc594",
        "rating": 4,
        "status": "validated"
    },
    {
        "id": "ab6fc0c4-eb22-4078-bef5-8188e75b7d2e",
        "station_id": "f33b882a-adbc-4820-9145-33d406415985",
        "component_id": "88afd3d1-6da3-496a-ac81-669a47256d34",
        "value": 33.1,
        "timestamp_measured": "2019-04-04T01:00:00+00:00",
        "import_log_id": "6f8cadd4-ceb8-4248-b6c4-549ee55cc594",
        "rating": 4,
        "status": "validated"
    },
    {
        "id": "34a3cf5d-6504-4405-90ec-2d91c790edb2",
        "station_id": "f33b882a-adbc-4820-9145-33d406415985",
        "component_id": "88afd3d1-6da3-496a-ac81-669a47256d34",
        "value": 27.6,
        "timestamp_measured": "2019-04-04T02:00:00+00:00",
        "import_log_id": "6f8cadd4-ceb8-4248-b6c4-549ee55cc594",
        "rating": 3,
        "status": "validated"
    },
    {
        "id": "f99fcf75-5967-49fe-b20a-bcc0f2e01428",
        "station_id": "f33b882a-adbc-4820-9145-33d406415985",
        "component_id": "88afd3d1-6da3-496a-ac81-669a47256d34",
        "value": 30.8,
        "timestamp_measured": "2019-04-04T03:00:00+00:00",
        "import_log_id": "6f8cadd4-ceb8-4248-b6c4-549ee55cc594",
        "rating": 4,
        "status": "validated"
    },
    {
        "id": "596de381-30cb-4bb7-919a-3f02d7bc3b83",
        "station_id": "f33b882a-adbc-4820-9145-33d406415985",
        "component_id": "88afd3d1-6da3-496a-ac81-669a47256d34",
        "value": 35.5,
        "timestamp_measured": "2019-04-04T04:00:00+00:00",
        "import_log_id": "6f8cadd4-ceb8-4248-b6c4-549ee55cc594",
        "rating": 4,
        "status": "validated"
    },
    {
        "id": "7c06529a-014f-43df-bd1a-6bd388933b52",
        "station_id": "f33b882a-adbc-4820-9145-33d406415985",
        "component_id": "88afd3d1-6da3-496a-ac81-669a47256d34",
        "value": 46.4,
        "timestamp_measured": "2019-04-04T05:00:00+00:00",
        "import_log_id": "6f8cadd4-ceb8-4248-b6c4-549ee55cc594",
        "rating": 5,
        "status": "validated"
    },
    {
        "id": "7c10bb95-dac2-4b5e-a9b6-27bb6f471794",
        "station_id": "f33b882a-adbc-4820-9145-33d406415985",
        "component_id": "88afd3d1-6da3-496a-ac81-669a47256d34",
        "value": 60.4,
        "timestamp_measured": "2019-04-04T06:00:00+00:00",
        "import_log_id": "6f8cadd4-ceb8-4248-b6c4-549ee55cc594",
        "rating": 6,
        "status": "validated"
    },
    {
        "id": "57432c72-04d1-44f1-b0f4-2df7f62e2378",
        "station_id": "f33b882a-adbc-4820-9145-33d406415985",
        "component_id": "88afd3d1-6da3-496a-ac81-669a47256d34",
        "value": 57.5,
        "timestamp_measured": "2019-04-04T07:00:00+00:00",
        "import_log_id": "6f8cadd4-ceb8-4248-b6c4-549ee55cc594",
        "rating": 5,
        "status": "validated"
    },
    {
        "id": "5aa58e02-c935-46c9-b3a5-400b7862d6ec",
        "station_id": "f33b882a-adbc-4820-9145-33d406415985",
        "component_id": "88afd3d1-6da3-496a-ac81-669a47256d34",
        "value": 59.5,
        "timestamp_measured": "2019-04-04T08:00:00+00:00",
        "import_log_id": "6f8cadd4-ceb8-4248-b6c4-549ee55cc594",
        "rating": 5,
        "status": "validated"
    },
    {
        "id": "03326c62-a94f-4aa6-929d-a0c87eb28355",
        "station_id": "f33b882a-adbc-4820-9145-33d406415985",
        "component_id": "88afd3d1-6da3-496a-ac81-669a47256d34",
        "value": 45.4,
        "timestamp_measured": "2019-04-04T09:00:00+00:00",
        "import_log_id": "6f8cadd4-ceb8-4248-b6c4-549ee55cc594",
        "rating": 5,
        "status": "validated"
    },
    {
        "id": "ae557f1a-f540-446d-865c-2b93b6c82f7e",
        "station_id": "f33b882a-adbc-4820-9145-33d406415985",
        "component_id": "88afd3d1-6da3-496a-ac81-669a47256d34",
        "value": 39.4,
        "timestamp_measured": "2019-04-04T10:00:00+00:00",
        "import_log_id": "6f8cadd4-ceb8-4248-b6c4-549ee55cc594",
        "rating": 4,
        "status": "validated"
    },
    {
        "id": "0ff2a078-d71d-4677-b9d8-91b7c9044cd8",
        "station_id": "f33b882a-adbc-4820-9145-33d406415985",
        "component_id": "88afd3d1-6da3-496a-ac81-669a47256d34",
        "value": 40.6,
        "timestamp_measured": "2019-04-04T11:00:00+00:00",
        "import_log_id": "6f8cadd4-ceb8-4248-b6c4-549ee55cc594",
        "rating": 4,
        "status": "validated"
    },
    {
        "id": "24204394-7f94-4b5d-8841-3507b563c9d4",
        "station_id": "f33b882a-adbc-4820-9145-33d406415985",
        "component_id": "88afd3d1-6da3-496a-ac81-669a47256d34",
        "value": 39.4,
        "timestamp_measured": "2019-04-04T12:00:00+00:00",
        "import_log_id": "6f8cadd4-ceb8-4248-b6c4-549ee55cc594",
        "rating": 4,
        "status": "validated"
    },
    {
        "id": "5420df00-48b1-4e49-96d0-1022777150e7",
        "station_id": "f33b882a-adbc-4820-9145-33d406415985",
        "component_id": "88afd3d1-6da3-496a-ac81-669a47256d34",
        "value": 39.7,
        "timestamp_measured": "2019-04-04T13:00:00+00:00",
        "import_log_id": "6f8cadd4-ceb8-4248-b6c4-549ee55cc594",
        "rating": 4,
        "status": "validated"
    },
    {
        "id": "02983807-47e3-466b-82a0-b88f9320e55b",
        "station_id": "f33b882a-adbc-4820-9145-33d406415985",
        "component_id": "88afd3d1-6da3-496a-ac81-669a47256d34",
        "value": 44.4,
        "timestamp_measured": "2019-04-04T14:00:00+00:00",
        "import_log_id": "6f8cadd4-ceb8-4248-b6c4-549ee55cc594",
        "rating": 4,
        "status": "validated"
    },
    {
        "id": "39fe617c-938d-40c7-a8a2-022161855453",
        "station_id": "f33b882a-adbc-4820-9145-33d406415985",
        "component_id": "88afd3d1-6da3-496a-ac81-669a47256d34",
        "value": 41.7,
        "timestamp_measured": "2019-04-04T15:00:00+00:00",
        "import_log_id": "6f8cadd4-ceb8-4248-b6c4-549ee55cc594",
        "rating": 4,
        "status": "validated"
    },
    {
        "id": "8dfac49c-0cba-40bf-b09d-3c268ad21a05",
        "station_id": "f33b882a-adbc-4820-9145-33d406415985",
        "component_id": "88afd3d1-6da3-496a-ac81-669a47256d34",
        "value": 35.7,
        "timestamp_measured": "2019-04-04T16:00:00+00:00",
        "import_log_id": "6f8cadd4-ceb8-4248-b6c4-549ee55cc594",
        "rating": 4,
        "status": "validated"
    },
    {
        "id": "40c93801-f0ff-47a6-b5ec-0eb51d9115ec",
        "station_id": "f33b882a-adbc-4820-9145-33d406415985",
        "component_id": "88afd3d1-6da3-496a-ac81-669a47256d34",
        "value": 34.7,
        "timestamp_measured": "2019-04-04T17:00:00+00:00",
        "import_log_id": "6f8cadd4-ceb8-4248-b6c4-549ee55cc594",
        "rating": 4,
        "status": "validated"
    },
    {
        "id": "53c49f24-cb1d-4b4c-9dfe-1a0265234d98",
        "station_id": "f33b882a-adbc-4820-9145-33d406415985",
        "component_id": "88afd3d1-6da3-496a-ac81-669a47256d34",
        "value": 32.1,
        "timestamp_measured": "2019-04-04T18:00:00+00:00",
        "import_log_id": "6f8cadd4-ceb8-4248-b6c4-549ee55cc594",
        "rating": 4,
        "status": "validated"
    },
    {
        "id": "cbafe85c-29bc-48a3-9343-a7460efe49d5",
        "station_id": "f33b882a-adbc-4820-9145-33d406415985",
        "component_id": "88afd3d1-6da3-496a-ac81-669a47256d34",
        "value": 35.9,
        "timestamp_measured": "2019-04-04T19:00:00+00:00",
        "import_log_id": "6f8cadd4-ceb8-4248-b6c4-549ee55cc594",
        "rating": 4,
        "status": "validated"
    },
    {
        "id": "e554a7bf-a209-47c0-88fe-f4115bf0e4f1",
        "station_id": "f33b882a-adbc-4820-9145-33d406415985",
        "component_id": "88afd3d1-6da3-496a-ac81-669a47256d34",
        "value": 36.0,
        "timestamp_measured": "2019-04-04T20:00:00+00:00",
        "import_log_id": "6f8cadd4-ceb8-4248-b6c4-549ee55cc594",
        "rating": 4,
        "status": "validated"
    },
    {
        "id": "b9695c42-ebf0-4119-808d-ba33a3de9ebb",
        "station_id": "f33b882a-adbc-4820-9145-33d406415985",
        "component_id": "88afd3d1-6da3-496a-ac81-669a47256d34",
        "value": 29.9,
        "timestamp_measured": "2019-04-04T21:00:00+00:00",
        "import_log_id": "6f8cadd4-ceb8-4248-b6c4-549ee55cc594",
        "rating": 3,
        "status": "validated"
    },
    {
        "id": "063158f7-a7ea-4559-a6ef-e2ca2ea5a5b9",
        "station_id": "f33b882a-adbc-4820-9145-33d406415985",
        "component_id": "88afd3d1-6da3-496a-ac81-669a47256d34",
        "value": 29.1,
        "timestamp_measured": "2019-04-04T22:00:00+00:00",
        "import_log_id": "6f8cadd4-ceb8-4248-b6c4-549ee55cc594",
        "rating": 3,
        "status": "validated"
    },
    {
        "id": "093d9600-cc7b-4f13-aed9-75d263633196",
        "station_id": "f33b882a-adbc-4820-9145-33d406415985",
        "component_id": "88afd3d1-6da3-496a-ac81-669a47256d34",
        "value": 33.4,
        "timestamp_measured": "2019-04-04T23:00:00+00:00",
        "import_log_id": "6f8cadd4-ceb8-4248-b6c4-549ee55cc594",
        "rating": 4,
        "status": "validated"
    },
    {
        "id": "dbca8daa-9145-4ad5-ad43-6454b17d5da7",
        "station_id": "f33b882a-adbc-4820-9145-33d406415985",
        "component_id": "88afd3d1-6da3-496a-ac81-669a47256d34",
        "value": 30.0,
        "timestamp_measured": "2019-04-05T00:00:00+00:00",
        "import_log_id": "6f8cadd4-ceb8-4248-b6c4-549ee55cc594",
        "rating": 4,
        "status": "validated"
    },
    {
        "id": "f5c0b570-f507-412d-9801-63fe0d27270e",
        "station_id": "f33b882a-adbc-4820-9145-33d406415985",
        "component_id": "88afd3d1-6da3-496a-ac81-669a47256d34",
        "value": 21.3,
        "timestamp_measured": "2019-04-05T01:00:00+00:00",
        "import_log_id": "6f8cadd4-ceb8-4248-b6c4-549ee55cc594",
        "rating": 3,
        "status": "validated"
    },
    {
        "id": "4e6a1a06-f180-48f7-9c64-56f73fd9bf64",
        "station_id": "f33b882a-adbc-4820-9145-33d406415985",
        "component_id": "88afd3d1-6da3-496a-ac81-669a47256d34",
        "value": 18.4,
        "timestamp_measured": "2019-04-05T02:00:00+00:00",
        "import_log_id": "6f8cadd4-ceb8-4248-b6c4-549ee55cc594",
        "rating": 2,
        "status": "validated"
    },
    {
        "id": "44f6bb23-d498-4248-9856-055284cbcac3",
        "station_id": "f33b882a-adbc-4820-9145-33d406415985",
        "component_id": "88afd3d1-6da3-496a-ac81-669a47256d34",
        "value": 21.2,
        "timestamp_measured": "2019-04-05T03:00:00+00:00",
        "import_log_id": "6f8cadd4-ceb8-4248-b6c4-549ee55cc594",
        "rating": 3,
        "status": "validated"
    },
    {
        "id": "c11165f0-665b-4bb6-90e7-c87e72cca4b3",
        "station_id": "f33b882a-adbc-4820-9145-33d406415985",
        "component_id": "88afd3d1-6da3-496a-ac81-669a47256d34",
        "value": 26.0,
        "timestamp_measured": "2019-04-05T04:00:00+00:00",
        "import_log_id": "6f8cadd4-ceb8-4248-b6c4-549ee55cc594",
        "rating": 3,
        "status": "validated"
    },
    {
        "id": "ef44d147-c9cc-4b57-8e35-2b9626029f45",
        "station_id": "f33b882a-adbc-4820-9145-33d406415985",
        "component_id": "88afd3d1-6da3-496a-ac81-669a47256d34",
        "value": 35.8,
        "timestamp_measured": "2019-04-05T05:00:00+00:00",
        "import_log_id": "6f8cadd4-ceb8-4248-b6c4-549ee55cc594",
        "rating": 4,
        "status": "validated"
    },
    {
        "id": "9060f775-9112-425f-b77c-c32df1170788",
        "station_id": "f33b882a-adbc-4820-9145-33d406415985",
        "component_id": "88afd3d1-6da3-496a-ac81-669a47256d34",
        "value": 61.8,
        "timestamp_measured": "2019-04-05T06:00:00+00:00",
        "import_log_id": "6f8cadd4-ceb8-4248-b6c4-549ee55cc594",
        "rating": 6,
        "status": "validated"
    },
    {
        "id": "39b97349-12a8-4c1c-827f-b7d8cee76127",
        "station_id": "f33b882a-adbc-4820-9145-33d406415985",
        "component_id": "88afd3d1-6da3-496a-ac81-669a47256d34",
        "value": 74.5,
        "timestamp_measured": "2019-04-05T07:00:00+00:00",
        "import_log_id": "6f8cadd4-ceb8-4248-b6c4-549ee55cc594",
        "rating": 6,
        "status": "validated"
    },
    {
        "id": "f72a44fa-8019-4b6a-842e-a1834cc0a72f",
        "station_id": "f33b882a-adbc-4820-9145-33d406415985",
        "component_id": "88afd3d1-6da3-496a-ac81-669a47256d34",
        "value": 48.9,
        "timestamp_measured": "2019-04-05T08:00:00+00:00",
        "import_log_id": "6f8cadd4-ceb8-4248-b6c4-549ee55cc594",
        "rating": 5,
        "status": "validated"
    },
    {
        "id": "c421187b-fe13-41e3-8c91-1f95f1df85e0",
        "station_id": "f33b882a-adbc-4820-9145-33d406415985",
        "component_id": "88afd3d1-6da3-496a-ac81-669a47256d34",
        "value": 30.7,
        "timestamp_measured": "2019-04-05T09:00:00+00:00",
        "import_log_id": "6f8cadd4-ceb8-4248-b6c4-549ee55cc594",
        "rating": 4,
        "status": "validated"
    },
    {
        "id": "708d12c5-e952-4c85-8db2-2b3749b4cf87",
        "station_id": "f33b882a-adbc-4820-9145-33d406415985",
        "component_id": "88afd3d1-6da3-496a-ac81-669a47256d34",
        "value": 27.9,
        "timestamp_measured": "2019-04-05T10:00:00+00:00",
        "import_log_id": "6f8cadd4-ceb8-4248-b6c4-549ee55cc594",
        "rating": 3,
        "status": "validated"
    },
    {
        "id": "a5924dbb-ce37-475e-9dcd-a2a5b74b5f51",
        "station_id": "f33b882a-adbc-4820-9145-33d406415985",
        "component_id": "88afd3d1-6da3-496a-ac81-669a47256d34",
        "value": 28.3,
        "timestamp_measured": "2019-04-05T11:00:00+00:00",
        "import_log_id": "6f8cadd4-ceb8-4248-b6c4-549ee55cc594",
        "rating": 3,
        "status": "validated"
    },
    {
        "id": "944804a2-b587-4cca-bbf0-576a960e54c1",
        "station_id": "f33b882a-adbc-4820-9145-33d406415985",
        "component_id": "88afd3d1-6da3-496a-ac81-669a47256d34",
        "value": 30.1,
        "timestamp_measured": "2019-04-05T12:00:00+00:00",
        "import_log_id": "6f8cadd4-ceb8-4248-b6c4-549ee55cc594",
        "rating": 4,
        "status": "validated"
    },
    {
        "id": "60471e5f-155c-4303-b6c0-b7dc392ae0aa",
        "station_id": "f33b882a-adbc-4820-9145-33d406415985",
        "component_id": "88afd3d1-6da3-496a-ac81-669a47256d34",
        "value": 29.8,
        "timestamp_measured": "2019-04-05T13:00:00+00:00",
        "import_log_id": "6f8cadd4-ceb8-4248-b6c4-549ee55cc594",
        "rating": 3,
        "status": "validated"
    },
    {
        "id": "4f98b241-ade9-44a0-84aa-71c23f7b289d",
        "station_id": "f33b882a-adbc-4820-9145-33d406415985",
        "component_id": "88afd3d1-6da3-496a-ac81-669a47256d34",
        "value": 31.6,
        "timestamp_measured": "2019-04-05T14:00:00+00:00",
        "import_log_id": "6f8cadd4-ceb8-4248-b6c4-549ee55cc594",
        "rating": 4,
        "status": "validated"
    },
    {
        "id": "a43fea93-c467-4ae6-b0e3-d2b89bfdf8fa",
        "station_id": "f33b882a-adbc-4820-9145-33d406415985",
        "component_id": "88afd3d1-6da3-496a-ac81-669a47256d34",
        "value": 27.3,
        "timestamp_measured": "2019-04-05T15:00:00+00:00",
        "import_log_id": "6f8cadd4-ceb8-4248-b6c4-549ee55cc594",
        "rating": 3,
        "status": "validated"
    },
    {
        "id": "bbb2fd04-2a58-4996-8b06-42ba2ed0109a",
        "station_id": "f33b882a-adbc-4820-9145-33d406415985",
        "component_id": "88afd3d1-6da3-496a-ac81-669a47256d34",
        "value": 18.7,
        "timestamp_measured": "2019-04-05T16:00:00+00:00",
        "import_log_id": "6f8cadd4-ceb8-4248-b6c4-549ee55cc594",
        "rating": 2,
        "status": "validated"
    },
    {
        "id": "05ef8da3-a9f5-42bc-b97c-566fb974844b",
        "station_id": "f33b882a-adbc-4820-9145-33d406415985",
        "component_id": "88afd3d1-6da3-496a-ac81-669a47256d34",
        "value": 23.3,
        "timestamp_measured": "2019-04-05T17:00:00+00:00",
        "import_log_id": "6f8cadd4-ceb8-4248-b6c4-549ee55cc594",
        "rating": 3,
        "status": "validated"
    },
    {
        "id": "379781e6-4db9-43e5-8dd4-74861e54dcb8",
        "station_id": "f33b882a-adbc-4820-9145-33d406415985",
        "component_id": "88afd3d1-6da3-496a-ac81-669a47256d34",
        "value": 22.6,
        "timestamp_measured": "2019-04-05T18:00:00+00:00",
        "import_log_id": "6f8cadd4-ceb8-4248-b6c4-549ee55cc594",
        "rating": 3,
        "status": "validated"
    },
    {
        "id": "e59d31a6-aa34-401b-88e6-c85cbaebfe38",
        "station_id": "f33b882a-adbc-4820-9145-33d406415985",
        "component_id": "88afd3d1-6da3-496a-ac81-669a47256d34",
        "value": 34.1,
        "timestamp_measured": "2019-04-05T19:00:00+00:00",
        "import_log_id": "6f8cadd4-ceb8-4248-b6c4-549ee55cc594",
        "rating": 4,
        "status": "validated"
    },
    {
        "id": "0ee7f6ef-0652-46fc-ac37-de3675600a12",
        "station_id": "f33b882a-adbc-4820-9145-33d406415985",
        "component_id": "88afd3d1-6da3-496a-ac81-669a47256d34",
        "value": 19.8,
        "timestamp_measured": "2019-04-05T20:00:00+00:00",
        "import_log_id": "6f8cadd4-ceb8-4248-b6c4-549ee55cc594",
        "rating": 2,
        "status": "validated"
    },
    {
        "id": "0118b466-83ff-402c-945f-5489fbc9fd19",
        "station_id": "f33b882a-adbc-4820-9145-33d406415985",
        "component_id": "88afd3d1-6da3-496a-ac81-669a47256d34",
        "value": 19.7,
        "timestamp_measured": "2019-04-05T21:00:00+00:00",
        "import_log_id": "6f8cadd4-ceb8-4248-b6c4-549ee55cc594",
        "rating": 2,
        "status": "validated"
    },
    {
        "id": "9619cc4b-d960-4a58-ae07-f13855657b8f",
        "station_id": "f33b882a-adbc-4820-9145-33d406415985",
        "component_id": "88afd3d1-6da3-496a-ac81-669a47256d34",
        "value": 17.7,
        "timestamp_measured": "2019-04-05T22:00:00+00:00",
        "import_log_id": "6f8cadd4-ceb8-4248-b6c4-549ee55cc594",
        "rating": 2,
        "status": "validated"
    },
    {
        "id": "9d47e824-54ad-467e-81d1-8ff45fe8ee3b",
        "station_id": "f33b882a-adbc-4820-9145-33d406415985",
        "component_id": "88afd3d1-6da3-496a-ac81-669a47256d34",
        "value": 18.8,
        "timestamp_measured": "2019-04-05T23:00:00+00:00",
        "import_log_id": "6f8cadd4-ceb8-4248-b6c4-549ee55cc594",
        "rating": 2,
        "status": "validated"
    },
    {
        "id": "f0b388b2-5a28-4901-a09f-90fdaf1b8ee5",
        "station_id": "f33b882a-adbc-4820-9145-33d406415985",
        "component_id": "88afd3d1-6da3-496a-ac81-669a47256d34",
        "value": 19.0,
        "timestamp_measured": "2019-04-06T00:00:00+00:00",
        "import_log_id": "6f8cadd4-ceb8-4248-b6c4-549ee55cc594",
        "rating": 2,
        "status": "validated"
    },
    {
        "id": "b9ae5bca-0389-4912-a850-e84c3cd2a41d",
        "station_id": "f33b882a-adbc-4820-9145-33d406415985",
        "component_id": "88afd3d1-6da3-496a-ac81-669a47256d34",
        "value": 15.3,
        "timestamp_measured": "2019-04-06T01:00:00+00:00",
        "import_log_id": "6f8cadd4-ceb8-4248-b6c4-549ee55cc594",
        "rating": 2,
        "status": "validated"
    },
    {
        "id": "3db7c7d0-431b-494d-8aa3-bf351f2e1cd6",
        "station_id": "f33b882a-adbc-4820-9145-33d406415985",
        "component_id": "88afd3d1-6da3-496a-ac81-669a47256d34",
        "value": 10.2,
        "timestamp_measured": "2019-04-06T02:00:00+00:00",
        "import_log_id": "6f8cadd4-ceb8-4248-b6c4-549ee55cc594",
        "rating": 2,
        "status": "validated"
    },
    {
        "id": "8130a6e4-272d-47fd-a8c5-92f1bd1ec59f",
        "station_id": "f33b882a-adbc-4820-9145-33d406415985",
        "component_id": "88afd3d1-6da3-496a-ac81-669a47256d34",
        "value": 9.5,
        "timestamp_measured": "2019-04-06T03:00:00+00:00",
        "import_log_id": "6f8cadd4-ceb8-4248-b6c4-549ee55cc594",
        "rating": 1,
        "status": "validated"
    },
    {
        "id": "d1db8e21-3941-4505-8369-21e4b986da6d",
        "station_id": "f33b882a-adbc-4820-9145-33d406415985",
        "component_id": "88afd3d1-6da3-496a-ac81-669a47256d34",
        "value": 10.3,
        "timestamp_measured": "2019-04-06T04:00:00+00:00",
        "import_log_id": "6f8cadd4-ceb8-4248-b6c4-549ee55cc594",
        "rating": 2,
        "status": "validated"
    },
    {
        "id": "b6f271f3-3034-481b-abb1-55778560b782",
        "station_id": "f33b882a-adbc-4820-9145-33d406415985",
        "component_id": "88afd3d1-6da3-496a-ac81-669a47256d34",
        "value": 11.4,
        "timestamp_measured": "2019-04-06T05:00:00+00:00",
        "import_log_id": "6f8cadd4-ceb8-4248-b6c4-549ee55cc594",
        "rating": 2,
        "status": "validated"
    },
    {
        "id": "b8c22e9b-fe26-4ac4-b7ac-056c58a91ce8",
        "station_id": "f33b882a-adbc-4820-9145-33d406415985",
        "component_id": "88afd3d1-6da3-496a-ac81-669a47256d34",
        "value": 14.4,
        "timestamp_measured": "2019-04-06T06:00:00+00:00",
        "import_log_id": "6f8cadd4-ceb8-4248-b6c4-549ee55cc594",
        "rating": 2,
        "status": "validated"
    },
    {
        "id": "89d82c00-de39-4058-b7a2-f8be4812cc19",
        "station_id": "f33b882a-adbc-4820-9145-33d406415985",
        "component_id": "88afd3d1-6da3-496a-ac81-669a47256d34",
        "value": 15.1,
        "timestamp_measured": "2019-04-06T07:00:00+00:00",
        "import_log_id": "6f8cadd4-ceb8-4248-b6c4-549ee55cc594",
        "rating": 2,
        "status": "validated"
    },
    {
        "id": "f7f116ec-9249-4990-8677-2597f0f24413",
        "station_id": "f33b882a-adbc-4820-9145-33d406415985",
        "component_id": "88afd3d1-6da3-496a-ac81-669a47256d34",
        "value": 16.8,
        "timestamp_measured": "2019-04-06T08:00:00+00:00",
        "import_log_id": "6f8cadd4-ceb8-4248-b6c4-549ee55cc594",
        "rating": 2,
        "status": "validated"
    },
    {
        "id": "434379e2-9529-485e-b180-b5e154c212ce",
        "station_id": "f33b882a-adbc-4820-9145-33d406415985",
        "component_id": "88afd3d1-6da3-496a-ac81-669a47256d34",
        "value": 19.1,
        "timestamp_measured": "2019-04-06T09:00:00+00:00",
        "import_log_id": "6f8cadd4-ceb8-4248-b6c4-549ee55cc594",
        "rating": 2,
        "status": "validated"
    },
    {
        "id": "08b15028-a38d-4e70-b463-4080ea86c47e",
        "station_id": "f33b882a-adbc-4820-9145-33d406415985",
        "component_id": "88afd3d1-6da3-496a-ac81-669a47256d34",
        "value": 16.0,
        "timestamp_measured": "2019-04-06T10:00:00+00:00",
        "import_log_id": "6f8cadd4-ceb8-4248-b6c4-549ee55cc594",
        "rating": 2,
        "status": "validated"
    },
    {
        "id": "3c102c29-d0e2-4dcc-b5fd-9d37d2cdc7c1",
        "station_id": "f33b882a-adbc-4820-9145-33d406415985",
        "component_id": "88afd3d1-6da3-496a-ac81-669a47256d34",
        "value": 14.0,
        "timestamp_measured": "2019-04-06T11:00:00+00:00",
        "import_log_id": "6f8cadd4-ceb8-4248-b6c4-549ee55cc594",
        "rating": 2,
        "status": "validated"
    },
    {
        "id": "894275fd-15d7-4e9f-b576-441f7b6b8044",
        "station_id": "f33b882a-adbc-4820-9145-33d406415985",
        "component_id": "88afd3d1-6da3-496a-ac81-669a47256d34",
        "value": 14.1,
        "timestamp_measured": "2019-04-06T12:00:00+00:00",
        "import_log_id": "6f8cadd4-ceb8-4248-b6c4-549ee55cc594",
        "rating": 2,
        "status": "validated"
    },
    {
        "id": "e8357e4b-d536-4acf-81fc-c7dc17f2e4fa",
        "station_id": "f33b882a-adbc-4820-9145-33d406415985",
        "component_id": "88afd3d1-6da3-496a-ac81-669a47256d34",
        "value": 24.4,
        "timestamp_measured": "2019-04-06T13:00:00+00:00",
        "import_log_id": "6f8cadd4-ceb8-4248-b6c4-549ee55cc594",
        "rating": 3,
        "status": "validated"
    },
    {
        "id": "394d790b-62e3-4505-b16b-4df5b0edc306",
        "station_id": "f33b882a-adbc-4820-9145-33d406415985",
        "component_id": "88afd3d1-6da3-496a-ac81-669a47256d34",
        "value": 21.4,
        "timestamp_measured": "2019-04-06T14:00:00+00:00",
        "import_log_id": "6f8cadd4-ceb8-4248-b6c4-549ee55cc594",
        "rating": 3,
        "status": "validated"
    },
    {
        "id": "bab4012e-be0d-4650-a1d5-e50283668938",
        "station_id": "f33b882a-adbc-4820-9145-33d406415985",
        "component_id": "88afd3d1-6da3-496a-ac81-669a47256d34",
        "value": 19.9,
        "timestamp_measured": "2019-04-06T15:00:00+00:00",
        "import_log_id": "6f8cadd4-ceb8-4248-b6c4-549ee55cc594",
        "rating": 2,
        "status": "validated"
    },
    {
        "id": "e1def817-4cd5-4bcc-819f-6b2afbcb66bc",
        "station_id": "f33b882a-adbc-4820-9145-33d406415985",
        "component_id": "88afd3d1-6da3-496a-ac81-669a47256d34",
        "value": 22.5,
        "timestamp_measured": "2019-04-06T16:00:00+00:00",
        "import_log_id": "6f8cadd4-ceb8-4248-b6c4-549ee55cc594",
        "rating": 3,
        "status": "validated"
    },
    {
        "id": "08e9223a-871e-4b1d-b6d8-0607cd95d943",
        "station_id": "f33b882a-adbc-4820-9145-33d406415985",
        "component_id": "88afd3d1-6da3-496a-ac81-669a47256d34",
        "value": 20.2,
        "timestamp_measured": "2019-04-06T17:00:00+00:00",
        "import_log_id": "6f8cadd4-ceb8-4248-b6c4-549ee55cc594",
        "rating": 3,
        "status": "validated"
    },
    {
        "id": "003fb94e-c39f-40e3-b09c-3d37522c1263",
        "station_id": "f33b882a-adbc-4820-9145-33d406415985",
        "component_id": "88afd3d1-6da3-496a-ac81-669a47256d34",
        "value": 20.4,
        "timestamp_measured": "2019-04-06T18:00:00+00:00",
        "import_log_id": "6f8cadd4-ceb8-4248-b6c4-549ee55cc594",
        "rating": 3,
        "status": "validated"
    },
    {
        "id": "20d7d8ea-b123-432e-b9cc-4a2c9894d33e",
        "station_id": "f33b882a-adbc-4820-9145-33d406415985",
        "component_id": "88afd3d1-6da3-496a-ac81-669a47256d34",
        "value": 29.0,
        "timestamp_measured": "2019-04-06T19:00:00+00:00",
        "import_log_id": "6f8cadd4-ceb8-4248-b6c4-549ee55cc594",
        "rating": 3,
        "status": "validated"
    },
    {
        "id": "0a44baac-26c7-4170-be59-6e614f718d24",
        "station_id": "f33b882a-adbc-4820-9145-33d406415985",
        "component_id": "88afd3d1-6da3-496a-ac81-669a47256d34",
        "value": 26.6,
        "timestamp_measured": "2019-04-06T20:00:00+00:00",
        "import_log_id": "6f8cadd4-ceb8-4248-b6c4-549ee55cc594",
        "rating": 3,
        "status": "validated"
    },
    {
        "id": "56aa9ef3-0c55-4b7e-aad7-17b33570ad5b",
        "station_id": "f33b882a-adbc-4820-9145-33d406415985",
        "component_id": "88afd3d1-6da3-496a-ac81-669a47256d34",
        "value": 26.9,
        "timestamp_measured": "2019-04-06T21:00:00+00:00",
        "import_log_id": "6f8cadd4-ceb8-4248-b6c4-549ee55cc594",
        "rating": 3,
        "status": "validated"
    },
    {
        "id": "a07c8758-39a0-44b6-8c5c-0fcb946b300f",
        "station_id": "f33b882a-adbc-4820-9145-33d406415985",
        "component_id": "88afd3d1-6da3-496a-ac81-669a47256d34",
        "value": 23.7,
        "timestamp_measured": "2019-04-06T22:00:00+00:00",
        "import_log_id": "6f8cadd4-ceb8-4248-b6c4-549ee55cc594",
        "rating": 3,
        "status": "validated"
    },
    {
        "id": "18930d07-e5fa-4bf9-9464-55858d4612a1",
        "station_id": "f33b882a-adbc-4820-9145-33d406415985",
        "component_id": "88afd3d1-6da3-496a-ac81-669a47256d34",
        "value": 39.3,
        "timestamp_measured": "2019-04-06T23:00:00+00:00",
        "import_log_id": "6f8cadd4-ceb8-4248-b6c4-549ee55cc594",
        "rating": 4,
        "status": "validated"
    },
    {
        "id": "d3653df8-fd84-4fbd-85b4-c8f0b41a023d",
        "station_id": "f33b882a-adbc-4820-9145-33d406415985",
        "component_id": "88afd3d1-6da3-496a-ac81-669a47256d34",
        "value": 41.9,
        "timestamp_measured": "2019-04-07T00:00:00+00:00",
        "import_log_id": "6f8cadd4-ceb8-4248-b6c4-549ee55cc594",
        "rating": 4,
        "status": "validated"
    },
    {
        "id": "56c12b55-89ac-43cf-9cbc-9e7891fb9c84",
        "station_id": "f33b882a-adbc-4820-9145-33d406415985",
        "component_id": "88afd3d1-6da3-496a-ac81-669a47256d34",
        "value": 27.5,
        "timestamp_measured": "2019-04-07T01:00:00+00:00",
        "import_log_id": "6f8cadd4-ceb8-4248-b6c4-549ee55cc594",
        "rating": 3,
        "status": "validated"
    },
    {
        "id": "8832e19b-6ecd-4388-8ef2-73184edb4f02",
        "station_id": "f33b882a-adbc-4820-9145-33d406415985",
        "component_id": "88afd3d1-6da3-496a-ac81-669a47256d34",
        "value": 25.7,
        "timestamp_measured": "2019-04-07T02:00:00+00:00",
        "import_log_id": "6f8cadd4-ceb8-4248-b6c4-549ee55cc594",
        "rating": 3,
        "status": "validated"
    },
    {
        "id": "108e5699-d72a-4ddd-ac48-25f10182ecb4",
        "station_id": "f33b882a-adbc-4820-9145-33d406415985",
        "component_id": "88afd3d1-6da3-496a-ac81-669a47256d34",
        "value": 19.2,
        "timestamp_measured": "2019-04-07T03:00:00+00:00",
        "import_log_id": "6f8cadd4-ceb8-4248-b6c4-549ee55cc594",
        "rating": 2,
        "status": "validated"
    },
    {
        "id": "a2d8cd24-bc5b-42f5-8bb6-9172066e583b",
        "station_id": "f33b882a-adbc-4820-9145-33d406415985",
        "component_id": "88afd3d1-6da3-496a-ac81-669a47256d34",
        "value": 20.6,
        "timestamp_measured": "2019-04-07T04:00:00+00:00",
        "import_log_id": "6f8cadd4-ceb8-4248-b6c4-549ee55cc594",
        "rating": 3,
        "status": "validated"
    },
    {
        "id": "843d1929-5cbf-4f6e-8755-d7c84d7135a3",
        "station_id": "f33b882a-adbc-4820-9145-33d406415985",
        "component_id": "88afd3d1-6da3-496a-ac81-669a47256d34",
        "value": 14.5,
        "timestamp_measured": "2019-04-07T05:00:00+00:00",
        "import_log_id": "6f8cadd4-ceb8-4248-b6c4-549ee55cc594",
        "rating": 2,
        "status": "validated"
    },
    {
        "id": "29905be5-1b91-4b4d-8f7c-2139fa1693fe",
        "station_id": "f33b882a-adbc-4820-9145-33d406415985",
        "component_id": "88afd3d1-6da3-496a-ac81-669a47256d34",
        "value": 19.0,
        "timestamp_measured": "2019-04-07T06:00:00+00:00",
        "import_log_id": "6f8cadd4-ceb8-4248-b6c4-549ee55cc594",
        "rating": 2,
        "status": "validated"
    },
    {
        "id": "38796ecd-c907-4885-b07f-73d177d20ed2",
        "station_id": "f33b882a-adbc-4820-9145-33d406415985",
        "component_id": "88afd3d1-6da3-496a-ac81-669a47256d34",
        "value": 16.9,
        "timestamp_measured": "2019-04-07T07:00:00+00:00",
        "import_log_id": "6f8cadd4-ceb8-4248-b6c4-549ee55cc594",
        "rating": 2,
        "status": "validated"
    },
    {
        "id": "b046d0a2-4337-474d-9957-a0c277572071",
        "station_id": "f33b882a-adbc-4820-9145-33d406415985",
        "component_id": "88afd3d1-6da3-496a-ac81-669a47256d34",
        "value": 30.0,
        "timestamp_measured": "2019-04-07T08:00:00+00:00",
        "import_log_id": "6f8cadd4-ceb8-4248-b6c4-549ee55cc594",
        "rating": 4,
        "status": "validated"
    },
    {
        "id": "da1912eb-8cbe-4071-ae01-9a8fee8a57a6",
        "station_id": "f33b882a-adbc-4820-9145-33d406415985",
        "component_id": "88afd3d1-6da3-496a-ac81-669a47256d34",
        "value": 23.1,
        "timestamp_measured": "2019-04-07T09:00:00+00:00",
        "import_log_id": "6f8cadd4-ceb8-4248-b6c4-549ee55cc594",
        "rating": 3,
        "status": "validated"
    },
    {
        "id": "3f0e57d0-824c-4b79-81ef-13b702bd20b7",
        "station_id": "f33b882a-adbc-4820-9145-33d406415985",
        "component_id": "88afd3d1-6da3-496a-ac81-669a47256d34",
        "value": 29.8,
        "timestamp_measured": "2019-04-07T10:00:00+00:00",
        "import_log_id": "6f8cadd4-ceb8-4248-b6c4-549ee55cc594",
        "rating": 3,
        "status": "validated"
    },
    {
        "id": "b4f25354-8bf2-45d1-b38a-8765d4bac70f",
        "station_id": "f33b882a-adbc-4820-9145-33d406415985",
        "component_id": "88afd3d1-6da3-496a-ac81-669a47256d34",
        "value": 34.0,
        "timestamp_measured": "2019-04-07T11:00:00+00:00",
        "import_log_id": "6f8cadd4-ceb8-4248-b6c4-549ee55cc594",
        "rating": 4,
        "status": "validated"
    },
    {
        "id": "48e63df2-c4a8-4644-9427-1a50ee079071",
        "station_id": "f33b882a-adbc-4820-9145-33d406415985",
        "component_id": "88afd3d1-6da3-496a-ac81-669a47256d34",
        "value": 34.0,
        "timestamp_measured": "2019-04-07T12:00:00+00:00",
        "import_log_id": "6f8cadd4-ceb8-4248-b6c4-549ee55cc594",
        "rating": 4,
        "status": "validated"
    },
    {
        "id": "068597a7-e045-456d-939f-4c335da2c781",
        "station_id": "f33b882a-adbc-4820-9145-33d406415985",
        "component_id": "88afd3d1-6da3-496a-ac81-669a47256d34",
        "value": 32.7,
        "timestamp_measured": "2019-04-07T13:00:00+00:00",
        "import_log_id": "6f8cadd4-ceb8-4248-b6c4-549ee55cc594",
        "rating": 4,
        "status": "validated"
    },
    {
        "id": "888188e8-70e4-48f8-8291-9e7180266ab6",
        "station_id": "f33b882a-adbc-4820-9145-33d406415985",
        "component_id": "88afd3d1-6da3-496a-ac81-669a47256d34",
        "value": 29.8,
        "timestamp_measured": "2019-04-07T14:00:00+00:00",
        "import_log_id": "6f8cadd4-ceb8-4248-b6c4-549ee55cc594",
        "rating": 3,
        "status": "validated"
    },
    {
        "id": "3e63686b-c343-4a5d-92e3-2b092abc96a8",
        "station_id": "f33b882a-adbc-4820-9145-33d406415985",
        "component_id": "88afd3d1-6da3-496a-ac81-669a47256d34",
        "value": 27.6,
        "timestamp_measured": "2019-04-07T15:00:00+00:00",
        "import_log_id": "6f8cadd4-ceb8-4248-b6c4-549ee55cc594",
        "rating": 3,
        "status": "validated"
    },
    {
        "id": "68f62965-645c-454b-a8ef-310607cfe8f8",
        "station_id": "f33b882a-adbc-4820-9145-33d406415985",
        "component_id": "88afd3d1-6da3-496a-ac81-669a47256d34",
        "value": 22.0,
        "timestamp_measured": "2019-04-07T16:00:00+00:00",
        "import_log_id": "6f8cadd4-ceb8-4248-b6c4-549ee55cc594",
        "rating": 3,
        "status": "validated"
    },
    {
        "id": "07e360a8-0cd7-4135-944c-527c33c4e699",
        "station_id": "f33b882a-adbc-4820-9145-33d406415985",
        "component_id": "88afd3d1-6da3-496a-ac81-669a47256d34",
        "value": 30.5,
        "timestamp_measured": "2019-04-07T17:00:00+00:00",
        "import_log_id": "6f8cadd4-ceb8-4248-b6c4-549ee55cc594",
        "rating": 4,
        "status": "validated"
    },
    {
        "id": "6b5a03f0-4a6f-4745-abda-9918bf694930",
        "station_id": "f33b882a-adbc-4820-9145-33d406415985",
        "component_id": "88afd3d1-6da3-496a-ac81-669a47256d34",
        "value": 23.5,
        "timestamp_measured": "2019-04-07T18:00:00+00:00",
        "import_log_id": "6f8cadd4-ceb8-4248-b6c4-549ee55cc594",
        "rating": 3,
        "status": "validated"
    },
    {
        "id": "1ee7db1e-7f0e-4e03-a3a9-b499c6c29ead",
        "station_id": "f33b882a-adbc-4820-9145-33d406415985",
        "component_id": "88afd3d1-6da3-496a-ac81-669a47256d34",
        "value": 26.6,
        "timestamp_measured": "2019-04-07T19:00:00+00:00",
        "import_log_id": "6f8cadd4-ceb8-4248-b6c4-549ee55cc594",
        "rating": 3,
        "status": "validated"
    },
    {
        "id": "d7a04d0e-e344-47e2-b078-834085692bc5",
        "station_id": "f33b882a-adbc-4820-9145-33d406415985",
        "component_id": "88afd3d1-6da3-496a-ac81-669a47256d34",
        "value": 25.2,
        "timestamp_measured": "2019-04-07T20:00:00+00:00",
        "import_log_id": "6f8cadd4-ceb8-4248-b6c4-549ee55cc594",
        "rating": 3,
        "status": "validated"
    },
    {
        "id": "85579aa6-9d28-4e55-a690-1aba15446f86",
        "station_id": "f33b882a-adbc-4820-9145-33d406415985",
        "component_id": "88afd3d1-6da3-496a-ac81-669a47256d34",
        "value": 25.3,
        "timestamp_measured": "2019-04-07T21:00:00+00:00",
        "import_log_id": "6f8cadd4-ceb8-4248-b6c4-549ee55cc594",
        "rating": 3,
        "status": "validated"
    },
    {
        "id": "e11438b0-1e69-4de4-911f-f2a5897e07f9",
        "station_id": "f33b882a-adbc-4820-9145-33d406415985",
        "component_id": "88afd3d1-6da3-496a-ac81-669a47256d34",
        "value": -999.0,
        "timestamp_measured": "2019-04-07T22:00:00+00:00",
        "import_log_id": "6f8cadd4-ceb8-4248-b6c4-549ee55cc594",
        "rating": -999,
        "status": "unvalidated"
    }
]