[
    {
        "id": "2460e816-2e3d-4f32-b69e-63c7ce67f984",
        "station_id": "52f44218-4381-4f0c-a43d-9c7061577e1d",
        "component_id": "88afd3d1-6da3-496a-ac81-669a47256d34",
        "value": 11.8,
        "timestamp_measured": "2020-04-19T22:00:00+00:00",
        "import_log_id": "a3f6ba3f-bdc0-47bf-9636-158f50d5097e",
        "rating": 2,
        "status": "validated"
    },
    {
        "id": "ec79ab59-02ad-4480-ac29-2bca073686b6",
        "station_id": "52f44218-4381-4f0c-a43d-9c7061577e1d",
        "component_id": "88afd3d1-6da3-496a-ac81-669a47256d34",
        "value": 8.4,
        "timestamp_measured": "2020-04-19T23:00:00+00:00",
        "import_log_id": "a3f6ba3f-bdc0-47bf-9636-158f50d5097e",
        "rating": 1,
        "status": "validated"
    },
    {
        "id": "38a7368e-0ae0-4c8f-a44e-0fb043a65b26",
        "station_id": "52f44218-4381-4f0c-a43d-9c7061577e1d",
        "component_id": "88afd3d1-6da3-496a-ac81-669a47256d34",
        "value": 5.9,
        "timestamp_measured": "2020-04-20T00:00:00+00:00",
        "import_log_id": "a99621a7-b234-4a3c-bb96-0228d597f885",
        "rating": 1,
        "status": "validated"
    },
    {
        "id": "67f93ff1-7f6c-453b-92f5-04ec7b96178a",
        "station_id": "52f44218-4381-4f0c-a43d-9c7061577e1d",
        "component_id": "88afd3d1-6da3-496a-ac81-669a47256d34",
        "value": 5.2,
        "timestamp_measured": "2020-04-20T01:00:00+00:00",
        "import_log_id": "a99621a7-b234-4a3c-bb96-0228d597f885",
        "rating": 1,
        "status": "validated"
    },
    {
        "id": "9f9aaef7-c72f-404f-b2f5-349f5b6dd108",
        "station_id": "52f44218-4381-4f0c-a43d-9c7061577e1d",
        "component_id": "88afd3d1-6da3-496a-ac81-669a47256d34",
        "value": 5.2,
        "timestamp_measured": "2020-04-20T02:00:00+00:00",
        "import_log_id": "a99621a7-b234-4a3c-bb96-0228d597f885",
        "rating": 1,
        "status": "validated"
    },
    {
        "id": "84709eed-4a76-459e-ac78-e3f90262cb15",
        "station_id": "52f44218-4381-4f0c-a43d-9c7061577e1d",
        "component_id": "88afd3d1-6da3-496a-ac81-669a47256d34",
        "value": 5.7,
        "timestamp_measured": "2020-04-20T03:00:00+00:00",
        "import_log_id": "a99621a7-b234-4a3c-bb96-0228d597f885",
        "rating": 1,
        "status": "validated"
    },
    {
        "id": "07aeb2b6-21e2-4607-979e-30897d015b10",
        "station_id": "52f44218-4381-4f0c-a43d-9c7061577e1d",
        "component_id": "88afd3d1-6da3-496a-ac81-669a47256d34",
        "value": 10.9,
        "timestamp_measured": "2020-04-20T04:00:00+00:00",
        "import_log_id": "a99621a7-b234-4a3c-bb96-0228d597f885",
        "rating": 2,
        "status": "validated"
    },
    {
        "id": "1165adf0-e312-47bb-a397-c660f990f82d",
        "station_id": "52f44218-4381-4f0c-a43d-9c7061577e1d",
        "component_id": "88afd3d1-6da3-496a-ac81-669a47256d34",
        "value": 27.5,
        "timestamp_measured": "2020-04-20T05:00:00+00:00",
        "import_log_id": "a99621a7-b234-4a3c-bb96-0228d597f885",
        "rating": 3,
        "status": "validated"
    },
    {
        "id": "8e30a777-01ae-4004-a926-8d9fa819b02c",
        "station_id": "52f44218-4381-4f0c-a43d-9c7061577e1d",
        "component_id": "88afd3d1-6da3-496a-ac81-669a47256d34",
        "value": 37.6,
        "timestamp_measured": "2020-04-20T06:00:00+00:00",
        "import_log_id": "a99621a7-b234-4a3c-bb96-0228d597f885",
        "rating": 4,
        "status": "validated"
    },
    {
        "id": "866593da-8493-40d3-8cec-0897eb10170b",
        "station_id": "52f44218-4381-4f0c-a43d-9c7061577e1d",
        "component_id": "88afd3d1-6da3-496a-ac81-669a47256d34",
        "value": 27.9,
        "timestamp_measured": "2020-04-20T07:00:00+00:00",
        "import_log_id": "a99621a7-b234-4a3c-bb96-0228d597f885",
        "rating": 3,
        "status": "validated"
    },
    {
        "id": "f7e38e4d-4dc2-4d72-9469-6af4cd531689",
        "station_id": "52f44218-4381-4f0c-a43d-9c7061577e1d",
        "component_id": "88afd3d1-6da3-496a-ac81-669a47256d34",
        "value": 21.4,
        "timestamp_measured": "2020-04-20T08:00:00+00:00",
        "import_log_id": "a99621a7-b234-4a3c-bb96-0228d597f885",
        "rating": 3,
        "status": "validated"
    },
    {
        "id": "6457290f-a404-4276-b58e-45a9111e794d",
        "station_id": "52f44218-4381-4f0c-a43d-9c7061577e1d",
        "component_id": "88afd3d1-6da3-496a-ac81-669a47256d34",
        "value": 14.7,
        "timestamp_measured": "2020-04-20T09:00:00+00:00",
        "import_log_id": "a99621a7-b234-4a3c-bb96-0228d597f885",
        "rating": 2,
        "status": "validated"
    },
    {
        "id": "e82262ce-7eb9-414b-b10f-53092d209d11",
        "station_id": "52f44218-4381-4f0c-a43d-9c7061577e1d",
        "component_id": "88afd3d1-6da3-496a-ac81-669a47256d34",
        "value": 14.1,
        "timestamp_measured": "2020-04-20T10:00:00+00:00",
        "import_log_id": "a99621a7-b234-4a3c-bb96-0228d597f885",
        "rating": 2,
        "status": "validated"
    },
    {
        "id": "1184b83d-fee8-4eee-8e9c-765a3398a747",
        "station_id": "52f44218-4381-4f0c-a43d-9c7061577e1d",
        "component_id": "88afd3d1-6da3-496a-ac81-669a47256d34",
        "value": 13.9,
        "timestamp_measured": "2020-04-20T11:00:00+00:00",
        "import_log_id": "a99621a7-b234-4a3c-bb96-0228d597f885",
        "rating": 2,
        "status": "validated"
    },
    {
        "id": "7e170d9e-16ff-49c2-a41d-eb58ba801c6f",
        "station_id": "52f44218-4381-4f0c-a43d-9c7061577e1d",
        "component_id": "88afd3d1-6da3-496a-ac81-669a47256d34",
        "value": 11.3,
        "timestamp_measured": "2020-04-20T12:00:00+00:00",
        "import_log_id": "a99621a7-b234-4a3c-bb96-0228d597f885",
        "rating": 2,
        "status": "validated"
    },
    {
        "id": "654e8149-d3db-4db8-b224-0dc4b38500e7",
        "station_id": "52f44218-4381-4f0c-a43d-9c7061577e1d",
        "component_id": "88afd3d1-6da3-496a-ac81-669a47256d34",
        "value": 12.6,
        "timestamp_measured": "2020-04-20T13:00:00+00:00",
        "import_log_id": "a99621a7-b234-4a3c-bb96-0228d597f885",
        "rating": 2,
        "status": "validated"
    },
    {
        "id": "db19a8ad-c969-4307-99aa-e9e19e4e18a4",
        "station_id": "52f44218-4381-4f0c-a43d-9c7061577e1d",
        "component_id": "88afd3d1-6da3-496a-ac81-669a47256d34",
        "value": 14.1,
        "timestamp_measured": "2020-04-20T14:00:00+00:00",
        "import_log_id": "a99621a7-b234-4a3c-bb96-0228d597f885",
        "rating": 2,
        "status": "validated"
    },
    {
        "id": "783c2a78-91f1-4f19-ac52-d4925d808732",
        "station_id": "52f44218-4381-4f0c-a43d-9c7061577e1d",
        "component_id": "88afd3d1-6da3-496a-ac81-669a47256d34",
        "value": 13.9,
        "timestamp_measured": "2020-04-20T15:00:00+00:00",
        "import_log_id": "a99621a7-b234-4a3c-bb96-0228d597f885",
        "rating": 2,
        "status": "validated"
    },
    {
        "id": "62ce375c-d902-4327-b3b8-5b95495b398c",
        "station_id": "52f44218-4381-4f0c-a43d-9c7061577e1d",
        "component_id": "88afd3d1-6da3-496a-ac81-669a47256d34",
        "value": 13.4,
        "timestamp_measured": "2020-04-20T16:00:00+00:00",
        "import_log_id": "a99621a7-b234-4a3c-bb96-0228d597f885",
        "rating": 2,
        "status": "validated"
    },
    {
        "id": "ed936eef-03bf-47ea-b72e-9a0f1ad7954b",
        "station_id": "52f44218-4381-4f0c-a43d-9c7061577e1d",
        "component_id": "88afd3d1-6da3-496a-ac81-669a47256d34",
        "value": 11.7,
        "timestamp_measured": "2020-04-20T17:00:00+00:00",
        "import_log_id": "a99621a7-b234-4a3c-bb96-0228d597f885",
        "rating": 2,
        "status": "validated"
    },
    {
        "id": "b1d7bdb2-092d-4bec-8d0d-762a8cdd2164",
        "station_id": "52f44218-4381-4f0c-a43d-9c7061577e1d",
        "component_id": "88afd3d1-6da3-496a-ac81-669a47256d34",
        "value": 10.1,
        "timestamp_measured": "2020-04-20T18:00:00+00:00",
        "import_log_id": "a99621a7-b234-4a3c-bb96-0228d597f885",
        "rating": 2,
        "status": "validated"
    },
    {
        "id": "68ac77c4-65e5-4ec6-ac54-0ab71198549e",
        "station_id": "52f44218-4381-4f0c-a43d-9c7061577e1d",
        "component_id": "88afd3d1-6da3-496a-ac81-669a47256d34",
        "value": 10.5,
        "timestamp_measured": "2020-04-20T19:00:00+00:00",
        "import_log_id": "a99621a7-b234-4a3c-bb96-0228d597f885",
        "rating": 2,
        "status": "validated"
    },
    {
        "id": "33c9ed4c-cef2-495d-8aec-38d3be95f15b",
        "station_id": "52f44218-4381-4f0c-a43d-9c7061577e1d",
        "component_id": "88afd3d1-6da3-496a-ac81-669a47256d34",
        "value": 11.5,
        "timestamp_measured": "2020-04-20T20:00:00+00:00",
        "import_log_id": "a99621a7-b234-4a3c-bb96-0228d597f885",
        "rating": 2,
        "status": "validated"
    },
    {
        "id": "af07f88c-3b1b-4a09-ad2b-7ad1fed9f8a5",
        "station_id": "52f44218-4381-4f0c-a43d-9c7061577e1d",
        "component_id": "88afd3d1-6da3-496a-ac81-669a47256d34",
        "value": 8.8,
        "timestamp_measured": "2020-04-20T21:00:00+00:00",
        "import_log_id": "a99621a7-b234-4a3c-bb96-0228d597f885",
        "rating": 1,
        "status": "validated"
    },
    {
        "id": "5f2af36d-7966-4633-989b-b8acb502e925",
        "station_id": "52f44218-4381-4f0c-a43d-9c7061577e1d",
        "component_id": "88afd3d1-6da3-496a-ac81-669a47256d34",
        "value": 8.8,
        "timestamp_measured": "2020-04-20T22:00:00+00:00",
        "import_log_id": "a99621a7-b234-4a3c-bb96-0228d597f885",
        "rating": 1,
        "status": "validated"
    },
    {
        "id": "d3f18e29-826d-4ce0-85e8-afa92f69f545",
        "station_id": "52f44218-4381-4f0c-a43d-9c7061577e1d",
        "component_id": "88afd3d1-6da3-496a-ac81-669a47256d34",
        "value": 6.9,
        "timestamp_measured": "2020-04-20T23:00:00+00:00",
        "import_log_id": "a99621a7-b234-4a3c-bb96-0228d597f885",
        "rating": 1,
        "status": "validated"
    },
    {
        "id": "37374f27-c923-42e8-9f5d-fbc4e28d1e33",
        "station_id": "52f44218-4381-4f0c-a43d-9c7061577e1d",
        "component_id": "88afd3d1-6da3-496a-ac81-669a47256d34",
        "value": 5.7,
        "timestamp_measured": "2020-04-21T00:00:00+00:00",
        "import_log_id": "0a6f9aad-cf40-4b90-8793-eb7f53869ee9",
        "rating": 1,
        "status": "validated"
    },
    {
        "id": "6b3cce9f-7163-4116-a83e-13622449c0de",
        "station_id": "52f44218-4381-4f0c-a43d-9c7061577e1d",
        "component_id": "88afd3d1-6da3-496a-ac81-669a47256d34",
        "value": 5.3,
        "timestamp_measured": "2020-04-21T01:00:00+00:00",
        "import_log_id": "0a6f9aad-cf40-4b90-8793-eb7f53869ee9",
        "rating": 1,
        "status": "validated"
    },
    {
        "id": "be901ed9-e000-4877-a23f-ff22f7d50669",
        "station_id": "52f44218-4381-4f0c-a43d-9c7061577e1d",
        "component_id": "88afd3d1-6da3-496a-ac81-669a47256d34",
        "value": 5.3,
        "timestamp_measured": "2020-04-21T02:00:00+00:00",
        "import_log_id": "0a6f9aad-cf40-4b90-8793-eb7f53869ee9",
        "rating": 1,
        "status": "validated"
    },
    {
        "id": "f66e2157-6827-4a17-8586-b56ed49d1531",
        "station_id": "52f44218-4381-4f0c-a43d-9c7061577e1d",
        "component_id": "88afd3d1-6da3-496a-ac81-669a47256d34",
        "value": 5.7,
        "timestamp_measured": "2020-04-21T03:00:00+00:00",
        "import_log_id": "0a6f9aad-cf40-4b90-8793-eb7f53869ee9",
        "rating": 1,
        "status": "validated"
    },
    {
        "id": "64b4c1d9-752d-4ced-89c9-232aa69d8587",
        "station_id": "52f44218-4381-4f0c-a43d-9c7061577e1d",
        "component_id": "88afd3d1-6da3-496a-ac81-669a47256d34",
        "value": 9.6,
        "timestamp_measured": "2020-04-21T04:00:00+00:00",
        "import_log_id": "0a6f9aad-cf40-4b90-8793-eb7f53869ee9",
        "rating": 1,
        "status": "validated"
    },
    {
        "id": "f10a8fc7-588d-4759-a153-67e3cb9903b4",
        "station_id": "52f44218-4381-4f0c-a43d-9c7061577e1d",
        "component_id": "88afd3d1-6da3-496a-ac81-669a47256d34",
        "value": 22.7,
        "timestamp_measured": "2020-04-21T05:00:00+00:00",
        "import_log_id": "0a6f9aad-cf40-4b90-8793-eb7f53869ee9",
        "rating": 3,
        "status": "validated"
    },
    {
        "id": "f338f1c1-0ef6-40e3-986b-572ea8b494fc",
        "station_id": "52f44218-4381-4f0c-a43d-9c7061577e1d",
        "component_id": "88afd3d1-6da3-496a-ac81-669a47256d34",
        "value": 27.1,
        "timestamp_measured": "2020-04-21T06:00:00+00:00",
        "import_log_id": "0a6f9aad-cf40-4b90-8793-eb7f53869ee9",
        "rating": 3,
        "status": "validated"
    },
    {
        "id": "7aa97866-ff18-42b6-9ab9-621b800c4855",
        "station_id": "52f44218-4381-4f0c-a43d-9c7061577e1d",
        "component_id": "88afd3d1-6da3-496a-ac81-669a47256d34",
        "value": 23.7,
        "timestamp_measured": "2020-04-21T07:00:00+00:00",
        "import_log_id": "0a6f9aad-cf40-4b90-8793-eb7f53869ee9",
        "rating": 3,
        "status": "validated"
    },
    {
        "id": "93eba82b-b2fa-47e7-9909-0e23094e8f15",
        "station_id": "52f44218-4381-4f0c-a43d-9c7061577e1d",
        "component_id": "88afd3d1-6da3-496a-ac81-669a47256d34",
        "value": 16.0,
        "timestamp_measured": "2020-04-21T08:00:00+00:00",
        "import_log_id": "0a6f9aad-cf40-4b90-8793-eb7f53869ee9",
        "rating": 2,
        "status": "validated"
    },
    {
        "id": "58680e88-f2ee-4f66-96fb-06d77e99dd00",
        "station_id": "52f44218-4381-4f0c-a43d-9c7061577e1d",
        "component_id": "88afd3d1-6da3-496a-ac81-669a47256d34",
        "value": 16.4,
        "timestamp_measured": "2020-04-21T09:00:00+00:00",
        "import_log_id": "0a6f9aad-cf40-4b90-8793-eb7f53869ee9",
        "rating": 2,
        "status": "validated"
    },
    {
        "id": "079c36bf-5ab1-4ccc-872f-13ee8cf2b93e",
        "station_id": "52f44218-4381-4f0c-a43d-9c7061577e1d",
        "component_id": "88afd3d1-6da3-496a-ac81-669a47256d34",
        "value": 13.8,
        "timestamp_measured": "2020-04-21T10:00:00+00:00",
        "import_log_id": "0a6f9aad-cf40-4b90-8793-eb7f53869ee9",
        "rating": 2,
        "status": "validated"
    },
    {
        "id": "6a7b4c1a-1c21-4302-ab05-ac1d41f36693",
        "station_id": "52f44218-4381-4f0c-a43d-9c7061577e1d",
        "component_id": "88afd3d1-6da3-496a-ac81-669a47256d34",
        "value": 12.6,
        "timestamp_measured": "2020-04-21T11:00:00+00:00",
        "import_log_id": "0a6f9aad-cf40-4b90-8793-eb7f53869ee9",
        "rating": 2,
        "status": "validated"
    },
    {
        "id": "a6df3fc4-da54-41c9-9b61-27196cb6a931",
        "station_id": "52f44218-4381-4f0c-a43d-9c7061577e1d",
        "component_id": "88afd3d1-6da3-496a-ac81-669a47256d34",
        "value": 14.1,
        "timestamp_measured": "2020-04-21T12:00:00+00:00",
        "import_log_id": "0a6f9aad-cf40-4b90-8793-eb7f53869ee9",
        "rating": 2,
        "status": "validated"
    },
    {
        "id": "04435df0-f217-4fca-a8cc-88f5f3583e69",
        "station_id": "52f44218-4381-4f0c-a43d-9c7061577e1d",
        "component_id": "88afd3d1-6da3-496a-ac81-669a47256d34",
        "value": 13.9,
        "timestamp_measured": "2020-04-21T13:00:00+00:00",
        "import_log_id": "0a6f9aad-cf40-4b90-8793-eb7f53869ee9",
        "rating": 2,
        "status": "validated"
    },
    {
        "id": "3fb43f63-4a7a-40bc-9426-1ec0ac8eace9",
        "station_id": "52f44218-4381-4f0c-a43d-9c7061577e1d",
        "component_id": "88afd3d1-6da3-496a-ac81-669a47256d34",
        "value": 13.9,
        "timestamp_measured": "2020-04-21T14:00:00+00:00",
        "import_log_id": "0a6f9aad-cf40-4b90-8793-eb7f53869ee9",
        "rating": 2,
        "status": "validated"
    },
    {
        "id": "c135de16-5876-499a-b7b7-ee856d41b1f8",
        "station_id": "52f44218-4381-4f0c-a43d-9c7061577e1d",
        "component_id": "88afd3d1-6da3-496a-ac81-669a47256d34",
        "value": 11.5,
        "timestamp_measured": "2020-04-21T15:00:00+00:00",
        "import_log_id": "0a6f9aad-cf40-4b90-8793-eb7f53869ee9",
        "rating": 2,
        "status": "validated"
    },
    {
        "id": "6dfc3ae5-ac48-4dfe-921c-f7112d4daa8f",
        "station_id": "52f44218-4381-4f0c-a43d-9c7061577e1d",
        "component_id": "88afd3d1-6da3-496a-ac81-669a47256d34",
        "value": 12.0,
        "timestamp_measured": "2020-04-21T16:00:00+00:00",
        "import_log_id": "0a6f9aad-cf40-4b90-8793-eb7f53869ee9",
        "rating": 2,
        "status": "validated"
    },
    {
        "id": "6a6deaa0-75ca-4587-afc4-b7db59fec679",
        "station_id": "52f44218-4381-4f0c-a43d-9c7061577e1d",
        "component_id": "88afd3d1-6da3-496a-ac81-669a47256d34",
        "value": 11.1,
        "timestamp_measured": "2020-04-21T17:00:00+00:00",
        "import_log_id": "0a6f9aad-cf40-4b90-8793-eb7f53869ee9",
        "rating": 2,
        "status": "validated"
    },
    {
        "id": "03716739-4987-490d-bf98-85845ce72282",
        "station_id": "52f44218-4381-4f0c-a43d-9c7061577e1d",
        "component_id": "88afd3d1-6da3-496a-ac81-669a47256d34",
        "value": 8.8,
        "timestamp_measured": "2020-04-21T18:00:00+00:00",
        "import_log_id": "0a6f9aad-cf40-4b90-8793-eb7f53869ee9",
        "rating": 1,
        "status": "validated"
    },
    {
        "id": "423d4d37-b6df-4d5f-a163-943baf348160",
        "station_id": "52f44218-4381-4f0c-a43d-9c7061577e1d",
        "component_id": "88afd3d1-6da3-496a-ac81-669a47256d34",
        "value": 9.2,
        "timestamp_measured": "2020-04-21T19:00:00+00:00",
        "import_log_id": "0a6f9aad-cf40-4b90-8793-eb7f53869ee9",
        "rating": 1,
        "status": "validated"
    },
    {
        "id": "dd9992ca-0ab5-4334-91d1-d97ed406e126",
        "station_id": "52f44218-4381-4f0c-a43d-9c7061577e1d",
        "component_id": "88afd3d1-6da3-496a-ac81-669a47256d34",
        "value": 9.9,
        "timestamp_measured": "2020-04-21T20:00:00+00:00",
        "import_log_id": "0a6f9aad-cf40-4b90-8793-eb7f53869ee9",
        "rating": 1,
        "status": "validated"
    },
    {
        "id": "f73f9420-7202-4b65-9e00-18ae5ae700f9",
        "station_id": "52f44218-4381-4f0c-a43d-9c7061577e1d",
        "component_id": "88afd3d1-6da3-496a-ac81-669a47256d34",
        "value": 9.4,
        "timestamp_measured": "2020-04-21T21:00:00+00:00",
        "import_log_id": "0a6f9aad-cf40-4b90-8793-eb7f53869ee9",
        "rating": 1,
        "status": "validated"
    },
    {
        "id": "6298811b-6ee4-434c-9f41-7a5e5aae0aae",
        "station_id": "52f44218-4381-4f0c-a43d-9c7061577e1d",
        "component_id": "88afd3d1-6da3-496a-ac81-669a47256d34",
        "value": 9.0,
        "timestamp_measured": "2020-04-21T22:00:00+00:00",
        "import_log_id": "0a6f9aad-cf40-4b90-8793-eb7f53869ee9",
        "rating": 1,
        "status": "validated"
    },
    {
        "id": "abd06bbb-12c8-486d-91d9-6636114cb1a5",
        "station_id": "52f44218-4381-4f0c-a43d-9c7061577e1d",
        "component_id": "88afd3d1-6da3-496a-ac81-669a47256d34",
        "value": 7.4,
        "timestamp_measured": "2020-04-21T23:00:00+00:00",
        "import_log_id": "0a6f9aad-cf40-4b90-8793-eb7f53869ee9",
        "rating": 1,
        "status": "validated"
    },
    {
        "id": "d361cf13-ee3a-4ca2-a4e5-a6c1abab9014",
        "station_id": "52f44218-4381-4f0c-a43d-9c7061577e1d",
        "component_id": "88afd3d1-6da3-496a-ac81-669a47256d34",
        "value": 7.3,
        "timestamp_measured": "2020-04-22T00:00:00+00:00",
        "import_log_id": "388b003f-eb66-40e7-8826-25cdf8d75dd8",
        "rating": 1,
        "status": "validated"
    },
    {
        "id": "d5c9452e-5742-48f6-8f22-f760ad373c33",
        "station_id": "52f44218-4381-4f0c-a43d-9c7061577e1d",
        "component_id": "88afd3d1-6da3-496a-ac81-669a47256d34",
        "value": 7.1,
        "timestamp_measured": "2020-04-22T01:00:00+00:00",
        "import_log_id": "388b003f-eb66-40e7-8826-25cdf8d75dd8",
        "rating": 1,
        "status": "validated"
    },
    {
        "id": "fd3236cd-6147-4571-b6ad-bab1f751277a",
        "station_id": "52f44218-4381-4f0c-a43d-9c7061577e1d",
        "component_id": "88afd3d1-6da3-496a-ac81-669a47256d34",
        "value": 7.1,
        "timestamp_measured": "2020-04-22T02:00:00+00:00",
        "import_log_id": "388b003f-eb66-40e7-8826-25cdf8d75dd8",
        "rating": 1,
        "status": "validated"
    },
    {
        "id": "f015689a-8ad1-4fea-ae54-f5fc3e6a514b",
        "station_id": "52f44218-4381-4f0c-a43d-9c7061577e1d",
        "component_id": "88afd3d1-6da3-496a-ac81-669a47256d34",
        "value": 8.4,
        "timestamp_measured": "2020-04-22T03:00:00+00:00",
        "import_log_id": "388b003f-eb66-40e7-8826-25cdf8d75dd8",
        "rating": 1,
        "status": "validated"
    },
    {
        "id": "51ea0998-9e7f-4c61-8be5-197f689615d2",
        "station_id": "52f44218-4381-4f0c-a43d-9c7061577e1d",
        "component_id": "88afd3d1-6da3-496a-ac81-669a47256d34",
        "value": 14.5,
        "timestamp_measured": "2020-04-22T04:00:00+00:00",
        "import_log_id": "388b003f-eb66-40e7-8826-25cdf8d75dd8",
        "rating": 2,
        "status": "validated"
    },
    {
        "id": "529ad550-80ac-4384-9223-57e895f4c42e",
        "station_id": "52f44218-4381-4f0c-a43d-9c7061577e1d",
        "component_id": "88afd3d1-6da3-496a-ac81-669a47256d34",
        "value": 25.8,
        "timestamp_measured": "2020-04-22T05:00:00+00:00",
        "import_log_id": "388b003f-eb66-40e7-8826-25cdf8d75dd8",
        "rating": 3,
        "status": "validated"
    },
    {
        "id": "46326165-606a-4bf6-87f7-e23bd2830af4",
        "station_id": "52f44218-4381-4f0c-a43d-9c7061577e1d",
        "component_id": "88afd3d1-6da3-496a-ac81-669a47256d34",
        "value": 31.3,
        "timestamp_measured": "2020-04-22T06:00:00+00:00",
        "import_log_id": "388b003f-eb66-40e7-8826-25cdf8d75dd8",
        "rating": 4,
        "status": "validated"
    },
    {
        "id": "af8cec2e-2a50-498a-b350-937375055dc6",
        "station_id": "52f44218-4381-4f0c-a43d-9c7061577e1d",
        "component_id": "88afd3d1-6da3-496a-ac81-669a47256d34",
        "value": 29.0,
        "timestamp_measured": "2020-04-22T07:00:00+00:00",
        "import_log_id": "388b003f-eb66-40e7-8826-25cdf8d75dd8",
        "rating": 3,
        "status": "validated"
    },
    {
        "id": "b6f2c33e-983e-483d-be82-c650d9e9303d",
        "station_id": "52f44218-4381-4f0c-a43d-9c7061577e1d",
        "component_id": "88afd3d1-6da3-496a-ac81-669a47256d34",
        "value": 23.7,
        "timestamp_measured": "2020-04-22T08:00:00+00:00",
        "import_log_id": "388b003f-eb66-40e7-8826-25cdf8d75dd8",
        "rating": 3,
        "status": "validated"
    },
    {
        "id": "0a61100e-9e9a-4155-aae5-8e670567540a",
        "station_id": "52f44218-4381-4f0c-a43d-9c7061577e1d",
        "component_id": "88afd3d1-6da3-496a-ac81-669a47256d34",
        "value": 23.5,
        "timestamp_measured": "2020-04-22T09:00:00+00:00",
        "import_log_id": "388b003f-eb66-40e7-8826-25cdf8d75dd8",
        "rating": 3,
        "status": "validated"
    },
    {
        "id": "95ae7cd7-7e1e-47b7-a137-94d9a11cc5ac",
        "station_id": "52f44218-4381-4f0c-a43d-9c7061577e1d",
        "component_id": "88afd3d1-6da3-496a-ac81-669a47256d34",
        "value": 22.0,
        "timestamp_measured": "2020-04-22T10:00:00+00:00",
        "import_log_id": "388b003f-eb66-40e7-8826-25cdf8d75dd8",
        "rating": 3,
        "status": "validated"
    },
    {
        "id": "69dcabd3-a3b8-4284-9a28-69f2d3134777",
        "station_id": "52f44218-4381-4f0c-a43d-9c7061577e1d",
        "component_id": "88afd3d1-6da3-496a-ac81-669a47256d34",
        "value": 16.2,
        "timestamp_measured": "2020-04-22T11:00:00+00:00",
        "import_log_id": "388b003f-eb66-40e7-8826-25cdf8d75dd8",
        "rating": 2,
        "status": "validated"
    },
    {
        "id": "cde917c7-3873-4138-a881-f92fa5d3bceb",
        "station_id": "52f44218-4381-4f0c-a43d-9c7061577e1d",
        "component_id": "88afd3d1-6da3-496a-ac81-669a47256d34",
        "value": 14.3,
        "timestamp_measured": "2020-04-22T12:00:00+00:00",
        "import_log_id": "388b003f-eb66-40e7-8826-25cdf8d75dd8",
        "rating": 2,
        "status": "validated"
    },
    {
        "id": "47c8fe75-23c8-4c6b-9d4c-0a8118a4e0d4",
        "station_id": "52f44218-4381-4f0c-a43d-9c7061577e1d",
        "component_id": "88afd3d1-6da3-496a-ac81-669a47256d34",
        "value": 13.0,
        "timestamp_measured": "2020-04-22T13:00:00+00:00",
        "import_log_id": "388b003f-eb66-40e7-8826-25cdf8d75dd8",
        "rating": 2,
        "status": "validated"
    },
    {
        "id": "3927cde6-fcb3-4dde-8a53-a523511a167c",
        "station_id": "52f44218-4381-4f0c-a43d-9c7061577e1d",
        "component_id": "88afd3d1-6da3-496a-ac81-669a47256d34",
        "value": 17.2,
        "timestamp_measured": "2020-04-22T14:00:00+00:00",
        "import_log_id": "388b003f-eb66-40e7-8826-25cdf8d75dd8",
        "rating": 2,
        "status": "validated"
    },
    {
        "id": "2b2ff18c-3098-41ea-a52a-7fb7aed2b8a5",
        "station_id": "52f44218-4381-4f0c-a43d-9c7061577e1d",
        "component_id": "88afd3d1-6da3-496a-ac81-669a47256d34",
        "value": 16.6,
        "timestamp_measured": "2020-04-22T15:00:00+00:00",
        "import_log_id": "388b003f-eb66-40e7-8826-25cdf8d75dd8",
        "rating": 2,
        "status": "validated"
    },
    {
        "id": "ce746cef-334e-4b65-b01a-1e4cf9133610",
        "station_id": "52f44218-4381-4f0c-a43d-9c7061577e1d",
        "component_id": "88afd3d1-6da3-496a-ac81-669a47256d34",
        "value": 14.3,
        "timestamp_measured": "2020-04-22T16:00:00+00:00",
        "import_log_id": "388b003f-eb66-40e7-8826-25cdf8d75dd8",
        "rating": 2,
        "status": "validated"
    },
    {
        "id": "1a948a25-22bf-47b8-984f-897da08f45e2",
        "station_id": "52f44218-4381-4f0c-a43d-9c7061577e1d",
        "component_id": "88afd3d1-6da3-496a-ac81-669a47256d34",
        "value": 13.9,
        "timestamp_measured": "2020-04-22T17:00:00+00:00",
        "import_log_id": "388b003f-eb66-40e7-8826-25cdf8d75dd8",
        "rating": 2,
        "status": "validated"
    },
    {
        "id": "785b0800-8ff3-4209-a642-0f5002c22d77",
        "station_id": "52f44218-4381-4f0c-a43d-9c7061577e1d",
        "component_id": "88afd3d1-6da3-496a-ac81-669a47256d34",
        "value": 14.3,
        "timestamp_measured": "2020-04-22T18:00:00+00:00",
        "import_log_id": "388b003f-eb66-40e7-8826-25cdf8d75dd8",
        "rating": 2,
        "status": "validated"
    },
    {
        "id": "32e760dd-8af4-4f1c-8c7f-d6106ebb82b4",
        "station_id": "52f44218-4381-4f0c-a43d-9c7061577e1d",
        "component_id": "88afd3d1-6da3-496a-ac81-669a47256d34",
        "value": 15.9,
        "timestamp_measured": "2020-04-22T19:00:00+00:00",
        "import_log_id": "388b003f-eb66-40e7-8826-25cdf8d75dd8",
        "rating": 2,
        "status": "validated"
    },
    {
        "id": "3044a819-0319-4a94-b80a-888a20dd5578",
        "station_id": "52f44218-4381-4f0c-a43d-9c7061577e1d",
        "component_id": "88afd3d1-6da3-496a-ac81-669a47256d34",
        "value": 28.1,
        "timestamp_measured": "2020-04-22T20:00:00+00:00",
        "import_log_id": "388b003f-eb66-40e7-8826-25cdf8d75dd8",
        "rating": 3,
        "status": "validated"
    },
    {
        "id": "6eac44b4-53ed-426a-b4f2-7c8e5bc7a5e5",
        "station_id": "52f44218-4381-4f0c-a43d-9c7061577e1d",
        "component_id": "88afd3d1-6da3-496a-ac81-669a47256d34",
        "value": 28.5,
        "timestamp_measured": "2020-04-22T21:00:00+00:00",
        "import_log_id": "388b003f-eb66-40e7-8826-25cdf8d75dd8",
        "rating": 3,
        "status": "validated"
    },
    {
        "id": "7d09d5d8-862b-4b9e-a44f-1831edb4f540",
        "station_id": "52f44218-4381-4f0c-a43d-9c7061577e1d",
        "component_id": "88afd3d1-6da3-496a-ac81-669a47256d34",
        "value": 22.0,
        "timestamp_measured": "2020-04-22T22:00:00+00:00",
        "import_log_id": "388b003f-eb66-40e7-8826-25cdf8d75dd8",
        "rating": 3,
        "status": "validated"
    },
    {
        "id": "9f14b6d2-9bcf-4193-b541-fe10e23510e4",
        "station_id": "52f44218-4381-4f0c-a43d-9c7061577e1d",
        "component_id": "88afd3d1-6da3-496a-ac81-669a47256d34",
        "value": 14.9,
        "timestamp_measured": "2020-04-22T23:00:00+00:00",
        "import_log_id": "388b003f-eb66-40e7-8826-25cdf8d75dd8",
        "rating": 2,
        "status": "validated"
    },
    {
        "id": "2453aa2e-b634-4eb6-9c07-d19bc54088a9",
        "station_id": "52f44218-4381-4f0c-a43d-9c7061577e1d",
        "component_id": "88afd3d1-6da3-496a-ac81-669a47256d34",
        "value": 12.6,
        "timestamp_measured": "2020-04-23T00:00:00+00:00",
        "import_log_id": "d6f58b40-cbab-47b6-ab50-310958bc5538",
        "rating": 2,
        "status": "validated"
    },
    {
        "id": "d4ddb704-c70b-4dbb-83db-d9715b6fe47e",
        "station_id": "52f44218-4381-4f0c-a43d-9c7061577e1d",
        "component_id": "88afd3d1-6da3-496a-ac81-669a47256d34",
        "value": 10.1,
        "timestamp_measured": "2020-04-23T01:00:00+00:00",
        "import_log_id": "d6f58b40-cbab-47b6-ab50-310958bc5538",
        "rating": 2,
        "status": "validated"
    },
    {
        "id": "961b6b91-1816-42c9-a53c-4bc8dedeeef4",
        "station_id": "52f44218-4381-4f0c-a43d-9c7061577e1d",
        "component_id": "88afd3d1-6da3-496a-ac81-669a47256d34",
        "value": 11.3,
        "timestamp_measured": "2020-04-23T02:00:00+00:00",
        "import_log_id": "d6f58b40-cbab-47b6-ab50-310958bc5538",
        "rating": 2,
        "status": "validated"
    },
    {
        "id": "13382a15-e82b-42ca-91e2-a8e35b113a87",
        "station_id": "52f44218-4381-4f0c-a43d-9c7061577e1d",
        "component_id": "88afd3d1-6da3-496a-ac81-669a47256d34",
        "value": 15.5,
        "timestamp_measured": "2020-04-23T03:00:00+00:00",
        "import_log_id": "d6f58b40-cbab-47b6-ab50-310958bc5538",
        "rating": 2,
        "status": "validated"
    },
    {
        "id": "fa697be6-2b5b-4688-8878-f8123aa74eac",
        "station_id": "52f44218-4381-4f0c-a43d-9c7061577e1d",
        "component_id": "88afd3d1-6da3-496a-ac81-669a47256d34",
        "value": 25.4,
        "timestamp_measured": "2020-04-23T04:00:00+00:00",
        "import_log_id": "d6f58b40-cbab-47b6-ab50-310958bc5538",
        "rating": 3,
        "status": "validated"
    },
    {
        "id": "5898c364-b244-4b14-b33b-8b15ecf07ecb",
        "station_id": "52f44218-4381-4f0c-a43d-9c7061577e1d",
        "component_id": "88afd3d1-6da3-496a-ac81-669a47256d34",
        "value": 47.8,
        "timestamp_measured": "2020-04-23T05:00:00+00:00",
        "import_log_id": "d6f58b40-cbab-47b6-ab50-310958bc5538",
        "rating": 5,
        "status": "validated"
    },
    {
        "id": "81ddd682-47fd-437c-86f6-d4d8f1a2b369",
        "station_id": "52f44218-4381-4f0c-a43d-9c7061577e1d",
        "component_id": "88afd3d1-6da3-496a-ac81-669a47256d34",
        "value": 53.9,
        "timestamp_measured": "2020-04-23T06:00:00+00:00",
        "import_log_id": "d6f58b40-cbab-47b6-ab50-310958bc5538",
        "rating": 5,
        "status": "validated"
    },
    {
        "id": "d3709bf8-aae3-4491-a7cf-3795de3e8126",
        "station_id": "52f44218-4381-4f0c-a43d-9c7061577e1d",
        "component_id": "88afd3d1-6da3-496a-ac81-669a47256d34",
        "value": 40.1,
        "timestamp_measured": "2020-04-23T07:00:00+00:00",
        "import_log_id": "d6f58b40-cbab-47b6-ab50-310958bc5538",
        "rating": 4,
        "status": "validated"
    },
    {
        "id": "24b57afa-f3d9-4137-9cdb-6e3f3bd687d9",
        "station_id": "52f44218-4381-4f0c-a43d-9c7061577e1d",
        "component_id": "88afd3d1-6da3-496a-ac81-669a47256d34",
        "value": 41.4,
        "timestamp_measured": "2020-04-23T08:00:00+00:00",
        "import_log_id": "d6f58b40-cbab-47b6-ab50-310958bc5538",
        "rating": 4,
        "status": "validated"
    },
    {
        "id": "3fea7d39-a4c0-4474-96dc-d23eca920058",
        "station_id": "52f44218-4381-4f0c-a43d-9c7061577e1d",
        "component_id": "88afd3d1-6da3-496a-ac81-669a47256d34",
        "value": 33.2,
        "timestamp_measured": "2020-04-23T09:00:00+00:00",
        "import_log_id": "d6f58b40-cbab-47b6-ab50-310958bc5538",
        "rating": 4,
        "status": "validated"
    },
    {
        "id": "fb632c0b-4a1a-4ad3-bfee-55c29d3692f7",
        "station_id": "52f44218-4381-4f0c-a43d-9c7061577e1d",
        "component_id": "88afd3d1-6da3-496a-ac81-669a47256d34",
        "value": 30.6,
        "timestamp_measured": "2020-04-23T10:00:00+00:00",
        "import_log_id": "d6f58b40-cbab-47b6-ab50-310958bc5538",
        "rating": 4,
        "status": "validated"
    },
    {
        "id": "7d0a904e-c2d7-46af-a8a1-c0d613bcdaea",
        "station_id": "52f44218-4381-4f0c-a43d-9c7061577e1d",
        "component_id": "88afd3d1-6da3-496a-ac81-669a47256d34",
        "value": 28.1,
        "timestamp_measured": "2020-04-23T11:00:00+00:00",
        "import_log_id": "d6f58b40-cbab-47b6-ab50-310958bc5538",
        "rating": 3,
        "status": "validated"
    },
    {
        "id": "280232d5-9acb-4805-b16a-fbd21a57e29b",
        "station_id": "52f44218-4381-4f0c-a43d-9c7061577e1d",
        "component_id": "88afd3d1-6da3-496a-ac81-669a47256d34",
        "value": 26.2,
        "timestamp_measured": "2020-04-23T12:00:00+00:00",
        "import_log_id": "d6f58b40-cbab-47b6-ab50-310958bc5538",
        "rating": 3,
        "status": "validated"
    },
    {
        "id": "56e9c90b-7901-4d38-b421-12ac9c3239ef",
        "station_id": "52f44218-4381-4f0c-a43d-9c7061577e1d",
        "component_id": "88afd3d1-6da3-496a-ac81-669a47256d34",
        "value": 19.1,
        "timestamp_measured": "2020-04-23T13:00:00+00:00",
        "import_log_id": "d6f58b40-cbab-47b6-ab50-310958bc5538",
        "rating": 2,
        "status": "validated"
    },
    {
        "id": "780b1fc5-05de-4053-a496-3721adf336c1",
        "station_id": "52f44218-4381-4f0c-a43d-9c7061577e1d",
        "component_id": "88afd3d1-6da3-496a-ac81-669a47256d34",
        "value": 19.5,
        "timestamp_measured": "2020-04-23T14:00:00+00:00",
        "import_log_id": "d6f58b40-cbab-47b6-ab50-310958bc5538",
        "rating": 2,
        "status": "validated"
    },
    {
        "id": "7ed34a16-e6aa-4f74-b251-c3cc5e707c32",
        "station_id": "52f44218-4381-4f0c-a43d-9c7061577e1d",
        "component_id": "88afd3d1-6da3-496a-ac81-669a47256d34",
        "value": 21.4,
        "timestamp_measured": "2020-04-23T15:00:00+00:00",
        "import_log_id": "d6f58b40-cbab-47b6-ab50-310958bc5538",
        "rating": 3,
        "status": "validated"
    },
    {
        "id": "8f01bd74-5787-480a-8d51-ec1ea9cbcab7",
        "station_id": "52f44218-4381-4f0c-a43d-9c7061577e1d",
        "component_id": "88afd3d1-6da3-496a-ac81-669a47256d34",
        "value": 20.1,
        "timestamp_measured": "2020-04-23T16:00:00+00:00",
        "import_log_id": "d6f58b40-cbab-47b6-ab50-310958bc5538",
        "rating": 3,
        "status": "validated"
    },
    {
        "id": "abb21325-f170-4035-92c4-8550d1b980e1",
        "station_id": "52f44218-4381-4f0c-a43d-9c7061577e1d",
        "component_id": "88afd3d1-6da3-496a-ac81-669a47256d34",
        "value": 23.5,
        "timestamp_measured": "2020-04-23T17:00:00+00:00",
        "import_log_id": "d6f58b40-cbab-47b6-ab50-310958bc5538",
        "rating": 3,
        "status": "validated"
    },
    {
        "id": "05705293-46d5-47e0-acc3-4d4757f38d66",
        "station_id": "52f44218-4381-4f0c-a43d-9c7061577e1d",
        "component_id": "88afd3d1-6da3-496a-ac81-669a47256d34",
        "value": 23.1,
        "timestamp_measured": "2020-04-23T18:00:00+00:00",
        "import_log_id": "d6f58b40-cbab-47b6-ab50-310958bc5538",
        "rating": 3,
        "status": "validated"
    },
    {
        "id": "2c48c555-912a-4892-bd7b-168ee807fff6",
        "station_id": "52f44218-4381-4f0c-a43d-9c7061577e1d",
        "component_id": "88afd3d1-6da3-496a-ac81-669a47256d34",
        "value": 31.1,
        "timestamp_measured": "2020-04-23T19:00:00+00:00",
        "import_log_id": "d6f58b40-cbab-47b6-ab50-310958bc5538",
        "rating": 4,
        "status": "validated"
    },
    {
        "id": "491c6259-6b52-43d0-83e3-60994e835417",
        "station_id": "52f44218-4381-4f0c-a43d-9c7061577e1d",
        "component_id": "88afd3d1-6da3-496a-ac81-669a47256d34",
        "value": 53.7,
        "timestamp_measured": "2020-04-23T20:00:00+00:00",
        "import_log_id": "d6f58b40-cbab-47b6-ab50-310958bc5538",
        "rating": 5,
        "status": "validated"
    },
    {
        "id": "28a9a354-03d5-477c-a39c-70a6e75e20e5",
        "station_id": "52f44218-4381-4f0c-a43d-9c7061577e1d",
        "component_id": "88afd3d1-6da3-496a-ac81-669a47256d34",
        "value": 70.1,
        "timestamp_measured": "2020-04-23T21:00:00+00:00",
        "import_log_id": "d6f58b40-cbab-47b6-ab50-310958bc5538",
        "rating": 6,
        "status": "validated"
    },
    {
        "id": "da4858ee-bc35-4868-8509-7b5ef8490fae",
        "station_id": "52f44218-4381-4f0c-a43d-9c7061577e1d",
        "component_id": "88afd3d1-6da3-496a-ac81-669a47256d34",
        "value": 76.4,
        "timestamp_measured": "2020-04-23T22:00:00+00:00",
        "import_log_id": "d6f58b40-cbab-47b6-ab50-310958bc5538",
        "rating": 7,
        "status": "validated"
    },
    {
        "id": "e3b69a3c-587f-4028-b5a3-72112c4706f2",
        "station_id": "52f44218-4381-4f0c-a43d-9c7061577e1d",
        "component_id": "88afd3d1-6da3-496a-ac81-669a47256d34",
        "value": 70.9,
        "timestamp_measured": "2020-04-23T23:00:00+00:00",
        "import_log_id": "d6f58b40-cbab-47b6-ab50-310958bc5538",
        "rating": 6,
        "status": "validated"
    },
    {
        "id": "d2e5a081-66f5-4b98-aedb-d70e8a52e0a0",
        "station_id": "52f44218-4381-4f0c-a43d-9c7061577e1d",
        "component_id": "88afd3d1-6da3-496a-ac81-669a47256d34",
        "value": 66.5,
        "timestamp_measured": "2020-04-24T00:00:00+00:00",
        "import_log_id": "2ae1ceb1-cfbb-45bf-b148-0100c2d1c5a6",
        "rating": 6,
        "status": "validated"
    },
    {
        "id": "f4e16869-2564-4c90-8ee5-4b609e184a40",
        "station_id": "52f44218-4381-4f0c-a43d-9c7061577e1d",
        "component_id": "88afd3d1-6da3-496a-ac81-669a47256d34",
        "value": 62.1,
        "timestamp_measured": "2020-04-24T01:00:00+00:00",
        "import_log_id": "2ae1ceb1-cfbb-45bf-b148-0100c2d1c5a6",
        "rating": 6,
        "status": "validated"
    },
    {
        "id": "ce0d98ab-464e-45e8-87fa-42e78f15d304",
        "station_id": "52f44218-4381-4f0c-a43d-9c7061577e1d",
        "component_id": "88afd3d1-6da3-496a-ac81-669a47256d34",
        "value": 38.8,
        "timestamp_measured": "2020-04-24T02:00:00+00:00",
        "import_log_id": "2ae1ceb1-cfbb-45bf-b148-0100c2d1c5a6",
        "rating": 4,
        "status": "validated"
    },
    {
        "id": "7b7d3f0a-1e0f-4c65-9150-6dba7be14101",
        "station_id": "52f44218-4381-4f0c-a43d-9c7061577e1d",
        "component_id": "88afd3d1-6da3-496a-ac81-669a47256d34",
        "value": 21.4,
        "timestamp_measured": "2020-04-24T03:00:00+00:00",
        "import_log_id": "2ae1ceb1-cfbb-45bf-b148-0100c2d1c5a6",
        "rating": 3,
        "status": "validated"
    },
    {
        "id": "b1874bcf-38ec-44a7-b733-fc53a6e4b513",
        "station_id": "52f44218-4381-4f0c-a43d-9c7061577e1d",
        "component_id": "88afd3d1-6da3-496a-ac81-669a47256d34",
        "value": 27.3,
        "timestamp_measured": "2020-04-24T04:00:00+00:00",
        "import_log_id": "2ae1ceb1-cfbb-45bf-b148-0100c2d1c5a6",
        "rating": 3,
        "status": "validated"
    },
    {
        "id": "87a3756e-70c5-49ce-936d-9e85ed3b7f37",
        "station_id": "52f44218-4381-4f0c-a43d-9c7061577e1d",
        "component_id": "88afd3d1-6da3-496a-ac81-669a47256d34",
        "value": 49.3,
        "timestamp_measured": "2020-04-24T05:00:00+00:00",
        "import_log_id": "2ae1ceb1-cfbb-45bf-b148-0100c2d1c5a6",
        "rating": 5,
        "status": "validated"
    },
    {
        "id": "8f26f43a-9d40-4331-9cb4-3e5eb8f77947",
        "station_id": "52f44218-4381-4f0c-a43d-9c7061577e1d",
        "component_id": "88afd3d1-6da3-496a-ac81-669a47256d34",
        "value": 55.8,
        "timestamp_measured": "2020-04-24T06:00:00+00:00",
        "import_log_id": "2ae1ceb1-cfbb-45bf-b148-0100c2d1c5a6",
        "rating": 5,
        "status": "validated"
    },
    {
        "id": "4db1ee95-6dd3-4218-a318-6f7d1889bdec",
        "station_id": "52f44218-4381-4f0c-a43d-9c7061577e1d",
        "component_id": "88afd3d1-6da3-496a-ac81-669a47256d34",
        "value": 43.4,
        "timestamp_measured": "2020-04-24T07:00:00+00:00",
        "import_log_id": "2ae1ceb1-cfbb-45bf-b148-0100c2d1c5a6",
        "rating": 4,
        "status": "validated"
    },
    {
        "id": "a59eee1a-9327-4a08-8fa8-4684053fdc93",
        "station_id": "52f44218-4381-4f0c-a43d-9c7061577e1d",
        "component_id": "88afd3d1-6da3-496a-ac81-669a47256d34",
        "value": 33.8,
        "timestamp_measured": "2020-04-24T08:00:00+00:00",
        "import_log_id": "2ae1ceb1-cfbb-45bf-b148-0100c2d1c5a6",
        "rating": 4,
        "status": "validated"
    },
    {
        "id": "c0bca1b5-2e83-461a-9566-3d98972eb8f1",
        "station_id": "52f44218-4381-4f0c-a43d-9c7061577e1d",
        "component_id": "88afd3d1-6da3-496a-ac81-669a47256d34",
        "value": 22.7,
        "timestamp_measured": "2020-04-24T09:00:00+00:00",
        "import_log_id": "2ae1ceb1-cfbb-45bf-b148-0100c2d1c5a6",
        "rating": 3,
        "status": "validated"
    },
    {
        "id": "89eaf89d-9bfd-4d07-bc79-86ce05bf1420",
        "station_id": "52f44218-4381-4f0c-a43d-9c7061577e1d",
        "component_id": "88afd3d1-6da3-496a-ac81-669a47256d34",
        "value": 14.5,
        "timestamp_measured": "2020-04-24T10:00:00+00:00",
        "import_log_id": "2ae1ceb1-cfbb-45bf-b148-0100c2d1c5a6",
        "rating": 2,
        "status": "validated"
    },
    {
        "id": "f14df594-3ef5-41f0-bdad-56d259e015e2",
        "station_id": "52f44218-4381-4f0c-a43d-9c7061577e1d",
        "component_id": "88afd3d1-6da3-496a-ac81-669a47256d34",
        "value": 12.0,
        "timestamp_measured": "2020-04-24T11:00:00+00:00",
        "import_log_id": "2ae1ceb1-cfbb-45bf-b148-0100c2d1c5a6",
        "rating": 2,
        "status": "validated"
    },
    {
        "id": "435cf24e-d26e-43c6-a419-7ff201b1add4",
        "station_id": "52f44218-4381-4f0c-a43d-9c7061577e1d",
        "component_id": "88afd3d1-6da3-496a-ac81-669a47256d34",
        "value": 11.5,
        "timestamp_measured": "2020-04-24T12:00:00+00:00",
        "import_log_id": "2ae1ceb1-cfbb-45bf-b148-0100c2d1c5a6",
        "rating": 2,
        "status": "validated"
    },
    {
        "id": "35753d6a-41ac-4d64-807d-da126489148e",
        "station_id": "52f44218-4381-4f0c-a43d-9c7061577e1d",
        "component_id": "88afd3d1-6da3-496a-ac81-669a47256d34",
        "value": 11.7,
        "timestamp_measured": "2020-04-24T13:00:00+00:00",
        "import_log_id": "2ae1ceb1-cfbb-45bf-b148-0100c2d1c5a6",
        "rating": 2,
        "status": "validated"
    },
    {
        "id": "d61daab3-54d0-44ab-99c8-7946f096fca5",
        "station_id": "52f44218-4381-4f0c-a43d-9c7061577e1d",
        "component_id": "88afd3d1-6da3-496a-ac81-669a47256d34",
        "value": 11.5,
        "timestamp_measured": "2020-04-24T14:00:00+00:00",
        "import_log_id": "2ae1ceb1-cfbb-45bf-b148-0100c2d1c5a6",
        "rating": 2,
        "status": "validated"
    },
    {
        "id": "2ce380c7-e09e-4211-87e7-ba1f3522a732",
        "station_id": "52f44218-4381-4f0c-a43d-9c7061577e1d",
        "component_id": "88afd3d1-6da3-496a-ac81-669a47256d34",
        "value": 11.7,
        "timestamp_measured": "2020-04-24T15:00:00+00:00",
        "import_log_id": "2ae1ceb1-cfbb-45bf-b148-0100c2d1c5a6",
        "rating": 2,
        "status": "validated"
    },
    {
        "id": "47949368-3db9-4d5a-8cc0-7a1fc3fb766d",
        "station_id": "52f44218-4381-4f0c-a43d-9c7061577e1d",
        "component_id": "88afd3d1-6da3-496a-ac81-669a47256d34",
        "value": 9.4,
        "timestamp_measured": "2020-04-24T16:00:00+00:00",
        "import_log_id": "2ae1ceb1-cfbb-45bf-b148-0100c2d1c5a6",
        "rating": 1,
        "status": "validated"
    },
    {
        "id": "8acb6548-a4ae-4088-bf52-3760e2f34fd1",
        "station_id": "52f44218-4381-4f0c-a43d-9c7061577e1d",
        "component_id": "88afd3d1-6da3-496a-ac81-669a47256d34",
        "value": 10.1,
        "timestamp_measured": "2020-04-24T17:00:00+00:00",
        "import_log_id": "2ae1ceb1-cfbb-45bf-b148-0100c2d1c5a6",
        "rating": 2,
        "status": "validated"
    },
    {
        "id": "69ac4e0f-d635-43c5-998a-8c9649400811",
        "station_id": "52f44218-4381-4f0c-a43d-9c7061577e1d",
        "component_id": "88afd3d1-6da3-496a-ac81-669a47256d34",
        "value": 9.2,
        "timestamp_measured": "2020-04-24T18:00:00+00:00",
        "import_log_id": "2ae1ceb1-cfbb-45bf-b148-0100c2d1c5a6",
        "rating": 1,
        "status": "validated"
    },
    {
        "id": "bd0ed232-cd75-4616-8dbd-3c10d5693e3c",
        "station_id": "52f44218-4381-4f0c-a43d-9c7061577e1d",
        "component_id": "88afd3d1-6da3-496a-ac81-669a47256d34",
        "value": 13.6,
        "timestamp_measured": "2020-04-24T19:00:00+00:00",
        "import_log_id": "2ae1ceb1-cfbb-45bf-b148-0100c2d1c5a6",
        "rating": 2,
        "status": "validated"
    },
    {
        "id": "219db401-adaf-491b-9095-cb5322c9197f",
        "station_id": "52f44218-4381-4f0c-a43d-9c7061577e1d",
        "component_id": "88afd3d1-6da3-496a-ac81-669a47256d34",
        "value": 9.6,
        "timestamp_measured": "2020-04-24T20:00:00+00:00",
        "import_log_id": "2ae1ceb1-cfbb-45bf-b148-0100c2d1c5a6",
        "rating": 1,
        "status": "validated"
    },
    {
        "id": "fa789515-4018-46c7-9b16-d2a13e6884e4",
        "station_id": "52f44218-4381-4f0c-a43d-9c7061577e1d",
        "component_id": "88afd3d1-6da3-496a-ac81-669a47256d34",
        "value": 9.4,
        "timestamp_measured": "2020-04-24T21:00:00+00:00",
        "import_log_id": "2ae1ceb1-cfbb-45bf-b148-0100c2d1c5a6",
        "rating": 1,
        "status": "validated"
    },
    {
        "id": "d45d6256-24f9-43d4-88ec-63baf8152d2b",
        "station_id": "52f44218-4381-4f0c-a43d-9c7061577e1d",
        "component_id": "88afd3d1-6da3-496a-ac81-669a47256d34",
        "value": 7.6,
        "timestamp_measured": "2020-04-24T22:00:00+00:00",
        "import_log_id": "2ae1ceb1-cfbb-45bf-b148-0100c2d1c5a6",
        "rating": 1,
        "status": "validated"
    },
    {
        "id": "981853ae-9ee5-4194-9251-d4f7012f3413",
        "station_id": "52f44218-4381-4f0c-a43d-9c7061577e1d",
        "component_id": "88afd3d1-6da3-496a-ac81-669a47256d34",
        "value": 6.9,
        "timestamp_measured": "2020-04-24T23:00:00+00:00",
        "import_log_id": "2ae1ceb1-cfbb-45bf-b148-0100c2d1c5a6",
        "rating": 1,
        "status": "validated"
    },
    {
        "id": "e45b9159-1acd-40c5-b134-f1aeebece6ec",
        "station_id": "52f44218-4381-4f0c-a43d-9c7061577e1d",
        "component_id": "88afd3d1-6da3-496a-ac81-669a47256d34",
        "value": 7.1,
        "timestamp_measured": "2020-04-25T00:00:00+00:00",
        "import_log_id": "0205768c-a188-4fa8-9c49-5f5f9c3923c6",
        "rating": 1,
        "status": "validated"
    },
    {
        "id": "dbbcae27-2bdf-455f-8faf-66ecfc462f48",
        "station_id": "52f44218-4381-4f0c-a43d-9c7061577e1d",
        "component_id": "88afd3d1-6da3-496a-ac81-669a47256d34",
        "value": 7.8,
        "timestamp_measured": "2020-04-25T01:00:00+00:00",
        "import_log_id": "0205768c-a188-4fa8-9c49-5f5f9c3923c6",
        "rating": 1,
        "status": "validated"
    },
    {
        "id": "2a08bd70-18f1-4050-9f9f-995eba5bbe29",
        "station_id": "52f44218-4381-4f0c-a43d-9c7061577e1d",
        "component_id": "88afd3d1-6da3-496a-ac81-669a47256d34",
        "value": 5.7,
        "timestamp_measured": "2020-04-25T02:00:00+00:00",
        "import_log_id": "0205768c-a188-4fa8-9c49-5f5f9c3923c6",
        "rating": 1,
        "status": "validated"
    },
    {
        "id": "7e4800e8-7d46-45c6-a373-751f8072666b",
        "station_id": "52f44218-4381-4f0c-a43d-9c7061577e1d",
        "component_id": "88afd3d1-6da3-496a-ac81-669a47256d34",
        "value": 5.9,
        "timestamp_measured": "2020-04-25T03:00:00+00:00",
        "import_log_id": "0205768c-a188-4fa8-9c49-5f5f9c3923c6",
        "rating": 1,
        "status": "validated"
    },
    {
        "id": "d92772fa-ee4a-4441-9da4-6123f2a22d4e",
        "station_id": "52f44218-4381-4f0c-a43d-9c7061577e1d",
        "component_id": "88afd3d1-6da3-496a-ac81-669a47256d34",
        "value": 8.4,
        "timestamp_measured": "2020-04-25T04:00:00+00:00",
        "import_log_id": "0205768c-a188-4fa8-9c49-5f5f9c3923c6",
        "rating": 1,
        "status": "validated"
    },
    {
        "id": "a5cb2f5b-085d-417a-8e74-773673709b0e",
        "station_id": "52f44218-4381-4f0c-a43d-9c7061577e1d",
        "component_id": "88afd3d1-6da3-496a-ac81-669a47256d34",
        "value": 10.3,
        "timestamp_measured": "2020-04-25T05:00:00+00:00",
        "import_log_id": "0205768c-a188-4fa8-9c49-5f5f9c3923c6",
        "rating": 2,
        "status": "validated"
    },
    {
        "id": "5793577f-b2d6-417a-8afb-3443a77dd1f2",
        "station_id": "52f44218-4381-4f0c-a43d-9c7061577e1d",
        "component_id": "88afd3d1-6da3-496a-ac81-669a47256d34",
        "value": 16.2,
        "timestamp_measured": "2020-04-25T06:00:00+00:00",
        "import_log_id": "0205768c-a188-4fa8-9c49-5f5f9c3923c6",
        "rating": 2,
        "status": "validated"
    },
    {
        "id": "44b950db-0896-4d28-ac1b-471b64c9111d",
        "station_id": "52f44218-4381-4f0c-a43d-9c7061577e1d",
        "component_id": "88afd3d1-6da3-496a-ac81-669a47256d34",
        "value": 10.3,
        "timestamp_measured": "2020-04-25T07:00:00+00:00",
        "import_log_id": "0205768c-a188-4fa8-9c49-5f5f9c3923c6",
        "rating": 2,
        "status": "validated"
    },
    {
        "id": "c537ae01-1115-4299-b49c-6739e84fc7cf",
        "station_id": "52f44218-4381-4f0c-a43d-9c7061577e1d",
        "component_id": "88afd3d1-6da3-496a-ac81-669a47256d34",
        "value": 15.7,
        "timestamp_measured": "2020-04-25T08:00:00+00:00",
        "import_log_id": "0205768c-a188-4fa8-9c49-5f5f9c3923c6",
        "rating": 2,
        "status": "validated"
    },
    {
        "id": "9c3d2270-009d-45a5-8a76-a1b90eed203e",
        "station_id": "52f44218-4381-4f0c-a43d-9c7061577e1d",
        "component_id": "88afd3d1-6da3-496a-ac81-669a47256d34",
        "value": 13.4,
        "timestamp_measured": "2020-04-25T09:00:00+00:00",
        "import_log_id": "0205768c-a188-4fa8-9c49-5f5f9c3923c6",
        "rating": 2,
        "status": "validated"
    },
    {
        "id": "766061a5-8deb-405a-b626-faeb08a7f372",
        "station_id": "52f44218-4381-4f0c-a43d-9c7061577e1d",
        "component_id": "88afd3d1-6da3-496a-ac81-669a47256d34",
        "value": 14.3,
        "timestamp_measured": "2020-04-25T10:00:00+00:00",
        "import_log_id": "0205768c-a188-4fa8-9c49-5f5f9c3923c6",
        "rating": 2,
        "status": "validated"
    },
    {
        "id": "686e6051-035a-49ec-a5de-50e60f054913",
        "station_id": "52f44218-4381-4f0c-a43d-9c7061577e1d",
        "component_id": "88afd3d1-6da3-496a-ac81-669a47256d34",
        "value": 11.3,
        "timestamp_measured": "2020-04-25T11:00:00+00:00",
        "import_log_id": "0205768c-a188-4fa8-9c49-5f5f9c3923c6",
        "rating": 2,
        "status": "validated"
    },
    {
        "id": "0832c1f7-633a-4f85-bdd3-e8d10251663f",
        "station_id": "52f44218-4381-4f0c-a43d-9c7061577e1d",
        "component_id": "88afd3d1-6da3-496a-ac81-669a47256d34",
        "value": 8.4,
        "timestamp_measured": "2020-04-25T12:00:00+00:00",
        "import_log_id": "0205768c-a188-4fa8-9c49-5f5f9c3923c6",
        "rating": 1,
        "status": "validated"
    },
    {
        "id": "4a9bcad7-c017-4f79-9e61-ceb7535efa7e",
        "station_id": "52f44218-4381-4f0c-a43d-9c7061577e1d",
        "component_id": "88afd3d1-6da3-496a-ac81-669a47256d34",
        "value": 9.0,
        "timestamp_measured": "2020-04-25T13:00:00+00:00",
        "import_log_id": "0205768c-a188-4fa8-9c49-5f5f9c3923c6",
        "rating": 1,
        "status": "validated"
    },
    {
        "id": "01398ee5-5223-4f7d-af33-960a7cee71ed",
        "station_id": "52f44218-4381-4f0c-a43d-9c7061577e1d",
        "component_id": "88afd3d1-6da3-496a-ac81-669a47256d34",
        "value": 12.0,
        "timestamp_measured": "2020-04-25T14:00:00+00:00",
        "import_log_id": "0205768c-a188-4fa8-9c49-5f5f9c3923c6",
        "rating": 2,
        "status": "validated"
    },
    {
        "id": "175e9822-39d7-4af1-b9e5-b8756dd53771",
        "station_id": "52f44218-4381-4f0c-a43d-9c7061577e1d",
        "component_id": "88afd3d1-6da3-496a-ac81-669a47256d34",
        "value": 11.3,
        "timestamp_measured": "2020-04-25T15:00:00+00:00",
        "import_log_id": "0205768c-a188-4fa8-9c49-5f5f9c3923c6",
        "rating": 2,
        "status": "validated"
    },
    {
        "id": "f888c85d-9901-4295-a702-e1a104534241",
        "station_id": "52f44218-4381-4f0c-a43d-9c7061577e1d",
        "component_id": "88afd3d1-6da3-496a-ac81-669a47256d34",
        "value": 10.5,
        "timestamp_measured": "2020-04-25T16:00:00+00:00",
        "import_log_id": "0205768c-a188-4fa8-9c49-5f5f9c3923c6",
        "rating": 2,
        "status": "validated"
    },
    {
        "id": "2ac7c4f1-3bcc-4c7c-a1d9-5a2fcb7a842c",
        "station_id": "52f44218-4381-4f0c-a43d-9c7061577e1d",
        "component_id": "88afd3d1-6da3-496a-ac81-669a47256d34",
        "value": 9.6,
        "timestamp_measured": "2020-04-25T17:00:00+00:00",
        "import_log_id": "0205768c-a188-4fa8-9c49-5f5f9c3923c6",
        "rating": 1,
        "status": "validated"
    },
    {
        "id": "82f5dfbd-8a51-401b-8bd2-bd1584ac5638",
        "station_id": "52f44218-4381-4f0c-a43d-9c7061577e1d",
        "component_id": "88afd3d1-6da3-496a-ac81-669a47256d34",
        "value": 7.1,
        "timestamp_measured": "2020-04-25T18:00:00+00:00",
        "import_log_id": "0205768c-a188-4fa8-9c49-5f5f9c3923c6",
        "rating": 1,
        "status": "validated"
    },
    {
        "id": "914edfa3-08f5-4b2a-8778-0e773edd5e7b",
        "station_id": "52f44218-4381-4f0c-a43d-9c7061577e1d",
        "component_id": "88afd3d1-6da3-496a-ac81-669a47256d34",
        "value": 7.8,
        "timestamp_measured": "2020-04-25T19:00:00+00:00",
        "import_log_id": "0205768c-a188-4fa8-9c49-5f5f9c3923c6",
        "rating": 1,
        "status": "validated"
    },
    {
        "id": "8e779913-b52a-472f-ac37-00c07e8b78a6",
        "station_id": "52f44218-4381-4f0c-a43d-9c7061577e1d",
        "component_id": "88afd3d1-6da3-496a-ac81-669a47256d34",
        "value": 9.4,
        "timestamp_measured": "2020-04-25T20:00:00+00:00",
        "import_log_id": "0205768c-a188-4fa8-9c49-5f5f9c3923c6",
        "rating": 1,
        "status": "validated"
    },
    {
        "id": "be031874-bc88-4968-b356-81d5f21a9d1f",
        "station_id": "52f44218-4381-4f0c-a43d-9c7061577e1d",
        "component_id": "88afd3d1-6da3-496a-ac81-669a47256d34",
        "value": 12.2,
        "timestamp_measured": "2020-04-25T21:00:00+00:00",
        "import_log_id": "0205768c-a188-4fa8-9c49-5f5f9c3923c6",
        "rating": 2,
        "status": "validated"
    },
    {
        "id": "2cf09417-cc30-4d9d-bbf7-133a42dbcf11",
        "station_id": "52f44218-4381-4f0c-a43d-9c7061577e1d",
        "component_id": "88afd3d1-6da3-496a-ac81-669a47256d34",
        "value": 14.1,
        "timestamp_measured": "2020-04-25T22:00:00+00:00",
        "import_log_id": "0205768c-a188-4fa8-9c49-5f5f9c3923c6",
        "rating": 2,
        "status": "validated"
    },
    {
        "id": "6caed717-4176-4206-a6a4-8775540bd51a",
        "station_id": "52f44218-4381-4f0c-a43d-9c7061577e1d",
        "component_id": "88afd3d1-6da3-496a-ac81-669a47256d34",
        "value": 13.4,
        "timestamp_measured": "2020-04-25T23:00:00+00:00",
        "import_log_id": "0205768c-a188-4fa8-9c49-5f5f9c3923c6",
        "rating": 2,
        "status": "validated"
    },
    {
        "id": "b27881b4-7342-40ed-96be-cb3906cedb82",
        "station_id": "52f44218-4381-4f0c-a43d-9c7061577e1d",
        "component_id": "88afd3d1-6da3-496a-ac81-669a47256d34",
        "value": 13.9,
        "timestamp_measured": "2020-04-26T00:00:00+00:00",
        "import_log_id": "a1d47004-e091-4283-8e00-4a63151646a3",
        "rating": 2,
        "status": "validated"
    },
    {
        "id": "1a9956ab-6e46-4be0-a1c1-dc9f323bd8fa",
        "station_id": "52f44218-4381-4f0c-a43d-9c7061577e1d",
        "component_id": "88afd3d1-6da3-496a-ac81-669a47256d34",
        "value": 11.8,
        "timestamp_measured": "2020-04-26T01:00:00+00:00",
        "import_log_id": "a1d47004-e091-4283-8e00-4a63151646a3",
        "rating": 2,
        "status": "validated"
    },
    {
        "id": "0fc503b2-fa1c-4b22-82e7-397c083e7189",
        "station_id": "52f44218-4381-4f0c-a43d-9c7061577e1d",
        "component_id": "88afd3d1-6da3-496a-ac81-669a47256d34",
        "value": 13.8,
        "timestamp_measured": "2020-04-26T02:00:00+00:00",
        "import_log_id": "a1d47004-e091-4283-8e00-4a63151646a3",
        "rating": 2,
        "status": "validated"
    },
    {
        "id": "98f20da3-208b-499a-a2cf-fe78d5b2d6d0",
        "station_id": "52f44218-4381-4f0c-a43d-9c7061577e1d",
        "component_id": "88afd3d1-6da3-496a-ac81-669a47256d34",
        "value": 17.6,
        "timestamp_measured": "2020-04-26T03:00:00+00:00",
        "import_log_id": "a1d47004-e091-4283-8e00-4a63151646a3",
        "rating": 2,
        "status": "validated"
    },
    {
        "id": "ca07b446-4a89-40f7-b272-f46f5dbf9e80",
        "station_id": "52f44218-4381-4f0c-a43d-9c7061577e1d",
        "component_id": "88afd3d1-6da3-496a-ac81-669a47256d34",
        "value": 18.7,
        "timestamp_measured": "2020-04-26T04:00:00+00:00",
        "import_log_id": "a1d47004-e091-4283-8e00-4a63151646a3",
        "rating": 2,
        "status": "validated"
    },
    {
        "id": "738f48ee-d26c-4f46-b5e5-bbd7457d5fba",
        "station_id": "52f44218-4381-4f0c-a43d-9c7061577e1d",
        "component_id": "88afd3d1-6da3-496a-ac81-669a47256d34",
        "value": 17.8,
        "timestamp_measured": "2020-04-26T05:00:00+00:00",
        "import_log_id": "a1d47004-e091-4283-8e00-4a63151646a3",
        "rating": 2,
        "status": "validated"
    },
    {
        "id": "b89421bd-e3e5-4f84-8c50-e32724c29ba2",
        "station_id": "52f44218-4381-4f0c-a43d-9c7061577e1d",
        "component_id": "88afd3d1-6da3-496a-ac81-669a47256d34",
        "value": 20.1,
        "timestamp_measured": "2020-04-26T06:00:00+00:00",
        "import_log_id": "a1d47004-e091-4283-8e00-4a63151646a3",
        "rating": 3,
        "status": "validated"
    },
    {
        "id": "19e057a3-5cc5-4971-b8fc-86d4312f512f",
        "station_id": "52f44218-4381-4f0c-a43d-9c7061577e1d",
        "component_id": "88afd3d1-6da3-496a-ac81-669a47256d34",
        "value": 15.9,
        "timestamp_measured": "2020-04-26T07:00:00+00:00",
        "import_log_id": "a1d47004-e091-4283-8e00-4a63151646a3",
        "rating": 2,
        "status": "validated"
    },
    {
        "id": "89b822dd-688f-48b4-8c24-425315b03dc8",
        "station_id": "52f44218-4381-4f0c-a43d-9c7061577e1d",
        "component_id": "88afd3d1-6da3-496a-ac81-669a47256d34",
        "value": 9.2,
        "timestamp_measured": "2020-04-26T08:00:00+00:00",
        "import_log_id": "a1d47004-e091-4283-8e00-4a63151646a3",
        "rating": 1,
        "status": "validated"
    },
    {
        "id": "ac019008-739e-4db3-86a7-5ece22cb702e",
        "station_id": "52f44218-4381-4f0c-a43d-9c7061577e1d",
        "component_id": "88afd3d1-6da3-496a-ac81-669a47256d34",
        "value": 7.1,
        "timestamp_measured": "2020-04-26T09:00:00+00:00",
        "import_log_id": "a1d47004-e091-4283-8e00-4a63151646a3",
        "rating": 1,
        "status": "validated"
    },
    {
        "id": "68f15766-cdf6-4222-abb5-05c532121c20",
        "station_id": "52f44218-4381-4f0c-a43d-9c7061577e1d",
        "component_id": "88afd3d1-6da3-496a-ac81-669a47256d34",
        "value": 9.7,
        "timestamp_measured": "2020-04-26T10:00:00+00:00",
        "import_log_id": "a1d47004-e091-4283-8e00-4a63151646a3",
        "rating": 1,
        "status": "validated"
    },
    {
        "id": "6b6f481d-5f55-4e0f-b1ac-4f3ec26da588",
        "station_id": "52f44218-4381-4f0c-a43d-9c7061577e1d",
        "component_id": "88afd3d1-6da3-496a-ac81-669a47256d34",
        "value": 9.0,
        "timestamp_measured": "2020-04-26T11:00:00+00:00",
        "import_log_id": "a1d47004-e091-4283-8e00-4a63151646a3",
        "rating": 1,
        "status": "validated"
    },
    {
        "id": "ee09b51b-0448-4a49-9e44-57ec82ab83c4",
        "station_id": "52f44218-4381-4f0c-a43d-9c7061577e1d",
        "component_id": "88afd3d1-6da3-496a-ac81-669a47256d34",
        "value": 9.0,
        "timestamp_measured": "2020-04-26T12:00:00+00:00",
        "import_log_id": "a1d47004-e091-4283-8e00-4a63151646a3",
        "rating": 1,
        "status": "validated"
    },
    {
        "id": "ca7c221c-411c-43c6-bf07-0e3480c573c6",
        "station_id": "52f44218-4381-4f0c-a43d-9c7061577e1d",
        "component_id": "88afd3d1-6da3-496a-ac81-669a47256d34",
        "value": 9.0,
        "timestamp_measured": "2020-04-26T13:00:00+00:00",
        "import_log_id": "a1d47004-e091-4283-8e00-4a63151646a3",
        "rating": 1,
        "status": "validated"
    },
    {
        "id": "2a937e41-a93e-4e98-8e8b-b496b7801498",
        "station_id": "52f44218-4381-4f0c-a43d-9c7061577e1d",
        "component_id": "88afd3d1-6da3-496a-ac81-669a47256d34",
        "value": 7.6,
        "timestamp_measured": "2020-04-26T14:00:00+00:00",
        "import_log_id": "a1d47004-e091-4283-8e00-4a63151646a3",
        "rating": 1,
        "status": "validated"
    },
    {
        "id": "221f0c8d-79d4-42c4-b7e3-26d494badb21",
        "station_id": "52f44218-4381-4f0c-a43d-9c7061577e1d",
        "component_id": "88afd3d1-6da3-496a-ac81-669a47256d34",
        "value": 6.9,
        "timestamp_measured": "2020-04-26T15:00:00+00:00",
        "import_log_id": "a1d47004-e091-4283-8e00-4a63151646a3",
        "rating": 1,
        "status": "validated"
    },
    {
        "id": "3d80d566-75d8-4c60-b14d-2afb11ca461f",
        "station_id": "52f44218-4381-4f0c-a43d-9c7061577e1d",
        "component_id": "88afd3d1-6da3-496a-ac81-669a47256d34",
        "value": 8.0,
        "timestamp_measured": "2020-04-26T16:00:00+00:00",
        "import_log_id": "a1d47004-e091-4283-8e00-4a63151646a3",
        "rating": 1,
        "status": "validated"
    },
    {
        "id": "0ec1a700-402a-4af1-a796-18b26a50ff62",
        "station_id": "52f44218-4381-4f0c-a43d-9c7061577e1d",
        "component_id": "88afd3d1-6da3-496a-ac81-669a47256d34",
        "value": 8.4,
        "timestamp_measured": "2020-04-26T17:00:00+00:00",
        "import_log_id": "a1d47004-e091-4283-8e00-4a63151646a3",
        "rating": 1,
        "status": "validated"
    },
    {
        "id": "137bf730-1889-47ff-abd5-9aa23002255c",
        "station_id": "52f44218-4381-4f0c-a43d-9c7061577e1d",
        "component_id": "88afd3d1-6da3-496a-ac81-669a47256d34",
        "value": 9.7,
        "timestamp_measured": "2020-04-26T18:00:00+00:00",
        "import_log_id": "a1d47004-e091-4283-8e00-4a63151646a3",
        "rating": 1,
        "status": "validated"
    },
    {
        "id": "602829ec-cf19-424b-b2e3-527f0788b028",
        "station_id": "52f44218-4381-4f0c-a43d-9c7061577e1d",
        "component_id": "88afd3d1-6da3-496a-ac81-669a47256d34",
        "value": 16.0,
        "timestamp_measured": "2020-04-26T19:00:00+00:00",
        "import_log_id": "a1d47004-e091-4283-8e00-4a63151646a3",
        "rating": 2,
        "status": "validated"
    },
    {
        "id": "f89faa86-080b-4316-81d2-e7b71f665a8f",
        "station_id": "52f44218-4381-4f0c-a43d-9c7061577e1d",
        "component_id": "88afd3d1-6da3-496a-ac81-669a47256d34",
        "value": 28.1,
        "timestamp_measured": "2020-04-26T20:00:00+00:00",
        "import_log_id": "a1d47004-e091-4283-8e00-4a63151646a3",
        "rating": 3,
        "status": "validated"
    },
    {
        "id": "35f1fd37-828e-4473-980c-4eb5047b2c8b",
        "station_id": "52f44218-4381-4f0c-a43d-9c7061577e1d",
        "component_id": "88afd3d1-6da3-496a-ac81-669a47256d34",
        "value": 39.9,
        "timestamp_measured": "2020-04-26T21:00:00+00:00",
        "import_log_id": "a1d47004-e091-4283-8e00-4a63151646a3",
        "rating": 4,
        "status": "validated"
    },
    {
        "id": "e0285bdc-31f3-41b4-b5f6-e1b695f46d5d",
        "station_id": "52f44218-4381-4f0c-a43d-9c7061577e1d",
        "component_id": "88afd3d1-6da3-496a-ac81-669a47256d34",
        "value": -999.0,
        "timestamp_measured": "2020-04-26T22:00:00+00:00",
        "import_log_id": "1587c344-737e-4699-94cc-489e2b14835d",
        "rating": -999,
        "status": "unvalidated"
    }
]