[
    {
        "id": "14a0a07b-15c0-497b-99d4-faef5c4f05e3",
        "station_id": "827636c4-1001-48c5-8b72-d6c3aae7b683",
        "component_id": "88afd3d1-6da3-496a-ac81-669a47256d34",
        "value": 17.1,
        "timestamp_measured": "2019-04-07T22:00:00+00:00",
        "import_log_id": "798192e1-6f89-4d30-8823-e54522ce3bbd",
        "rating": 2,
        "status": "validated"
    },
    {
        "id": "3b22222a-0b1c-42b3-b740-b3516906e31f",
        "station_id": "827636c4-1001-48c5-8b72-d6c3aae7b683",
        "component_id": "88afd3d1-6da3-496a-ac81-669a47256d34",
        "value": 13.83,
        "timestamp_measured": "2019-04-07T23:00:00+00:00",
        "import_log_id": "798192e1-6f89-4d30-8823-e54522ce3bbd",
        "rating": 2,
        "status": "validated"
    },
    {
        "id": "5a9f24b3-8aae-42ef-a372-7da741081e03",
        "station_id": "827636c4-1001-48c5-8b72-d6c3aae7b683",
        "component_id": "88afd3d1-6da3-496a-ac81-669a47256d34",
        "value": 13.48,
        "timestamp_measured": "2019-04-08T00:00:00+00:00",
        "import_log_id": "798192e1-6f89-4d30-8823-e54522ce3bbd",
        "rating": 2,
        "status": "validated"
    },
    {
        "id": "53cd6b94-0148-4650-a6ae-0967f4e18e0b",
        "station_id": "827636c4-1001-48c5-8b72-d6c3aae7b683",
        "component_id": "88afd3d1-6da3-496a-ac81-669a47256d34",
        "value": 12.24,
        "timestamp_measured": "2019-04-08T01:00:00+00:00",
        "import_log_id": "798192e1-6f89-4d30-8823-e54522ce3bbd",
        "rating": 2,
        "status": "validated"
    },
    {
        "id": "f22b44c4-276a-4d9e-a891-ab9686770e9f",
        "station_id": "827636c4-1001-48c5-8b72-d6c3aae7b683",
        "component_id": "88afd3d1-6da3-496a-ac81-669a47256d34",
        "value": 13.06,
        "timestamp_measured": "2019-04-08T02:00:00+00:00",
        "import_log_id": "798192e1-6f89-4d30-8823-e54522ce3bbd",
        "rating": 2,
        "status": "validated"
    },
    {
        "id": "52f4a6be-0289-449e-a9c0-ffc2be71b817",
        "station_id": "827636c4-1001-48c5-8b72-d6c3aae7b683",
        "component_id": "88afd3d1-6da3-496a-ac81-669a47256d34",
        "value": 21.82,
        "timestamp_measured": "2019-04-08T03:00:00+00:00",
        "import_log_id": "798192e1-6f89-4d30-8823-e54522ce3bbd",
        "rating": 3,
        "status": "validated"
    },
    {
        "id": "95dc74ff-a6db-416a-b391-236d0240c496",
        "station_id": "827636c4-1001-48c5-8b72-d6c3aae7b683",
        "component_id": "88afd3d1-6da3-496a-ac81-669a47256d34",
        "value": 35.62,
        "timestamp_measured": "2019-04-08T04:00:00+00:00",
        "import_log_id": "798192e1-6f89-4d30-8823-e54522ce3bbd",
        "rating": 4,
        "status": "validated"
    },
    {
        "id": "252892bc-d205-43eb-907c-1acfd0f8ba4c",
        "station_id": "827636c4-1001-48c5-8b72-d6c3aae7b683",
        "component_id": "88afd3d1-6da3-496a-ac81-669a47256d34",
        "value": 45.49,
        "timestamp_measured": "2019-04-08T05:00:00+00:00",
        "import_log_id": "798192e1-6f89-4d30-8823-e54522ce3bbd",
        "rating": 5,
        "status": "validated"
    },
    {
        "id": "2ffdfaae-93d4-4117-b4f2-4c90b18b00c4",
        "station_id": "827636c4-1001-48c5-8b72-d6c3aae7b683",
        "component_id": "88afd3d1-6da3-496a-ac81-669a47256d34",
        "value": 53.12,
        "timestamp_measured": "2019-04-08T06:00:00+00:00",
        "import_log_id": "798192e1-6f89-4d30-8823-e54522ce3bbd",
        "rating": 5,
        "status": "validated"
    },
    {
        "id": "28a61f02-8c56-4eca-8f31-34aa7d39f192",
        "station_id": "827636c4-1001-48c5-8b72-d6c3aae7b683",
        "component_id": "88afd3d1-6da3-496a-ac81-669a47256d34",
        "value": 48.45,
        "timestamp_measured": "2019-04-08T07:00:00+00:00",
        "import_log_id": "798192e1-6f89-4d30-8823-e54522ce3bbd",
        "rating": 5,
        "status": "validated"
    },
    {
        "id": "ae0e45c1-5fea-4fb2-99c0-0b8e9a99ccf1",
        "station_id": "827636c4-1001-48c5-8b72-d6c3aae7b683",
        "component_id": "88afd3d1-6da3-496a-ac81-669a47256d34",
        "value": 46.31,
        "timestamp_measured": "2019-04-08T08:00:00+00:00",
        "import_log_id": "798192e1-6f89-4d30-8823-e54522ce3bbd",
        "rating": 5,
        "status": "validated"
    },
    {
        "id": "8ea0ead3-8a91-4e9b-b2d1-d52ef1a5f835",
        "station_id": "827636c4-1001-48c5-8b72-d6c3aae7b683",
        "component_id": "88afd3d1-6da3-496a-ac81-669a47256d34",
        "value": 31.32,
        "timestamp_measured": "2019-04-08T09:00:00+00:00",
        "import_log_id": "798192e1-6f89-4d30-8823-e54522ce3bbd",
        "rating": 4,
        "status": "validated"
    },
    {
        "id": "dba156d4-7b8f-404c-b2d6-f7d3cbd883ee",
        "station_id": "827636c4-1001-48c5-8b72-d6c3aae7b683",
        "component_id": "88afd3d1-6da3-496a-ac81-669a47256d34",
        "value": 23.81,
        "timestamp_measured": "2019-04-08T10:00:00+00:00",
        "import_log_id": "798192e1-6f89-4d30-8823-e54522ce3bbd",
        "rating": 3,
        "status": "validated"
    },
    {
        "id": "b44b29e9-b0ad-4c7d-9bca-fa8a59aae657",
        "station_id": "827636c4-1001-48c5-8b72-d6c3aae7b683",
        "component_id": "88afd3d1-6da3-496a-ac81-669a47256d34",
        "value": 17.86,
        "timestamp_measured": "2019-04-08T11:00:00+00:00",
        "import_log_id": "798192e1-6f89-4d30-8823-e54522ce3bbd",
        "rating": 2,
        "status": "validated"
    },
    {
        "id": "4dffa9a1-55ce-4b5c-b3df-27ea5a14ea71",
        "station_id": "827636c4-1001-48c5-8b72-d6c3aae7b683",
        "component_id": "88afd3d1-6da3-496a-ac81-669a47256d34",
        "value": 12.56,
        "timestamp_measured": "2019-04-08T12:00:00+00:00",
        "import_log_id": "798192e1-6f89-4d30-8823-e54522ce3bbd",
        "rating": 2,
        "status": "validated"
    },
    {
        "id": "b6d68e1a-c395-4521-b7d3-a875d7916318",
        "station_id": "827636c4-1001-48c5-8b72-d6c3aae7b683",
        "component_id": "88afd3d1-6da3-496a-ac81-669a47256d34",
        "value": 8.63,
        "timestamp_measured": "2019-04-08T13:00:00+00:00",
        "import_log_id": "798192e1-6f89-4d30-8823-e54522ce3bbd",
        "rating": 1,
        "status": "validated"
    },
    {
        "id": "1c2098be-01f7-48c2-8864-3e7bbfa9052e",
        "station_id": "827636c4-1001-48c5-8b72-d6c3aae7b683",
        "component_id": "88afd3d1-6da3-496a-ac81-669a47256d34",
        "value": 10.99,
        "timestamp_measured": "2019-04-08T14:00:00+00:00",
        "import_log_id": "798192e1-6f89-4d30-8823-e54522ce3bbd",
        "rating": 2,
        "status": "validated"
    },
    {
        "id": "7baf2e28-bc3a-474a-a779-21d36e540199",
        "station_id": "827636c4-1001-48c5-8b72-d6c3aae7b683",
        "component_id": "88afd3d1-6da3-496a-ac81-669a47256d34",
        "value": 11.15,
        "timestamp_measured": "2019-04-08T15:00:00+00:00",
        "import_log_id": "798192e1-6f89-4d30-8823-e54522ce3bbd",
        "rating": 2,
        "status": "validated"
    },
    {
        "id": "0f69a4dd-1c25-4523-8c7f-ae5920185ad8",
        "station_id": "827636c4-1001-48c5-8b72-d6c3aae7b683",
        "component_id": "88afd3d1-6da3-496a-ac81-669a47256d34",
        "value": 14.75,
        "timestamp_measured": "2019-04-08T16:00:00+00:00",
        "import_log_id": "798192e1-6f89-4d30-8823-e54522ce3bbd",
        "rating": 2,
        "status": "validated"
    },
    {
        "id": "d7953fe3-0255-41c3-8b5a-8438a78c8a24",
        "station_id": "827636c4-1001-48c5-8b72-d6c3aae7b683",
        "component_id": "88afd3d1-6da3-496a-ac81-669a47256d34",
        "value": 16.0,
        "timestamp_measured": "2019-04-08T17:00:00+00:00",
        "import_log_id": "798192e1-6f89-4d30-8823-e54522ce3bbd",
        "rating": 2,
        "status": "validated"
    },
    {
        "id": "41ebb2a9-2391-48c5-9e19-fc496214b4ef",
        "station_id": "827636c4-1001-48c5-8b72-d6c3aae7b683",
        "component_id": "88afd3d1-6da3-496a-ac81-669a47256d34",
        "value": 20.14,
        "timestamp_measured": "2019-04-08T18:00:00+00:00",
        "import_log_id": "798192e1-6f89-4d30-8823-e54522ce3bbd",
        "rating": 3,
        "status": "validated"
    },
    {
        "id": "8bde967b-dc11-4f96-929a-de25e219ba49",
        "station_id": "827636c4-1001-48c5-8b72-d6c3aae7b683",
        "component_id": "88afd3d1-6da3-496a-ac81-669a47256d34",
        "value": 20.67,
        "timestamp_measured": "2019-04-08T19:00:00+00:00",
        "import_log_id": "798192e1-6f89-4d30-8823-e54522ce3bbd",
        "rating": 3,
        "status": "validated"
    },
    {
        "id": "cbe7468b-7579-4b7b-a4de-73543b435b62",
        "station_id": "827636c4-1001-48c5-8b72-d6c3aae7b683",
        "component_id": "88afd3d1-6da3-496a-ac81-669a47256d34",
        "value": 24.48,
        "timestamp_measured": "2019-04-08T20:00:00+00:00",
        "import_log_id": "798192e1-6f89-4d30-8823-e54522ce3bbd",
        "rating": 3,
        "status": "validated"
    },
    {
        "id": "a8b61fcb-dd81-4f74-a1ac-6d7d1aee014e",
        "station_id": "827636c4-1001-48c5-8b72-d6c3aae7b683",
        "component_id": "88afd3d1-6da3-496a-ac81-669a47256d34",
        "value": 41.19,
        "timestamp_measured": "2019-04-08T21:00:00+00:00",
        "import_log_id": "798192e1-6f89-4d30-8823-e54522ce3bbd",
        "rating": 4,
        "status": "validated"
    },
    {
        "id": "829b1e98-c8d2-43df-9785-5ac834f75b8d",
        "station_id": "827636c4-1001-48c5-8b72-d6c3aae7b683",
        "component_id": "88afd3d1-6da3-496a-ac81-669a47256d34",
        "value": 20.69,
        "timestamp_measured": "2019-04-08T22:00:00+00:00",
        "import_log_id": "798192e1-6f89-4d30-8823-e54522ce3bbd",
        "rating": 3,
        "status": "validated"
    },
    {
        "id": "1a097660-5019-42b6-92d7-2c6eac180f87",
        "station_id": "827636c4-1001-48c5-8b72-d6c3aae7b683",
        "component_id": "88afd3d1-6da3-496a-ac81-669a47256d34",
        "value": 15.67,
        "timestamp_measured": "2019-04-08T23:00:00+00:00",
        "import_log_id": "798192e1-6f89-4d30-8823-e54522ce3bbd",
        "rating": 2,
        "status": "validated"
    },
    {
        "id": "5cac01d9-7029-47e5-9fb0-de06f0b82355",
        "station_id": "827636c4-1001-48c5-8b72-d6c3aae7b683",
        "component_id": "88afd3d1-6da3-496a-ac81-669a47256d34",
        "value": 14.56,
        "timestamp_measured": "2019-04-09T00:00:00+00:00",
        "import_log_id": "798192e1-6f89-4d30-8823-e54522ce3bbd",
        "rating": 2,
        "status": "validated"
    },
    {
        "id": "bc3ebf50-fc3f-4976-9778-f3c0e82e5bfd",
        "station_id": "827636c4-1001-48c5-8b72-d6c3aae7b683",
        "component_id": "88afd3d1-6da3-496a-ac81-669a47256d34",
        "value": 11.26,
        "timestamp_measured": "2019-04-09T01:00:00+00:00",
        "import_log_id": "798192e1-6f89-4d30-8823-e54522ce3bbd",
        "rating": 2,
        "status": "validated"
    },
    {
        "id": "d1ac75dd-94a8-4bfe-a4b8-3d9a6297c78b",
        "station_id": "827636c4-1001-48c5-8b72-d6c3aae7b683",
        "component_id": "88afd3d1-6da3-496a-ac81-669a47256d34",
        "value": 11.55,
        "timestamp_measured": "2019-04-09T02:00:00+00:00",
        "import_log_id": "798192e1-6f89-4d30-8823-e54522ce3bbd",
        "rating": 2,
        "status": "validated"
    },
    {
        "id": "67446984-bf7f-4b8b-a741-896ef7b2ce3d",
        "station_id": "827636c4-1001-48c5-8b72-d6c3aae7b683",
        "component_id": "88afd3d1-6da3-496a-ac81-669a47256d34",
        "value": 10.18,
        "timestamp_measured": "2019-04-09T03:00:00+00:00",
        "import_log_id": "798192e1-6f89-4d30-8823-e54522ce3bbd",
        "rating": 2,
        "status": "validated"
    },
    {
        "id": "eb4a26dc-14c9-4d0f-bb53-6dd8f0a5dff7",
        "station_id": "827636c4-1001-48c5-8b72-d6c3aae7b683",
        "component_id": "88afd3d1-6da3-496a-ac81-669a47256d34",
        "value": 10.65,
        "timestamp_measured": "2019-04-09T04:00:00+00:00",
        "import_log_id": "798192e1-6f89-4d30-8823-e54522ce3bbd",
        "rating": 2,
        "status": "validated"
    },
    {
        "id": "e2ba721d-eb39-402e-94a7-c84a9c6501d4",
        "station_id": "827636c4-1001-48c5-8b72-d6c3aae7b683",
        "component_id": "88afd3d1-6da3-496a-ac81-669a47256d34",
        "value": 15.78,
        "timestamp_measured": "2019-04-09T05:00:00+00:00",
        "import_log_id": "798192e1-6f89-4d30-8823-e54522ce3bbd",
        "rating": 2,
        "status": "validated"
    },
    {
        "id": "776f547e-ad7b-4ba0-852b-f9e3a7201be5",
        "station_id": "827636c4-1001-48c5-8b72-d6c3aae7b683",
        "component_id": "88afd3d1-6da3-496a-ac81-669a47256d34",
        "value": 20.76,
        "timestamp_measured": "2019-04-09T06:00:00+00:00",
        "import_log_id": "798192e1-6f89-4d30-8823-e54522ce3bbd",
        "rating": 3,
        "status": "validated"
    },
    {
        "id": "25e8b69b-aa5c-45f5-b561-f8b8abecb395",
        "station_id": "827636c4-1001-48c5-8b72-d6c3aae7b683",
        "component_id": "88afd3d1-6da3-496a-ac81-669a47256d34",
        "value": 20.59,
        "timestamp_measured": "2019-04-09T07:00:00+00:00",
        "import_log_id": "798192e1-6f89-4d30-8823-e54522ce3bbd",
        "rating": 3,
        "status": "validated"
    },
    {
        "id": "ea19d2f4-5c36-4cdd-aeda-99cfecb8a4ba",
        "station_id": "827636c4-1001-48c5-8b72-d6c3aae7b683",
        "component_id": "88afd3d1-6da3-496a-ac81-669a47256d34",
        "value": 16.77,
        "timestamp_measured": "2019-04-09T08:00:00+00:00",
        "import_log_id": "798192e1-6f89-4d30-8823-e54522ce3bbd",
        "rating": 2,
        "status": "validated"
    },
    {
        "id": "d05bc4a7-25b9-4ef8-92f4-8c1db7a3a4f3",
        "station_id": "827636c4-1001-48c5-8b72-d6c3aae7b683",
        "component_id": "88afd3d1-6da3-496a-ac81-669a47256d34",
        "value": 15.54,
        "timestamp_measured": "2019-04-09T09:00:00+00:00",
        "import_log_id": "798192e1-6f89-4d30-8823-e54522ce3bbd",
        "rating": 2,
        "status": "validated"
    },
    {
        "id": "91726533-f89e-4f12-87c9-9e913e428f8a",
        "station_id": "827636c4-1001-48c5-8b72-d6c3aae7b683",
        "component_id": "88afd3d1-6da3-496a-ac81-669a47256d34",
        "value": 12.94,
        "timestamp_measured": "2019-04-09T10:00:00+00:00",
        "import_log_id": "798192e1-6f89-4d30-8823-e54522ce3bbd",
        "rating": 2,
        "status": "validated"
    },
    {
        "id": "b3c0b25f-42cf-46fe-af9f-26f0e5135db7",
        "station_id": "827636c4-1001-48c5-8b72-d6c3aae7b683",
        "component_id": "88afd3d1-6da3-496a-ac81-669a47256d34",
        "value": 13.55,
        "timestamp_measured": "2019-04-09T11:00:00+00:00",
        "import_log_id": "798192e1-6f89-4d30-8823-e54522ce3bbd",
        "rating": 2,
        "status": "validated"
    },
    {
        "id": "a4e6e813-4168-4136-8399-d8427f727aed",
        "station_id": "827636c4-1001-48c5-8b72-d6c3aae7b683",
        "component_id": "88afd3d1-6da3-496a-ac81-669a47256d34",
        "value": 11.57,
        "timestamp_measured": "2019-04-09T12:00:00+00:00",
        "import_log_id": "798192e1-6f89-4d30-8823-e54522ce3bbd",
        "rating": 2,
        "status": "validated"
    },
    {
        "id": "7045359f-9b8b-40f4-9e37-7be380f036fa",
        "station_id": "827636c4-1001-48c5-8b72-d6c3aae7b683",
        "component_id": "88afd3d1-6da3-496a-ac81-669a47256d34",
        "value": 11.57,
        "timestamp_measured": "2019-04-09T13:00:00+00:00",
        "import_log_id": "798192e1-6f89-4d30-8823-e54522ce3bbd",
        "rating": 2,
        "status": "validated"
    },
    {
        "id": "86c8dd6d-ec3c-4b4d-bbb8-a996e99b8e90",
        "station_id": "827636c4-1001-48c5-8b72-d6c3aae7b683",
        "component_id": "88afd3d1-6da3-496a-ac81-669a47256d34",
        "value": 13.35,
        "timestamp_measured": "2019-04-09T14:00:00+00:00",
        "import_log_id": "798192e1-6f89-4d30-8823-e54522ce3bbd",
        "rating": 2,
        "status": "validated"
    },
    {
        "id": "e17c96b1-1ebf-494c-9c03-9d9ba5904932",
        "station_id": "827636c4-1001-48c5-8b72-d6c3aae7b683",
        "component_id": "88afd3d1-6da3-496a-ac81-669a47256d34",
        "value": 16.32,
        "timestamp_measured": "2019-04-09T15:00:00+00:00",
        "import_log_id": "798192e1-6f89-4d30-8823-e54522ce3bbd",
        "rating": 2,
        "status": "validated"
    },
    {
        "id": "bd213766-aa51-4803-b866-644b14b036fc",
        "station_id": "827636c4-1001-48c5-8b72-d6c3aae7b683",
        "component_id": "88afd3d1-6da3-496a-ac81-669a47256d34",
        "value": 13.81,
        "timestamp_measured": "2019-04-09T16:00:00+00:00",
        "import_log_id": "798192e1-6f89-4d30-8823-e54522ce3bbd",
        "rating": 2,
        "status": "validated"
    },
    {
        "id": "4fd83fc5-dabd-4071-b605-6ec8ee2208cb",
        "station_id": "827636c4-1001-48c5-8b72-d6c3aae7b683",
        "component_id": "88afd3d1-6da3-496a-ac81-669a47256d34",
        "value": 13.91,
        "timestamp_measured": "2019-04-09T17:00:00+00:00",
        "import_log_id": "798192e1-6f89-4d30-8823-e54522ce3bbd",
        "rating": 2,
        "status": "validated"
    },
    {
        "id": "39709ba2-927e-4bf7-81ee-01adc5f92ff9",
        "station_id": "827636c4-1001-48c5-8b72-d6c3aae7b683",
        "component_id": "88afd3d1-6da3-496a-ac81-669a47256d34",
        "value": 15.14,
        "timestamp_measured": "2019-04-09T18:00:00+00:00",
        "import_log_id": "798192e1-6f89-4d30-8823-e54522ce3bbd",
        "rating": 2,
        "status": "validated"
    },
    {
        "id": "a1ef749e-dd27-4452-955e-03f54f10860d",
        "station_id": "827636c4-1001-48c5-8b72-d6c3aae7b683",
        "component_id": "88afd3d1-6da3-496a-ac81-669a47256d34",
        "value": 15.87,
        "timestamp_measured": "2019-04-09T19:00:00+00:00",
        "import_log_id": "798192e1-6f89-4d30-8823-e54522ce3bbd",
        "rating": 2,
        "status": "validated"
    },
    {
        "id": "e6aca8bf-6903-4d9f-ba90-f90342fc62d7",
        "station_id": "827636c4-1001-48c5-8b72-d6c3aae7b683",
        "component_id": "88afd3d1-6da3-496a-ac81-669a47256d34",
        "value": 15.75,
        "timestamp_measured": "2019-04-09T20:00:00+00:00",
        "import_log_id": "798192e1-6f89-4d30-8823-e54522ce3bbd",
        "rating": 2,
        "status": "validated"
    },
    {
        "id": "2afedf86-b8fb-4eec-a089-8985b6b36d18",
        "station_id": "827636c4-1001-48c5-8b72-d6c3aae7b683",
        "component_id": "88afd3d1-6da3-496a-ac81-669a47256d34",
        "value": 14.04,
        "timestamp_measured": "2019-04-09T21:00:00+00:00",
        "import_log_id": "798192e1-6f89-4d30-8823-e54522ce3bbd",
        "rating": 2,
        "status": "validated"
    },
    {
        "id": "f479932f-3489-4255-b097-727b9199195f",
        "station_id": "827636c4-1001-48c5-8b72-d6c3aae7b683",
        "component_id": "88afd3d1-6da3-496a-ac81-669a47256d34",
        "value": 12.82,
        "timestamp_measured": "2019-04-09T22:00:00+00:00",
        "import_log_id": "798192e1-6f89-4d30-8823-e54522ce3bbd",
        "rating": 2,
        "status": "validated"
    },
    {
        "id": "a00a8267-1304-4fe2-9ea1-9b99e60f62a2",
        "station_id": "827636c4-1001-48c5-8b72-d6c3aae7b683",
        "component_id": "88afd3d1-6da3-496a-ac81-669a47256d34",
        "value": 12.75,
        "timestamp_measured": "2019-04-09T23:00:00+00:00",
        "import_log_id": "798192e1-6f89-4d30-8823-e54522ce3bbd",
        "rating": 2,
        "status": "validated"
    },
    {
        "id": "bc18a4d9-06ea-4354-9e82-3809e6e070a3",
        "station_id": "827636c4-1001-48c5-8b72-d6c3aae7b683",
        "component_id": "88afd3d1-6da3-496a-ac81-669a47256d34",
        "value": 10.62,
        "timestamp_measured": "2019-04-10T00:00:00+00:00",
        "import_log_id": "798192e1-6f89-4d30-8823-e54522ce3bbd",
        "rating": 2,
        "status": "validated"
    },
    {
        "id": "5bd9a097-aab5-48fe-aa8a-82250f71c12e",
        "station_id": "827636c4-1001-48c5-8b72-d6c3aae7b683",
        "component_id": "88afd3d1-6da3-496a-ac81-669a47256d34",
        "value": 9.28,
        "timestamp_measured": "2019-04-10T01:00:00+00:00",
        "import_log_id": "798192e1-6f89-4d30-8823-e54522ce3bbd",
        "rating": 1,
        "status": "validated"
    },
    {
        "id": "fe98d48b-302f-4fde-9167-e10517ee3b1e",
        "station_id": "827636c4-1001-48c5-8b72-d6c3aae7b683",
        "component_id": "88afd3d1-6da3-496a-ac81-669a47256d34",
        "value": 9.24,
        "timestamp_measured": "2019-04-10T02:00:00+00:00",
        "import_log_id": "798192e1-6f89-4d30-8823-e54522ce3bbd",
        "rating": 1,
        "status": "validated"
    },
    {
        "id": "4f7458f6-aba9-46af-add6-97ce82049e5a",
        "station_id": "827636c4-1001-48c5-8b72-d6c3aae7b683",
        "component_id": "88afd3d1-6da3-496a-ac81-669a47256d34",
        "value": 9.65,
        "timestamp_measured": "2019-04-10T03:00:00+00:00",
        "import_log_id": "798192e1-6f89-4d30-8823-e54522ce3bbd",
        "rating": 1,
        "status": "validated"
    },
    {
        "id": "5cf708fe-cf3f-4067-beb3-9b10c063935d",
        "station_id": "827636c4-1001-48c5-8b72-d6c3aae7b683",
        "component_id": "88afd3d1-6da3-496a-ac81-669a47256d34",
        "value": 11.66,
        "timestamp_measured": "2019-04-10T04:00:00+00:00",
        "import_log_id": "798192e1-6f89-4d30-8823-e54522ce3bbd",
        "rating": 2,
        "status": "validated"
    },
    {
        "id": "a104c2a9-2aa3-42ed-b883-7dda269d44f4",
        "station_id": "827636c4-1001-48c5-8b72-d6c3aae7b683",
        "component_id": "88afd3d1-6da3-496a-ac81-669a47256d34",
        "value": 17.93,
        "timestamp_measured": "2019-04-10T05:00:00+00:00",
        "import_log_id": "798192e1-6f89-4d30-8823-e54522ce3bbd",
        "rating": 2,
        "status": "validated"
    },
    {
        "id": "622b6055-398a-4944-87cc-316dc8907fe9",
        "station_id": "827636c4-1001-48c5-8b72-d6c3aae7b683",
        "component_id": "88afd3d1-6da3-496a-ac81-669a47256d34",
        "value": 19.82,
        "timestamp_measured": "2019-04-10T06:00:00+00:00",
        "import_log_id": "798192e1-6f89-4d30-8823-e54522ce3bbd",
        "rating": 2,
        "status": "validated"
    },
    {
        "id": "d40686c7-54cc-4786-86a6-cfb3cef6e2ae",
        "station_id": "827636c4-1001-48c5-8b72-d6c3aae7b683",
        "component_id": "88afd3d1-6da3-496a-ac81-669a47256d34",
        "value": 18.28,
        "timestamp_measured": "2019-04-10T07:00:00+00:00",
        "import_log_id": "798192e1-6f89-4d30-8823-e54522ce3bbd",
        "rating": 2,
        "status": "validated"
    },
    {
        "id": "b91f1e39-4fbe-4ee1-8a7c-12c381981585",
        "station_id": "827636c4-1001-48c5-8b72-d6c3aae7b683",
        "component_id": "88afd3d1-6da3-496a-ac81-669a47256d34",
        "value": 16.93,
        "timestamp_measured": "2019-04-10T08:00:00+00:00",
        "import_log_id": "798192e1-6f89-4d30-8823-e54522ce3bbd",
        "rating": 2,
        "status": "validated"
    },
    {
        "id": "27aa2a86-832b-48fe-8313-13bb991d921d",
        "station_id": "827636c4-1001-48c5-8b72-d6c3aae7b683",
        "component_id": "88afd3d1-6da3-496a-ac81-669a47256d34",
        "value": 16.19,
        "timestamp_measured": "2019-04-10T09:00:00+00:00",
        "import_log_id": "798192e1-6f89-4d30-8823-e54522ce3bbd",
        "rating": 2,
        "status": "validated"
    },
    {
        "id": "847a1215-817e-4935-8650-67feda56f88f",
        "station_id": "827636c4-1001-48c5-8b72-d6c3aae7b683",
        "component_id": "88afd3d1-6da3-496a-ac81-669a47256d34",
        "value": 15.81,
        "timestamp_measured": "2019-04-10T10:00:00+00:00",
        "import_log_id": "798192e1-6f89-4d30-8823-e54522ce3bbd",
        "rating": 2,
        "status": "validated"
    },
    {
        "id": "1915a369-b4af-4c57-a65f-24fc056cb942",
        "station_id": "827636c4-1001-48c5-8b72-d6c3aae7b683",
        "component_id": "88afd3d1-6da3-496a-ac81-669a47256d34",
        "value": 13.7,
        "timestamp_measured": "2019-04-10T11:00:00+00:00",
        "import_log_id": "798192e1-6f89-4d30-8823-e54522ce3bbd",
        "rating": 2,
        "status": "validated"
    },
    {
        "id": "c39e8260-94f8-4166-8b77-0a009eeb8aa3",
        "station_id": "827636c4-1001-48c5-8b72-d6c3aae7b683",
        "component_id": "88afd3d1-6da3-496a-ac81-669a47256d34",
        "value": 12.15,
        "timestamp_measured": "2019-04-10T12:00:00+00:00",
        "import_log_id": "798192e1-6f89-4d30-8823-e54522ce3bbd",
        "rating": 2,
        "status": "validated"
    },
    {
        "id": "fe872ab0-f3b2-420c-ba5f-f9e477bd0b2b",
        "station_id": "827636c4-1001-48c5-8b72-d6c3aae7b683",
        "component_id": "88afd3d1-6da3-496a-ac81-669a47256d34",
        "value": 10.71,
        "timestamp_measured": "2019-04-10T13:00:00+00:00",
        "import_log_id": "798192e1-6f89-4d30-8823-e54522ce3bbd",
        "rating": 2,
        "status": "validated"
    },
    {
        "id": "f6e9bc71-d9cb-4d44-8e2e-5164a7ed677f",
        "station_id": "827636c4-1001-48c5-8b72-d6c3aae7b683",
        "component_id": "88afd3d1-6da3-496a-ac81-669a47256d34",
        "value": 12.14,
        "timestamp_measured": "2019-04-10T14:00:00+00:00",
        "import_log_id": "798192e1-6f89-4d30-8823-e54522ce3bbd",
        "rating": 2,
        "status": "validated"
    },
    {
        "id": "5a7e1269-e714-434e-a576-b4efbdc04b6c",
        "station_id": "827636c4-1001-48c5-8b72-d6c3aae7b683",
        "component_id": "88afd3d1-6da3-496a-ac81-669a47256d34",
        "value": 13.26,
        "timestamp_measured": "2019-04-10T15:00:00+00:00",
        "import_log_id": "798192e1-6f89-4d30-8823-e54522ce3bbd",
        "rating": 2,
        "status": "validated"
    },
    {
        "id": "bbf8daeb-5c3c-4c9d-bd07-9ba8db45d7bf",
        "station_id": "827636c4-1001-48c5-8b72-d6c3aae7b683",
        "component_id": "88afd3d1-6da3-496a-ac81-669a47256d34",
        "value": 15.63,
        "timestamp_measured": "2019-04-10T16:00:00+00:00",
        "import_log_id": "798192e1-6f89-4d30-8823-e54522ce3bbd",
        "rating": 2,
        "status": "validated"
    },
    {
        "id": "de4e6a43-06e4-4773-bcea-895510a7fcfb",
        "station_id": "827636c4-1001-48c5-8b72-d6c3aae7b683",
        "component_id": "88afd3d1-6da3-496a-ac81-669a47256d34",
        "value": 15.7,
        "timestamp_measured": "2019-04-10T17:00:00+00:00",
        "import_log_id": "798192e1-6f89-4d30-8823-e54522ce3bbd",
        "rating": 2,
        "status": "validated"
    },
    {
        "id": "bb011511-2a6e-48f0-a880-ac73e72a1513",
        "station_id": "827636c4-1001-48c5-8b72-d6c3aae7b683",
        "component_id": "88afd3d1-6da3-496a-ac81-669a47256d34",
        "value": 18.62,
        "timestamp_measured": "2019-04-10T18:00:00+00:00",
        "import_log_id": "798192e1-6f89-4d30-8823-e54522ce3bbd",
        "rating": 2,
        "status": "validated"
    },
    {
        "id": "a20e5f81-4016-465f-8047-2649ae04bb08",
        "station_id": "827636c4-1001-48c5-8b72-d6c3aae7b683",
        "component_id": "88afd3d1-6da3-496a-ac81-669a47256d34",
        "value": 24.69,
        "timestamp_measured": "2019-04-10T19:00:00+00:00",
        "import_log_id": "798192e1-6f89-4d30-8823-e54522ce3bbd",
        "rating": 3,
        "status": "validated"
    },
    {
        "id": "0f44de9c-c9b6-4d6c-b81b-afef9b3254f8",
        "station_id": "827636c4-1001-48c5-8b72-d6c3aae7b683",
        "component_id": "88afd3d1-6da3-496a-ac81-669a47256d34",
        "value": 14.01,
        "timestamp_measured": "2019-04-10T20:00:00+00:00",
        "import_log_id": "798192e1-6f89-4d30-8823-e54522ce3bbd",
        "rating": 2,
        "status": "validated"
    },
    {
        "id": "326ebdd5-07bf-415a-a800-42ee37ac3f8b",
        "station_id": "827636c4-1001-48c5-8b72-d6c3aae7b683",
        "component_id": "88afd3d1-6da3-496a-ac81-669a47256d34",
        "value": 14.33,
        "timestamp_measured": "2019-04-10T21:00:00+00:00",
        "import_log_id": "798192e1-6f89-4d30-8823-e54522ce3bbd",
        "rating": 2,
        "status": "validated"
    },
    {
        "id": "2735bd3a-2b4f-48f9-80e9-60b4272ad615",
        "station_id": "827636c4-1001-48c5-8b72-d6c3aae7b683",
        "component_id": "88afd3d1-6da3-496a-ac81-669a47256d34",
        "value": 11.41,
        "timestamp_measured": "2019-04-10T22:00:00+00:00",
        "import_log_id": "798192e1-6f89-4d30-8823-e54522ce3bbd",
        "rating": 2,
        "status": "validated"
    },
    {
        "id": "0b9d411d-941e-4c22-b089-ec2f7822010c",
        "station_id": "827636c4-1001-48c5-8b72-d6c3aae7b683",
        "component_id": "88afd3d1-6da3-496a-ac81-669a47256d34",
        "value": 11.98,
        "timestamp_measured": "2019-04-10T23:00:00+00:00",
        "import_log_id": "798192e1-6f89-4d30-8823-e54522ce3bbd",
        "rating": 2,
        "status": "validated"
    },
    {
        "id": "136ebcba-ab22-40b6-98dd-ccdb049085b5",
        "station_id": "827636c4-1001-48c5-8b72-d6c3aae7b683",
        "component_id": "88afd3d1-6da3-496a-ac81-669a47256d34",
        "value": 14.23,
        "timestamp_measured": "2019-04-11T00:00:00+00:00",
        "import_log_id": "798192e1-6f89-4d30-8823-e54522ce3bbd",
        "rating": 2,
        "status": "validated"
    },
    {
        "id": "3eb31282-c2df-48bb-a044-b4fc9f29022c",
        "station_id": "827636c4-1001-48c5-8b72-d6c3aae7b683",
        "component_id": "88afd3d1-6da3-496a-ac81-669a47256d34",
        "value": 11.95,
        "timestamp_measured": "2019-04-11T01:00:00+00:00",
        "import_log_id": "798192e1-6f89-4d30-8823-e54522ce3bbd",
        "rating": 2,
        "status": "validated"
    },
    {
        "id": "efa62960-1c82-4822-a764-6d1a610c97bb",
        "station_id": "827636c4-1001-48c5-8b72-d6c3aae7b683",
        "component_id": "88afd3d1-6da3-496a-ac81-669a47256d34",
        "value": 11.24,
        "timestamp_measured": "2019-04-11T02:00:00+00:00",
        "import_log_id": "798192e1-6f89-4d30-8823-e54522ce3bbd",
        "rating": 2,
        "status": "validated"
    },
    {
        "id": "2b4cb0e9-18e4-467f-a6e1-8fd16cd9143e",
        "station_id": "827636c4-1001-48c5-8b72-d6c3aae7b683",
        "component_id": "88afd3d1-6da3-496a-ac81-669a47256d34",
        "value": 9.73,
        "timestamp_measured": "2019-04-11T03:00:00+00:00",
        "import_log_id": "798192e1-6f89-4d30-8823-e54522ce3bbd",
        "rating": 1,
        "status": "validated"
    },
    {
        "id": "b9477d66-9093-4b5f-b1e2-365e199b69fa",
        "station_id": "827636c4-1001-48c5-8b72-d6c3aae7b683",
        "component_id": "88afd3d1-6da3-496a-ac81-669a47256d34",
        "value": 11.39,
        "timestamp_measured": "2019-04-11T04:00:00+00:00",
        "import_log_id": "798192e1-6f89-4d30-8823-e54522ce3bbd",
        "rating": 2,
        "status": "validated"
    },
    {
        "id": "4755e87e-026b-4deb-8892-8edeca8f4570",
        "station_id": "827636c4-1001-48c5-8b72-d6c3aae7b683",
        "component_id": "88afd3d1-6da3-496a-ac81-669a47256d34",
        "value": 19.06,
        "timestamp_measured": "2019-04-11T05:00:00+00:00",
        "import_log_id": "798192e1-6f89-4d30-8823-e54522ce3bbd",
        "rating": 2,
        "status": "validated"
    },
    {
        "id": "7859e40b-9d4a-4e94-b061-085d89db6937",
        "station_id": "827636c4-1001-48c5-8b72-d6c3aae7b683",
        "component_id": "88afd3d1-6da3-496a-ac81-669a47256d34",
        "value": 28.64,
        "timestamp_measured": "2019-04-11T06:00:00+00:00",
        "import_log_id": "798192e1-6f89-4d30-8823-e54522ce3bbd",
        "rating": 3,
        "status": "validated"
    },
    {
        "id": "7b221203-82b5-482e-b15b-cc35e26ed0ea",
        "station_id": "827636c4-1001-48c5-8b72-d6c3aae7b683",
        "component_id": "88afd3d1-6da3-496a-ac81-669a47256d34",
        "value": 23.33,
        "timestamp_measured": "2019-04-11T07:00:00+00:00",
        "import_log_id": "798192e1-6f89-4d30-8823-e54522ce3bbd",
        "rating": 3,
        "status": "validated"
    },
    {
        "id": "6207d585-b2e2-48f5-b622-7579eb3361b5",
        "station_id": "827636c4-1001-48c5-8b72-d6c3aae7b683",
        "component_id": "88afd3d1-6da3-496a-ac81-669a47256d34",
        "value": 18.54,
        "timestamp_measured": "2019-04-11T08:00:00+00:00",
        "import_log_id": "798192e1-6f89-4d30-8823-e54522ce3bbd",
        "rating": 2,
        "status": "validated"
    },
    {
        "id": "6ffb4642-1552-46f4-b223-27a4ed9bb916",
        "station_id": "827636c4-1001-48c5-8b72-d6c3aae7b683",
        "component_id": "88afd3d1-6da3-496a-ac81-669a47256d34",
        "value": 13.58,
        "timestamp_measured": "2019-04-11T09:00:00+00:00",
        "import_log_id": "798192e1-6f89-4d30-8823-e54522ce3bbd",
        "rating": 2,
        "status": "validated"
    },
    {
        "id": "d53a5cbc-8e65-47c6-ab3b-538b2246fb82",
        "station_id": "827636c4-1001-48c5-8b72-d6c3aae7b683",
        "component_id": "88afd3d1-6da3-496a-ac81-669a47256d34",
        "value": 11.26,
        "timestamp_measured": "2019-04-11T10:00:00+00:00",
        "import_log_id": "798192e1-6f89-4d30-8823-e54522ce3bbd",
        "rating": 2,
        "status": "validated"
    },
    {
        "id": "113a8fff-586f-439b-b3d5-0dc9cefd72f0",
        "station_id": "827636c4-1001-48c5-8b72-d6c3aae7b683",
        "component_id": "88afd3d1-6da3-496a-ac81-669a47256d34",
        "value": 9.13,
        "timestamp_measured": "2019-04-11T11:00:00+00:00",
        "import_log_id": "798192e1-6f89-4d30-8823-e54522ce3bbd",
        "rating": 1,
        "status": "validated"
    },
    {
        "id": "8fe2f29e-d861-47b0-b8ca-589bce48ded5",
        "station_id": "827636c4-1001-48c5-8b72-d6c3aae7b683",
        "component_id": "88afd3d1-6da3-496a-ac81-669a47256d34",
        "value": 8.72,
        "timestamp_measured": "2019-04-11T12:00:00+00:00",
        "import_log_id": "798192e1-6f89-4d30-8823-e54522ce3bbd",
        "rating": 1,
        "status": "validated"
    },
    {
        "id": "4f284fba-60aa-496c-9014-1cd954e75f7d",
        "station_id": "827636c4-1001-48c5-8b72-d6c3aae7b683",
        "component_id": "88afd3d1-6da3-496a-ac81-669a47256d34",
        "value": 10.82,
        "timestamp_measured": "2019-04-11T13:00:00+00:00",
        "import_log_id": "798192e1-6f89-4d30-8823-e54522ce3bbd",
        "rating": 2,
        "status": "validated"
    },
    {
        "id": "856d1435-8041-4392-814e-19055860543b",
        "station_id": "827636c4-1001-48c5-8b72-d6c3aae7b683",
        "component_id": "88afd3d1-6da3-496a-ac81-669a47256d34",
        "value": 9.47,
        "timestamp_measured": "2019-04-11T14:00:00+00:00",
        "import_log_id": "798192e1-6f89-4d30-8823-e54522ce3bbd",
        "rating": 1,
        "status": "validated"
    },
    {
        "id": "2ac978d1-86b1-4d5e-816f-008e258168b4",
        "station_id": "827636c4-1001-48c5-8b72-d6c3aae7b683",
        "component_id": "88afd3d1-6da3-496a-ac81-669a47256d34",
        "value": 10.72,
        "timestamp_measured": "2019-04-11T15:00:00+00:00",
        "import_log_id": "798192e1-6f89-4d30-8823-e54522ce3bbd",
        "rating": 2,
        "status": "validated"
    },
    {
        "id": "1c202c33-a2a9-4835-a0b6-d0cc3eb70305",
        "station_id": "827636c4-1001-48c5-8b72-d6c3aae7b683",
        "component_id": "88afd3d1-6da3-496a-ac81-669a47256d34",
        "value": 11.16,
        "timestamp_measured": "2019-04-11T16:00:00+00:00",
        "import_log_id": "798192e1-6f89-4d30-8823-e54522ce3bbd",
        "rating": 2,
        "status": "validated"
    },
    {
        "id": "be00906b-7c26-40c0-9cb8-0521d48974b0",
        "station_id": "827636c4-1001-48c5-8b72-d6c3aae7b683",
        "component_id": "88afd3d1-6da3-496a-ac81-669a47256d34",
        "value": 13.51,
        "timestamp_measured": "2019-04-11T17:00:00+00:00",
        "import_log_id": "798192e1-6f89-4d30-8823-e54522ce3bbd",
        "rating": 2,
        "status": "validated"
    },
    {
        "id": "bd3a8a42-e2d1-4fa4-8b6a-4519be71b8e9",
        "station_id": "827636c4-1001-48c5-8b72-d6c3aae7b683",
        "component_id": "88afd3d1-6da3-496a-ac81-669a47256d34",
        "value": 13.27,
        "timestamp_measured": "2019-04-11T18:00:00+00:00",
        "import_log_id": "798192e1-6f89-4d30-8823-e54522ce3bbd",
        "rating": 2,
        "status": "validated"
    },
    {
        "id": "8e046b8a-96b2-489f-a440-d2faec6c2684",
        "station_id": "827636c4-1001-48c5-8b72-d6c3aae7b683",
        "component_id": "88afd3d1-6da3-496a-ac81-669a47256d34",
        "value": 14.91,
        "timestamp_measured": "2019-04-11T19:00:00+00:00",
        "import_log_id": "798192e1-6f89-4d30-8823-e54522ce3bbd",
        "rating": 2,
        "status": "validated"
    },
    {
        "id": "d0c8291f-ff3d-419d-9f44-23c76891f259",
        "station_id": "827636c4-1001-48c5-8b72-d6c3aae7b683",
        "component_id": "88afd3d1-6da3-496a-ac81-669a47256d34",
        "value": 19.17,
        "timestamp_measured": "2019-04-11T20:00:00+00:00",
        "import_log_id": "798192e1-6f89-4d30-8823-e54522ce3bbd",
        "rating": 2,
        "status": "validated"
    },
    {
        "id": "09077b45-974a-4d91-a2a4-7451897ca9ae",
        "station_id": "827636c4-1001-48c5-8b72-d6c3aae7b683",
        "component_id": "88afd3d1-6da3-496a-ac81-669a47256d34",
        "value": 19.27,
        "timestamp_measured": "2019-04-11T21:00:00+00:00",
        "import_log_id": "798192e1-6f89-4d30-8823-e54522ce3bbd",
        "rating": 2,
        "status": "validated"
    },
    {
        "id": "d3120c19-9e07-46ce-a512-f137c8a59aa9",
        "station_id": "827636c4-1001-48c5-8b72-d6c3aae7b683",
        "component_id": "88afd3d1-6da3-496a-ac81-669a47256d34",
        "value": 17.6,
        "timestamp_measured": "2019-04-11T22:00:00+00:00",
        "import_log_id": "798192e1-6f89-4d30-8823-e54522ce3bbd",
        "rating": 2,
        "status": "validated"
    },
    {
        "id": "5d55d0e6-8956-426f-9204-9e4f18707a62",
        "station_id": "827636c4-1001-48c5-8b72-d6c3aae7b683",
        "component_id": "88afd3d1-6da3-496a-ac81-669a47256d34",
        "value": 12.51,
        "timestamp_measured": "2019-04-11T23:00:00+00:00",
        "import_log_id": "798192e1-6f89-4d30-8823-e54522ce3bbd",
        "rating": 2,
        "status": "validated"
    },
    {
        "id": "91b4b285-2bf9-4a65-b883-0c734049cc3b",
        "station_id": "827636c4-1001-48c5-8b72-d6c3aae7b683",
        "component_id": "88afd3d1-6da3-496a-ac81-669a47256d34",
        "value": 16.08,
        "timestamp_measured": "2019-04-12T00:00:00+00:00",
        "import_log_id": "798192e1-6f89-4d30-8823-e54522ce3bbd",
        "rating": 2,
        "status": "validated"
    },
    {
        "id": "907381ad-d0fc-4a79-acfb-29c08b68ee9c",
        "station_id": "827636c4-1001-48c5-8b72-d6c3aae7b683",
        "component_id": "88afd3d1-6da3-496a-ac81-669a47256d34",
        "value": 11.64,
        "timestamp_measured": "2019-04-12T01:00:00+00:00",
        "import_log_id": "798192e1-6f89-4d30-8823-e54522ce3bbd",
        "rating": 2,
        "status": "validated"
    },
    {
        "id": "9e45d00c-aa07-4b05-a5f4-1165ea74efe4",
        "station_id": "827636c4-1001-48c5-8b72-d6c3aae7b683",
        "component_id": "88afd3d1-6da3-496a-ac81-669a47256d34",
        "value": 10.86,
        "timestamp_measured": "2019-04-12T02:00:00+00:00",
        "import_log_id": "798192e1-6f89-4d30-8823-e54522ce3bbd",
        "rating": 2,
        "status": "validated"
    },
    {
        "id": "3062f347-5b93-4b39-b90f-d4ff9d5eeb8c",
        "station_id": "827636c4-1001-48c5-8b72-d6c3aae7b683",
        "component_id": "88afd3d1-6da3-496a-ac81-669a47256d34",
        "value": 11.9,
        "timestamp_measured": "2019-04-12T03:00:00+00:00",
        "import_log_id": "798192e1-6f89-4d30-8823-e54522ce3bbd",
        "rating": 2,
        "status": "validated"
    },
    {
        "id": "8ccc3289-434e-4ce1-bc8d-bb4414a809be",
        "station_id": "827636c4-1001-48c5-8b72-d6c3aae7b683",
        "component_id": "88afd3d1-6da3-496a-ac81-669a47256d34",
        "value": 15.7,
        "timestamp_measured": "2019-04-12T04:00:00+00:00",
        "import_log_id": "798192e1-6f89-4d30-8823-e54522ce3bbd",
        "rating": 2,
        "status": "validated"
    },
    {
        "id": "d4c775b7-89fe-4f7a-ac95-7b598953f317",
        "station_id": "827636c4-1001-48c5-8b72-d6c3aae7b683",
        "component_id": "88afd3d1-6da3-496a-ac81-669a47256d34",
        "value": 17.47,
        "timestamp_measured": "2019-04-12T05:00:00+00:00",
        "import_log_id": "798192e1-6f89-4d30-8823-e54522ce3bbd",
        "rating": 2,
        "status": "validated"
    },
    {
        "id": "c6a2ffb1-eff6-4121-a510-280e725e50b9",
        "station_id": "827636c4-1001-48c5-8b72-d6c3aae7b683",
        "component_id": "88afd3d1-6da3-496a-ac81-669a47256d34",
        "value": 22.09,
        "timestamp_measured": "2019-04-12T06:00:00+00:00",
        "import_log_id": "798192e1-6f89-4d30-8823-e54522ce3bbd",
        "rating": 3,
        "status": "validated"
    },
    {
        "id": "735a7aba-8482-4486-9492-7341f8147e23",
        "station_id": "827636c4-1001-48c5-8b72-d6c3aae7b683",
        "component_id": "88afd3d1-6da3-496a-ac81-669a47256d34",
        "value": 22.96,
        "timestamp_measured": "2019-04-12T07:00:00+00:00",
        "import_log_id": "798192e1-6f89-4d30-8823-e54522ce3bbd",
        "rating": 3,
        "status": "validated"
    },
    {
        "id": "b7dd5fb3-e09e-4a4c-8c53-dec8346a3cc9",
        "station_id": "827636c4-1001-48c5-8b72-d6c3aae7b683",
        "component_id": "88afd3d1-6da3-496a-ac81-669a47256d34",
        "value": 16.1,
        "timestamp_measured": "2019-04-12T08:00:00+00:00",
        "import_log_id": "798192e1-6f89-4d30-8823-e54522ce3bbd",
        "rating": 2,
        "status": "validated"
    },
    {
        "id": "09547cfc-33e8-4097-abfb-cdbf3af82cb2",
        "station_id": "827636c4-1001-48c5-8b72-d6c3aae7b683",
        "component_id": "88afd3d1-6da3-496a-ac81-669a47256d34",
        "value": 17.43,
        "timestamp_measured": "2019-04-12T09:00:00+00:00",
        "import_log_id": "798192e1-6f89-4d30-8823-e54522ce3bbd",
        "rating": 2,
        "status": "validated"
    },
    {
        "id": "1a9dc816-2df3-4b5c-84a2-a25c47071697",
        "station_id": "827636c4-1001-48c5-8b72-d6c3aae7b683",
        "component_id": "88afd3d1-6da3-496a-ac81-669a47256d34",
        "value": -999.0,
        "timestamp_measured": "2019-04-12T10:00:00+00:00",
        "import_log_id": "798192e1-6f89-4d30-8823-e54522ce3bbd",
        "rating": -999,
        "status": "unvalidated"
    },
    {
        "id": "1a9dc816-2df3-4b5c-84a2-a25c47071697",
        "station_id": "827636c4-1001-48c5-8b72-d6c3aae7b683",
        "component_id": "88afd3d1-6da3-496a-ac81-669a47256d34",
        "value": -999.0,
        "timestamp_measured": "2019-04-12T11:00:00+00:00",
        "import_log_id": "798192e1-6f89-4d30-8823-e54522ce3bbd",
        "rating": -999,
        "status": "unvalidated"
    },
    {
        "id": "1a9dc816-2df3-4b5c-84a2-a25c47071697",
        "station_id": "827636c4-1001-48c5-8b72-d6c3aae7b683",
        "component_id": "88afd3d1-6da3-496a-ac81-669a47256d34",
        "value": -999.0,
        "timestamp_measured": "2019-04-12T12:00:00+00:00",
        "import_log_id": "798192e1-6f89-4d30-8823-e54522ce3bbd",
        "rating": -999,
        "status": "unvalidated"
    },
    {
        "id": "e9b5bb87-b534-49b1-9e6a-bc76d1f808e3",
        "station_id": "827636c4-1001-48c5-8b72-d6c3aae7b683",
        "component_id": "88afd3d1-6da3-496a-ac81-669a47256d34",
        "value": 11.64,
        "timestamp_measured": "2019-04-12T13:00:00+00:00",
        "import_log_id": "798192e1-6f89-4d30-8823-e54522ce3bbd",
        "rating": 2,
        "status": "validated"
    },
    {
        "id": "4eb3c76d-9b59-45f3-a141-c9190be5f4ad",
        "station_id": "827636c4-1001-48c5-8b72-d6c3aae7b683",
        "component_id": "88afd3d1-6da3-496a-ac81-669a47256d34",
        "value": 13.55,
        "timestamp_measured": "2019-04-12T14:00:00+00:00",
        "import_log_id": "798192e1-6f89-4d30-8823-e54522ce3bbd",
        "rating": 2,
        "status": "validated"
    },
    {
        "id": "19f1f946-de56-46b2-98da-1d79fc86483c",
        "station_id": "827636c4-1001-48c5-8b72-d6c3aae7b683",
        "component_id": "88afd3d1-6da3-496a-ac81-669a47256d34",
        "value": 13.01,
        "timestamp_measured": "2019-04-12T15:00:00+00:00",
        "import_log_id": "798192e1-6f89-4d30-8823-e54522ce3bbd",
        "rating": 2,
        "status": "validated"
    },
    {
        "id": "e3d9e784-cd9a-45d6-b604-b4b239e5af61",
        "station_id": "827636c4-1001-48c5-8b72-d6c3aae7b683",
        "component_id": "88afd3d1-6da3-496a-ac81-669a47256d34",
        "value": 16.0,
        "timestamp_measured": "2019-04-12T16:00:00+00:00",
        "import_log_id": "798192e1-6f89-4d30-8823-e54522ce3bbd",
        "rating": 2,
        "status": "validated"
    },
    {
        "id": "2afb166e-fec8-4a23-a650-0a48480806c7",
        "station_id": "827636c4-1001-48c5-8b72-d6c3aae7b683",
        "component_id": "88afd3d1-6da3-496a-ac81-669a47256d34",
        "value": 16.86,
        "timestamp_measured": "2019-04-12T17:00:00+00:00",
        "import_log_id": "798192e1-6f89-4d30-8823-e54522ce3bbd",
        "rating": 2,
        "status": "validated"
    },
    {
        "id": "e22ac28a-4a94-47c0-90b8-4cacbf11aff5",
        "station_id": "827636c4-1001-48c5-8b72-d6c3aae7b683",
        "component_id": "88afd3d1-6da3-496a-ac81-669a47256d34",
        "value": 14.22,
        "timestamp_measured": "2019-04-12T18:00:00+00:00",
        "import_log_id": "798192e1-6f89-4d30-8823-e54522ce3bbd",
        "rating": 2,
        "status": "validated"
    },
    {
        "id": "d247f307-80fb-4832-99c1-671ca5084be3",
        "station_id": "827636c4-1001-48c5-8b72-d6c3aae7b683",
        "component_id": "88afd3d1-6da3-496a-ac81-669a47256d34",
        "value": 20.92,
        "timestamp_measured": "2019-04-12T19:00:00+00:00",
        "import_log_id": "798192e1-6f89-4d30-8823-e54522ce3bbd",
        "rating": 3,
        "status": "validated"
    },
    {
        "id": "886ace5e-8020-4a27-8dca-db06f34ca644",
        "station_id": "827636c4-1001-48c5-8b72-d6c3aae7b683",
        "component_id": "88afd3d1-6da3-496a-ac81-669a47256d34",
        "value": 27.1,
        "timestamp_measured": "2019-04-12T20:00:00+00:00",
        "import_log_id": "798192e1-6f89-4d30-8823-e54522ce3bbd",
        "rating": 3,
        "status": "validated"
    },
    {
        "id": "b0cc0f99-9e9e-4e29-bc35-d0a69e82faeb",
        "station_id": "827636c4-1001-48c5-8b72-d6c3aae7b683",
        "component_id": "88afd3d1-6da3-496a-ac81-669a47256d34",
        "value": 21.31,
        "timestamp_measured": "2019-04-12T21:00:00+00:00",
        "import_log_id": "798192e1-6f89-4d30-8823-e54522ce3bbd",
        "rating": 3,
        "status": "validated"
    },
    {
        "id": "4567341c-22c8-48b0-b045-ee7e0fa67e7b",
        "station_id": "827636c4-1001-48c5-8b72-d6c3aae7b683",
        "component_id": "88afd3d1-6da3-496a-ac81-669a47256d34",
        "value": 17.91,
        "timestamp_measured": "2019-04-12T22:00:00+00:00",
        "import_log_id": "798192e1-6f89-4d30-8823-e54522ce3bbd",
        "rating": 2,
        "status": "validated"
    },
    {
        "id": "634dd4f5-59dc-4d25-be39-abe78c20b43a",
        "station_id": "827636c4-1001-48c5-8b72-d6c3aae7b683",
        "component_id": "88afd3d1-6da3-496a-ac81-669a47256d34",
        "value": 20.09,
        "timestamp_measured": "2019-04-12T23:00:00+00:00",
        "import_log_id": "798192e1-6f89-4d30-8823-e54522ce3bbd",
        "rating": 3,
        "status": "validated"
    },
    {
        "id": "756897fc-6042-4049-812a-8a91ea461d1d",
        "station_id": "827636c4-1001-48c5-8b72-d6c3aae7b683",
        "component_id": "88afd3d1-6da3-496a-ac81-669a47256d34",
        "value": 17.1,
        "timestamp_measured": "2019-04-13T00:00:00+00:00",
        "import_log_id": "798192e1-6f89-4d30-8823-e54522ce3bbd",
        "rating": 2,
        "status": "validated"
    },
    {
        "id": "eeb6f611-cc26-4791-b311-d8177702b332",
        "station_id": "827636c4-1001-48c5-8b72-d6c3aae7b683",
        "component_id": "88afd3d1-6da3-496a-ac81-669a47256d34",
        "value": 19.46,
        "timestamp_measured": "2019-04-13T01:00:00+00:00",
        "import_log_id": "798192e1-6f89-4d30-8823-e54522ce3bbd",
        "rating": 2,
        "status": "validated"
    },
    {
        "id": "0d8bbeb9-8da8-4e64-afaa-65f97480e72a",
        "station_id": "827636c4-1001-48c5-8b72-d6c3aae7b683",
        "component_id": "88afd3d1-6da3-496a-ac81-669a47256d34",
        "value": 19.37,
        "timestamp_measured": "2019-04-13T02:00:00+00:00",
        "import_log_id": "798192e1-6f89-4d30-8823-e54522ce3bbd",
        "rating": 2,
        "status": "validated"
    },
    {
        "id": "e8db5a4d-6ced-4dbb-b7b7-033fc18f1d4a",
        "station_id": "827636c4-1001-48c5-8b72-d6c3aae7b683",
        "component_id": "88afd3d1-6da3-496a-ac81-669a47256d34",
        "value": 13.07,
        "timestamp_measured": "2019-04-13T03:00:00+00:00",
        "import_log_id": "798192e1-6f89-4d30-8823-e54522ce3bbd",
        "rating": 2,
        "status": "validated"
    },
    {
        "id": "238be545-6323-4777-8682-8dc8027ba467",
        "station_id": "827636c4-1001-48c5-8b72-d6c3aae7b683",
        "component_id": "88afd3d1-6da3-496a-ac81-669a47256d34",
        "value": 19.51,
        "timestamp_measured": "2019-04-13T04:00:00+00:00",
        "import_log_id": "798192e1-6f89-4d30-8823-e54522ce3bbd",
        "rating": 2,
        "status": "validated"
    },
    {
        "id": "36a9c209-0e1a-4bb7-a7fa-e409ffcc5e79",
        "station_id": "827636c4-1001-48c5-8b72-d6c3aae7b683",
        "component_id": "88afd3d1-6da3-496a-ac81-669a47256d34",
        "value": 20.54,
        "timestamp_measured": "2019-04-13T05:00:00+00:00",
        "import_log_id": "798192e1-6f89-4d30-8823-e54522ce3bbd",
        "rating": 3,
        "status": "validated"
    },
    {
        "id": "36598007-212b-43c5-94a3-7ab696d37672",
        "station_id": "827636c4-1001-48c5-8b72-d6c3aae7b683",
        "component_id": "88afd3d1-6da3-496a-ac81-669a47256d34",
        "value": 21.83,
        "timestamp_measured": "2019-04-13T06:00:00+00:00",
        "import_log_id": "798192e1-6f89-4d30-8823-e54522ce3bbd",
        "rating": 3,
        "status": "validated"
    },
    {
        "id": "eb621f64-5b51-4b9e-81ba-709e83c5087c",
        "station_id": "827636c4-1001-48c5-8b72-d6c3aae7b683",
        "component_id": "88afd3d1-6da3-496a-ac81-669a47256d34",
        "value": 18.27,
        "timestamp_measured": "2019-04-13T07:00:00+00:00",
        "import_log_id": "798192e1-6f89-4d30-8823-e54522ce3bbd",
        "rating": 2,
        "status": "validated"
    },
    {
        "id": "43b730fb-d127-464a-a40d-a6066853694b",
        "station_id": "827636c4-1001-48c5-8b72-d6c3aae7b683",
        "component_id": "88afd3d1-6da3-496a-ac81-669a47256d34",
        "value": 15.02,
        "timestamp_measured": "2019-04-13T08:00:00+00:00",
        "import_log_id": "798192e1-6f89-4d30-8823-e54522ce3bbd",
        "rating": 2,
        "status": "validated"
    },
    {
        "id": "2a5028c0-eab9-4e6a-a46c-f922a8e755fb",
        "station_id": "827636c4-1001-48c5-8b72-d6c3aae7b683",
        "component_id": "88afd3d1-6da3-496a-ac81-669a47256d34",
        "value": 13.52,
        "timestamp_measured": "2019-04-13T09:00:00+00:00",
        "import_log_id": "798192e1-6f89-4d30-8823-e54522ce3bbd",
        "rating": 2,
        "status": "validated"
    },
    {
        "id": "e516584e-10f0-48c2-8dcb-8733bcea43c6",
        "station_id": "827636c4-1001-48c5-8b72-d6c3aae7b683",
        "component_id": "88afd3d1-6da3-496a-ac81-669a47256d34",
        "value": 11.66,
        "timestamp_measured": "2019-04-13T10:00:00+00:00",
        "import_log_id": "798192e1-6f89-4d30-8823-e54522ce3bbd",
        "rating": 2,
        "status": "validated"
    },
    {
        "id": "b59e964a-e46f-4452-ad3d-1a6ea27ca639",
        "station_id": "827636c4-1001-48c5-8b72-d6c3aae7b683",
        "component_id": "88afd3d1-6da3-496a-ac81-669a47256d34",
        "value": 8.84,
        "timestamp_measured": "2019-04-13T11:00:00+00:00",
        "import_log_id": "798192e1-6f89-4d30-8823-e54522ce3bbd",
        "rating": 1,
        "status": "validated"
    },
    {
        "id": "5e6e06dc-9509-426d-9875-ca10a7c96f6c",
        "station_id": "827636c4-1001-48c5-8b72-d6c3aae7b683",
        "component_id": "88afd3d1-6da3-496a-ac81-669a47256d34",
        "value": 9.17,
        "timestamp_measured": "2019-04-13T12:00:00+00:00",
        "import_log_id": "798192e1-6f89-4d30-8823-e54522ce3bbd",
        "rating": 1,
        "status": "validated"
    },
    {
        "id": "2f2d7523-880b-44a8-a857-03c470023e58",
        "station_id": "827636c4-1001-48c5-8b72-d6c3aae7b683",
        "component_id": "88afd3d1-6da3-496a-ac81-669a47256d34",
        "value": 9.74,
        "timestamp_measured": "2019-04-13T13:00:00+00:00",
        "import_log_id": "798192e1-6f89-4d30-8823-e54522ce3bbd",
        "rating": 1,
        "status": "validated"
    },
    {
        "id": "3a05553c-c696-4c92-a188-0a4b658395d6",
        "station_id": "827636c4-1001-48c5-8b72-d6c3aae7b683",
        "component_id": "88afd3d1-6da3-496a-ac81-669a47256d34",
        "value": 11.12,
        "timestamp_measured": "2019-04-13T14:00:00+00:00",
        "import_log_id": "798192e1-6f89-4d30-8823-e54522ce3bbd",
        "rating": 2,
        "status": "validated"
    },
    {
        "id": "f160eb3a-aae8-4edd-8731-fc1055789be9",
        "station_id": "827636c4-1001-48c5-8b72-d6c3aae7b683",
        "component_id": "88afd3d1-6da3-496a-ac81-669a47256d34",
        "value": 12.57,
        "timestamp_measured": "2019-04-13T15:00:00+00:00",
        "import_log_id": "798192e1-6f89-4d30-8823-e54522ce3bbd",
        "rating": 2,
        "status": "validated"
    },
    {
        "id": "8d2eb34f-9883-4cf8-9de5-b4f8415bb4fb",
        "station_id": "827636c4-1001-48c5-8b72-d6c3aae7b683",
        "component_id": "88afd3d1-6da3-496a-ac81-669a47256d34",
        "value": 11.19,
        "timestamp_measured": "2019-04-13T16:00:00+00:00",
        "import_log_id": "798192e1-6f89-4d30-8823-e54522ce3bbd",
        "rating": 2,
        "status": "validated"
    },
    {
        "id": "5db290f0-67ef-41e7-b7f2-08c3f8bb9552",
        "station_id": "827636c4-1001-48c5-8b72-d6c3aae7b683",
        "component_id": "88afd3d1-6da3-496a-ac81-669a47256d34",
        "value": 14.28,
        "timestamp_measured": "2019-04-13T17:00:00+00:00",
        "import_log_id": "798192e1-6f89-4d30-8823-e54522ce3bbd",
        "rating": 2,
        "status": "validated"
    },
    {
        "id": "13aa2614-617d-4df7-906d-596f9e08aee9",
        "station_id": "827636c4-1001-48c5-8b72-d6c3aae7b683",
        "component_id": "88afd3d1-6da3-496a-ac81-669a47256d34",
        "value": 16.34,
        "timestamp_measured": "2019-04-13T18:00:00+00:00",
        "import_log_id": "798192e1-6f89-4d30-8823-e54522ce3bbd",
        "rating": 2,
        "status": "validated"
    },
    {
        "id": "92dcef1d-894c-4dbb-a9b8-b6b8612ae5b1",
        "station_id": "827636c4-1001-48c5-8b72-d6c3aae7b683",
        "component_id": "88afd3d1-6da3-496a-ac81-669a47256d34",
        "value": 16.5,
        "timestamp_measured": "2019-04-13T19:00:00+00:00",
        "import_log_id": "798192e1-6f89-4d30-8823-e54522ce3bbd",
        "rating": 2,
        "status": "validated"
    },
    {
        "id": "b4558cb3-16f2-40a6-b567-9f5220dc063b",
        "station_id": "827636c4-1001-48c5-8b72-d6c3aae7b683",
        "component_id": "88afd3d1-6da3-496a-ac81-669a47256d34",
        "value": 18.85,
        "timestamp_measured": "2019-04-13T20:00:00+00:00",
        "import_log_id": "798192e1-6f89-4d30-8823-e54522ce3bbd",
        "rating": 2,
        "status": "validated"
    },
    {
        "id": "976b6fc3-59c6-4e54-a0d3-d0e8ed8a3ce9",
        "station_id": "827636c4-1001-48c5-8b72-d6c3aae7b683",
        "component_id": "88afd3d1-6da3-496a-ac81-669a47256d34",
        "value": 26.27,
        "timestamp_measured": "2019-04-13T21:00:00+00:00",
        "import_log_id": "798192e1-6f89-4d30-8823-e54522ce3bbd",
        "rating": 3,
        "status": "validated"
    },
    {
        "id": "6a011648-f1f7-4b05-a78a-9458f773919d",
        "station_id": "827636c4-1001-48c5-8b72-d6c3aae7b683",
        "component_id": "88afd3d1-6da3-496a-ac81-669a47256d34",
        "value": 26.07,
        "timestamp_measured": "2019-04-13T22:00:00+00:00",
        "import_log_id": "798192e1-6f89-4d30-8823-e54522ce3bbd",
        "rating": 3,
        "status": "validated"
    },
    {
        "id": "0306eb29-6ed1-4c56-8ecc-5fd5177a56dc",
        "station_id": "827636c4-1001-48c5-8b72-d6c3aae7b683",
        "component_id": "88afd3d1-6da3-496a-ac81-669a47256d34",
        "value": 21.98,
        "timestamp_measured": "2019-04-13T23:00:00+00:00",
        "import_log_id": "798192e1-6f89-4d30-8823-e54522ce3bbd",
        "rating": 3,
        "status": "validated"
    },
    {
        "id": "c9179c26-291d-4f01-9255-111eb6d931e9",
        "station_id": "827636c4-1001-48c5-8b72-d6c3aae7b683",
        "component_id": "88afd3d1-6da3-496a-ac81-669a47256d34",
        "value": 15.57,
        "timestamp_measured": "2019-04-14T00:00:00+00:00",
        "import_log_id": "798192e1-6f89-4d30-8823-e54522ce3bbd",
        "rating": 2,
        "status": "validated"
    },
    {
        "id": "dbbb148a-d087-46c0-b2b6-a1e8df4ee007",
        "station_id": "827636c4-1001-48c5-8b72-d6c3aae7b683",
        "component_id": "88afd3d1-6da3-496a-ac81-669a47256d34",
        "value": 15.79,
        "timestamp_measured": "2019-04-14T01:00:00+00:00",
        "import_log_id": "798192e1-6f89-4d30-8823-e54522ce3bbd",
        "rating": 2,
        "status": "validated"
    },
    {
        "id": "7aac35fe-a8a6-4ed7-8ae3-951b885b8a13",
        "station_id": "827636c4-1001-48c5-8b72-d6c3aae7b683",
        "component_id": "88afd3d1-6da3-496a-ac81-669a47256d34",
        "value": 14.9,
        "timestamp_measured": "2019-04-14T02:00:00+00:00",
        "import_log_id": "798192e1-6f89-4d30-8823-e54522ce3bbd",
        "rating": 2,
        "status": "validated"
    },
    {
        "id": "1e854be4-d375-419b-a93d-d0ac92698f67",
        "station_id": "827636c4-1001-48c5-8b72-d6c3aae7b683",
        "component_id": "88afd3d1-6da3-496a-ac81-669a47256d34",
        "value": 11.7,
        "timestamp_measured": "2019-04-14T03:00:00+00:00",
        "import_log_id": "798192e1-6f89-4d30-8823-e54522ce3bbd",
        "rating": 2,
        "status": "validated"
    },
    {
        "id": "03f73e43-1812-46fb-99c0-2fcd2ae23543",
        "station_id": "827636c4-1001-48c5-8b72-d6c3aae7b683",
        "component_id": "88afd3d1-6da3-496a-ac81-669a47256d34",
        "value": 13.76,
        "timestamp_measured": "2019-04-14T04:00:00+00:00",
        "import_log_id": "798192e1-6f89-4d30-8823-e54522ce3bbd",
        "rating": 2,
        "status": "validated"
    },
    {
        "id": "54167a17-ca4c-44a0-a976-467761d0e45e",
        "station_id": "827636c4-1001-48c5-8b72-d6c3aae7b683",
        "component_id": "88afd3d1-6da3-496a-ac81-669a47256d34",
        "value": 15.0,
        "timestamp_measured": "2019-04-14T05:00:00+00:00",
        "import_log_id": "798192e1-6f89-4d30-8823-e54522ce3bbd",
        "rating": 2,
        "status": "validated"
    },
    {
        "id": "c5b95fe1-4a11-46e8-9efd-fdac67ecec0f",
        "station_id": "827636c4-1001-48c5-8b72-d6c3aae7b683",
        "component_id": "88afd3d1-6da3-496a-ac81-669a47256d34",
        "value": 14.43,
        "timestamp_measured": "2019-04-14T06:00:00+00:00",
        "import_log_id": "798192e1-6f89-4d30-8823-e54522ce3bbd",
        "rating": 2,
        "status": "validated"
    },
    {
        "id": "6b71dc9c-2329-46e4-95e2-07c4899f1428",
        "station_id": "827636c4-1001-48c5-8b72-d6c3aae7b683",
        "component_id": "88afd3d1-6da3-496a-ac81-669a47256d34",
        "value": 11.56,
        "timestamp_measured": "2019-04-14T07:00:00+00:00",
        "import_log_id": "798192e1-6f89-4d30-8823-e54522ce3bbd",
        "rating": 2,
        "status": "validated"
    },
    {
        "id": "fbaadf1c-8a9a-4c4e-bfda-426eec7e647b",
        "station_id": "827636c4-1001-48c5-8b72-d6c3aae7b683",
        "component_id": "88afd3d1-6da3-496a-ac81-669a47256d34",
        "value": 11.5,
        "timestamp_measured": "2019-04-14T08:00:00+00:00",
        "import_log_id": "798192e1-6f89-4d30-8823-e54522ce3bbd",
        "rating": 2,
        "status": "validated"
    },
    {
        "id": "c9144c77-64bc-4faa-84b2-c1b214963b3a",
        "station_id": "827636c4-1001-48c5-8b72-d6c3aae7b683",
        "component_id": "88afd3d1-6da3-496a-ac81-669a47256d34",
        "value": 10.03,
        "timestamp_measured": "2019-04-14T09:00:00+00:00",
        "import_log_id": "798192e1-6f89-4d30-8823-e54522ce3bbd",
        "rating": 2,
        "status": "validated"
    },
    {
        "id": "90091226-9147-42ce-ab71-6384016a59b1",
        "station_id": "827636c4-1001-48c5-8b72-d6c3aae7b683",
        "component_id": "88afd3d1-6da3-496a-ac81-669a47256d34",
        "value": 9.06,
        "timestamp_measured": "2019-04-14T10:00:00+00:00",
        "import_log_id": "798192e1-6f89-4d30-8823-e54522ce3bbd",
        "rating": 1,
        "status": "validated"
    },
    {
        "id": "7e8c67cc-6577-4b08-8b65-7f8920212839",
        "station_id": "827636c4-1001-48c5-8b72-d6c3aae7b683",
        "component_id": "88afd3d1-6da3-496a-ac81-669a47256d34",
        "value": 7.95,
        "timestamp_measured": "2019-04-14T11:00:00+00:00",
        "import_log_id": "798192e1-6f89-4d30-8823-e54522ce3bbd",
        "rating": 1,
        "status": "validated"
    },
    {
        "id": "6d5eae80-323b-446c-8203-b77f68b4115d",
        "station_id": "827636c4-1001-48c5-8b72-d6c3aae7b683",
        "component_id": "88afd3d1-6da3-496a-ac81-669a47256d34",
        "value": 6.65,
        "timestamp_measured": "2019-04-14T12:00:00+00:00",
        "import_log_id": "798192e1-6f89-4d30-8823-e54522ce3bbd",
        "rating": 1,
        "status": "validated"
    },
    {
        "id": "a428d77e-8a17-482e-b06f-3d055015b2be",
        "station_id": "827636c4-1001-48c5-8b72-d6c3aae7b683",
        "component_id": "88afd3d1-6da3-496a-ac81-669a47256d34",
        "value": 6.46,
        "timestamp_measured": "2019-04-14T13:00:00+00:00",
        "import_log_id": "798192e1-6f89-4d30-8823-e54522ce3bbd",
        "rating": 1,
        "status": "validated"
    },
    {
        "id": "a7131772-29e9-4f72-85c7-d01e78914a40",
        "station_id": "827636c4-1001-48c5-8b72-d6c3aae7b683",
        "component_id": "88afd3d1-6da3-496a-ac81-669a47256d34",
        "value": 6.71,
        "timestamp_measured": "2019-04-14T14:00:00+00:00",
        "import_log_id": "798192e1-6f89-4d30-8823-e54522ce3bbd",
        "rating": 1,
        "status": "validated"
    },
    {
        "id": "a8f52d97-4bad-48b0-a7d5-4994fa9e86c4",
        "station_id": "827636c4-1001-48c5-8b72-d6c3aae7b683",
        "component_id": "88afd3d1-6da3-496a-ac81-669a47256d34",
        "value": 6.54,
        "timestamp_measured": "2019-04-14T15:00:00+00:00",
        "import_log_id": "798192e1-6f89-4d30-8823-e54522ce3bbd",
        "rating": 1,
        "status": "validated"
    },
    {
        "id": "9ba8c4df-cc2a-4e4a-9469-0d924493e03f",
        "station_id": "827636c4-1001-48c5-8b72-d6c3aae7b683",
        "component_id": "88afd3d1-6da3-496a-ac81-669a47256d34",
        "value": 8.84,
        "timestamp_measured": "2019-04-14T16:00:00+00:00",
        "import_log_id": "798192e1-6f89-4d30-8823-e54522ce3bbd",
        "rating": 1,
        "status": "validated"
    },
    {
        "id": "7d829984-b487-4b59-a5af-51e3296c9c1f",
        "station_id": "827636c4-1001-48c5-8b72-d6c3aae7b683",
        "component_id": "88afd3d1-6da3-496a-ac81-669a47256d34",
        "value": 9.85,
        "timestamp_measured": "2019-04-14T17:00:00+00:00",
        "import_log_id": "798192e1-6f89-4d30-8823-e54522ce3bbd",
        "rating": 1,
        "status": "validated"
    },
    {
        "id": "04ac757f-0ec7-4368-8a26-270b7c89344e",
        "station_id": "827636c4-1001-48c5-8b72-d6c3aae7b683",
        "component_id": "88afd3d1-6da3-496a-ac81-669a47256d34",
        "value": 10.89,
        "timestamp_measured": "2019-04-14T18:00:00+00:00",
        "import_log_id": "798192e1-6f89-4d30-8823-e54522ce3bbd",
        "rating": 2,
        "status": "validated"
    },
    {
        "id": "f9972262-ecf9-4e96-b2e5-2cf138e24534",
        "station_id": "827636c4-1001-48c5-8b72-d6c3aae7b683",
        "component_id": "88afd3d1-6da3-496a-ac81-669a47256d34",
        "value": 12.57,
        "timestamp_measured": "2019-04-14T19:00:00+00:00",
        "import_log_id": "798192e1-6f89-4d30-8823-e54522ce3bbd",
        "rating": 2,
        "status": "validated"
    },
    {
        "id": "718c545f-3ebb-40fc-beed-3193be6fd3ea",
        "station_id": "827636c4-1001-48c5-8b72-d6c3aae7b683",
        "component_id": "88afd3d1-6da3-496a-ac81-669a47256d34",
        "value": 21.0,
        "timestamp_measured": "2019-04-14T20:00:00+00:00",
        "import_log_id": "798192e1-6f89-4d30-8823-e54522ce3bbd",
        "rating": 3,
        "status": "validated"
    },
    {
        "id": "98e2b226-7acf-4446-ab98-63ebe47175d9",
        "station_id": "827636c4-1001-48c5-8b72-d6c3aae7b683",
        "component_id": "88afd3d1-6da3-496a-ac81-669a47256d34",
        "value": 14.76,
        "timestamp_measured": "2019-04-14T21:00:00+00:00",
        "import_log_id": "798192e1-6f89-4d30-8823-e54522ce3bbd",
        "rating": 2,
        "status": "validated"
    },
    {
        "id": "1a9dc816-2df3-4b5c-84a2-a25c47071697",
        "station_id": "827636c4-1001-48c5-8b72-d6c3aae7b683",
        "component_id": "88afd3d1-6da3-496a-ac81-669a47256d34",
        "value": -999.0,
        "timestamp_measured": "2019-04-14T22:00:00+00:00",
        "import_log_id": "798192e1-6f89-4d30-8823-e54522ce3bbd",
        "rating": -999,
        "status": "unvalidated"
    }
]