[
    {
        "id": "6d190810-0e03-4bc6-aac1-6558f538ae09",
        "station_id": "adc4b749-8e5a-4a4d-84e4-75cebbad07bd",
        "component_id": "88afd3d1-6da3-496a-ac81-669a47256d34",
        "value": 7.54,
        "timestamp_measured": "2019-04-07T22:00:00+00:00",
        "import_log_id": "8ace3a40-b4e3-45cb-9ab0-78c036428f7b",
        "rating": 1,
        "status": "validated"
    },
    {
        "id": "51e6af25-3176-4803-8821-55861e42c998",
        "station_id": "adc4b749-8e5a-4a4d-84e4-75cebbad07bd",
        "component_id": "88afd3d1-6da3-496a-ac81-669a47256d34",
        "value": 7.96,
        "timestamp_measured": "2019-04-07T23:00:00+00:00",
        "import_log_id": "8ace3a40-b4e3-45cb-9ab0-78c036428f7b",
        "rating": 1,
        "status": "validated"
    },
    {
        "id": "2a21d605-32e9-4f18-8eb2-6924fcca6148",
        "station_id": "adc4b749-8e5a-4a4d-84e4-75cebbad07bd",
        "component_id": "88afd3d1-6da3-496a-ac81-669a47256d34",
        "value": 9.72,
        "timestamp_measured": "2019-04-08T00:00:00+00:00",
        "import_log_id": "8ace3a40-b4e3-45cb-9ab0-78c036428f7b",
        "rating": 1,
        "status": "validated"
    },
    {
        "id": "27e6f876-13ab-460d-9425-ec2298c5015e",
        "station_id": "adc4b749-8e5a-4a4d-84e4-75cebbad07bd",
        "component_id": "88afd3d1-6da3-496a-ac81-669a47256d34",
        "value": 9.38,
        "timestamp_measured": "2019-04-08T01:00:00+00:00",
        "import_log_id": "8ace3a40-b4e3-45cb-9ab0-78c036428f7b",
        "rating": 1,
        "status": "validated"
    },
    {
        "id": "c13c3b2e-36a5-4714-b335-27810a2355b0",
        "station_id": "adc4b749-8e5a-4a4d-84e4-75cebbad07bd",
        "component_id": "88afd3d1-6da3-496a-ac81-669a47256d34",
        "value": 7.46,
        "timestamp_measured": "2019-04-08T02:00:00+00:00",
        "import_log_id": "8ace3a40-b4e3-45cb-9ab0-78c036428f7b",
        "rating": 1,
        "status": "validated"
    },
    {
        "id": "e7cd1f4f-9e12-4589-9fd0-a8c296ebcf1e",
        "station_id": "adc4b749-8e5a-4a4d-84e4-75cebbad07bd",
        "component_id": "88afd3d1-6da3-496a-ac81-669a47256d34",
        "value": 7.63,
        "timestamp_measured": "2019-04-08T03:00:00+00:00",
        "import_log_id": "8ace3a40-b4e3-45cb-9ab0-78c036428f7b",
        "rating": 1,
        "status": "validated"
    },
    {
        "id": "4e1b099d-f0d8-4d43-bc74-1b9952e959a8",
        "station_id": "adc4b749-8e5a-4a4d-84e4-75cebbad07bd",
        "component_id": "88afd3d1-6da3-496a-ac81-669a47256d34",
        "value": 7.73,
        "timestamp_measured": "2019-04-08T04:00:00+00:00",
        "import_log_id": "8ace3a40-b4e3-45cb-9ab0-78c036428f7b",
        "rating": 1,
        "status": "validated"
    },
    {
        "id": "c9f3a16e-1ce5-4327-8c21-10ec37dcef8a",
        "station_id": "adc4b749-8e5a-4a4d-84e4-75cebbad07bd",
        "component_id": "88afd3d1-6da3-496a-ac81-669a47256d34",
        "value": 11.55,
        "timestamp_measured": "2019-04-08T05:00:00+00:00",
        "import_log_id": "8ace3a40-b4e3-45cb-9ab0-78c036428f7b",
        "rating": 2,
        "status": "validated"
    },
    {
        "id": "09631dff-a060-463f-94a5-cc064eb72266",
        "station_id": "adc4b749-8e5a-4a4d-84e4-75cebbad07bd",
        "component_id": "88afd3d1-6da3-496a-ac81-669a47256d34",
        "value": 20.61,
        "timestamp_measured": "2019-04-08T06:00:00+00:00",
        "import_log_id": "8ace3a40-b4e3-45cb-9ab0-78c036428f7b",
        "rating": 3,
        "status": "validated"
    },
    {
        "id": "fc0796b1-85b0-45aa-bdc4-78c7c47ee970",
        "station_id": "adc4b749-8e5a-4a4d-84e4-75cebbad07bd",
        "component_id": "88afd3d1-6da3-496a-ac81-669a47256d34",
        "value": 27.66,
        "timestamp_measured": "2019-04-08T07:00:00+00:00",
        "import_log_id": "8ace3a40-b4e3-45cb-9ab0-78c036428f7b",
        "rating": 3,
        "status": "validated"
    },
    {
        "id": "53bd1a20-b4e0-4641-8880-c2c9105ae6c4",
        "station_id": "adc4b749-8e5a-4a4d-84e4-75cebbad07bd",
        "component_id": "88afd3d1-6da3-496a-ac81-669a47256d34",
        "value": 24.28,
        "timestamp_measured": "2019-04-08T08:00:00+00:00",
        "import_log_id": "8ace3a40-b4e3-45cb-9ab0-78c036428f7b",
        "rating": 3,
        "status": "validated"
    },
    {
        "id": "2a4fa3f5-ed5a-4ed7-8302-0ce55670fb50",
        "station_id": "adc4b749-8e5a-4a4d-84e4-75cebbad07bd",
        "component_id": "88afd3d1-6da3-496a-ac81-669a47256d34",
        "value": 24.15,
        "timestamp_measured": "2019-04-08T09:00:00+00:00",
        "import_log_id": "8ace3a40-b4e3-45cb-9ab0-78c036428f7b",
        "rating": 3,
        "status": "validated"
    },
    {
        "id": "2b2290f3-3994-4265-aa04-471a45d7de8e",
        "station_id": "adc4b749-8e5a-4a4d-84e4-75cebbad07bd",
        "component_id": "88afd3d1-6da3-496a-ac81-669a47256d34",
        "value": 23.19,
        "timestamp_measured": "2019-04-08T10:00:00+00:00",
        "import_log_id": "8ace3a40-b4e3-45cb-9ab0-78c036428f7b",
        "rating": 3,
        "status": "validated"
    },
    {
        "id": "4827bd0d-46d1-4c41-a401-5ca6c39fa566",
        "station_id": "adc4b749-8e5a-4a4d-84e4-75cebbad07bd",
        "component_id": "88afd3d1-6da3-496a-ac81-669a47256d34",
        "value": 14.93,
        "timestamp_measured": "2019-04-08T11:00:00+00:00",
        "import_log_id": "8ace3a40-b4e3-45cb-9ab0-78c036428f7b",
        "rating": 2,
        "status": "validated"
    },
    {
        "id": "459b4fa4-9098-4987-9392-bee0f6bfab9e",
        "station_id": "adc4b749-8e5a-4a4d-84e4-75cebbad07bd",
        "component_id": "88afd3d1-6da3-496a-ac81-669a47256d34",
        "value": 6.86,
        "timestamp_measured": "2019-04-08T12:00:00+00:00",
        "import_log_id": "8ace3a40-b4e3-45cb-9ab0-78c036428f7b",
        "rating": 1,
        "status": "validated"
    },
    {
        "id": "25c221a0-a8c4-48de-ae62-89d83e9ea86c",
        "station_id": "adc4b749-8e5a-4a4d-84e4-75cebbad07bd",
        "component_id": "88afd3d1-6da3-496a-ac81-669a47256d34",
        "value": 9.11,
        "timestamp_measured": "2019-04-08T13:00:00+00:00",
        "import_log_id": "8ace3a40-b4e3-45cb-9ab0-78c036428f7b",
        "rating": 1,
        "status": "validated"
    },
    {
        "id": "5af0fb83-9276-4b05-9aa5-fb74b9c6f079",
        "station_id": "adc4b749-8e5a-4a4d-84e4-75cebbad07bd",
        "component_id": "88afd3d1-6da3-496a-ac81-669a47256d34",
        "value": 5.98,
        "timestamp_measured": "2019-04-08T14:00:00+00:00",
        "import_log_id": "8ace3a40-b4e3-45cb-9ab0-78c036428f7b",
        "rating": 1,
        "status": "validated"
    },
    {
        "id": "4bf1ec50-f857-4565-9d39-2f97a0f09a05",
        "station_id": "adc4b749-8e5a-4a4d-84e4-75cebbad07bd",
        "component_id": "88afd3d1-6da3-496a-ac81-669a47256d34",
        "value": 7.36,
        "timestamp_measured": "2019-04-08T15:00:00+00:00",
        "import_log_id": "8ace3a40-b4e3-45cb-9ab0-78c036428f7b",
        "rating": 1,
        "status": "validated"
    },
    {
        "id": "add79f4c-8f79-49e9-a457-d3f29f3a2923",
        "station_id": "adc4b749-8e5a-4a4d-84e4-75cebbad07bd",
        "component_id": "88afd3d1-6da3-496a-ac81-669a47256d34",
        "value": 7.74,
        "timestamp_measured": "2019-04-08T16:00:00+00:00",
        "import_log_id": "8ace3a40-b4e3-45cb-9ab0-78c036428f7b",
        "rating": 1,
        "status": "validated"
    },
    {
        "id": "cfd06676-5b36-404d-ad5b-e0407595bfd6",
        "station_id": "adc4b749-8e5a-4a4d-84e4-75cebbad07bd",
        "component_id": "88afd3d1-6da3-496a-ac81-669a47256d34",
        "value": 8.77,
        "timestamp_measured": "2019-04-08T17:00:00+00:00",
        "import_log_id": "8ace3a40-b4e3-45cb-9ab0-78c036428f7b",
        "rating": 1,
        "status": "validated"
    },
    {
        "id": "f2f353e2-90b3-462d-8ab0-5e822c434706",
        "station_id": "adc4b749-8e5a-4a4d-84e4-75cebbad07bd",
        "component_id": "88afd3d1-6da3-496a-ac81-669a47256d34",
        "value": 12.85,
        "timestamp_measured": "2019-04-08T18:00:00+00:00",
        "import_log_id": "8ace3a40-b4e3-45cb-9ab0-78c036428f7b",
        "rating": 2,
        "status": "validated"
    },
    {
        "id": "da170823-7678-4705-bc9f-704c984d4310",
        "station_id": "adc4b749-8e5a-4a4d-84e4-75cebbad07bd",
        "component_id": "88afd3d1-6da3-496a-ac81-669a47256d34",
        "value": 15.56,
        "timestamp_measured": "2019-04-08T19:00:00+00:00",
        "import_log_id": "8ace3a40-b4e3-45cb-9ab0-78c036428f7b",
        "rating": 2,
        "status": "validated"
    },
    {
        "id": "10a11fa0-d3f2-47b3-8414-b04150925763",
        "station_id": "adc4b749-8e5a-4a4d-84e4-75cebbad07bd",
        "component_id": "88afd3d1-6da3-496a-ac81-669a47256d34",
        "value": 17.05,
        "timestamp_measured": "2019-04-08T20:00:00+00:00",
        "import_log_id": "8ace3a40-b4e3-45cb-9ab0-78c036428f7b",
        "rating": 2,
        "status": "validated"
    },
    {
        "id": "d2fbb89f-79ad-4ff3-b0e3-b3eed99c1458",
        "station_id": "adc4b749-8e5a-4a4d-84e4-75cebbad07bd",
        "component_id": "88afd3d1-6da3-496a-ac81-669a47256d34",
        "value": 17.53,
        "timestamp_measured": "2019-04-08T21:00:00+00:00",
        "import_log_id": "8ace3a40-b4e3-45cb-9ab0-78c036428f7b",
        "rating": 2,
        "status": "validated"
    },
    {
        "id": "7ac286ec-d8ee-4b4a-b883-8f07937c18f1",
        "station_id": "adc4b749-8e5a-4a4d-84e4-75cebbad07bd",
        "component_id": "88afd3d1-6da3-496a-ac81-669a47256d34",
        "value": 14.05,
        "timestamp_measured": "2019-04-08T22:00:00+00:00",
        "import_log_id": "8ace3a40-b4e3-45cb-9ab0-78c036428f7b",
        "rating": 2,
        "status": "validated"
    },
    {
        "id": "6089eb54-ccaf-4c45-a753-324582616d2e",
        "station_id": "adc4b749-8e5a-4a4d-84e4-75cebbad07bd",
        "component_id": "88afd3d1-6da3-496a-ac81-669a47256d34",
        "value": 11.64,
        "timestamp_measured": "2019-04-08T23:00:00+00:00",
        "import_log_id": "8ace3a40-b4e3-45cb-9ab0-78c036428f7b",
        "rating": 2,
        "status": "validated"
    },
    {
        "id": "0b8d39a8-58f7-41cd-a1ce-cc57beab90eb",
        "station_id": "adc4b749-8e5a-4a4d-84e4-75cebbad07bd",
        "component_id": "88afd3d1-6da3-496a-ac81-669a47256d34",
        "value": 7.27,
        "timestamp_measured": "2019-04-09T00:00:00+00:00",
        "import_log_id": "8ace3a40-b4e3-45cb-9ab0-78c036428f7b",
        "rating": 1,
        "status": "validated"
    },
    {
        "id": "a7281c30-9772-4f34-b3dc-c734ee2f884e",
        "station_id": "adc4b749-8e5a-4a4d-84e4-75cebbad07bd",
        "component_id": "88afd3d1-6da3-496a-ac81-669a47256d34",
        "value": 7.23,
        "timestamp_measured": "2019-04-09T01:00:00+00:00",
        "import_log_id": "8ace3a40-b4e3-45cb-9ab0-78c036428f7b",
        "rating": 1,
        "status": "validated"
    },
    {
        "id": "f9d67f9c-f53e-4efc-b30c-b84878af4edf",
        "station_id": "adc4b749-8e5a-4a4d-84e4-75cebbad07bd",
        "component_id": "88afd3d1-6da3-496a-ac81-669a47256d34",
        "value": 6.95,
        "timestamp_measured": "2019-04-09T02:00:00+00:00",
        "import_log_id": "8ace3a40-b4e3-45cb-9ab0-78c036428f7b",
        "rating": 1,
        "status": "validated"
    },
    {
        "id": "c87579a7-7219-453e-9dc8-507ad36b5ff9",
        "station_id": "adc4b749-8e5a-4a4d-84e4-75cebbad07bd",
        "component_id": "88afd3d1-6da3-496a-ac81-669a47256d34",
        "value": 5.91,
        "timestamp_measured": "2019-04-09T03:00:00+00:00",
        "import_log_id": "8ace3a40-b4e3-45cb-9ab0-78c036428f7b",
        "rating": 1,
        "status": "validated"
    },
    {
        "id": "16283f50-f229-4b8f-ab16-40d9565f6a01",
        "station_id": "adc4b749-8e5a-4a4d-84e4-75cebbad07bd",
        "component_id": "88afd3d1-6da3-496a-ac81-669a47256d34",
        "value": 5.57,
        "timestamp_measured": "2019-04-09T04:00:00+00:00",
        "import_log_id": "8ace3a40-b4e3-45cb-9ab0-78c036428f7b",
        "rating": 1,
        "status": "validated"
    },
    {
        "id": "da987d8f-3281-4cbf-9dd6-7d8af2e0f552",
        "station_id": "adc4b749-8e5a-4a4d-84e4-75cebbad07bd",
        "component_id": "88afd3d1-6da3-496a-ac81-669a47256d34",
        "value": 8.47,
        "timestamp_measured": "2019-04-09T05:00:00+00:00",
        "import_log_id": "8ace3a40-b4e3-45cb-9ab0-78c036428f7b",
        "rating": 1,
        "status": "validated"
    },
    {
        "id": "d31cb978-35b2-470e-a068-5e0d41221894",
        "station_id": "adc4b749-8e5a-4a4d-84e4-75cebbad07bd",
        "component_id": "88afd3d1-6da3-496a-ac81-669a47256d34",
        "value": 11.17,
        "timestamp_measured": "2019-04-09T06:00:00+00:00",
        "import_log_id": "8ace3a40-b4e3-45cb-9ab0-78c036428f7b",
        "rating": 2,
        "status": "validated"
    },
    {
        "id": "38abebe2-9ef4-49cd-83a2-7a2e3f9b1c58",
        "station_id": "adc4b749-8e5a-4a4d-84e4-75cebbad07bd",
        "component_id": "88afd3d1-6da3-496a-ac81-669a47256d34",
        "value": 10.81,
        "timestamp_measured": "2019-04-09T07:00:00+00:00",
        "import_log_id": "8ace3a40-b4e3-45cb-9ab0-78c036428f7b",
        "rating": 2,
        "status": "validated"
    },
    {
        "id": "ef19e320-9981-43f8-978a-9d87c75f56a7",
        "station_id": "adc4b749-8e5a-4a4d-84e4-75cebbad07bd",
        "component_id": "88afd3d1-6da3-496a-ac81-669a47256d34",
        "value": 10.23,
        "timestamp_measured": "2019-04-09T08:00:00+00:00",
        "import_log_id": "8ace3a40-b4e3-45cb-9ab0-78c036428f7b",
        "rating": 2,
        "status": "validated"
    },
    {
        "id": "0ba0647d-2362-44e0-9993-79f33e2eac09",
        "station_id": "adc4b749-8e5a-4a4d-84e4-75cebbad07bd",
        "component_id": "88afd3d1-6da3-496a-ac81-669a47256d34",
        "value": 10.15,
        "timestamp_measured": "2019-04-09T09:00:00+00:00",
        "import_log_id": "8ace3a40-b4e3-45cb-9ab0-78c036428f7b",
        "rating": 2,
        "status": "validated"
    },
    {
        "id": "20311d7c-2956-4ac5-a900-1a07d45b7d56",
        "station_id": "adc4b749-8e5a-4a4d-84e4-75cebbad07bd",
        "component_id": "88afd3d1-6da3-496a-ac81-669a47256d34",
        "value": 9.41,
        "timestamp_measured": "2019-04-09T10:00:00+00:00",
        "import_log_id": "8ace3a40-b4e3-45cb-9ab0-78c036428f7b",
        "rating": 1,
        "status": "validated"
    },
    {
        "id": "a6360836-0307-4ca7-9066-104ee824320a",
        "station_id": "adc4b749-8e5a-4a4d-84e4-75cebbad07bd",
        "component_id": "88afd3d1-6da3-496a-ac81-669a47256d34",
        "value": 8.77,
        "timestamp_measured": "2019-04-09T11:00:00+00:00",
        "import_log_id": "8ace3a40-b4e3-45cb-9ab0-78c036428f7b",
        "rating": 1,
        "status": "validated"
    },
    {
        "id": "28ac450e-ab2f-4b78-aa08-be75ef3a1203",
        "station_id": "adc4b749-8e5a-4a4d-84e4-75cebbad07bd",
        "component_id": "88afd3d1-6da3-496a-ac81-669a47256d34",
        "value": 8.27,
        "timestamp_measured": "2019-04-09T12:00:00+00:00",
        "import_log_id": "8ace3a40-b4e3-45cb-9ab0-78c036428f7b",
        "rating": 1,
        "status": "validated"
    },
    {
        "id": "a3626185-8ae0-4240-957a-e26ecdb9e78c",
        "station_id": "adc4b749-8e5a-4a4d-84e4-75cebbad07bd",
        "component_id": "88afd3d1-6da3-496a-ac81-669a47256d34",
        "value": 7.52,
        "timestamp_measured": "2019-04-09T13:00:00+00:00",
        "import_log_id": "8ace3a40-b4e3-45cb-9ab0-78c036428f7b",
        "rating": 1,
        "status": "validated"
    },
    {
        "id": "a6fa58b4-7a7d-4997-9a64-e44286b945ff",
        "station_id": "adc4b749-8e5a-4a4d-84e4-75cebbad07bd",
        "component_id": "88afd3d1-6da3-496a-ac81-669a47256d34",
        "value": 7.21,
        "timestamp_measured": "2019-04-09T14:00:00+00:00",
        "import_log_id": "8ace3a40-b4e3-45cb-9ab0-78c036428f7b",
        "rating": 1,
        "status": "validated"
    },
    {
        "id": "453968d3-e903-4e9e-8039-641265e51bea",
        "station_id": "adc4b749-8e5a-4a4d-84e4-75cebbad07bd",
        "component_id": "88afd3d1-6da3-496a-ac81-669a47256d34",
        "value": 8.02,
        "timestamp_measured": "2019-04-09T15:00:00+00:00",
        "import_log_id": "8ace3a40-b4e3-45cb-9ab0-78c036428f7b",
        "rating": 1,
        "status": "validated"
    },
    {
        "id": "c07b932d-448a-4d44-93ad-e919a77c9478",
        "station_id": "adc4b749-8e5a-4a4d-84e4-75cebbad07bd",
        "component_id": "88afd3d1-6da3-496a-ac81-669a47256d34",
        "value": 8.17,
        "timestamp_measured": "2019-04-09T16:00:00+00:00",
        "import_log_id": "8ace3a40-b4e3-45cb-9ab0-78c036428f7b",
        "rating": 1,
        "status": "validated"
    },
    {
        "id": "d3ff8bfa-18e1-43ac-8225-6b2dd8be2100",
        "station_id": "adc4b749-8e5a-4a4d-84e4-75cebbad07bd",
        "component_id": "88afd3d1-6da3-496a-ac81-669a47256d34",
        "value": 7.89,
        "timestamp_measured": "2019-04-09T17:00:00+00:00",
        "import_log_id": "8ace3a40-b4e3-45cb-9ab0-78c036428f7b",
        "rating": 1,
        "status": "validated"
    },
    {
        "id": "2173afbe-56c9-4d79-a958-df674b81af3a",
        "station_id": "adc4b749-8e5a-4a4d-84e4-75cebbad07bd",
        "component_id": "88afd3d1-6da3-496a-ac81-669a47256d34",
        "value": 8.78,
        "timestamp_measured": "2019-04-09T18:00:00+00:00",
        "import_log_id": "8ace3a40-b4e3-45cb-9ab0-78c036428f7b",
        "rating": 1,
        "status": "validated"
    },
    {
        "id": "d0788022-d88e-4afb-8293-249c0f3fb0a3",
        "station_id": "adc4b749-8e5a-4a4d-84e4-75cebbad07bd",
        "component_id": "88afd3d1-6da3-496a-ac81-669a47256d34",
        "value": 9.13,
        "timestamp_measured": "2019-04-09T19:00:00+00:00",
        "import_log_id": "8ace3a40-b4e3-45cb-9ab0-78c036428f7b",
        "rating": 1,
        "status": "validated"
    },
    {
        "id": "e1152986-ebe6-47b0-aa5b-1afbc308c0ef",
        "station_id": "adc4b749-8e5a-4a4d-84e4-75cebbad07bd",
        "component_id": "88afd3d1-6da3-496a-ac81-669a47256d34",
        "value": 10.76,
        "timestamp_measured": "2019-04-09T20:00:00+00:00",
        "import_log_id": "8ace3a40-b4e3-45cb-9ab0-78c036428f7b",
        "rating": 2,
        "status": "validated"
    },
    {
        "id": "74d888bc-77c2-435f-b3bb-6ee77a83406e",
        "station_id": "adc4b749-8e5a-4a4d-84e4-75cebbad07bd",
        "component_id": "88afd3d1-6da3-496a-ac81-669a47256d34",
        "value": 8.48,
        "timestamp_measured": "2019-04-09T21:00:00+00:00",
        "import_log_id": "8ace3a40-b4e3-45cb-9ab0-78c036428f7b",
        "rating": 1,
        "status": "validated"
    },
    {
        "id": "4ebf1ea3-f797-4f3e-8a57-7071b355b3e3",
        "station_id": "adc4b749-8e5a-4a4d-84e4-75cebbad07bd",
        "component_id": "88afd3d1-6da3-496a-ac81-669a47256d34",
        "value": 8.01,
        "timestamp_measured": "2019-04-09T22:00:00+00:00",
        "import_log_id": "8ace3a40-b4e3-45cb-9ab0-78c036428f7b",
        "rating": 1,
        "status": "validated"
    },
    {
        "id": "bb9be59c-9963-444a-b87b-50e0e33f49fb",
        "station_id": "adc4b749-8e5a-4a4d-84e4-75cebbad07bd",
        "component_id": "88afd3d1-6da3-496a-ac81-669a47256d34",
        "value": 7.05,
        "timestamp_measured": "2019-04-09T23:00:00+00:00",
        "import_log_id": "8ace3a40-b4e3-45cb-9ab0-78c036428f7b",
        "rating": 1,
        "status": "validated"
    },
    {
        "id": "90fc8dd0-04ea-4de1-8d91-bcd8a00c2264",
        "station_id": "adc4b749-8e5a-4a4d-84e4-75cebbad07bd",
        "component_id": "88afd3d1-6da3-496a-ac81-669a47256d34",
        "value": 6.72,
        "timestamp_measured": "2019-04-10T00:00:00+00:00",
        "import_log_id": "8ace3a40-b4e3-45cb-9ab0-78c036428f7b",
        "rating": 1,
        "status": "validated"
    },
    {
        "id": "3def4044-f3a3-43a0-8e7a-f611feabe2c8",
        "station_id": "adc4b749-8e5a-4a4d-84e4-75cebbad07bd",
        "component_id": "88afd3d1-6da3-496a-ac81-669a47256d34",
        "value": 6.29,
        "timestamp_measured": "2019-04-10T01:00:00+00:00",
        "import_log_id": "8ace3a40-b4e3-45cb-9ab0-78c036428f7b",
        "rating": 1,
        "status": "validated"
    },
    {
        "id": "9fe141e2-cfd2-4109-b7d7-5d0ae0dbecd7",
        "station_id": "adc4b749-8e5a-4a4d-84e4-75cebbad07bd",
        "component_id": "88afd3d1-6da3-496a-ac81-669a47256d34",
        "value": 6.64,
        "timestamp_measured": "2019-04-10T02:00:00+00:00",
        "import_log_id": "8ace3a40-b4e3-45cb-9ab0-78c036428f7b",
        "rating": 1,
        "status": "validated"
    },
    {
        "id": "48c36b9a-11e1-4d30-aafa-6a2afd16b57e",
        "station_id": "adc4b749-8e5a-4a4d-84e4-75cebbad07bd",
        "component_id": "88afd3d1-6da3-496a-ac81-669a47256d34",
        "value": 6.79,
        "timestamp_measured": "2019-04-10T03:00:00+00:00",
        "import_log_id": "8ace3a40-b4e3-45cb-9ab0-78c036428f7b",
        "rating": 1,
        "status": "validated"
    },
    {
        "id": "909ccd1d-907e-426f-813e-7851caa160d0",
        "station_id": "adc4b749-8e5a-4a4d-84e4-75cebbad07bd",
        "component_id": "88afd3d1-6da3-496a-ac81-669a47256d34",
        "value": 7.32,
        "timestamp_measured": "2019-04-10T04:00:00+00:00",
        "import_log_id": "8ace3a40-b4e3-45cb-9ab0-78c036428f7b",
        "rating": 1,
        "status": "validated"
    },
    {
        "id": "c8bf1a57-6fb4-4d5a-bcf8-c8d76b1e66f4",
        "station_id": "adc4b749-8e5a-4a4d-84e4-75cebbad07bd",
        "component_id": "88afd3d1-6da3-496a-ac81-669a47256d34",
        "value": 10.04,
        "timestamp_measured": "2019-04-10T05:00:00+00:00",
        "import_log_id": "8ace3a40-b4e3-45cb-9ab0-78c036428f7b",
        "rating": 2,
        "status": "validated"
    },
    {
        "id": "6d8e4a5f-5e5e-49c9-8177-4dd001ada49c",
        "station_id": "adc4b749-8e5a-4a4d-84e4-75cebbad07bd",
        "component_id": "88afd3d1-6da3-496a-ac81-669a47256d34",
        "value": 10.57,
        "timestamp_measured": "2019-04-10T06:00:00+00:00",
        "import_log_id": "8ace3a40-b4e3-45cb-9ab0-78c036428f7b",
        "rating": 2,
        "status": "validated"
    },
    {
        "id": "c46b1858-70ba-4049-a522-5be280688ca0",
        "station_id": "adc4b749-8e5a-4a4d-84e4-75cebbad07bd",
        "component_id": "88afd3d1-6da3-496a-ac81-669a47256d34",
        "value": 9.53,
        "timestamp_measured": "2019-04-10T07:00:00+00:00",
        "import_log_id": "8ace3a40-b4e3-45cb-9ab0-78c036428f7b",
        "rating": 1,
        "status": "validated"
    },
    {
        "id": "f259fcab-09fa-4f8a-9880-2e20f0632382",
        "station_id": "adc4b749-8e5a-4a4d-84e4-75cebbad07bd",
        "component_id": "88afd3d1-6da3-496a-ac81-669a47256d34",
        "value": 9.04,
        "timestamp_measured": "2019-04-10T08:00:00+00:00",
        "import_log_id": "8ace3a40-b4e3-45cb-9ab0-78c036428f7b",
        "rating": 1,
        "status": "validated"
    },
    {
        "id": "db510873-128d-4054-85ec-1de259a35623",
        "station_id": "adc4b749-8e5a-4a4d-84e4-75cebbad07bd",
        "component_id": "88afd3d1-6da3-496a-ac81-669a47256d34",
        "value": 7.5,
        "timestamp_measured": "2019-04-10T09:00:00+00:00",
        "import_log_id": "8ace3a40-b4e3-45cb-9ab0-78c036428f7b",
        "rating": 1,
        "status": "validated"
    },
    {
        "id": "6b2b8a5e-c1b6-4dbf-b8df-cfe1936c83c6",
        "station_id": "adc4b749-8e5a-4a4d-84e4-75cebbad07bd",
        "component_id": "88afd3d1-6da3-496a-ac81-669a47256d34",
        "value": 6.59,
        "timestamp_measured": "2019-04-10T10:00:00+00:00",
        "import_log_id": "8ace3a40-b4e3-45cb-9ab0-78c036428f7b",
        "rating": 1,
        "status": "validated"
    },
    {
        "id": "ed21331c-a493-4b3d-b3db-f8ea8b6f6392",
        "station_id": "adc4b749-8e5a-4a4d-84e4-75cebbad07bd",
        "component_id": "88afd3d1-6da3-496a-ac81-669a47256d34",
        "value": 6.55,
        "timestamp_measured": "2019-04-10T11:00:00+00:00",
        "import_log_id": "8ace3a40-b4e3-45cb-9ab0-78c036428f7b",
        "rating": 1,
        "status": "validated"
    },
    {
        "id": "5ee9df5c-8026-493e-8195-1722961bd34c",
        "station_id": "adc4b749-8e5a-4a4d-84e4-75cebbad07bd",
        "component_id": "88afd3d1-6da3-496a-ac81-669a47256d34",
        "value": 5.84,
        "timestamp_measured": "2019-04-10T12:00:00+00:00",
        "import_log_id": "8ace3a40-b4e3-45cb-9ab0-78c036428f7b",
        "rating": 1,
        "status": "validated"
    },
    {
        "id": "1a9b4ddd-9153-48a9-a64d-4e67afafb57e",
        "station_id": "adc4b749-8e5a-4a4d-84e4-75cebbad07bd",
        "component_id": "88afd3d1-6da3-496a-ac81-669a47256d34",
        "value": 5.95,
        "timestamp_measured": "2019-04-10T13:00:00+00:00",
        "import_log_id": "8ace3a40-b4e3-45cb-9ab0-78c036428f7b",
        "rating": 1,
        "status": "validated"
    },
    {
        "id": "40b27544-e2b1-4b84-ab2f-bce0add23db8",
        "station_id": "adc4b749-8e5a-4a4d-84e4-75cebbad07bd",
        "component_id": "88afd3d1-6da3-496a-ac81-669a47256d34",
        "value": 5.75,
        "timestamp_measured": "2019-04-10T14:00:00+00:00",
        "import_log_id": "8ace3a40-b4e3-45cb-9ab0-78c036428f7b",
        "rating": 1,
        "status": "validated"
    },
    {
        "id": "9f8c9d7d-f431-4097-bf3e-f7c2f46e4701",
        "station_id": "adc4b749-8e5a-4a4d-84e4-75cebbad07bd",
        "component_id": "88afd3d1-6da3-496a-ac81-669a47256d34",
        "value": 5.8,
        "timestamp_measured": "2019-04-10T15:00:00+00:00",
        "import_log_id": "8ace3a40-b4e3-45cb-9ab0-78c036428f7b",
        "rating": 1,
        "status": "validated"
    },
    {
        "id": "6e5fb83c-9018-4121-8042-aceea46e58e6",
        "station_id": "adc4b749-8e5a-4a4d-84e4-75cebbad07bd",
        "component_id": "88afd3d1-6da3-496a-ac81-669a47256d34",
        "value": 5.23,
        "timestamp_measured": "2019-04-10T16:00:00+00:00",
        "import_log_id": "8ace3a40-b4e3-45cb-9ab0-78c036428f7b",
        "rating": 1,
        "status": "validated"
    },
    {
        "id": "4ecf5c4a-432a-4e51-b476-da052571b4b2",
        "station_id": "adc4b749-8e5a-4a4d-84e4-75cebbad07bd",
        "component_id": "88afd3d1-6da3-496a-ac81-669a47256d34",
        "value": 5.58,
        "timestamp_measured": "2019-04-10T17:00:00+00:00",
        "import_log_id": "8ace3a40-b4e3-45cb-9ab0-78c036428f7b",
        "rating": 1,
        "status": "validated"
    },
    {
        "id": "73a3b52c-a63a-4f8a-bc9c-21a0e9bbea49",
        "station_id": "adc4b749-8e5a-4a4d-84e4-75cebbad07bd",
        "component_id": "88afd3d1-6da3-496a-ac81-669a47256d34",
        "value": 5.83,
        "timestamp_measured": "2019-04-10T18:00:00+00:00",
        "import_log_id": "8ace3a40-b4e3-45cb-9ab0-78c036428f7b",
        "rating": 1,
        "status": "validated"
    },
    {
        "id": "fd60d191-cbb9-446b-a15a-b4255f2fa89b",
        "station_id": "adc4b749-8e5a-4a4d-84e4-75cebbad07bd",
        "component_id": "88afd3d1-6da3-496a-ac81-669a47256d34",
        "value": 6.02,
        "timestamp_measured": "2019-04-10T19:00:00+00:00",
        "import_log_id": "8ace3a40-b4e3-45cb-9ab0-78c036428f7b",
        "rating": 1,
        "status": "validated"
    },
    {
        "id": "ddea78fc-ed72-46dd-840e-606bd4a16e36",
        "station_id": "adc4b749-8e5a-4a4d-84e4-75cebbad07bd",
        "component_id": "88afd3d1-6da3-496a-ac81-669a47256d34",
        "value": 7.65,
        "timestamp_measured": "2019-04-10T20:00:00+00:00",
        "import_log_id": "8ace3a40-b4e3-45cb-9ab0-78c036428f7b",
        "rating": 1,
        "status": "validated"
    },
    {
        "id": "bd827bab-d685-4639-bafa-46f9039dbd2a",
        "station_id": "adc4b749-8e5a-4a4d-84e4-75cebbad07bd",
        "component_id": "88afd3d1-6da3-496a-ac81-669a47256d34",
        "value": 7.21,
        "timestamp_measured": "2019-04-10T21:00:00+00:00",
        "import_log_id": "8ace3a40-b4e3-45cb-9ab0-78c036428f7b",
        "rating": 1,
        "status": "validated"
    },
    {
        "id": "88b2178f-2145-44dd-94c6-9704cab32fe5",
        "station_id": "adc4b749-8e5a-4a4d-84e4-75cebbad07bd",
        "component_id": "88afd3d1-6da3-496a-ac81-669a47256d34",
        "value": 6.51,
        "timestamp_measured": "2019-04-10T22:00:00+00:00",
        "import_log_id": "8ace3a40-b4e3-45cb-9ab0-78c036428f7b",
        "rating": 1,
        "status": "validated"
    },
    {
        "id": "7854156c-6e3a-4684-84b3-9032fd406035",
        "station_id": "adc4b749-8e5a-4a4d-84e4-75cebbad07bd",
        "component_id": "88afd3d1-6da3-496a-ac81-669a47256d34",
        "value": 6.74,
        "timestamp_measured": "2019-04-10T23:00:00+00:00",
        "import_log_id": "8ace3a40-b4e3-45cb-9ab0-78c036428f7b",
        "rating": 1,
        "status": "validated"
    },
    {
        "id": "c264b53b-d047-4854-9cb1-9c6a11867e6d",
        "station_id": "adc4b749-8e5a-4a4d-84e4-75cebbad07bd",
        "component_id": "88afd3d1-6da3-496a-ac81-669a47256d34",
        "value": 5.7,
        "timestamp_measured": "2019-04-11T00:00:00+00:00",
        "import_log_id": "8ace3a40-b4e3-45cb-9ab0-78c036428f7b",
        "rating": 1,
        "status": "validated"
    },
    {
        "id": "d1a0384c-9b94-464e-ad27-234f870e5342",
        "station_id": "adc4b749-8e5a-4a4d-84e4-75cebbad07bd",
        "component_id": "88afd3d1-6da3-496a-ac81-669a47256d34",
        "value": 4.94,
        "timestamp_measured": "2019-04-11T01:00:00+00:00",
        "import_log_id": "8ace3a40-b4e3-45cb-9ab0-78c036428f7b",
        "rating": 1,
        "status": "validated"
    },
    {
        "id": "eff4c5f6-ad76-4f71-980c-46f65c203bc0",
        "station_id": "adc4b749-8e5a-4a4d-84e4-75cebbad07bd",
        "component_id": "88afd3d1-6da3-496a-ac81-669a47256d34",
        "value": 5.71,
        "timestamp_measured": "2019-04-11T02:00:00+00:00",
        "import_log_id": "8ace3a40-b4e3-45cb-9ab0-78c036428f7b",
        "rating": 1,
        "status": "validated"
    },
    {
        "id": "4b1d84f5-1094-4e18-88ec-d4bff629a37a",
        "station_id": "adc4b749-8e5a-4a4d-84e4-75cebbad07bd",
        "component_id": "88afd3d1-6da3-496a-ac81-669a47256d34",
        "value": 5.68,
        "timestamp_measured": "2019-04-11T03:00:00+00:00",
        "import_log_id": "8ace3a40-b4e3-45cb-9ab0-78c036428f7b",
        "rating": 1,
        "status": "validated"
    },
    {
        "id": "ba35c603-a0dc-4cbe-b3e2-0f2f0cde5b76",
        "station_id": "adc4b749-8e5a-4a4d-84e4-75cebbad07bd",
        "component_id": "88afd3d1-6da3-496a-ac81-669a47256d34",
        "value": 6.19,
        "timestamp_measured": "2019-04-11T04:00:00+00:00",
        "import_log_id": "8ace3a40-b4e3-45cb-9ab0-78c036428f7b",
        "rating": 1,
        "status": "validated"
    },
    {
        "id": "3f5f4c08-47bb-4133-bb4b-c2ad80323529",
        "station_id": "adc4b749-8e5a-4a4d-84e4-75cebbad07bd",
        "component_id": "88afd3d1-6da3-496a-ac81-669a47256d34",
        "value": 10.6,
        "timestamp_measured": "2019-04-11T05:00:00+00:00",
        "import_log_id": "8ace3a40-b4e3-45cb-9ab0-78c036428f7b",
        "rating": 2,
        "status": "validated"
    },
    {
        "id": "b583b44a-292a-4093-8a0e-b37d7abfba78",
        "station_id": "adc4b749-8e5a-4a4d-84e4-75cebbad07bd",
        "component_id": "88afd3d1-6da3-496a-ac81-669a47256d34",
        "value": 15.29,
        "timestamp_measured": "2019-04-11T06:00:00+00:00",
        "import_log_id": "8ace3a40-b4e3-45cb-9ab0-78c036428f7b",
        "rating": 2,
        "status": "validated"
    },
    {
        "id": "f6a7d547-dda1-4e84-9209-01f221b10269",
        "station_id": "adc4b749-8e5a-4a4d-84e4-75cebbad07bd",
        "component_id": "88afd3d1-6da3-496a-ac81-669a47256d34",
        "value": 13.9,
        "timestamp_measured": "2019-04-11T07:00:00+00:00",
        "import_log_id": "8ace3a40-b4e3-45cb-9ab0-78c036428f7b",
        "rating": 2,
        "status": "validated"
    },
    {
        "id": "cf69f024-227d-49e5-a2de-a673964fe6e2",
        "station_id": "adc4b749-8e5a-4a4d-84e4-75cebbad07bd",
        "component_id": "88afd3d1-6da3-496a-ac81-669a47256d34",
        "value": 11.93,
        "timestamp_measured": "2019-04-11T08:00:00+00:00",
        "import_log_id": "8ace3a40-b4e3-45cb-9ab0-78c036428f7b",
        "rating": 2,
        "status": "validated"
    },
    {
        "id": "43b2e935-ad22-4885-a2a2-6d1402172003",
        "station_id": "adc4b749-8e5a-4a4d-84e4-75cebbad07bd",
        "component_id": "88afd3d1-6da3-496a-ac81-669a47256d34",
        "value": 7.76,
        "timestamp_measured": "2019-04-11T09:00:00+00:00",
        "import_log_id": "8ace3a40-b4e3-45cb-9ab0-78c036428f7b",
        "rating": 1,
        "status": "validated"
    },
    {
        "id": "9dc65d23-1cbf-4c97-a3ed-f8b3337c18ac",
        "station_id": "adc4b749-8e5a-4a4d-84e4-75cebbad07bd",
        "component_id": "88afd3d1-6da3-496a-ac81-669a47256d34",
        "value": 4.87,
        "timestamp_measured": "2019-04-11T10:00:00+00:00",
        "import_log_id": "8ace3a40-b4e3-45cb-9ab0-78c036428f7b",
        "rating": 1,
        "status": "validated"
    },
    {
        "id": "cba56698-b212-4299-9691-1704a695c873",
        "station_id": "adc4b749-8e5a-4a4d-84e4-75cebbad07bd",
        "component_id": "88afd3d1-6da3-496a-ac81-669a47256d34",
        "value": 5.07,
        "timestamp_measured": "2019-04-11T11:00:00+00:00",
        "import_log_id": "8ace3a40-b4e3-45cb-9ab0-78c036428f7b",
        "rating": 1,
        "status": "validated"
    },
    {
        "id": "c5262767-e7d8-437b-b71f-c881b431fa25",
        "station_id": "adc4b749-8e5a-4a4d-84e4-75cebbad07bd",
        "component_id": "88afd3d1-6da3-496a-ac81-669a47256d34",
        "value": 4.33,
        "timestamp_measured": "2019-04-11T12:00:00+00:00",
        "import_log_id": "8ace3a40-b4e3-45cb-9ab0-78c036428f7b",
        "rating": 1,
        "status": "validated"
    },
    {
        "id": "b418ec14-cd1e-4486-aa01-43b6c15b993f",
        "station_id": "adc4b749-8e5a-4a4d-84e4-75cebbad07bd",
        "component_id": "88afd3d1-6da3-496a-ac81-669a47256d34",
        "value": 4.64,
        "timestamp_measured": "2019-04-11T13:00:00+00:00",
        "import_log_id": "8ace3a40-b4e3-45cb-9ab0-78c036428f7b",
        "rating": 1,
        "status": "validated"
    },
    {
        "id": "20302ebb-902f-4a53-991f-653d84a4a41d",
        "station_id": "adc4b749-8e5a-4a4d-84e4-75cebbad07bd",
        "component_id": "88afd3d1-6da3-496a-ac81-669a47256d34",
        "value": 4.5,
        "timestamp_measured": "2019-04-11T14:00:00+00:00",
        "import_log_id": "8ace3a40-b4e3-45cb-9ab0-78c036428f7b",
        "rating": 1,
        "status": "validated"
    },
    {
        "id": "8a56f5f6-99b5-464a-a743-cc6f17b9c07a",
        "station_id": "adc4b749-8e5a-4a4d-84e4-75cebbad07bd",
        "component_id": "88afd3d1-6da3-496a-ac81-669a47256d34",
        "value": 5.05,
        "timestamp_measured": "2019-04-11T15:00:00+00:00",
        "import_log_id": "8ace3a40-b4e3-45cb-9ab0-78c036428f7b",
        "rating": 1,
        "status": "validated"
    },
    {
        "id": "50877535-fff6-4907-a9cc-06a65ed25f75",
        "station_id": "adc4b749-8e5a-4a4d-84e4-75cebbad07bd",
        "component_id": "88afd3d1-6da3-496a-ac81-669a47256d34",
        "value": 5.49,
        "timestamp_measured": "2019-04-11T16:00:00+00:00",
        "import_log_id": "8ace3a40-b4e3-45cb-9ab0-78c036428f7b",
        "rating": 1,
        "status": "validated"
    },
    {
        "id": "867f05c1-614e-410f-a467-5fdc7452a886",
        "station_id": "adc4b749-8e5a-4a4d-84e4-75cebbad07bd",
        "component_id": "88afd3d1-6da3-496a-ac81-669a47256d34",
        "value": 6.05,
        "timestamp_measured": "2019-04-11T17:00:00+00:00",
        "import_log_id": "8ace3a40-b4e3-45cb-9ab0-78c036428f7b",
        "rating": 1,
        "status": "validated"
    },
    {
        "id": "87860260-6c85-4cfa-9536-d0a8efe0a114",
        "station_id": "adc4b749-8e5a-4a4d-84e4-75cebbad07bd",
        "component_id": "88afd3d1-6da3-496a-ac81-669a47256d34",
        "value": 7.38,
        "timestamp_measured": "2019-04-11T18:00:00+00:00",
        "import_log_id": "8ace3a40-b4e3-45cb-9ab0-78c036428f7b",
        "rating": 1,
        "status": "validated"
    },
    {
        "id": "f399ffbc-4ad9-4995-86f5-73e0d487a703",
        "station_id": "adc4b749-8e5a-4a4d-84e4-75cebbad07bd",
        "component_id": "88afd3d1-6da3-496a-ac81-669a47256d34",
        "value": 8.05,
        "timestamp_measured": "2019-04-11T19:00:00+00:00",
        "import_log_id": "8ace3a40-b4e3-45cb-9ab0-78c036428f7b",
        "rating": 1,
        "status": "validated"
    },
    {
        "id": "ae95f46c-3a59-45e6-b464-62aeb5ee7827",
        "station_id": "adc4b749-8e5a-4a4d-84e4-75cebbad07bd",
        "component_id": "88afd3d1-6da3-496a-ac81-669a47256d34",
        "value": 7.76,
        "timestamp_measured": "2019-04-11T20:00:00+00:00",
        "import_log_id": "8ace3a40-b4e3-45cb-9ab0-78c036428f7b",
        "rating": 1,
        "status": "validated"
    },
    {
        "id": "f85d5a31-b6e2-4d31-85ab-61d0a29e3b94",
        "station_id": "adc4b749-8e5a-4a4d-84e4-75cebbad07bd",
        "component_id": "88afd3d1-6da3-496a-ac81-669a47256d34",
        "value": 8.5,
        "timestamp_measured": "2019-04-11T21:00:00+00:00",
        "import_log_id": "8ace3a40-b4e3-45cb-9ab0-78c036428f7b",
        "rating": 1,
        "status": "validated"
    },
    {
        "id": "3689cde4-d00e-4f56-af15-7a48e86ad617",
        "station_id": "adc4b749-8e5a-4a4d-84e4-75cebbad07bd",
        "component_id": "88afd3d1-6da3-496a-ac81-669a47256d34",
        "value": 7.54,
        "timestamp_measured": "2019-04-11T22:00:00+00:00",
        "import_log_id": "8ace3a40-b4e3-45cb-9ab0-78c036428f7b",
        "rating": 1,
        "status": "validated"
    },
    {
        "id": "ef5b731c-2c76-4bac-89ef-ed4186c1f2ce",
        "station_id": "adc4b749-8e5a-4a4d-84e4-75cebbad07bd",
        "component_id": "88afd3d1-6da3-496a-ac81-669a47256d34",
        "value": 7.48,
        "timestamp_measured": "2019-04-11T23:00:00+00:00",
        "import_log_id": "8ace3a40-b4e3-45cb-9ab0-78c036428f7b",
        "rating": 1,
        "status": "validated"
    },
    {
        "id": "5b176db3-0b3f-4595-9421-c1bda623e59a",
        "station_id": "adc4b749-8e5a-4a4d-84e4-75cebbad07bd",
        "component_id": "88afd3d1-6da3-496a-ac81-669a47256d34",
        "value": 8.55,
        "timestamp_measured": "2019-04-12T00:00:00+00:00",
        "import_log_id": "8ace3a40-b4e3-45cb-9ab0-78c036428f7b",
        "rating": 1,
        "status": "validated"
    },
    {
        "id": "373e536d-f976-4705-9d00-ba53712e3816",
        "station_id": "adc4b749-8e5a-4a4d-84e4-75cebbad07bd",
        "component_id": "88afd3d1-6da3-496a-ac81-669a47256d34",
        "value": 7.54,
        "timestamp_measured": "2019-04-12T01:00:00+00:00",
        "import_log_id": "8ace3a40-b4e3-45cb-9ab0-78c036428f7b",
        "rating": 1,
        "status": "validated"
    },
    {
        "id": "6ed9de56-7efd-4a06-9d93-1319e80628e7",
        "station_id": "adc4b749-8e5a-4a4d-84e4-75cebbad07bd",
        "component_id": "88afd3d1-6da3-496a-ac81-669a47256d34",
        "value": 6.4,
        "timestamp_measured": "2019-04-12T02:00:00+00:00",
        "import_log_id": "8ace3a40-b4e3-45cb-9ab0-78c036428f7b",
        "rating": 1,
        "status": "validated"
    },
    {
        "id": "425a249e-a790-49be-a89f-5f677fd733c0",
        "station_id": "adc4b749-8e5a-4a4d-84e4-75cebbad07bd",
        "component_id": "88afd3d1-6da3-496a-ac81-669a47256d34",
        "value": 7.01,
        "timestamp_measured": "2019-04-12T03:00:00+00:00",
        "import_log_id": "8ace3a40-b4e3-45cb-9ab0-78c036428f7b",
        "rating": 1,
        "status": "validated"
    },
    {
        "id": "14d66ca4-7816-4b73-84df-914431de44a1",
        "station_id": "adc4b749-8e5a-4a4d-84e4-75cebbad07bd",
        "component_id": "88afd3d1-6da3-496a-ac81-669a47256d34",
        "value": 7.38,
        "timestamp_measured": "2019-04-12T04:00:00+00:00",
        "import_log_id": "8ace3a40-b4e3-45cb-9ab0-78c036428f7b",
        "rating": 1,
        "status": "validated"
    },
    {
        "id": "beedff97-0c75-4c07-86fd-274625b7bb5d",
        "station_id": "adc4b749-8e5a-4a4d-84e4-75cebbad07bd",
        "component_id": "88afd3d1-6da3-496a-ac81-669a47256d34",
        "value": 8.64,
        "timestamp_measured": "2019-04-12T05:00:00+00:00",
        "import_log_id": "8ace3a40-b4e3-45cb-9ab0-78c036428f7b",
        "rating": 1,
        "status": "validated"
    },
    {
        "id": "64f5a289-27dd-4155-8735-909097858019",
        "station_id": "adc4b749-8e5a-4a4d-84e4-75cebbad07bd",
        "component_id": "88afd3d1-6da3-496a-ac81-669a47256d34",
        "value": 12.03,
        "timestamp_measured": "2019-04-12T06:00:00+00:00",
        "import_log_id": "8ace3a40-b4e3-45cb-9ab0-78c036428f7b",
        "rating": 2,
        "status": "validated"
    },
    {
        "id": "9ed24ecd-1622-4289-889b-3aa03c95415a",
        "station_id": "adc4b749-8e5a-4a4d-84e4-75cebbad07bd",
        "component_id": "88afd3d1-6da3-496a-ac81-669a47256d34",
        "value": 14.73,
        "timestamp_measured": "2019-04-12T07:00:00+00:00",
        "import_log_id": "8ace3a40-b4e3-45cb-9ab0-78c036428f7b",
        "rating": 2,
        "status": "validated"
    },
    {
        "id": "dd05b69d-0209-4f07-bcf1-493c46d8320a",
        "station_id": "adc4b749-8e5a-4a4d-84e4-75cebbad07bd",
        "component_id": "88afd3d1-6da3-496a-ac81-669a47256d34",
        "value": 12.79,
        "timestamp_measured": "2019-04-12T08:00:00+00:00",
        "import_log_id": "8ace3a40-b4e3-45cb-9ab0-78c036428f7b",
        "rating": 2,
        "status": "validated"
    },
    {
        "id": "246235b3-0e6a-426f-9303-fcb924564b58",
        "station_id": "adc4b749-8e5a-4a4d-84e4-75cebbad07bd",
        "component_id": "88afd3d1-6da3-496a-ac81-669a47256d34",
        "value": 6.23,
        "timestamp_measured": "2019-04-12T09:00:00+00:00",
        "import_log_id": "8ace3a40-b4e3-45cb-9ab0-78c036428f7b",
        "rating": 1,
        "status": "validated"
    },
    {
        "id": "ca50a9d6-1332-403d-bdbb-e335a2f858ca",
        "station_id": "adc4b749-8e5a-4a4d-84e4-75cebbad07bd",
        "component_id": "88afd3d1-6da3-496a-ac81-669a47256d34",
        "value": 5.35,
        "timestamp_measured": "2019-04-12T10:00:00+00:00",
        "import_log_id": "8ace3a40-b4e3-45cb-9ab0-78c036428f7b",
        "rating": 1,
        "status": "validated"
    },
    {
        "id": "1fd96691-f488-42c8-a649-b8f7d53dd3af",
        "station_id": "adc4b749-8e5a-4a4d-84e4-75cebbad07bd",
        "component_id": "88afd3d1-6da3-496a-ac81-669a47256d34",
        "value": 4.37,
        "timestamp_measured": "2019-04-12T11:00:00+00:00",
        "import_log_id": "8ace3a40-b4e3-45cb-9ab0-78c036428f7b",
        "rating": 1,
        "status": "validated"
    },
    {
        "id": "5c46f08c-e881-49b6-9e0f-c4e6081083a1",
        "station_id": "adc4b749-8e5a-4a4d-84e4-75cebbad07bd",
        "component_id": "88afd3d1-6da3-496a-ac81-669a47256d34",
        "value": 4.82,
        "timestamp_measured": "2019-04-12T12:00:00+00:00",
        "import_log_id": "8ace3a40-b4e3-45cb-9ab0-78c036428f7b",
        "rating": 1,
        "status": "validated"
    },
    {
        "id": "f450b4be-58e2-4c7e-adca-907886f304fd",
        "station_id": "adc4b749-8e5a-4a4d-84e4-75cebbad07bd",
        "component_id": "88afd3d1-6da3-496a-ac81-669a47256d34",
        "value": 5.05,
        "timestamp_measured": "2019-04-12T13:00:00+00:00",
        "import_log_id": "8ace3a40-b4e3-45cb-9ab0-78c036428f7b",
        "rating": 1,
        "status": "validated"
    },
    {
        "id": "f3bdc8ac-8d50-49a7-98c9-fc839d9a3ee7",
        "station_id": "adc4b749-8e5a-4a4d-84e4-75cebbad07bd",
        "component_id": "88afd3d1-6da3-496a-ac81-669a47256d34",
        "value": 4.37,
        "timestamp_measured": "2019-04-12T14:00:00+00:00",
        "import_log_id": "8ace3a40-b4e3-45cb-9ab0-78c036428f7b",
        "rating": 1,
        "status": "validated"
    },
    {
        "id": "8d5699a6-f15a-4ca7-91ba-832275e5ff49",
        "station_id": "adc4b749-8e5a-4a4d-84e4-75cebbad07bd",
        "component_id": "88afd3d1-6da3-496a-ac81-669a47256d34",
        "value": 5.76,
        "timestamp_measured": "2019-04-12T15:00:00+00:00",
        "import_log_id": "8ace3a40-b4e3-45cb-9ab0-78c036428f7b",
        "rating": 1,
        "status": "validated"
    },
    {
        "id": "40f815af-156d-48a1-bdb7-6c8d132a9d15",
        "station_id": "adc4b749-8e5a-4a4d-84e4-75cebbad07bd",
        "component_id": "88afd3d1-6da3-496a-ac81-669a47256d34",
        "value": 6.34,
        "timestamp_measured": "2019-04-12T16:00:00+00:00",
        "import_log_id": "8ace3a40-b4e3-45cb-9ab0-78c036428f7b",
        "rating": 1,
        "status": "validated"
    },
    {
        "id": "75020963-9c69-4094-bdc9-68d6d11e939f",
        "station_id": "adc4b749-8e5a-4a4d-84e4-75cebbad07bd",
        "component_id": "88afd3d1-6da3-496a-ac81-669a47256d34",
        "value": 5.82,
        "timestamp_measured": "2019-04-12T17:00:00+00:00",
        "import_log_id": "8ace3a40-b4e3-45cb-9ab0-78c036428f7b",
        "rating": 1,
        "status": "validated"
    },
    {
        "id": "ff602d56-f470-4450-a63a-0cfe39ab6e4c",
        "station_id": "adc4b749-8e5a-4a4d-84e4-75cebbad07bd",
        "component_id": "88afd3d1-6da3-496a-ac81-669a47256d34",
        "value": 6.48,
        "timestamp_measured": "2019-04-12T18:00:00+00:00",
        "import_log_id": "8ace3a40-b4e3-45cb-9ab0-78c036428f7b",
        "rating": 1,
        "status": "validated"
    },
    {
        "id": "3d711941-1fc1-4781-a75a-a8df13ffc89a",
        "station_id": "adc4b749-8e5a-4a4d-84e4-75cebbad07bd",
        "component_id": "88afd3d1-6da3-496a-ac81-669a47256d34",
        "value": 9.23,
        "timestamp_measured": "2019-04-12T19:00:00+00:00",
        "import_log_id": "8ace3a40-b4e3-45cb-9ab0-78c036428f7b",
        "rating": 1,
        "status": "validated"
    },
    {
        "id": "bae47ee9-2c7e-4f59-8f56-e5e2bb172056",
        "station_id": "adc4b749-8e5a-4a4d-84e4-75cebbad07bd",
        "component_id": "88afd3d1-6da3-496a-ac81-669a47256d34",
        "value": 8.93,
        "timestamp_measured": "2019-04-12T20:00:00+00:00",
        "import_log_id": "8ace3a40-b4e3-45cb-9ab0-78c036428f7b",
        "rating": 1,
        "status": "validated"
    },
    {
        "id": "96cfb1e1-85bb-4bd4-8d5d-ed3155105221",
        "station_id": "adc4b749-8e5a-4a4d-84e4-75cebbad07bd",
        "component_id": "88afd3d1-6da3-496a-ac81-669a47256d34",
        "value": 9.24,
        "timestamp_measured": "2019-04-12T21:00:00+00:00",
        "import_log_id": "8ace3a40-b4e3-45cb-9ab0-78c036428f7b",
        "rating": 1,
        "status": "validated"
    },
    {
        "id": "f37f4b58-9fe2-4a5d-90f5-ce03a8a11cef",
        "station_id": "adc4b749-8e5a-4a4d-84e4-75cebbad07bd",
        "component_id": "88afd3d1-6da3-496a-ac81-669a47256d34",
        "value": 9.05,
        "timestamp_measured": "2019-04-12T22:00:00+00:00",
        "import_log_id": "8ace3a40-b4e3-45cb-9ab0-78c036428f7b",
        "rating": 1,
        "status": "validated"
    },
    {
        "id": "852ad093-2e2f-4946-a773-5116fc27a904",
        "station_id": "adc4b749-8e5a-4a4d-84e4-75cebbad07bd",
        "component_id": "88afd3d1-6da3-496a-ac81-669a47256d34",
        "value": 8.56,
        "timestamp_measured": "2019-04-12T23:00:00+00:00",
        "import_log_id": "8ace3a40-b4e3-45cb-9ab0-78c036428f7b",
        "rating": 1,
        "status": "validated"
    },
    {
        "id": "a5bd2413-eecb-4e16-a7f2-38f2a53ab278",
        "station_id": "adc4b749-8e5a-4a4d-84e4-75cebbad07bd",
        "component_id": "88afd3d1-6da3-496a-ac81-669a47256d34",
        "value": 10.45,
        "timestamp_measured": "2019-04-13T00:00:00+00:00",
        "import_log_id": "8ace3a40-b4e3-45cb-9ab0-78c036428f7b",
        "rating": 2,
        "status": "validated"
    },
    {
        "id": "5a8b1451-50a4-4a08-8992-329c9824ead3",
        "station_id": "adc4b749-8e5a-4a4d-84e4-75cebbad07bd",
        "component_id": "88afd3d1-6da3-496a-ac81-669a47256d34",
        "value": 10.81,
        "timestamp_measured": "2019-04-13T01:00:00+00:00",
        "import_log_id": "8ace3a40-b4e3-45cb-9ab0-78c036428f7b",
        "rating": 2,
        "status": "validated"
    },
    {
        "id": "66a8ad69-c8a5-44bc-b494-af3d7643d2f9",
        "station_id": "adc4b749-8e5a-4a4d-84e4-75cebbad07bd",
        "component_id": "88afd3d1-6da3-496a-ac81-669a47256d34",
        "value": 9.29,
        "timestamp_measured": "2019-04-13T02:00:00+00:00",
        "import_log_id": "8ace3a40-b4e3-45cb-9ab0-78c036428f7b",
        "rating": 1,
        "status": "validated"
    },
    {
        "id": "ffa38349-c4d6-4086-850c-60de6ad16135",
        "station_id": "adc4b749-8e5a-4a4d-84e4-75cebbad07bd",
        "component_id": "88afd3d1-6da3-496a-ac81-669a47256d34",
        "value": 7.0,
        "timestamp_measured": "2019-04-13T03:00:00+00:00",
        "import_log_id": "8ace3a40-b4e3-45cb-9ab0-78c036428f7b",
        "rating": 1,
        "status": "validated"
    },
    {
        "id": "680e91e4-182e-4fbd-a521-02d2da0026aa",
        "station_id": "adc4b749-8e5a-4a4d-84e4-75cebbad07bd",
        "component_id": "88afd3d1-6da3-496a-ac81-669a47256d34",
        "value": 6.23,
        "timestamp_measured": "2019-04-13T04:00:00+00:00",
        "import_log_id": "8ace3a40-b4e3-45cb-9ab0-78c036428f7b",
        "rating": 1,
        "status": "validated"
    },
    {
        "id": "e9ce9972-72ec-4ae3-880f-1ef944a42f39",
        "station_id": "adc4b749-8e5a-4a4d-84e4-75cebbad07bd",
        "component_id": "88afd3d1-6da3-496a-ac81-669a47256d34",
        "value": 8.68,
        "timestamp_measured": "2019-04-13T05:00:00+00:00",
        "import_log_id": "8ace3a40-b4e3-45cb-9ab0-78c036428f7b",
        "rating": 1,
        "status": "validated"
    },
    {
        "id": "17a746b0-01b4-4aae-9da0-60c0efd59934",
        "station_id": "adc4b749-8e5a-4a4d-84e4-75cebbad07bd",
        "component_id": "88afd3d1-6da3-496a-ac81-669a47256d34",
        "value": 7.61,
        "timestamp_measured": "2019-04-13T06:00:00+00:00",
        "import_log_id": "8ace3a40-b4e3-45cb-9ab0-78c036428f7b",
        "rating": 1,
        "status": "validated"
    },
    {
        "id": "4e2d1137-238e-4474-9f2d-d4bc97f154a6",
        "station_id": "adc4b749-8e5a-4a4d-84e4-75cebbad07bd",
        "component_id": "88afd3d1-6da3-496a-ac81-669a47256d34",
        "value": 8.92,
        "timestamp_measured": "2019-04-13T07:00:00+00:00",
        "import_log_id": "8ace3a40-b4e3-45cb-9ab0-78c036428f7b",
        "rating": 1,
        "status": "validated"
    },
    {
        "id": "297a1296-e59a-43c2-9b07-e80b53fa5b6f",
        "station_id": "adc4b749-8e5a-4a4d-84e4-75cebbad07bd",
        "component_id": "88afd3d1-6da3-496a-ac81-669a47256d34",
        "value": 6.01,
        "timestamp_measured": "2019-04-13T08:00:00+00:00",
        "import_log_id": "8ace3a40-b4e3-45cb-9ab0-78c036428f7b",
        "rating": 1,
        "status": "validated"
    },
    {
        "id": "61bc67c0-2856-4485-85b9-b9744c74aa99",
        "station_id": "adc4b749-8e5a-4a4d-84e4-75cebbad07bd",
        "component_id": "88afd3d1-6da3-496a-ac81-669a47256d34",
        "value": 4.04,
        "timestamp_measured": "2019-04-13T09:00:00+00:00",
        "import_log_id": "8ace3a40-b4e3-45cb-9ab0-78c036428f7b",
        "rating": 1,
        "status": "validated"
    },
    {
        "id": "9837aee7-c667-4632-93fc-6efc830baa17",
        "station_id": "adc4b749-8e5a-4a4d-84e4-75cebbad07bd",
        "component_id": "88afd3d1-6da3-496a-ac81-669a47256d34",
        "value": 3.72,
        "timestamp_measured": "2019-04-13T10:00:00+00:00",
        "import_log_id": "8ace3a40-b4e3-45cb-9ab0-78c036428f7b",
        "rating": 1,
        "status": "validated"
    },
    {
        "id": "807ce29b-46c3-4f63-bc22-b665725244d3",
        "station_id": "adc4b749-8e5a-4a4d-84e4-75cebbad07bd",
        "component_id": "88afd3d1-6da3-496a-ac81-669a47256d34",
        "value": 4.19,
        "timestamp_measured": "2019-04-13T11:00:00+00:00",
        "import_log_id": "8ace3a40-b4e3-45cb-9ab0-78c036428f7b",
        "rating": 1,
        "status": "validated"
    },
    {
        "id": "7ed7eae7-e2bc-4708-8ff4-2620b1b24f21",
        "station_id": "adc4b749-8e5a-4a4d-84e4-75cebbad07bd",
        "component_id": "88afd3d1-6da3-496a-ac81-669a47256d34",
        "value": 3.89,
        "timestamp_measured": "2019-04-13T12:00:00+00:00",
        "import_log_id": "8ace3a40-b4e3-45cb-9ab0-78c036428f7b",
        "rating": 1,
        "status": "validated"
    },
    {
        "id": "0c294b59-c498-4636-a384-66cc1a78b053",
        "station_id": "adc4b749-8e5a-4a4d-84e4-75cebbad07bd",
        "component_id": "88afd3d1-6da3-496a-ac81-669a47256d34",
        "value": 4.14,
        "timestamp_measured": "2019-04-13T13:00:00+00:00",
        "import_log_id": "8ace3a40-b4e3-45cb-9ab0-78c036428f7b",
        "rating": 1,
        "status": "validated"
    },
    {
        "id": "5b62c47a-127e-4f77-9e2e-248a7d2515d4",
        "station_id": "adc4b749-8e5a-4a4d-84e4-75cebbad07bd",
        "component_id": "88afd3d1-6da3-496a-ac81-669a47256d34",
        "value": 3.9,
        "timestamp_measured": "2019-04-13T14:00:00+00:00",
        "import_log_id": "8ace3a40-b4e3-45cb-9ab0-78c036428f7b",
        "rating": 1,
        "status": "validated"
    },
    {
        "id": "85b24a8c-fb78-4efd-a5af-251d4fc3e1d6",
        "station_id": "adc4b749-8e5a-4a4d-84e4-75cebbad07bd",
        "component_id": "88afd3d1-6da3-496a-ac81-669a47256d34",
        "value": 4.99,
        "timestamp_measured": "2019-04-13T15:00:00+00:00",
        "import_log_id": "8ace3a40-b4e3-45cb-9ab0-78c036428f7b",
        "rating": 1,
        "status": "validated"
    },
    {
        "id": "2fb9b1e4-43b8-47c8-89d4-4b5c899a486e",
        "station_id": "adc4b749-8e5a-4a4d-84e4-75cebbad07bd",
        "component_id": "88afd3d1-6da3-496a-ac81-669a47256d34",
        "value": 4.11,
        "timestamp_measured": "2019-04-13T16:00:00+00:00",
        "import_log_id": "8ace3a40-b4e3-45cb-9ab0-78c036428f7b",
        "rating": 1,
        "status": "validated"
    },
    {
        "id": "8615df3e-49b9-49cc-a2f1-dc12beaf3656",
        "station_id": "adc4b749-8e5a-4a4d-84e4-75cebbad07bd",
        "component_id": "88afd3d1-6da3-496a-ac81-669a47256d34",
        "value": 4.01,
        "timestamp_measured": "2019-04-13T17:00:00+00:00",
        "import_log_id": "8ace3a40-b4e3-45cb-9ab0-78c036428f7b",
        "rating": 1,
        "status": "validated"
    },
    {
        "id": "c11d9c11-120d-4039-bb2a-2e47496d8156",
        "station_id": "adc4b749-8e5a-4a4d-84e4-75cebbad07bd",
        "component_id": "88afd3d1-6da3-496a-ac81-669a47256d34",
        "value": 4.79,
        "timestamp_measured": "2019-04-13T18:00:00+00:00",
        "import_log_id": "8ace3a40-b4e3-45cb-9ab0-78c036428f7b",
        "rating": 1,
        "status": "validated"
    },
    {
        "id": "00841763-a655-4d36-8000-3bf70af6df29",
        "station_id": "adc4b749-8e5a-4a4d-84e4-75cebbad07bd",
        "component_id": "88afd3d1-6da3-496a-ac81-669a47256d34",
        "value": 6.24,
        "timestamp_measured": "2019-04-13T19:00:00+00:00",
        "import_log_id": "8ace3a40-b4e3-45cb-9ab0-78c036428f7b",
        "rating": 1,
        "status": "validated"
    },
    {
        "id": "d495a6cd-4e9f-4bae-886a-e01365e4fb98",
        "station_id": "adc4b749-8e5a-4a4d-84e4-75cebbad07bd",
        "component_id": "88afd3d1-6da3-496a-ac81-669a47256d34",
        "value": 7.22,
        "timestamp_measured": "2019-04-13T20:00:00+00:00",
        "import_log_id": "8ace3a40-b4e3-45cb-9ab0-78c036428f7b",
        "rating": 1,
        "status": "validated"
    },
    {
        "id": "c68178aa-6fd6-48a6-9dbd-475eca937b81",
        "station_id": "adc4b749-8e5a-4a4d-84e4-75cebbad07bd",
        "component_id": "88afd3d1-6da3-496a-ac81-669a47256d34",
        "value": 8.24,
        "timestamp_measured": "2019-04-13T21:00:00+00:00",
        "import_log_id": "8ace3a40-b4e3-45cb-9ab0-78c036428f7b",
        "rating": 1,
        "status": "validated"
    },
    {
        "id": "c0e15b06-3a54-41ee-97d7-a72bb57271fc",
        "station_id": "adc4b749-8e5a-4a4d-84e4-75cebbad07bd",
        "component_id": "88afd3d1-6da3-496a-ac81-669a47256d34",
        "value": 8.08,
        "timestamp_measured": "2019-04-13T22:00:00+00:00",
        "import_log_id": "8ace3a40-b4e3-45cb-9ab0-78c036428f7b",
        "rating": 1,
        "status": "validated"
    },
    {
        "id": "eac6405c-eea0-41e8-9674-205009e76760",
        "station_id": "adc4b749-8e5a-4a4d-84e4-75cebbad07bd",
        "component_id": "88afd3d1-6da3-496a-ac81-669a47256d34",
        "value": 7.22,
        "timestamp_measured": "2019-04-13T23:00:00+00:00",
        "import_log_id": "8ace3a40-b4e3-45cb-9ab0-78c036428f7b",
        "rating": 1,
        "status": "validated"
    },
    {
        "id": "987676e7-fcd7-40b7-8f90-aac13c372512",
        "station_id": "adc4b749-8e5a-4a4d-84e4-75cebbad07bd",
        "component_id": "88afd3d1-6da3-496a-ac81-669a47256d34",
        "value": 9.17,
        "timestamp_measured": "2019-04-14T00:00:00+00:00",
        "import_log_id": "8ace3a40-b4e3-45cb-9ab0-78c036428f7b",
        "rating": 1,
        "status": "validated"
    },
    {
        "id": "47fd2fef-c242-4f58-97f7-0edc093c0aef",
        "station_id": "adc4b749-8e5a-4a4d-84e4-75cebbad07bd",
        "component_id": "88afd3d1-6da3-496a-ac81-669a47256d34",
        "value": 8.55,
        "timestamp_measured": "2019-04-14T01:00:00+00:00",
        "import_log_id": "8ace3a40-b4e3-45cb-9ab0-78c036428f7b",
        "rating": 1,
        "status": "validated"
    },
    {
        "id": "413199eb-230f-4ccb-89ac-f3d632846568",
        "station_id": "adc4b749-8e5a-4a4d-84e4-75cebbad07bd",
        "component_id": "88afd3d1-6da3-496a-ac81-669a47256d34",
        "value": 7.44,
        "timestamp_measured": "2019-04-14T02:00:00+00:00",
        "import_log_id": "8ace3a40-b4e3-45cb-9ab0-78c036428f7b",
        "rating": 1,
        "status": "validated"
    },
    {
        "id": "72752914-0fb9-4a0f-a994-60025752be56",
        "station_id": "adc4b749-8e5a-4a4d-84e4-75cebbad07bd",
        "component_id": "88afd3d1-6da3-496a-ac81-669a47256d34",
        "value": 8.22,
        "timestamp_measured": "2019-04-14T03:00:00+00:00",
        "import_log_id": "8ace3a40-b4e3-45cb-9ab0-78c036428f7b",
        "rating": 1,
        "status": "validated"
    },
    {
        "id": "1293154e-b1c9-4cd4-aa08-58bde3cb1a6f",
        "station_id": "adc4b749-8e5a-4a4d-84e4-75cebbad07bd",
        "component_id": "88afd3d1-6da3-496a-ac81-669a47256d34",
        "value": 7.58,
        "timestamp_measured": "2019-04-14T04:00:00+00:00",
        "import_log_id": "8ace3a40-b4e3-45cb-9ab0-78c036428f7b",
        "rating": 1,
        "status": "validated"
    },
    {
        "id": "b43ea0ae-7a58-410f-a5c4-ff9e52b74b25",
        "station_id": "adc4b749-8e5a-4a4d-84e4-75cebbad07bd",
        "component_id": "88afd3d1-6da3-496a-ac81-669a47256d34",
        "value": 7.62,
        "timestamp_measured": "2019-04-14T05:00:00+00:00",
        "import_log_id": "8ace3a40-b4e3-45cb-9ab0-78c036428f7b",
        "rating": 1,
        "status": "validated"
    },
    {
        "id": "630d2500-53ab-452e-a0e9-0410825911f4",
        "station_id": "adc4b749-8e5a-4a4d-84e4-75cebbad07bd",
        "component_id": "88afd3d1-6da3-496a-ac81-669a47256d34",
        "value": 7.65,
        "timestamp_measured": "2019-04-14T06:00:00+00:00",
        "import_log_id": "8ace3a40-b4e3-45cb-9ab0-78c036428f7b",
        "rating": 1,
        "status": "validated"
    },
    {
        "id": "3e90c580-3a32-40ad-9292-b9b93db75217",
        "station_id": "adc4b749-8e5a-4a4d-84e4-75cebbad07bd",
        "component_id": "88afd3d1-6da3-496a-ac81-669a47256d34",
        "value": 8.62,
        "timestamp_measured": "2019-04-14T07:00:00+00:00",
        "import_log_id": "8ace3a40-b4e3-45cb-9ab0-78c036428f7b",
        "rating": 1,
        "status": "validated"
    },
    {
        "id": "4035ade6-ec11-466d-8cfd-951087184cfa",
        "station_id": "adc4b749-8e5a-4a4d-84e4-75cebbad07bd",
        "component_id": "88afd3d1-6da3-496a-ac81-669a47256d34",
        "value": 7.14,
        "timestamp_measured": "2019-04-14T08:00:00+00:00",
        "import_log_id": "8ace3a40-b4e3-45cb-9ab0-78c036428f7b",
        "rating": 1,
        "status": "validated"
    },
    {
        "id": "9d5727b0-9d2d-47dd-bd05-bd75519cd6a2",
        "station_id": "adc4b749-8e5a-4a4d-84e4-75cebbad07bd",
        "component_id": "88afd3d1-6da3-496a-ac81-669a47256d34",
        "value": 6.96,
        "timestamp_measured": "2019-04-14T09:00:00+00:00",
        "import_log_id": "8ace3a40-b4e3-45cb-9ab0-78c036428f7b",
        "rating": 1,
        "status": "validated"
    },
    {
        "id": "c1e40061-26e5-4338-9fa1-bee7314d52d3",
        "station_id": "adc4b749-8e5a-4a4d-84e4-75cebbad07bd",
        "component_id": "88afd3d1-6da3-496a-ac81-669a47256d34",
        "value": 6.31,
        "timestamp_measured": "2019-04-14T10:00:00+00:00",
        "import_log_id": "8ace3a40-b4e3-45cb-9ab0-78c036428f7b",
        "rating": 1,
        "status": "validated"
    },
    {
        "id": "889e6e05-3e20-45d8-8b5b-275dbad98733",
        "station_id": "adc4b749-8e5a-4a4d-84e4-75cebbad07bd",
        "component_id": "88afd3d1-6da3-496a-ac81-669a47256d34",
        "value": 5.5,
        "timestamp_measured": "2019-04-14T11:00:00+00:00",
        "import_log_id": "8ace3a40-b4e3-45cb-9ab0-78c036428f7b",
        "rating": 1,
        "status": "validated"
    },
    {
        "id": "4e22c99f-10b4-40e0-929f-073274915000",
        "station_id": "adc4b749-8e5a-4a4d-84e4-75cebbad07bd",
        "component_id": "88afd3d1-6da3-496a-ac81-669a47256d34",
        "value": 4.97,
        "timestamp_measured": "2019-04-14T12:00:00+00:00",
        "import_log_id": "8ace3a40-b4e3-45cb-9ab0-78c036428f7b",
        "rating": 1,
        "status": "validated"
    },
    {
        "id": "7d36a85b-00b4-403e-958b-19ed7791fc6a",
        "station_id": "adc4b749-8e5a-4a4d-84e4-75cebbad07bd",
        "component_id": "88afd3d1-6da3-496a-ac81-669a47256d34",
        "value": 4.48,
        "timestamp_measured": "2019-04-14T13:00:00+00:00",
        "import_log_id": "8ace3a40-b4e3-45cb-9ab0-78c036428f7b",
        "rating": 1,
        "status": "validated"
    },
    {
        "id": "c70dc749-48a8-4960-a7e2-c4fd88273737",
        "station_id": "adc4b749-8e5a-4a4d-84e4-75cebbad07bd",
        "component_id": "88afd3d1-6da3-496a-ac81-669a47256d34",
        "value": 4.62,
        "timestamp_measured": "2019-04-14T14:00:00+00:00",
        "import_log_id": "8ace3a40-b4e3-45cb-9ab0-78c036428f7b",
        "rating": 1,
        "status": "validated"
    },
    {
        "id": "190ff2d8-dab0-45e0-8f58-97acff81e9be",
        "station_id": "adc4b749-8e5a-4a4d-84e4-75cebbad07bd",
        "component_id": "88afd3d1-6da3-496a-ac81-669a47256d34",
        "value": 4.3,
        "timestamp_measured": "2019-04-14T15:00:00+00:00",
        "import_log_id": "8ace3a40-b4e3-45cb-9ab0-78c036428f7b",
        "rating": 1,
        "status": "validated"
    },
    {
        "id": "af1c82f3-93ec-49d7-bd94-44cd5400c71c",
        "station_id": "adc4b749-8e5a-4a4d-84e4-75cebbad07bd",
        "component_id": "88afd3d1-6da3-496a-ac81-669a47256d34",
        "value": 4.3,
        "timestamp_measured": "2019-04-14T16:00:00+00:00",
        "import_log_id": "8ace3a40-b4e3-45cb-9ab0-78c036428f7b",
        "rating": 1,
        "status": "validated"
    },
    {
        "id": "58059bfe-1edc-4d3b-a145-3d776427b64d",
        "station_id": "adc4b749-8e5a-4a4d-84e4-75cebbad07bd",
        "component_id": "88afd3d1-6da3-496a-ac81-669a47256d34",
        "value": 4.73,
        "timestamp_measured": "2019-04-14T17:00:00+00:00",
        "import_log_id": "8ace3a40-b4e3-45cb-9ab0-78c036428f7b",
        "rating": 1,
        "status": "validated"
    },
    {
        "id": "596a8b78-ee82-41eb-9228-aa992992c3cf",
        "station_id": "adc4b749-8e5a-4a4d-84e4-75cebbad07bd",
        "component_id": "88afd3d1-6da3-496a-ac81-669a47256d34",
        "value": 5.81,
        "timestamp_measured": "2019-04-14T18:00:00+00:00",
        "import_log_id": "8ace3a40-b4e3-45cb-9ab0-78c036428f7b",
        "rating": 1,
        "status": "validated"
    },
    {
        "id": "1fd0d5be-30d8-46c6-a02b-1ac22fb76596",
        "station_id": "adc4b749-8e5a-4a4d-84e4-75cebbad07bd",
        "component_id": "88afd3d1-6da3-496a-ac81-669a47256d34",
        "value": 7.87,
        "timestamp_measured": "2019-04-14T19:00:00+00:00",
        "import_log_id": "8ace3a40-b4e3-45cb-9ab0-78c036428f7b",
        "rating": 1,
        "status": "validated"
    },
    {
        "id": "c889849d-ea7a-4903-a2e7-fae358336563",
        "station_id": "adc4b749-8e5a-4a4d-84e4-75cebbad07bd",
        "component_id": "88afd3d1-6da3-496a-ac81-669a47256d34",
        "value": 9.29,
        "timestamp_measured": "2019-04-14T20:00:00+00:00",
        "import_log_id": "8ace3a40-b4e3-45cb-9ab0-78c036428f7b",
        "rating": 1,
        "status": "validated"
    },
    {
        "id": "91833835-216a-43f7-83d6-dedd9c645502",
        "station_id": "adc4b749-8e5a-4a4d-84e4-75cebbad07bd",
        "component_id": "88afd3d1-6da3-496a-ac81-669a47256d34",
        "value": 10.33,
        "timestamp_measured": "2019-04-14T21:00:00+00:00",
        "import_log_id": "8ace3a40-b4e3-45cb-9ab0-78c036428f7b",
        "rating": 2,
        "status": "validated"
    },
    {
        "id": "1397511a-347a-42a6-9b3d-f01c747fabc4",
        "station_id": "adc4b749-8e5a-4a4d-84e4-75cebbad07bd",
        "component_id": "88afd3d1-6da3-496a-ac81-669a47256d34",
        "value": -999.0,
        "timestamp_measured": "2019-04-14T22:00:00+00:00",
        "import_log_id": "8ace3a40-b4e3-45cb-9ab0-78c036428f7b",
        "rating": -999,
        "status": "unvalidated"
    }
]