[
    {
        "id": "7fe8d055-0433-4ca6-860b-dd37ea85b372",
        "station_id": "0ad72f21-c6b2-4ea0-8ed5-d2d7e3cc7436",
        "component_id": "88afd3d1-6da3-496a-ac81-669a47256d34",
        "value": 69.35,
        "timestamp_measured": "2019-04-21T22:00:00+00:00",
        "import_log_id": "81a10d83-3e0b-4ef9-a158-8fccda58eaca",
        "rating": 6,
        "status": "validated"
    },
    {
        "id": "177ee8c5-3a2e-44d4-88f8-19d3654fe1f6",
        "station_id": "0ad72f21-c6b2-4ea0-8ed5-d2d7e3cc7436",
        "component_id": "88afd3d1-6da3-496a-ac81-669a47256d34",
        "value": 53.46,
        "timestamp_measured": "2019-04-21T23:00:00+00:00",
        "import_log_id": "81a10d83-3e0b-4ef9-a158-8fccda58eaca",
        "rating": 5,
        "status": "validated"
    },
    {
        "id": "d1b7b605-18c8-4b73-ab7b-ac379163a3bc",
        "station_id": "0ad72f21-c6b2-4ea0-8ed5-d2d7e3cc7436",
        "component_id": "88afd3d1-6da3-496a-ac81-669a47256d34",
        "value": 43.05,
        "timestamp_measured": "2019-04-22T00:00:00+00:00",
        "import_log_id": "81a10d83-3e0b-4ef9-a158-8fccda58eaca",
        "rating": 4,
        "status": "validated"
    },
    {
        "id": "648958fd-96bd-4df9-8bab-2fefb33f16a3",
        "station_id": "0ad72f21-c6b2-4ea0-8ed5-d2d7e3cc7436",
        "component_id": "88afd3d1-6da3-496a-ac81-669a47256d34",
        "value": 38.8,
        "timestamp_measured": "2019-04-22T01:00:00+00:00",
        "import_log_id": "81a10d83-3e0b-4ef9-a158-8fccda58eaca",
        "rating": 4,
        "status": "validated"
    },
    {
        "id": "3f40f008-8253-4ba5-abde-1f4e3a2df44b",
        "station_id": "0ad72f21-c6b2-4ea0-8ed5-d2d7e3cc7436",
        "component_id": "88afd3d1-6da3-496a-ac81-669a47256d34",
        "value": 29.19,
        "timestamp_measured": "2019-04-22T02:00:00+00:00",
        "import_log_id": "81a10d83-3e0b-4ef9-a158-8fccda58eaca",
        "rating": 3,
        "status": "validated"
    },
    {
        "id": "351deced-a367-4c89-81c2-2367a6a49e94",
        "station_id": "0ad72f21-c6b2-4ea0-8ed5-d2d7e3cc7436",
        "component_id": "88afd3d1-6da3-496a-ac81-669a47256d34",
        "value": 29.33,
        "timestamp_measured": "2019-04-22T03:00:00+00:00",
        "import_log_id": "81a10d83-3e0b-4ef9-a158-8fccda58eaca",
        "rating": 3,
        "status": "validated"
    },
    {
        "id": "a0c1b525-f28b-4f6e-8bb6-7c87c4ba032d",
        "station_id": "0ad72f21-c6b2-4ea0-8ed5-d2d7e3cc7436",
        "component_id": "88afd3d1-6da3-496a-ac81-669a47256d34",
        "value": 28.98,
        "timestamp_measured": "2019-04-22T04:00:00+00:00",
        "import_log_id": "81a10d83-3e0b-4ef9-a158-8fccda58eaca",
        "rating": 3,
        "status": "validated"
    },
    {
        "id": "5751c730-084c-4a96-b095-5dd084081e33",
        "station_id": "0ad72f21-c6b2-4ea0-8ed5-d2d7e3cc7436",
        "component_id": "88afd3d1-6da3-496a-ac81-669a47256d34",
        "value": 29.62,
        "timestamp_measured": "2019-04-22T05:00:00+00:00",
        "import_log_id": "81a10d83-3e0b-4ef9-a158-8fccda58eaca",
        "rating": 3,
        "status": "validated"
    },
    {
        "id": "f9f08b1f-ea60-4b31-b9b3-642110f93f49",
        "station_id": "0ad72f21-c6b2-4ea0-8ed5-d2d7e3cc7436",
        "component_id": "88afd3d1-6da3-496a-ac81-669a47256d34",
        "value": 29.98,
        "timestamp_measured": "2019-04-22T06:00:00+00:00",
        "import_log_id": "81a10d83-3e0b-4ef9-a158-8fccda58eaca",
        "rating": 3,
        "status": "validated"
    },
    {
        "id": "8cf44f96-68c0-45c5-abee-0b2909b55ea1",
        "station_id": "0ad72f21-c6b2-4ea0-8ed5-d2d7e3cc7436",
        "component_id": "88afd3d1-6da3-496a-ac81-669a47256d34",
        "value": 36.01,
        "timestamp_measured": "2019-04-22T07:00:00+00:00",
        "import_log_id": "81a10d83-3e0b-4ef9-a158-8fccda58eaca",
        "rating": 4,
        "status": "validated"
    },
    {
        "id": "579122f2-297d-411d-8f07-01f32124d4ee",
        "station_id": "0ad72f21-c6b2-4ea0-8ed5-d2d7e3cc7436",
        "component_id": "88afd3d1-6da3-496a-ac81-669a47256d34",
        "value": 32.54,
        "timestamp_measured": "2019-04-22T08:00:00+00:00",
        "import_log_id": "81a10d83-3e0b-4ef9-a158-8fccda58eaca",
        "rating": 4,
        "status": "validated"
    },
    {
        "id": "8bcdc243-4a9f-4ad1-b9b0-553924d923dd",
        "station_id": "0ad72f21-c6b2-4ea0-8ed5-d2d7e3cc7436",
        "component_id": "88afd3d1-6da3-496a-ac81-669a47256d34",
        "value": 27.16,
        "timestamp_measured": "2019-04-22T09:00:00+00:00",
        "import_log_id": "81a10d83-3e0b-4ef9-a158-8fccda58eaca",
        "rating": 3,
        "status": "validated"
    },
    {
        "id": "4f69cfe3-cc31-467c-b208-e3259653b50b",
        "station_id": "0ad72f21-c6b2-4ea0-8ed5-d2d7e3cc7436",
        "component_id": "88afd3d1-6da3-496a-ac81-669a47256d34",
        "value": 28.33,
        "timestamp_measured": "2019-04-22T10:00:00+00:00",
        "import_log_id": "81a10d83-3e0b-4ef9-a158-8fccda58eaca",
        "rating": 3,
        "status": "validated"
    },
    {
        "id": "904534cf-a1c9-4783-bcbd-75ea4f6bfccd",
        "station_id": "0ad72f21-c6b2-4ea0-8ed5-d2d7e3cc7436",
        "component_id": "88afd3d1-6da3-496a-ac81-669a47256d34",
        "value": 31.13,
        "timestamp_measured": "2019-04-22T11:00:00+00:00",
        "import_log_id": "81a10d83-3e0b-4ef9-a158-8fccda58eaca",
        "rating": 4,
        "status": "validated"
    },
    {
        "id": "2e9b0806-976a-490d-a733-03aaf84661eb",
        "station_id": "0ad72f21-c6b2-4ea0-8ed5-d2d7e3cc7436",
        "component_id": "88afd3d1-6da3-496a-ac81-669a47256d34",
        "value": 26.69,
        "timestamp_measured": "2019-04-22T12:00:00+00:00",
        "import_log_id": "81a10d83-3e0b-4ef9-a158-8fccda58eaca",
        "rating": 3,
        "status": "validated"
    },
    {
        "id": "0b6d1cd5-87ae-44c4-a3c9-f7861c16cba7",
        "station_id": "0ad72f21-c6b2-4ea0-8ed5-d2d7e3cc7436",
        "component_id": "88afd3d1-6da3-496a-ac81-669a47256d34",
        "value": 20.16,
        "timestamp_measured": "2019-04-22T13:00:00+00:00",
        "import_log_id": "81a10d83-3e0b-4ef9-a158-8fccda58eaca",
        "rating": 3,
        "status": "validated"
    },
    {
        "id": "1a23f7f1-789a-4f08-b0d1-9d5d89ea27cb",
        "station_id": "0ad72f21-c6b2-4ea0-8ed5-d2d7e3cc7436",
        "component_id": "88afd3d1-6da3-496a-ac81-669a47256d34",
        "value": 17.1,
        "timestamp_measured": "2019-04-22T14:00:00+00:00",
        "import_log_id": "81a10d83-3e0b-4ef9-a158-8fccda58eaca",
        "rating": 2,
        "status": "validated"
    },
    {
        "id": "b6e5b59b-ce61-49fe-a725-405526538070",
        "station_id": "0ad72f21-c6b2-4ea0-8ed5-d2d7e3cc7436",
        "component_id": "88afd3d1-6da3-496a-ac81-669a47256d34",
        "value": 22.47,
        "timestamp_measured": "2019-04-22T15:00:00+00:00",
        "import_log_id": "81a10d83-3e0b-4ef9-a158-8fccda58eaca",
        "rating": 3,
        "status": "validated"
    },
    {
        "id": "75f8ac6c-a0aa-471b-8fc5-f8d4e420238d",
        "station_id": "0ad72f21-c6b2-4ea0-8ed5-d2d7e3cc7436",
        "component_id": "88afd3d1-6da3-496a-ac81-669a47256d34",
        "value": 20.14,
        "timestamp_measured": "2019-04-22T16:00:00+00:00",
        "import_log_id": "81a10d83-3e0b-4ef9-a158-8fccda58eaca",
        "rating": 3,
        "status": "validated"
    },
    {
        "id": "4f13504e-63f6-468b-b45c-8c2ae0488b94",
        "station_id": "0ad72f21-c6b2-4ea0-8ed5-d2d7e3cc7436",
        "component_id": "88afd3d1-6da3-496a-ac81-669a47256d34",
        "value": 24.28,
        "timestamp_measured": "2019-04-22T17:00:00+00:00",
        "import_log_id": "81a10d83-3e0b-4ef9-a158-8fccda58eaca",
        "rating": 3,
        "status": "validated"
    },
    {
        "id": "71ff07f5-541a-41c9-afa4-063fd4587837",
        "station_id": "0ad72f21-c6b2-4ea0-8ed5-d2d7e3cc7436",
        "component_id": "88afd3d1-6da3-496a-ac81-669a47256d34",
        "value": 31.37,
        "timestamp_measured": "2019-04-22T18:00:00+00:00",
        "import_log_id": "81a10d83-3e0b-4ef9-a158-8fccda58eaca",
        "rating": 4,
        "status": "validated"
    },
    {
        "id": "da7f242e-f045-4e66-a21f-cbb78b57cc68",
        "station_id": "0ad72f21-c6b2-4ea0-8ed5-d2d7e3cc7436",
        "component_id": "88afd3d1-6da3-496a-ac81-669a47256d34",
        "value": 29.72,
        "timestamp_measured": "2019-04-22T19:00:00+00:00",
        "import_log_id": "81a10d83-3e0b-4ef9-a158-8fccda58eaca",
        "rating": 3,
        "status": "validated"
    },
    {
        "id": "244dd55d-3c40-412c-a576-db7f83fa74df",
        "station_id": "0ad72f21-c6b2-4ea0-8ed5-d2d7e3cc7436",
        "component_id": "88afd3d1-6da3-496a-ac81-669a47256d34",
        "value": 29.19,
        "timestamp_measured": "2019-04-22T20:00:00+00:00",
        "import_log_id": "81a10d83-3e0b-4ef9-a158-8fccda58eaca",
        "rating": 3,
        "status": "validated"
    },
    {
        "id": "cbdd0987-39a2-4aeb-a9bc-0c7d7bc158df",
        "station_id": "0ad72f21-c6b2-4ea0-8ed5-d2d7e3cc7436",
        "component_id": "88afd3d1-6da3-496a-ac81-669a47256d34",
        "value": 24.84,
        "timestamp_measured": "2019-04-22T21:00:00+00:00",
        "import_log_id": "81a10d83-3e0b-4ef9-a158-8fccda58eaca",
        "rating": 3,
        "status": "validated"
    },
    {
        "id": "b184f309-e1a5-4eb3-b4a7-9c24ab555511",
        "station_id": "0ad72f21-c6b2-4ea0-8ed5-d2d7e3cc7436",
        "component_id": "88afd3d1-6da3-496a-ac81-669a47256d34",
        "value": 13.95,
        "timestamp_measured": "2019-04-22T22:00:00+00:00",
        "import_log_id": "81a10d83-3e0b-4ef9-a158-8fccda58eaca",
        "rating": 2,
        "status": "validated"
    },
    {
        "id": "0d152277-2d29-4832-8e3e-acef1459f6e1",
        "station_id": "0ad72f21-c6b2-4ea0-8ed5-d2d7e3cc7436",
        "component_id": "88afd3d1-6da3-496a-ac81-669a47256d34",
        "value": 11.24,
        "timestamp_measured": "2019-04-22T23:00:00+00:00",
        "import_log_id": "81a10d83-3e0b-4ef9-a158-8fccda58eaca",
        "rating": 2,
        "status": "validated"
    },
    {
        "id": "8496e8d0-39cb-4090-8096-b8cc2e533438",
        "station_id": "0ad72f21-c6b2-4ea0-8ed5-d2d7e3cc7436",
        "component_id": "88afd3d1-6da3-496a-ac81-669a47256d34",
        "value": 9.02,
        "timestamp_measured": "2019-04-23T00:00:00+00:00",
        "import_log_id": "81a10d83-3e0b-4ef9-a158-8fccda58eaca",
        "rating": 1,
        "status": "validated"
    },
    {
        "id": "b97d197b-6568-4dce-ada5-758da135d756",
        "station_id": "0ad72f21-c6b2-4ea0-8ed5-d2d7e3cc7436",
        "component_id": "88afd3d1-6da3-496a-ac81-669a47256d34",
        "value": 7.97,
        "timestamp_measured": "2019-04-23T01:00:00+00:00",
        "import_log_id": "81a10d83-3e0b-4ef9-a158-8fccda58eaca",
        "rating": 1,
        "status": "validated"
    },
    {
        "id": "4861ce85-b473-4309-8439-699399b6ffa4",
        "station_id": "0ad72f21-c6b2-4ea0-8ed5-d2d7e3cc7436",
        "component_id": "88afd3d1-6da3-496a-ac81-669a47256d34",
        "value": 7.96,
        "timestamp_measured": "2019-04-23T02:00:00+00:00",
        "import_log_id": "81a10d83-3e0b-4ef9-a158-8fccda58eaca",
        "rating": 1,
        "status": "validated"
    },
    {
        "id": "77431a31-9bda-4cf2-a548-3945dac1f21d",
        "station_id": "0ad72f21-c6b2-4ea0-8ed5-d2d7e3cc7436",
        "component_id": "88afd3d1-6da3-496a-ac81-669a47256d34",
        "value": 10.8,
        "timestamp_measured": "2019-04-23T03:00:00+00:00",
        "import_log_id": "81a10d83-3e0b-4ef9-a158-8fccda58eaca",
        "rating": 2,
        "status": "validated"
    },
    {
        "id": "86cc0891-5481-4076-a45e-65681e7a0ba4",
        "station_id": "0ad72f21-c6b2-4ea0-8ed5-d2d7e3cc7436",
        "component_id": "88afd3d1-6da3-496a-ac81-669a47256d34",
        "value": 14.0,
        "timestamp_measured": "2019-04-23T04:00:00+00:00",
        "import_log_id": "81a10d83-3e0b-4ef9-a158-8fccda58eaca",
        "rating": 2,
        "status": "validated"
    },
    {
        "id": "5574373d-31e0-45b2-bbe2-598d02d1aff2",
        "station_id": "0ad72f21-c6b2-4ea0-8ed5-d2d7e3cc7436",
        "component_id": "88afd3d1-6da3-496a-ac81-669a47256d34",
        "value": 26.05,
        "timestamp_measured": "2019-04-23T05:00:00+00:00",
        "import_log_id": "81a10d83-3e0b-4ef9-a158-8fccda58eaca",
        "rating": 3,
        "status": "validated"
    },
    {
        "id": "0987d6b0-8f29-4cf6-9d4e-f8a08a42575b",
        "station_id": "0ad72f21-c6b2-4ea0-8ed5-d2d7e3cc7436",
        "component_id": "88afd3d1-6da3-496a-ac81-669a47256d34",
        "value": 38.67,
        "timestamp_measured": "2019-04-23T06:00:00+00:00",
        "import_log_id": "81a10d83-3e0b-4ef9-a158-8fccda58eaca",
        "rating": 4,
        "status": "validated"
    },
    {
        "id": "8d195a0b-4a0c-41f8-9ff2-c6b8aff27d3b",
        "station_id": "0ad72f21-c6b2-4ea0-8ed5-d2d7e3cc7436",
        "component_id": "88afd3d1-6da3-496a-ac81-669a47256d34",
        "value": 29.99,
        "timestamp_measured": "2019-04-23T07:00:00+00:00",
        "import_log_id": "81a10d83-3e0b-4ef9-a158-8fccda58eaca",
        "rating": 3,
        "status": "validated"
    },
    {
        "id": "aa12fef9-8b07-4833-8c75-8589b68c0ac0",
        "station_id": "0ad72f21-c6b2-4ea0-8ed5-d2d7e3cc7436",
        "component_id": "88afd3d1-6da3-496a-ac81-669a47256d34",
        "value": 44.37,
        "timestamp_measured": "2019-04-23T08:00:00+00:00",
        "import_log_id": "81a10d83-3e0b-4ef9-a158-8fccda58eaca",
        "rating": 4,
        "status": "validated"
    },
    {
        "id": "1972b265-f664-4f9f-aa67-f4edb5a6d309",
        "station_id": "0ad72f21-c6b2-4ea0-8ed5-d2d7e3cc7436",
        "component_id": "88afd3d1-6da3-496a-ac81-669a47256d34",
        "value": 31.18,
        "timestamp_measured": "2019-04-23T09:00:00+00:00",
        "import_log_id": "81a10d83-3e0b-4ef9-a158-8fccda58eaca",
        "rating": 4,
        "status": "validated"
    },
    {
        "id": "81b4efb8-670b-47f2-9490-136e9eedb888",
        "station_id": "0ad72f21-c6b2-4ea0-8ed5-d2d7e3cc7436",
        "component_id": "88afd3d1-6da3-496a-ac81-669a47256d34",
        "value": 30.07,
        "timestamp_measured": "2019-04-23T10:00:00+00:00",
        "import_log_id": "81a10d83-3e0b-4ef9-a158-8fccda58eaca",
        "rating": 4,
        "status": "validated"
    },
    {
        "id": "d2f61b55-d963-414b-9953-4e142f9f9acf",
        "station_id": "0ad72f21-c6b2-4ea0-8ed5-d2d7e3cc7436",
        "component_id": "88afd3d1-6da3-496a-ac81-669a47256d34",
        "value": 37.61,
        "timestamp_measured": "2019-04-23T11:00:00+00:00",
        "import_log_id": "81a10d83-3e0b-4ef9-a158-8fccda58eaca",
        "rating": 4,
        "status": "validated"
    },
    {
        "id": "91db9f0b-57f0-462b-bde4-3bd2bd2b87d2",
        "station_id": "0ad72f21-c6b2-4ea0-8ed5-d2d7e3cc7436",
        "component_id": "88afd3d1-6da3-496a-ac81-669a47256d34",
        "value": 25.06,
        "timestamp_measured": "2019-04-23T12:00:00+00:00",
        "import_log_id": "81a10d83-3e0b-4ef9-a158-8fccda58eaca",
        "rating": 3,
        "status": "validated"
    },
    {
        "id": "29b554ad-d601-43de-916d-07993d943bcf",
        "station_id": "0ad72f21-c6b2-4ea0-8ed5-d2d7e3cc7436",
        "component_id": "88afd3d1-6da3-496a-ac81-669a47256d34",
        "value": 23.07,
        "timestamp_measured": "2019-04-23T13:00:00+00:00",
        "import_log_id": "81a10d83-3e0b-4ef9-a158-8fccda58eaca",
        "rating": 3,
        "status": "validated"
    },
    {
        "id": "739f628d-fe9b-4f21-9b32-76466d621608",
        "station_id": "0ad72f21-c6b2-4ea0-8ed5-d2d7e3cc7436",
        "component_id": "88afd3d1-6da3-496a-ac81-669a47256d34",
        "value": 32.72,
        "timestamp_measured": "2019-04-23T14:00:00+00:00",
        "import_log_id": "81a10d83-3e0b-4ef9-a158-8fccda58eaca",
        "rating": 4,
        "status": "validated"
    },
    {
        "id": "5a0e589c-6ad2-40ed-92f5-648738caf581",
        "station_id": "0ad72f21-c6b2-4ea0-8ed5-d2d7e3cc7436",
        "component_id": "88afd3d1-6da3-496a-ac81-669a47256d34",
        "value": 27.78,
        "timestamp_measured": "2019-04-23T15:00:00+00:00",
        "import_log_id": "81a10d83-3e0b-4ef9-a158-8fccda58eaca",
        "rating": 3,
        "status": "validated"
    },
    {
        "id": "d863634d-fd31-4fa5-9a1d-526f17fa0772",
        "station_id": "0ad72f21-c6b2-4ea0-8ed5-d2d7e3cc7436",
        "component_id": "88afd3d1-6da3-496a-ac81-669a47256d34",
        "value": 18.91,
        "timestamp_measured": "2019-04-23T16:00:00+00:00",
        "import_log_id": "81a10d83-3e0b-4ef9-a158-8fccda58eaca",
        "rating": 2,
        "status": "validated"
    },
    {
        "id": "fe81a193-bd60-46af-8b01-8c25f1b21658",
        "station_id": "0ad72f21-c6b2-4ea0-8ed5-d2d7e3cc7436",
        "component_id": "88afd3d1-6da3-496a-ac81-669a47256d34",
        "value": 28.3,
        "timestamp_measured": "2019-04-23T17:00:00+00:00",
        "import_log_id": "81a10d83-3e0b-4ef9-a158-8fccda58eaca",
        "rating": 3,
        "status": "validated"
    },
    {
        "id": "72e3b669-e48c-4f1d-9837-5c10b8467d50",
        "station_id": "0ad72f21-c6b2-4ea0-8ed5-d2d7e3cc7436",
        "component_id": "88afd3d1-6da3-496a-ac81-669a47256d34",
        "value": 38.52,
        "timestamp_measured": "2019-04-23T18:00:00+00:00",
        "import_log_id": "81a10d83-3e0b-4ef9-a158-8fccda58eaca",
        "rating": 4,
        "status": "validated"
    },
    {
        "id": "093ed94f-5ff1-4606-ac12-a44ea429c4e3",
        "station_id": "0ad72f21-c6b2-4ea0-8ed5-d2d7e3cc7436",
        "component_id": "88afd3d1-6da3-496a-ac81-669a47256d34",
        "value": 37.27,
        "timestamp_measured": "2019-04-23T19:00:00+00:00",
        "import_log_id": "81a10d83-3e0b-4ef9-a158-8fccda58eaca",
        "rating": 4,
        "status": "validated"
    },
    {
        "id": "630ea02e-cded-40d6-8e0e-95a7520f59ba",
        "station_id": "0ad72f21-c6b2-4ea0-8ed5-d2d7e3cc7436",
        "component_id": "88afd3d1-6da3-496a-ac81-669a47256d34",
        "value": 38.81,
        "timestamp_measured": "2019-04-23T20:00:00+00:00",
        "import_log_id": "81a10d83-3e0b-4ef9-a158-8fccda58eaca",
        "rating": 4,
        "status": "validated"
    },
    {
        "id": "1a17f763-66ec-4ce9-bf7f-f3ca08140a21",
        "station_id": "0ad72f21-c6b2-4ea0-8ed5-d2d7e3cc7436",
        "component_id": "88afd3d1-6da3-496a-ac81-669a47256d34",
        "value": 40.08,
        "timestamp_measured": "2019-04-23T21:00:00+00:00",
        "import_log_id": "81a10d83-3e0b-4ef9-a158-8fccda58eaca",
        "rating": 4,
        "status": "validated"
    },
    {
        "id": "46048b01-e127-4d8d-aa7a-ac6d0f16efaa",
        "station_id": "0ad72f21-c6b2-4ea0-8ed5-d2d7e3cc7436",
        "component_id": "88afd3d1-6da3-496a-ac81-669a47256d34",
        "value": 33.61,
        "timestamp_measured": "2019-04-23T22:00:00+00:00",
        "import_log_id": "81a10d83-3e0b-4ef9-a158-8fccda58eaca",
        "rating": 4,
        "status": "validated"
    },
    {
        "id": "5f986abd-d564-4e77-977f-83e46fb94f3e",
        "station_id": "0ad72f21-c6b2-4ea0-8ed5-d2d7e3cc7436",
        "component_id": "88afd3d1-6da3-496a-ac81-669a47256d34",
        "value": 23.23,
        "timestamp_measured": "2019-04-23T23:00:00+00:00",
        "import_log_id": "81a10d83-3e0b-4ef9-a158-8fccda58eaca",
        "rating": 3,
        "status": "validated"
    },
    {
        "id": "f2b1eff7-ee6f-47c6-843e-b57d49486ada",
        "station_id": "0ad72f21-c6b2-4ea0-8ed5-d2d7e3cc7436",
        "component_id": "88afd3d1-6da3-496a-ac81-669a47256d34",
        "value": 26.32,
        "timestamp_measured": "2019-04-24T00:00:00+00:00",
        "import_log_id": "81a10d83-3e0b-4ef9-a158-8fccda58eaca",
        "rating": 3,
        "status": "validated"
    },
    {
        "id": "3846f61d-4dde-48dd-b8e9-af93591e0565",
        "station_id": "0ad72f21-c6b2-4ea0-8ed5-d2d7e3cc7436",
        "component_id": "88afd3d1-6da3-496a-ac81-669a47256d34",
        "value": 25.6,
        "timestamp_measured": "2019-04-24T01:00:00+00:00",
        "import_log_id": "81a10d83-3e0b-4ef9-a158-8fccda58eaca",
        "rating": 3,
        "status": "validated"
    },
    {
        "id": "e6af2ef5-0769-4d3e-9dce-b71e84684b98",
        "station_id": "0ad72f21-c6b2-4ea0-8ed5-d2d7e3cc7436",
        "component_id": "88afd3d1-6da3-496a-ac81-669a47256d34",
        "value": 18.24,
        "timestamp_measured": "2019-04-24T02:00:00+00:00",
        "import_log_id": "81a10d83-3e0b-4ef9-a158-8fccda58eaca",
        "rating": 2,
        "status": "validated"
    },
    {
        "id": "1eeca486-485e-434a-a562-3dc778085254",
        "station_id": "0ad72f21-c6b2-4ea0-8ed5-d2d7e3cc7436",
        "component_id": "88afd3d1-6da3-496a-ac81-669a47256d34",
        "value": 14.41,
        "timestamp_measured": "2019-04-24T03:00:00+00:00",
        "import_log_id": "81a10d83-3e0b-4ef9-a158-8fccda58eaca",
        "rating": 2,
        "status": "validated"
    },
    {
        "id": "62413309-2403-46d8-81b1-9cc7d3b6d9fd",
        "station_id": "0ad72f21-c6b2-4ea0-8ed5-d2d7e3cc7436",
        "component_id": "88afd3d1-6da3-496a-ac81-669a47256d34",
        "value": 16.83,
        "timestamp_measured": "2019-04-24T04:00:00+00:00",
        "import_log_id": "81a10d83-3e0b-4ef9-a158-8fccda58eaca",
        "rating": 2,
        "status": "validated"
    },
    {
        "id": "54a3b6f2-7240-4cde-852e-e530b5828516",
        "station_id": "0ad72f21-c6b2-4ea0-8ed5-d2d7e3cc7436",
        "component_id": "88afd3d1-6da3-496a-ac81-669a47256d34",
        "value": 22.46,
        "timestamp_measured": "2019-04-24T05:00:00+00:00",
        "import_log_id": "81a10d83-3e0b-4ef9-a158-8fccda58eaca",
        "rating": 3,
        "status": "validated"
    },
    {
        "id": "918aee2a-63ac-46da-a050-8c297f2b64c6",
        "station_id": "0ad72f21-c6b2-4ea0-8ed5-d2d7e3cc7436",
        "component_id": "88afd3d1-6da3-496a-ac81-669a47256d34",
        "value": 32.14,
        "timestamp_measured": "2019-04-24T06:00:00+00:00",
        "import_log_id": "81a10d83-3e0b-4ef9-a158-8fccda58eaca",
        "rating": 4,
        "status": "validated"
    },
    {
        "id": "43607aff-5065-4e23-a0aa-1a26d8bc0e2a",
        "station_id": "0ad72f21-c6b2-4ea0-8ed5-d2d7e3cc7436",
        "component_id": "88afd3d1-6da3-496a-ac81-669a47256d34",
        "value": 34.83,
        "timestamp_measured": "2019-04-24T07:00:00+00:00",
        "import_log_id": "81a10d83-3e0b-4ef9-a158-8fccda58eaca",
        "rating": 4,
        "status": "validated"
    },
    {
        "id": "97d4593e-6367-456c-8f4f-10dc8a91e067",
        "station_id": "0ad72f21-c6b2-4ea0-8ed5-d2d7e3cc7436",
        "component_id": "88afd3d1-6da3-496a-ac81-669a47256d34",
        "value": 31.28,
        "timestamp_measured": "2019-04-24T08:00:00+00:00",
        "import_log_id": "81a10d83-3e0b-4ef9-a158-8fccda58eaca",
        "rating": 4,
        "status": "validated"
    },
    {
        "id": "7d215fc4-e18c-47dc-9b29-faf8dbd1e5a7",
        "station_id": "0ad72f21-c6b2-4ea0-8ed5-d2d7e3cc7436",
        "component_id": "88afd3d1-6da3-496a-ac81-669a47256d34",
        "value": 23.87,
        "timestamp_measured": "2019-04-24T09:00:00+00:00",
        "import_log_id": "81a10d83-3e0b-4ef9-a158-8fccda58eaca",
        "rating": 3,
        "status": "validated"
    },
    {
        "id": "d22f6b63-edc4-49f0-bc99-3b3c0811fafd",
        "station_id": "0ad72f21-c6b2-4ea0-8ed5-d2d7e3cc7436",
        "component_id": "88afd3d1-6da3-496a-ac81-669a47256d34",
        "value": 20.24,
        "timestamp_measured": "2019-04-24T10:00:00+00:00",
        "import_log_id": "81a10d83-3e0b-4ef9-a158-8fccda58eaca",
        "rating": 3,
        "status": "validated"
    },
    {
        "id": "bdbb4f7d-e742-4a3e-bd72-e72d274bb188",
        "station_id": "0ad72f21-c6b2-4ea0-8ed5-d2d7e3cc7436",
        "component_id": "88afd3d1-6da3-496a-ac81-669a47256d34",
        "value": 18.72,
        "timestamp_measured": "2019-04-24T11:00:00+00:00",
        "import_log_id": "81a10d83-3e0b-4ef9-a158-8fccda58eaca",
        "rating": 2,
        "status": "validated"
    },
    {
        "id": "9fb50f70-f795-4d54-8475-ac2df1e9e748",
        "station_id": "0ad72f21-c6b2-4ea0-8ed5-d2d7e3cc7436",
        "component_id": "88afd3d1-6da3-496a-ac81-669a47256d34",
        "value": 12.6,
        "timestamp_measured": "2019-04-24T12:00:00+00:00",
        "import_log_id": "81a10d83-3e0b-4ef9-a158-8fccda58eaca",
        "rating": 2,
        "status": "validated"
    },
    {
        "id": "40c6e125-59ea-48ce-a7f1-96ea371dbc89",
        "station_id": "0ad72f21-c6b2-4ea0-8ed5-d2d7e3cc7436",
        "component_id": "88afd3d1-6da3-496a-ac81-669a47256d34",
        "value": 13.39,
        "timestamp_measured": "2019-04-24T13:00:00+00:00",
        "import_log_id": "81a10d83-3e0b-4ef9-a158-8fccda58eaca",
        "rating": 2,
        "status": "validated"
    },
    {
        "id": "0533a462-4af7-4ac8-ba6a-f6989098dd27",
        "station_id": "0ad72f21-c6b2-4ea0-8ed5-d2d7e3cc7436",
        "component_id": "88afd3d1-6da3-496a-ac81-669a47256d34",
        "value": 14.87,
        "timestamp_measured": "2019-04-24T14:00:00+00:00",
        "import_log_id": "81a10d83-3e0b-4ef9-a158-8fccda58eaca",
        "rating": 2,
        "status": "validated"
    },
    {
        "id": "6a693e74-cb4b-41eb-bb36-1907eda700a4",
        "station_id": "0ad72f21-c6b2-4ea0-8ed5-d2d7e3cc7436",
        "component_id": "88afd3d1-6da3-496a-ac81-669a47256d34",
        "value": 19.31,
        "timestamp_measured": "2019-04-24T15:00:00+00:00",
        "import_log_id": "81a10d83-3e0b-4ef9-a158-8fccda58eaca",
        "rating": 2,
        "status": "validated"
    },
    {
        "id": "a23626e7-0d79-4bb8-91a5-f22e51d42d6e",
        "station_id": "0ad72f21-c6b2-4ea0-8ed5-d2d7e3cc7436",
        "component_id": "88afd3d1-6da3-496a-ac81-669a47256d34",
        "value": 17.1,
        "timestamp_measured": "2019-04-24T16:00:00+00:00",
        "import_log_id": "81a10d83-3e0b-4ef9-a158-8fccda58eaca",
        "rating": 2,
        "status": "validated"
    },
    {
        "id": "21170e9b-7037-4b5b-9de9-c25bff9760ac",
        "station_id": "0ad72f21-c6b2-4ea0-8ed5-d2d7e3cc7436",
        "component_id": "88afd3d1-6da3-496a-ac81-669a47256d34",
        "value": 17.76,
        "timestamp_measured": "2019-04-24T17:00:00+00:00",
        "import_log_id": "81a10d83-3e0b-4ef9-a158-8fccda58eaca",
        "rating": 2,
        "status": "validated"
    },
    {
        "id": "60b7bff7-6576-4748-a7ca-9a8157cdd976",
        "station_id": "0ad72f21-c6b2-4ea0-8ed5-d2d7e3cc7436",
        "component_id": "88afd3d1-6da3-496a-ac81-669a47256d34",
        "value": 17.57,
        "timestamp_measured": "2019-04-24T18:00:00+00:00",
        "import_log_id": "81a10d83-3e0b-4ef9-a158-8fccda58eaca",
        "rating": 2,
        "status": "validated"
    },
    {
        "id": "437adecb-9fd2-4f8b-9dd9-fe4134885b30",
        "station_id": "0ad72f21-c6b2-4ea0-8ed5-d2d7e3cc7436",
        "component_id": "88afd3d1-6da3-496a-ac81-669a47256d34",
        "value": 9.56,
        "timestamp_measured": "2019-04-24T19:00:00+00:00",
        "import_log_id": "81a10d83-3e0b-4ef9-a158-8fccda58eaca",
        "rating": 1,
        "status": "validated"
    },
    {
        "id": "1107e794-0c69-4f64-b653-0f04c1bd77c0",
        "station_id": "0ad72f21-c6b2-4ea0-8ed5-d2d7e3cc7436",
        "component_id": "88afd3d1-6da3-496a-ac81-669a47256d34",
        "value": 8.65,
        "timestamp_measured": "2019-04-24T20:00:00+00:00",
        "import_log_id": "81a10d83-3e0b-4ef9-a158-8fccda58eaca",
        "rating": 1,
        "status": "validated"
    },
    {
        "id": "d2609927-e19a-4584-a895-b01e6ac77c43",
        "station_id": "0ad72f21-c6b2-4ea0-8ed5-d2d7e3cc7436",
        "component_id": "88afd3d1-6da3-496a-ac81-669a47256d34",
        "value": 11.16,
        "timestamp_measured": "2019-04-24T21:00:00+00:00",
        "import_log_id": "81a10d83-3e0b-4ef9-a158-8fccda58eaca",
        "rating": 2,
        "status": "validated"
    },
    {
        "id": "c70295aa-9bee-409d-bed2-8ae7a97f1382",
        "station_id": "0ad72f21-c6b2-4ea0-8ed5-d2d7e3cc7436",
        "component_id": "88afd3d1-6da3-496a-ac81-669a47256d34",
        "value": 8.14,
        "timestamp_measured": "2019-04-24T22:00:00+00:00",
        "import_log_id": "81a10d83-3e0b-4ef9-a158-8fccda58eaca",
        "rating": 1,
        "status": "validated"
    },
    {
        "id": "119b2267-dcf5-43b5-94de-6da4c449716f",
        "station_id": "0ad72f21-c6b2-4ea0-8ed5-d2d7e3cc7436",
        "component_id": "88afd3d1-6da3-496a-ac81-669a47256d34",
        "value": 6.06,
        "timestamp_measured": "2019-04-24T23:00:00+00:00",
        "import_log_id": "81a10d83-3e0b-4ef9-a158-8fccda58eaca",
        "rating": 1,
        "status": "validated"
    },
    {
        "id": "cbf39797-6545-4bac-baf5-53af12704a73",
        "station_id": "0ad72f21-c6b2-4ea0-8ed5-d2d7e3cc7436",
        "component_id": "88afd3d1-6da3-496a-ac81-669a47256d34",
        "value": 5.58,
        "timestamp_measured": "2019-04-25T00:00:00+00:00",
        "import_log_id": "81a10d83-3e0b-4ef9-a158-8fccda58eaca",
        "rating": 1,
        "status": "validated"
    },
    {
        "id": "eeba9349-2090-422e-834f-37df144e5525",
        "station_id": "0ad72f21-c6b2-4ea0-8ed5-d2d7e3cc7436",
        "component_id": "88afd3d1-6da3-496a-ac81-669a47256d34",
        "value": 5.4,
        "timestamp_measured": "2019-04-25T01:00:00+00:00",
        "import_log_id": "81a10d83-3e0b-4ef9-a158-8fccda58eaca",
        "rating": 1,
        "status": "validated"
    },
    {
        "id": "d891a819-cae8-4009-b880-aecff2d46133",
        "station_id": "0ad72f21-c6b2-4ea0-8ed5-d2d7e3cc7436",
        "component_id": "88afd3d1-6da3-496a-ac81-669a47256d34",
        "value": 5.73,
        "timestamp_measured": "2019-04-25T02:00:00+00:00",
        "import_log_id": "81a10d83-3e0b-4ef9-a158-8fccda58eaca",
        "rating": 1,
        "status": "validated"
    },
    {
        "id": "d6d33f07-7693-4e30-88e5-11f3fecb7bef",
        "station_id": "0ad72f21-c6b2-4ea0-8ed5-d2d7e3cc7436",
        "component_id": "88afd3d1-6da3-496a-ac81-669a47256d34",
        "value": 5.94,
        "timestamp_measured": "2019-04-25T03:00:00+00:00",
        "import_log_id": "81a10d83-3e0b-4ef9-a158-8fccda58eaca",
        "rating": 1,
        "status": "validated"
    },
    {
        "id": "e0f9eadb-0352-45da-852a-09dba11d58ba",
        "station_id": "0ad72f21-c6b2-4ea0-8ed5-d2d7e3cc7436",
        "component_id": "88afd3d1-6da3-496a-ac81-669a47256d34",
        "value": 8.98,
        "timestamp_measured": "2019-04-25T04:00:00+00:00",
        "import_log_id": "81a10d83-3e0b-4ef9-a158-8fccda58eaca",
        "rating": 1,
        "status": "validated"
    },
    {
        "id": "7938027e-1f69-4f8f-ac87-72be1e179c82",
        "station_id": "0ad72f21-c6b2-4ea0-8ed5-d2d7e3cc7436",
        "component_id": "88afd3d1-6da3-496a-ac81-669a47256d34",
        "value": 16.91,
        "timestamp_measured": "2019-04-25T05:00:00+00:00",
        "import_log_id": "81a10d83-3e0b-4ef9-a158-8fccda58eaca",
        "rating": 2,
        "status": "validated"
    },
    {
        "id": "89af5bd6-1773-4e53-b6db-d5bf884f320f",
        "station_id": "0ad72f21-c6b2-4ea0-8ed5-d2d7e3cc7436",
        "component_id": "88afd3d1-6da3-496a-ac81-669a47256d34",
        "value": 22.95,
        "timestamp_measured": "2019-04-25T06:00:00+00:00",
        "import_log_id": "81a10d83-3e0b-4ef9-a158-8fccda58eaca",
        "rating": 3,
        "status": "validated"
    },
    {
        "id": "e2e11422-1bbf-4f2f-8251-405ae8e93512",
        "station_id": "0ad72f21-c6b2-4ea0-8ed5-d2d7e3cc7436",
        "component_id": "88afd3d1-6da3-496a-ac81-669a47256d34",
        "value": 22.56,
        "timestamp_measured": "2019-04-25T07:00:00+00:00",
        "import_log_id": "81a10d83-3e0b-4ef9-a158-8fccda58eaca",
        "rating": 3,
        "status": "validated"
    },
    {
        "id": "dc1b7faa-676a-4975-b91a-65b32d02b199",
        "station_id": "0ad72f21-c6b2-4ea0-8ed5-d2d7e3cc7436",
        "component_id": "88afd3d1-6da3-496a-ac81-669a47256d34",
        "value": 21.17,
        "timestamp_measured": "2019-04-25T08:00:00+00:00",
        "import_log_id": "81a10d83-3e0b-4ef9-a158-8fccda58eaca",
        "rating": 3,
        "status": "validated"
    },
    {
        "id": "4fb5a8b9-5f74-4e88-9dc3-7a88b896db22",
        "station_id": "0ad72f21-c6b2-4ea0-8ed5-d2d7e3cc7436",
        "component_id": "88afd3d1-6da3-496a-ac81-669a47256d34",
        "value": 19.37,
        "timestamp_measured": "2019-04-25T09:00:00+00:00",
        "import_log_id": "81a10d83-3e0b-4ef9-a158-8fccda58eaca",
        "rating": 2,
        "status": "validated"
    },
    {
        "id": "3eeb75d3-23b5-477b-9844-375ee0d11bb0",
        "station_id": "0ad72f21-c6b2-4ea0-8ed5-d2d7e3cc7436",
        "component_id": "88afd3d1-6da3-496a-ac81-669a47256d34",
        "value": 17.4,
        "timestamp_measured": "2019-04-25T10:00:00+00:00",
        "import_log_id": "81a10d83-3e0b-4ef9-a158-8fccda58eaca",
        "rating": 2,
        "status": "validated"
    },
    {
        "id": "1042f4f7-b226-4ab7-acda-1aa97a99f93f",
        "station_id": "0ad72f21-c6b2-4ea0-8ed5-d2d7e3cc7436",
        "component_id": "88afd3d1-6da3-496a-ac81-669a47256d34",
        "value": 15.71,
        "timestamp_measured": "2019-04-25T11:00:00+00:00",
        "import_log_id": "81a10d83-3e0b-4ef9-a158-8fccda58eaca",
        "rating": 2,
        "status": "validated"
    },
    {
        "id": "74cc3d8b-44f3-4ed8-beba-fd5370103190",
        "station_id": "0ad72f21-c6b2-4ea0-8ed5-d2d7e3cc7436",
        "component_id": "88afd3d1-6da3-496a-ac81-669a47256d34",
        "value": 12.73,
        "timestamp_measured": "2019-04-25T12:00:00+00:00",
        "import_log_id": "81a10d83-3e0b-4ef9-a158-8fccda58eaca",
        "rating": 2,
        "status": "validated"
    },
    {
        "id": "c0fdbdbb-eb44-4115-850f-0905e58fdca8",
        "station_id": "0ad72f21-c6b2-4ea0-8ed5-d2d7e3cc7436",
        "component_id": "88afd3d1-6da3-496a-ac81-669a47256d34",
        "value": 12.99,
        "timestamp_measured": "2019-04-25T13:00:00+00:00",
        "import_log_id": "81a10d83-3e0b-4ef9-a158-8fccda58eaca",
        "rating": 2,
        "status": "validated"
    },
    {
        "id": "f9f31a7a-78c7-4423-9ef1-ec3bff7322d8",
        "station_id": "0ad72f21-c6b2-4ea0-8ed5-d2d7e3cc7436",
        "component_id": "88afd3d1-6da3-496a-ac81-669a47256d34",
        "value": 14.56,
        "timestamp_measured": "2019-04-25T14:00:00+00:00",
        "import_log_id": "81a10d83-3e0b-4ef9-a158-8fccda58eaca",
        "rating": 2,
        "status": "validated"
    },
    {
        "id": "7d516687-0fb1-4fa5-96a3-7efa792e7e31",
        "station_id": "0ad72f21-c6b2-4ea0-8ed5-d2d7e3cc7436",
        "component_id": "88afd3d1-6da3-496a-ac81-669a47256d34",
        "value": 17.44,
        "timestamp_measured": "2019-04-25T15:00:00+00:00",
        "import_log_id": "81a10d83-3e0b-4ef9-a158-8fccda58eaca",
        "rating": 2,
        "status": "validated"
    },
    {
        "id": "b1e18da6-e9c2-483e-9119-4f3c935375d1",
        "station_id": "0ad72f21-c6b2-4ea0-8ed5-d2d7e3cc7436",
        "component_id": "88afd3d1-6da3-496a-ac81-669a47256d34",
        "value": 20.95,
        "timestamp_measured": "2019-04-25T16:00:00+00:00",
        "import_log_id": "81a10d83-3e0b-4ef9-a158-8fccda58eaca",
        "rating": 3,
        "status": "validated"
    },
    {
        "id": "b2c2468f-2cec-4b1d-89d7-8435884f851f",
        "station_id": "0ad72f21-c6b2-4ea0-8ed5-d2d7e3cc7436",
        "component_id": "88afd3d1-6da3-496a-ac81-669a47256d34",
        "value": 21.55,
        "timestamp_measured": "2019-04-25T17:00:00+00:00",
        "import_log_id": "81a10d83-3e0b-4ef9-a158-8fccda58eaca",
        "rating": 3,
        "status": "validated"
    },
    {
        "id": "1fc4b266-1a3a-42ab-87df-81f4f824a737",
        "station_id": "0ad72f21-c6b2-4ea0-8ed5-d2d7e3cc7436",
        "component_id": "88afd3d1-6da3-496a-ac81-669a47256d34",
        "value": 21.84,
        "timestamp_measured": "2019-04-25T18:00:00+00:00",
        "import_log_id": "81a10d83-3e0b-4ef9-a158-8fccda58eaca",
        "rating": 3,
        "status": "validated"
    },
    {
        "id": "6311597b-54d5-4e8c-8e21-1ca9a7bd4444",
        "station_id": "0ad72f21-c6b2-4ea0-8ed5-d2d7e3cc7436",
        "component_id": "88afd3d1-6da3-496a-ac81-669a47256d34",
        "value": 17.12,
        "timestamp_measured": "2019-04-25T19:00:00+00:00",
        "import_log_id": "81a10d83-3e0b-4ef9-a158-8fccda58eaca",
        "rating": 2,
        "status": "validated"
    },
    {
        "id": "9512de32-1060-4bff-9ac9-2c96987b954c",
        "station_id": "0ad72f21-c6b2-4ea0-8ed5-d2d7e3cc7436",
        "component_id": "88afd3d1-6da3-496a-ac81-669a47256d34",
        "value": 23.44,
        "timestamp_measured": "2019-04-25T20:00:00+00:00",
        "import_log_id": "81a10d83-3e0b-4ef9-a158-8fccda58eaca",
        "rating": 3,
        "status": "validated"
    },
    {
        "id": "00349b7f-440a-422e-8584-c4f1f1266e04",
        "station_id": "0ad72f21-c6b2-4ea0-8ed5-d2d7e3cc7436",
        "component_id": "88afd3d1-6da3-496a-ac81-669a47256d34",
        "value": 20.59,
        "timestamp_measured": "2019-04-25T21:00:00+00:00",
        "import_log_id": "81a10d83-3e0b-4ef9-a158-8fccda58eaca",
        "rating": 3,
        "status": "validated"
    },
    {
        "id": "d6f01590-bbf3-4cba-93b0-979dd337e777",
        "station_id": "0ad72f21-c6b2-4ea0-8ed5-d2d7e3cc7436",
        "component_id": "88afd3d1-6da3-496a-ac81-669a47256d34",
        "value": 20.07,
        "timestamp_measured": "2019-04-25T22:00:00+00:00",
        "import_log_id": "81a10d83-3e0b-4ef9-a158-8fccda58eaca",
        "rating": 3,
        "status": "validated"
    },
    {
        "id": "49049060-8b95-4457-b673-4bed1699db34",
        "station_id": "0ad72f21-c6b2-4ea0-8ed5-d2d7e3cc7436",
        "component_id": "88afd3d1-6da3-496a-ac81-669a47256d34",
        "value": 15.71,
        "timestamp_measured": "2019-04-25T23:00:00+00:00",
        "import_log_id": "81a10d83-3e0b-4ef9-a158-8fccda58eaca",
        "rating": 2,
        "status": "validated"
    },
    {
        "id": "6a83b030-8238-498c-8932-a14608633ca4",
        "station_id": "0ad72f21-c6b2-4ea0-8ed5-d2d7e3cc7436",
        "component_id": "88afd3d1-6da3-496a-ac81-669a47256d34",
        "value": 14.87,
        "timestamp_measured": "2019-04-26T00:00:00+00:00",
        "import_log_id": "81a10d83-3e0b-4ef9-a158-8fccda58eaca",
        "rating": 2,
        "status": "validated"
    },
    {
        "id": "6284eecf-a22a-4ef5-a4ca-06c6ad0126c1",
        "station_id": "0ad72f21-c6b2-4ea0-8ed5-d2d7e3cc7436",
        "component_id": "88afd3d1-6da3-496a-ac81-669a47256d34",
        "value": 13.35,
        "timestamp_measured": "2019-04-26T01:00:00+00:00",
        "import_log_id": "81a10d83-3e0b-4ef9-a158-8fccda58eaca",
        "rating": 2,
        "status": "validated"
    },
    {
        "id": "01534bd5-1d06-4c5f-89c1-931db032fcd0",
        "station_id": "0ad72f21-c6b2-4ea0-8ed5-d2d7e3cc7436",
        "component_id": "88afd3d1-6da3-496a-ac81-669a47256d34",
        "value": 10.98,
        "timestamp_measured": "2019-04-26T02:00:00+00:00",
        "import_log_id": "81a10d83-3e0b-4ef9-a158-8fccda58eaca",
        "rating": 2,
        "status": "validated"
    },
    {
        "id": "762bd355-18dd-41f4-a869-337b550ace93",
        "station_id": "0ad72f21-c6b2-4ea0-8ed5-d2d7e3cc7436",
        "component_id": "88afd3d1-6da3-496a-ac81-669a47256d34",
        "value": 10.33,
        "timestamp_measured": "2019-04-26T03:00:00+00:00",
        "import_log_id": "81a10d83-3e0b-4ef9-a158-8fccda58eaca",
        "rating": 2,
        "status": "validated"
    },
    {
        "id": "0e85c030-b395-4616-a5e1-ba29431b95ea",
        "station_id": "0ad72f21-c6b2-4ea0-8ed5-d2d7e3cc7436",
        "component_id": "88afd3d1-6da3-496a-ac81-669a47256d34",
        "value": 14.61,
        "timestamp_measured": "2019-04-26T04:00:00+00:00",
        "import_log_id": "81a10d83-3e0b-4ef9-a158-8fccda58eaca",
        "rating": 2,
        "status": "validated"
    },
    {
        "id": "b087a0e6-4bde-424f-b774-51cd3b9e7a5a",
        "station_id": "0ad72f21-c6b2-4ea0-8ed5-d2d7e3cc7436",
        "component_id": "88afd3d1-6da3-496a-ac81-669a47256d34",
        "value": 24.35,
        "timestamp_measured": "2019-04-26T05:00:00+00:00",
        "import_log_id": "81a10d83-3e0b-4ef9-a158-8fccda58eaca",
        "rating": 3,
        "status": "validated"
    },
    {
        "id": "b56031ec-014f-4f8b-a34a-939804d35fd9",
        "station_id": "0ad72f21-c6b2-4ea0-8ed5-d2d7e3cc7436",
        "component_id": "88afd3d1-6da3-496a-ac81-669a47256d34",
        "value": 29.33,
        "timestamp_measured": "2019-04-26T06:00:00+00:00",
        "import_log_id": "81a10d83-3e0b-4ef9-a158-8fccda58eaca",
        "rating": 3,
        "status": "validated"
    },
    {
        "id": "0c348fd0-f749-48ef-b3ff-0b74ab5401f9",
        "station_id": "0ad72f21-c6b2-4ea0-8ed5-d2d7e3cc7436",
        "component_id": "88afd3d1-6da3-496a-ac81-669a47256d34",
        "value": 33.12,
        "timestamp_measured": "2019-04-26T07:00:00+00:00",
        "import_log_id": "81a10d83-3e0b-4ef9-a158-8fccda58eaca",
        "rating": 4,
        "status": "validated"
    },
    {
        "id": "4a5e0ab8-98cf-4a4f-a4ae-415804ef98cc",
        "station_id": "0ad72f21-c6b2-4ea0-8ed5-d2d7e3cc7436",
        "component_id": "88afd3d1-6da3-496a-ac81-669a47256d34",
        "value": 31.99,
        "timestamp_measured": "2019-04-26T08:00:00+00:00",
        "import_log_id": "81a10d83-3e0b-4ef9-a158-8fccda58eaca",
        "rating": 4,
        "status": "validated"
    },
    {
        "id": "d05cfa3a-ace0-4da8-b875-1d2a2b93366d",
        "station_id": "0ad72f21-c6b2-4ea0-8ed5-d2d7e3cc7436",
        "component_id": "88afd3d1-6da3-496a-ac81-669a47256d34",
        "value": 28.73,
        "timestamp_measured": "2019-04-26T09:00:00+00:00",
        "import_log_id": "81a10d83-3e0b-4ef9-a158-8fccda58eaca",
        "rating": 3,
        "status": "validated"
    },
    {
        "id": "4112097d-1a54-4d75-9d9a-d7a9633e3f5e",
        "station_id": "0ad72f21-c6b2-4ea0-8ed5-d2d7e3cc7436",
        "component_id": "88afd3d1-6da3-496a-ac81-669a47256d34",
        "value": 26.56,
        "timestamp_measured": "2019-04-26T10:00:00+00:00",
        "import_log_id": "81a10d83-3e0b-4ef9-a158-8fccda58eaca",
        "rating": 3,
        "status": "validated"
    },
    {
        "id": "0ab7c3b3-ad78-42a8-a0cd-46f2ad4a0875",
        "station_id": "0ad72f21-c6b2-4ea0-8ed5-d2d7e3cc7436",
        "component_id": "88afd3d1-6da3-496a-ac81-669a47256d34",
        "value": 27.74,
        "timestamp_measured": "2019-04-26T11:00:00+00:00",
        "import_log_id": "81a10d83-3e0b-4ef9-a158-8fccda58eaca",
        "rating": 3,
        "status": "validated"
    },
    {
        "id": "3ec60983-5b6e-4fed-9f0d-fc6a6a4038cb",
        "station_id": "0ad72f21-c6b2-4ea0-8ed5-d2d7e3cc7436",
        "component_id": "88afd3d1-6da3-496a-ac81-669a47256d34",
        "value": 24.11,
        "timestamp_measured": "2019-04-26T12:00:00+00:00",
        "import_log_id": "81a10d83-3e0b-4ef9-a158-8fccda58eaca",
        "rating": 3,
        "status": "validated"
    },
    {
        "id": "b3cc46c4-bfa2-41c9-9c88-61bb79774391",
        "station_id": "0ad72f21-c6b2-4ea0-8ed5-d2d7e3cc7436",
        "component_id": "88afd3d1-6da3-496a-ac81-669a47256d34",
        "value": 38.02,
        "timestamp_measured": "2019-04-26T13:00:00+00:00",
        "import_log_id": "81a10d83-3e0b-4ef9-a158-8fccda58eaca",
        "rating": 4,
        "status": "validated"
    },
    {
        "id": "46f0ced4-f228-4260-8f1e-08a9b8202ea7",
        "station_id": "0ad72f21-c6b2-4ea0-8ed5-d2d7e3cc7436",
        "component_id": "88afd3d1-6da3-496a-ac81-669a47256d34",
        "value": 39.81,
        "timestamp_measured": "2019-04-26T14:00:00+00:00",
        "import_log_id": "81a10d83-3e0b-4ef9-a158-8fccda58eaca",
        "rating": 4,
        "status": "validated"
    },
    {
        "id": "9efe1e16-4702-491f-aad4-e5cacf4ea11d",
        "station_id": "0ad72f21-c6b2-4ea0-8ed5-d2d7e3cc7436",
        "component_id": "88afd3d1-6da3-496a-ac81-669a47256d34",
        "value": 34.71,
        "timestamp_measured": "2019-04-26T15:00:00+00:00",
        "import_log_id": "81a10d83-3e0b-4ef9-a158-8fccda58eaca",
        "rating": 4,
        "status": "validated"
    },
    {
        "id": "95447504-23c2-40f6-a70f-3b97dfa08291",
        "station_id": "0ad72f21-c6b2-4ea0-8ed5-d2d7e3cc7436",
        "component_id": "88afd3d1-6da3-496a-ac81-669a47256d34",
        "value": 29.25,
        "timestamp_measured": "2019-04-26T16:00:00+00:00",
        "import_log_id": "81a10d83-3e0b-4ef9-a158-8fccda58eaca",
        "rating": 3,
        "status": "validated"
    },
    {
        "id": "6c4adfaa-785d-4f68-b851-2a9b167b01fd",
        "station_id": "0ad72f21-c6b2-4ea0-8ed5-d2d7e3cc7436",
        "component_id": "88afd3d1-6da3-496a-ac81-669a47256d34",
        "value": 35.01,
        "timestamp_measured": "2019-04-26T17:00:00+00:00",
        "import_log_id": "81a10d83-3e0b-4ef9-a158-8fccda58eaca",
        "rating": 4,
        "status": "validated"
    },
    {
        "id": "a174a1c9-a4c7-42af-846e-25b59e26141d",
        "station_id": "0ad72f21-c6b2-4ea0-8ed5-d2d7e3cc7436",
        "component_id": "88afd3d1-6da3-496a-ac81-669a47256d34",
        "value": 34.94,
        "timestamp_measured": "2019-04-26T18:00:00+00:00",
        "import_log_id": "81a10d83-3e0b-4ef9-a158-8fccda58eaca",
        "rating": 4,
        "status": "validated"
    },
    {
        "id": "4ce34517-10ba-439d-8f70-28e8bfa831d7",
        "station_id": "0ad72f21-c6b2-4ea0-8ed5-d2d7e3cc7436",
        "component_id": "88afd3d1-6da3-496a-ac81-669a47256d34",
        "value": 42.43,
        "timestamp_measured": "2019-04-26T19:00:00+00:00",
        "import_log_id": "81a10d83-3e0b-4ef9-a158-8fccda58eaca",
        "rating": 4,
        "status": "validated"
    },
    {
        "id": "e17cc524-f872-4af3-80b0-fdce55b7c855",
        "station_id": "0ad72f21-c6b2-4ea0-8ed5-d2d7e3cc7436",
        "component_id": "88afd3d1-6da3-496a-ac81-669a47256d34",
        "value": 48.44,
        "timestamp_measured": "2019-04-26T20:00:00+00:00",
        "import_log_id": "81a10d83-3e0b-4ef9-a158-8fccda58eaca",
        "rating": 5,
        "status": "validated"
    },
    {
        "id": "b4f6115b-eeb4-486f-a692-04def2dfb94f",
        "station_id": "0ad72f21-c6b2-4ea0-8ed5-d2d7e3cc7436",
        "component_id": "88afd3d1-6da3-496a-ac81-669a47256d34",
        "value": 27.56,
        "timestamp_measured": "2019-04-26T21:00:00+00:00",
        "import_log_id": "81a10d83-3e0b-4ef9-a158-8fccda58eaca",
        "rating": 3,
        "status": "validated"
    },
    {
        "id": "84ba61e0-8a39-4b61-b23c-50079e8872f8",
        "station_id": "0ad72f21-c6b2-4ea0-8ed5-d2d7e3cc7436",
        "component_id": "88afd3d1-6da3-496a-ac81-669a47256d34",
        "value": 19.88,
        "timestamp_measured": "2019-04-26T22:00:00+00:00",
        "import_log_id": "81a10d83-3e0b-4ef9-a158-8fccda58eaca",
        "rating": 2,
        "status": "validated"
    },
    {
        "id": "d3b919bf-beb9-4f84-8b8f-a6dd5ee06f9f",
        "station_id": "0ad72f21-c6b2-4ea0-8ed5-d2d7e3cc7436",
        "component_id": "88afd3d1-6da3-496a-ac81-669a47256d34",
        "value": 25.57,
        "timestamp_measured": "2019-04-26T23:00:00+00:00",
        "import_log_id": "81a10d83-3e0b-4ef9-a158-8fccda58eaca",
        "rating": 3,
        "status": "validated"
    },
    {
        "id": "0ce24f38-f544-4ecc-b3c6-b14635f6a268",
        "station_id": "0ad72f21-c6b2-4ea0-8ed5-d2d7e3cc7436",
        "component_id": "88afd3d1-6da3-496a-ac81-669a47256d34",
        "value": -999.0,
        "timestamp_measured": "2019-04-27T00:00:00+00:00",
        "import_log_id": "81a10d83-3e0b-4ef9-a158-8fccda58eaca",
        "rating": -999,
        "status": "unvalidated"
    },
    {
        "id": "b4c8c47d-6550-44a8-8a8e-6446e295a804",
        "station_id": "0ad72f21-c6b2-4ea0-8ed5-d2d7e3cc7436",
        "component_id": "88afd3d1-6da3-496a-ac81-669a47256d34",
        "value": 29.88,
        "timestamp_measured": "2019-04-27T01:00:00+00:00",
        "import_log_id": "81a10d83-3e0b-4ef9-a158-8fccda58eaca",
        "rating": 3,
        "status": "validated"
    },
    {
        "id": "6c1cd7b5-cb65-4d51-9545-217f50221bee",
        "station_id": "0ad72f21-c6b2-4ea0-8ed5-d2d7e3cc7436",
        "component_id": "88afd3d1-6da3-496a-ac81-669a47256d34",
        "value": 26.89,
        "timestamp_measured": "2019-04-27T02:00:00+00:00",
        "import_log_id": "81a10d83-3e0b-4ef9-a158-8fccda58eaca",
        "rating": 3,
        "status": "validated"
    },
    {
        "id": "87218f30-9271-42a6-902a-1fa668f50ff5",
        "station_id": "0ad72f21-c6b2-4ea0-8ed5-d2d7e3cc7436",
        "component_id": "88afd3d1-6da3-496a-ac81-669a47256d34",
        "value": 24.44,
        "timestamp_measured": "2019-04-27T03:00:00+00:00",
        "import_log_id": "81a10d83-3e0b-4ef9-a158-8fccda58eaca",
        "rating": 3,
        "status": "validated"
    },
    {
        "id": "304b92c5-9c52-4496-ab42-d65f48a46093",
        "station_id": "0ad72f21-c6b2-4ea0-8ed5-d2d7e3cc7436",
        "component_id": "88afd3d1-6da3-496a-ac81-669a47256d34",
        "value": 21.33,
        "timestamp_measured": "2019-04-27T04:00:00+00:00",
        "import_log_id": "81a10d83-3e0b-4ef9-a158-8fccda58eaca",
        "rating": 3,
        "status": "validated"
    },
    {
        "id": "6672e064-730c-4959-bbcb-74f77784377d",
        "station_id": "0ad72f21-c6b2-4ea0-8ed5-d2d7e3cc7436",
        "component_id": "88afd3d1-6da3-496a-ac81-669a47256d34",
        "value": 16.35,
        "timestamp_measured": "2019-04-27T05:00:00+00:00",
        "import_log_id": "81a10d83-3e0b-4ef9-a158-8fccda58eaca",
        "rating": 2,
        "status": "validated"
    },
    {
        "id": "11502dee-ad84-4817-8900-faefa3e67a73",
        "station_id": "0ad72f21-c6b2-4ea0-8ed5-d2d7e3cc7436",
        "component_id": "88afd3d1-6da3-496a-ac81-669a47256d34",
        "value": 14.17,
        "timestamp_measured": "2019-04-27T06:00:00+00:00",
        "import_log_id": "81a10d83-3e0b-4ef9-a158-8fccda58eaca",
        "rating": 2,
        "status": "validated"
    },
    {
        "id": "38f98f3d-090b-49cc-aee1-ce13427809a2",
        "station_id": "0ad72f21-c6b2-4ea0-8ed5-d2d7e3cc7436",
        "component_id": "88afd3d1-6da3-496a-ac81-669a47256d34",
        "value": 15.59,
        "timestamp_measured": "2019-04-27T07:00:00+00:00",
        "import_log_id": "81a10d83-3e0b-4ef9-a158-8fccda58eaca",
        "rating": 2,
        "status": "validated"
    },
    {
        "id": "3e6093cb-795d-46d9-9d45-42ce200388dc",
        "station_id": "0ad72f21-c6b2-4ea0-8ed5-d2d7e3cc7436",
        "component_id": "88afd3d1-6da3-496a-ac81-669a47256d34",
        "value": 13.98,
        "timestamp_measured": "2019-04-27T08:00:00+00:00",
        "import_log_id": "81a10d83-3e0b-4ef9-a158-8fccda58eaca",
        "rating": 2,
        "status": "validated"
    },
    {
        "id": "a6e70678-da4f-4b2e-a4ec-7595c647a596",
        "station_id": "0ad72f21-c6b2-4ea0-8ed5-d2d7e3cc7436",
        "component_id": "88afd3d1-6da3-496a-ac81-669a47256d34",
        "value": 13.33,
        "timestamp_measured": "2019-04-27T09:00:00+00:00",
        "import_log_id": "81a10d83-3e0b-4ef9-a158-8fccda58eaca",
        "rating": 2,
        "status": "validated"
    },
    {
        "id": "cdf227f1-130c-4c57-ab67-23e61578c5d6",
        "station_id": "0ad72f21-c6b2-4ea0-8ed5-d2d7e3cc7436",
        "component_id": "88afd3d1-6da3-496a-ac81-669a47256d34",
        "value": 18.59,
        "timestamp_measured": "2019-04-27T10:00:00+00:00",
        "import_log_id": "81a10d83-3e0b-4ef9-a158-8fccda58eaca",
        "rating": 2,
        "status": "validated"
    },
    {
        "id": "5e3979f7-da36-422f-9ccf-8ed3a656478e",
        "station_id": "0ad72f21-c6b2-4ea0-8ed5-d2d7e3cc7436",
        "component_id": "88afd3d1-6da3-496a-ac81-669a47256d34",
        "value": 17.95,
        "timestamp_measured": "2019-04-27T11:00:00+00:00",
        "import_log_id": "81a10d83-3e0b-4ef9-a158-8fccda58eaca",
        "rating": 2,
        "status": "validated"
    },
    {
        "id": "9aaad4d7-661a-403d-bbf7-d19da822f6ec",
        "station_id": "0ad72f21-c6b2-4ea0-8ed5-d2d7e3cc7436",
        "component_id": "88afd3d1-6da3-496a-ac81-669a47256d34",
        "value": 12.63,
        "timestamp_measured": "2019-04-27T12:00:00+00:00",
        "import_log_id": "81a10d83-3e0b-4ef9-a158-8fccda58eaca",
        "rating": 2,
        "status": "validated"
    },
    {
        "id": "906156da-4c80-43b5-8eaa-b84356d8d400",
        "station_id": "0ad72f21-c6b2-4ea0-8ed5-d2d7e3cc7436",
        "component_id": "88afd3d1-6da3-496a-ac81-669a47256d34",
        "value": 17.24,
        "timestamp_measured": "2019-04-27T13:00:00+00:00",
        "import_log_id": "81a10d83-3e0b-4ef9-a158-8fccda58eaca",
        "rating": 2,
        "status": "validated"
    },
    {
        "id": "6c5c504d-da75-4a39-a763-3c838d699908",
        "station_id": "0ad72f21-c6b2-4ea0-8ed5-d2d7e3cc7436",
        "component_id": "88afd3d1-6da3-496a-ac81-669a47256d34",
        "value": 19.36,
        "timestamp_measured": "2019-04-27T14:00:00+00:00",
        "import_log_id": "81a10d83-3e0b-4ef9-a158-8fccda58eaca",
        "rating": 2,
        "status": "validated"
    },
    {
        "id": "4699f215-5eed-4063-aea3-f73856fb7383",
        "station_id": "0ad72f21-c6b2-4ea0-8ed5-d2d7e3cc7436",
        "component_id": "88afd3d1-6da3-496a-ac81-669a47256d34",
        "value": 16.41,
        "timestamp_measured": "2019-04-27T15:00:00+00:00",
        "import_log_id": "81a10d83-3e0b-4ef9-a158-8fccda58eaca",
        "rating": 2,
        "status": "validated"
    },
    {
        "id": "eb41255c-8d5d-4eae-97ab-550927935b5c",
        "station_id": "0ad72f21-c6b2-4ea0-8ed5-d2d7e3cc7436",
        "component_id": "88afd3d1-6da3-496a-ac81-669a47256d34",
        "value": 16.05,
        "timestamp_measured": "2019-04-27T16:00:00+00:00",
        "import_log_id": "81a10d83-3e0b-4ef9-a158-8fccda58eaca",
        "rating": 2,
        "status": "validated"
    },
    {
        "id": "5965e1ec-64ab-4333-a8c8-20e1365f835a",
        "station_id": "0ad72f21-c6b2-4ea0-8ed5-d2d7e3cc7436",
        "component_id": "88afd3d1-6da3-496a-ac81-669a47256d34",
        "value": 15.83,
        "timestamp_measured": "2019-04-27T17:00:00+00:00",
        "import_log_id": "81a10d83-3e0b-4ef9-a158-8fccda58eaca",
        "rating": 2,
        "status": "validated"
    },
    {
        "id": "64eb77d9-02f5-4b7d-8c7c-d5e21c0f5efa",
        "station_id": "0ad72f21-c6b2-4ea0-8ed5-d2d7e3cc7436",
        "component_id": "88afd3d1-6da3-496a-ac81-669a47256d34",
        "value": 14.32,
        "timestamp_measured": "2019-04-27T18:00:00+00:00",
        "import_log_id": "81a10d83-3e0b-4ef9-a158-8fccda58eaca",
        "rating": 2,
        "status": "validated"
    },
    {
        "id": "f575954b-bf0a-4247-a369-a96a224a1f3f",
        "station_id": "0ad72f21-c6b2-4ea0-8ed5-d2d7e3cc7436",
        "component_id": "88afd3d1-6da3-496a-ac81-669a47256d34",
        "value": 23.36,
        "timestamp_measured": "2019-04-27T19:00:00+00:00",
        "import_log_id": "81a10d83-3e0b-4ef9-a158-8fccda58eaca",
        "rating": 3,
        "status": "validated"
    },
    {
        "id": "d77bfde9-5be0-49f4-910f-da2029e7dd4a",
        "station_id": "0ad72f21-c6b2-4ea0-8ed5-d2d7e3cc7436",
        "component_id": "88afd3d1-6da3-496a-ac81-669a47256d34",
        "value": 20.76,
        "timestamp_measured": "2019-04-27T20:00:00+00:00",
        "import_log_id": "81a10d83-3e0b-4ef9-a158-8fccda58eaca",
        "rating": 3,
        "status": "validated"
    },
    {
        "id": "f06b8a9b-3663-4dfb-bc85-b87329e3c6eb",
        "station_id": "0ad72f21-c6b2-4ea0-8ed5-d2d7e3cc7436",
        "component_id": "88afd3d1-6da3-496a-ac81-669a47256d34",
        "value": 15.32,
        "timestamp_measured": "2019-04-27T21:00:00+00:00",
        "import_log_id": "81a10d83-3e0b-4ef9-a158-8fccda58eaca",
        "rating": 2,
        "status": "validated"
    },
    {
        "id": "8a67cf80-cbea-4e5f-81ac-2b680e7ee3d4",
        "station_id": "0ad72f21-c6b2-4ea0-8ed5-d2d7e3cc7436",
        "component_id": "88afd3d1-6da3-496a-ac81-669a47256d34",
        "value": 17.49,
        "timestamp_measured": "2019-04-27T22:00:00+00:00",
        "import_log_id": "81a10d83-3e0b-4ef9-a158-8fccda58eaca",
        "rating": 2,
        "status": "validated"
    },
    {
        "id": "7796719f-9125-461d-b5f5-ba18772baf14",
        "station_id": "0ad72f21-c6b2-4ea0-8ed5-d2d7e3cc7436",
        "component_id": "88afd3d1-6da3-496a-ac81-669a47256d34",
        "value": 19.23,
        "timestamp_measured": "2019-04-27T23:00:00+00:00",
        "import_log_id": "81a10d83-3e0b-4ef9-a158-8fccda58eaca",
        "rating": 2,
        "status": "validated"
    },
    {
        "id": "40903d67-a200-4875-b46f-355ef81b611c",
        "station_id": "0ad72f21-c6b2-4ea0-8ed5-d2d7e3cc7436",
        "component_id": "88afd3d1-6da3-496a-ac81-669a47256d34",
        "value": 18.76,
        "timestamp_measured": "2019-04-28T00:00:00+00:00",
        "import_log_id": "81a10d83-3e0b-4ef9-a158-8fccda58eaca",
        "rating": 2,
        "status": "validated"
    },
    {
        "id": "960e16be-6b6d-442f-9f35-5cfec67f83d8",
        "station_id": "0ad72f21-c6b2-4ea0-8ed5-d2d7e3cc7436",
        "component_id": "88afd3d1-6da3-496a-ac81-669a47256d34",
        "value": 16.2,
        "timestamp_measured": "2019-04-28T01:00:00+00:00",
        "import_log_id": "81a10d83-3e0b-4ef9-a158-8fccda58eaca",
        "rating": 2,
        "status": "validated"
    },
    {
        "id": "158693ab-28ca-4292-987f-9764a3dd8221",
        "station_id": "0ad72f21-c6b2-4ea0-8ed5-d2d7e3cc7436",
        "component_id": "88afd3d1-6da3-496a-ac81-669a47256d34",
        "value": 19.37,
        "timestamp_measured": "2019-04-28T02:00:00+00:00",
        "import_log_id": "81a10d83-3e0b-4ef9-a158-8fccda58eaca",
        "rating": 2,
        "status": "validated"
    },
    {
        "id": "a9f380ca-8852-45e2-b697-861605ebc332",
        "station_id": "0ad72f21-c6b2-4ea0-8ed5-d2d7e3cc7436",
        "component_id": "88afd3d1-6da3-496a-ac81-669a47256d34",
        "value": 10.24,
        "timestamp_measured": "2019-04-28T03:00:00+00:00",
        "import_log_id": "81a10d83-3e0b-4ef9-a158-8fccda58eaca",
        "rating": 2,
        "status": "validated"
    },
    {
        "id": "3649b9d7-f9a8-4de1-a460-8b17770bff96",
        "station_id": "0ad72f21-c6b2-4ea0-8ed5-d2d7e3cc7436",
        "component_id": "88afd3d1-6da3-496a-ac81-669a47256d34",
        "value": 8.51,
        "timestamp_measured": "2019-04-28T04:00:00+00:00",
        "import_log_id": "81a10d83-3e0b-4ef9-a158-8fccda58eaca",
        "rating": 1,
        "status": "validated"
    },
    {
        "id": "4a9bf8bd-01a1-42dc-afec-b6a59e1e3a0d",
        "station_id": "0ad72f21-c6b2-4ea0-8ed5-d2d7e3cc7436",
        "component_id": "88afd3d1-6da3-496a-ac81-669a47256d34",
        "value": 10.6,
        "timestamp_measured": "2019-04-28T05:00:00+00:00",
        "import_log_id": "81a10d83-3e0b-4ef9-a158-8fccda58eaca",
        "rating": 2,
        "status": "validated"
    },
    {
        "id": "76b9695e-64f0-4fcb-8a14-ee40549d452e",
        "station_id": "0ad72f21-c6b2-4ea0-8ed5-d2d7e3cc7436",
        "component_id": "88afd3d1-6da3-496a-ac81-669a47256d34",
        "value": 10.82,
        "timestamp_measured": "2019-04-28T06:00:00+00:00",
        "import_log_id": "81a10d83-3e0b-4ef9-a158-8fccda58eaca",
        "rating": 2,
        "status": "validated"
    },
    {
        "id": "70316d9b-e7ff-43fd-b588-aa370f833a73",
        "station_id": "0ad72f21-c6b2-4ea0-8ed5-d2d7e3cc7436",
        "component_id": "88afd3d1-6da3-496a-ac81-669a47256d34",
        "value": 8.74,
        "timestamp_measured": "2019-04-28T07:00:00+00:00",
        "import_log_id": "81a10d83-3e0b-4ef9-a158-8fccda58eaca",
        "rating": 1,
        "status": "validated"
    },
    {
        "id": "f825604a-27e1-4c74-a564-f6ad6619dc57",
        "station_id": "0ad72f21-c6b2-4ea0-8ed5-d2d7e3cc7436",
        "component_id": "88afd3d1-6da3-496a-ac81-669a47256d34",
        "value": 7.92,
        "timestamp_measured": "2019-04-28T08:00:00+00:00",
        "import_log_id": "81a10d83-3e0b-4ef9-a158-8fccda58eaca",
        "rating": 1,
        "status": "validated"
    },
    {
        "id": "37178612-b632-4a9f-8ad6-7871de5b4e95",
        "station_id": "0ad72f21-c6b2-4ea0-8ed5-d2d7e3cc7436",
        "component_id": "88afd3d1-6da3-496a-ac81-669a47256d34",
        "value": 10.86,
        "timestamp_measured": "2019-04-28T09:00:00+00:00",
        "import_log_id": "81a10d83-3e0b-4ef9-a158-8fccda58eaca",
        "rating": 2,
        "status": "validated"
    },
    {
        "id": "d9797c8f-0663-403f-910e-9f130f0be940",
        "station_id": "0ad72f21-c6b2-4ea0-8ed5-d2d7e3cc7436",
        "component_id": "88afd3d1-6da3-496a-ac81-669a47256d34",
        "value": 12.38,
        "timestamp_measured": "2019-04-28T10:00:00+00:00",
        "import_log_id": "81a10d83-3e0b-4ef9-a158-8fccda58eaca",
        "rating": 2,
        "status": "validated"
    },
    {
        "id": "e9261f44-4e65-4520-af62-d71994b2de2c",
        "station_id": "0ad72f21-c6b2-4ea0-8ed5-d2d7e3cc7436",
        "component_id": "88afd3d1-6da3-496a-ac81-669a47256d34",
        "value": 13.24,
        "timestamp_measured": "2019-04-28T11:00:00+00:00",
        "import_log_id": "81a10d83-3e0b-4ef9-a158-8fccda58eaca",
        "rating": 2,
        "status": "validated"
    },
    {
        "id": "47851738-cd9c-468f-a534-7de55f985ccc",
        "station_id": "0ad72f21-c6b2-4ea0-8ed5-d2d7e3cc7436",
        "component_id": "88afd3d1-6da3-496a-ac81-669a47256d34",
        "value": 14.54,
        "timestamp_measured": "2019-04-28T12:00:00+00:00",
        "import_log_id": "81a10d83-3e0b-4ef9-a158-8fccda58eaca",
        "rating": 2,
        "status": "validated"
    },
    {
        "id": "a5d45066-5399-4007-b219-43e24869aa9d",
        "station_id": "0ad72f21-c6b2-4ea0-8ed5-d2d7e3cc7436",
        "component_id": "88afd3d1-6da3-496a-ac81-669a47256d34",
        "value": 12.93,
        "timestamp_measured": "2019-04-28T13:00:00+00:00",
        "import_log_id": "81a10d83-3e0b-4ef9-a158-8fccda58eaca",
        "rating": 2,
        "status": "validated"
    },
    {
        "id": "52fd26a6-d9df-4b54-a3ac-2221a97a9244",
        "station_id": "0ad72f21-c6b2-4ea0-8ed5-d2d7e3cc7436",
        "component_id": "88afd3d1-6da3-496a-ac81-669a47256d34",
        "value": 13.97,
        "timestamp_measured": "2019-04-28T14:00:00+00:00",
        "import_log_id": "81a10d83-3e0b-4ef9-a158-8fccda58eaca",
        "rating": 2,
        "status": "validated"
    },
    {
        "id": "b39ffd0f-7d9c-4bba-afda-08736b845b63",
        "station_id": "0ad72f21-c6b2-4ea0-8ed5-d2d7e3cc7436",
        "component_id": "88afd3d1-6da3-496a-ac81-669a47256d34",
        "value": 15.85,
        "timestamp_measured": "2019-04-28T15:00:00+00:00",
        "import_log_id": "81a10d83-3e0b-4ef9-a158-8fccda58eaca",
        "rating": 2,
        "status": "validated"
    },
    {
        "id": "ddcf99e4-7bc8-423d-9ab9-bb20106847b8",
        "station_id": "0ad72f21-c6b2-4ea0-8ed5-d2d7e3cc7436",
        "component_id": "88afd3d1-6da3-496a-ac81-669a47256d34",
        "value": 13.04,
        "timestamp_measured": "2019-04-28T16:00:00+00:00",
        "import_log_id": "81a10d83-3e0b-4ef9-a158-8fccda58eaca",
        "rating": 2,
        "status": "validated"
    },
    {
        "id": "906101b8-cd52-4647-8eb0-340273544b9f",
        "station_id": "0ad72f21-c6b2-4ea0-8ed5-d2d7e3cc7436",
        "component_id": "88afd3d1-6da3-496a-ac81-669a47256d34",
        "value": 15.05,
        "timestamp_measured": "2019-04-28T17:00:00+00:00",
        "import_log_id": "81a10d83-3e0b-4ef9-a158-8fccda58eaca",
        "rating": 2,
        "status": "validated"
    },
    {
        "id": "9bbcfee2-f754-4430-9164-10559b7b7325",
        "station_id": "0ad72f21-c6b2-4ea0-8ed5-d2d7e3cc7436",
        "component_id": "88afd3d1-6da3-496a-ac81-669a47256d34",
        "value": 18.73,
        "timestamp_measured": "2019-04-28T18:00:00+00:00",
        "import_log_id": "81a10d83-3e0b-4ef9-a158-8fccda58eaca",
        "rating": 2,
        "status": "validated"
    },
    {
        "id": "d3cd2e82-361e-40bf-8347-9c4b97a1388c",
        "station_id": "0ad72f21-c6b2-4ea0-8ed5-d2d7e3cc7436",
        "component_id": "88afd3d1-6da3-496a-ac81-669a47256d34",
        "value": 22.49,
        "timestamp_measured": "2019-04-28T19:00:00+00:00",
        "import_log_id": "81a10d83-3e0b-4ef9-a158-8fccda58eaca",
        "rating": 3,
        "status": "validated"
    },
    {
        "id": "9bbae7cc-8db2-449f-8396-34c76b2994b4",
        "station_id": "0ad72f21-c6b2-4ea0-8ed5-d2d7e3cc7436",
        "component_id": "88afd3d1-6da3-496a-ac81-669a47256d34",
        "value": 34.69,
        "timestamp_measured": "2019-04-28T20:00:00+00:00",
        "import_log_id": "81a10d83-3e0b-4ef9-a158-8fccda58eaca",
        "rating": 4,
        "status": "validated"
    },
    {
        "id": "692ae0bd-4791-4d46-869e-a6a91a8d5191",
        "station_id": "0ad72f21-c6b2-4ea0-8ed5-d2d7e3cc7436",
        "component_id": "88afd3d1-6da3-496a-ac81-669a47256d34",
        "value": 43.98,
        "timestamp_measured": "2019-04-28T21:00:00+00:00",
        "import_log_id": "81a10d83-3e0b-4ef9-a158-8fccda58eaca",
        "rating": 4,
        "status": "validated"
    },
    {
        "id": "0ce24f38-f544-4ecc-b3c6-b14635f6a268",
        "station_id": "0ad72f21-c6b2-4ea0-8ed5-d2d7e3cc7436",
        "component_id": "88afd3d1-6da3-496a-ac81-669a47256d34",
        "value": -999.0,
        "timestamp_measured": "2019-04-28T22:00:00+00:00",
        "import_log_id": "81a10d83-3e0b-4ef9-a158-8fccda58eaca",
        "rating": -999,
        "status": "unvalidated"
    }
]