[
    {
        "id": "83834a71-241b-41bd-9bd2-98f8aed0c8fc",
        "station_id": "5b2a40aa-e9db-47bf-88cb-d14fe8b7790e",
        "component_id": "88afd3d1-6da3-496a-ac81-669a47256d34",
        "value": 22.78,
        "timestamp_measured": "2019-04-07T22:00:00+00:00",
        "import_log_id": "62889f83-98ab-418b-b7a6-6feedf336fda",
        "rating": 3,
        "status": "validated"
    },
    {
        "id": "92e49d9a-0e87-4c74-b86d-e9319214636d",
        "station_id": "5b2a40aa-e9db-47bf-88cb-d14fe8b7790e",
        "component_id": "88afd3d1-6da3-496a-ac81-669a47256d34",
        "value": 19.17,
        "timestamp_measured": "2019-04-07T23:00:00+00:00",
        "import_log_id": "62889f83-98ab-418b-b7a6-6feedf336fda",
        "rating": 2,
        "status": "validated"
    },
    {
        "id": "8e71331c-0452-488a-b14a-dc34e5f61bb4",
        "station_id": "5b2a40aa-e9db-47bf-88cb-d14fe8b7790e",
        "component_id": "88afd3d1-6da3-496a-ac81-669a47256d34",
        "value": 16.14,
        "timestamp_measured": "2019-04-08T00:00:00+00:00",
        "import_log_id": "62889f83-98ab-418b-b7a6-6feedf336fda",
        "rating": 2,
        "status": "validated"
    },
    {
        "id": "0d1d6ff4-7675-43ef-81ad-a811b532c9b5",
        "station_id": "5b2a40aa-e9db-47bf-88cb-d14fe8b7790e",
        "component_id": "88afd3d1-6da3-496a-ac81-669a47256d34",
        "value": 14.93,
        "timestamp_measured": "2019-04-08T01:00:00+00:00",
        "import_log_id": "62889f83-98ab-418b-b7a6-6feedf336fda",
        "rating": 2,
        "status": "validated"
    },
    {
        "id": "594f4b98-6ace-4d07-95c8-5eed9a0a0536",
        "station_id": "5b2a40aa-e9db-47bf-88cb-d14fe8b7790e",
        "component_id": "88afd3d1-6da3-496a-ac81-669a47256d34",
        "value": 14.74,
        "timestamp_measured": "2019-04-08T02:00:00+00:00",
        "import_log_id": "62889f83-98ab-418b-b7a6-6feedf336fda",
        "rating": 2,
        "status": "validated"
    },
    {
        "id": "0a12e41a-3c0c-4ee4-9411-b224efec66a2",
        "station_id": "5b2a40aa-e9db-47bf-88cb-d14fe8b7790e",
        "component_id": "88afd3d1-6da3-496a-ac81-669a47256d34",
        "value": 12.13,
        "timestamp_measured": "2019-04-08T03:00:00+00:00",
        "import_log_id": "62889f83-98ab-418b-b7a6-6feedf336fda",
        "rating": 2,
        "status": "validated"
    },
    {
        "id": "12a7f9de-2cd0-4404-9e47-3c93972af68b",
        "station_id": "5b2a40aa-e9db-47bf-88cb-d14fe8b7790e",
        "component_id": "88afd3d1-6da3-496a-ac81-669a47256d34",
        "value": 12.38,
        "timestamp_measured": "2019-04-08T04:00:00+00:00",
        "import_log_id": "62889f83-98ab-418b-b7a6-6feedf336fda",
        "rating": 2,
        "status": "validated"
    },
    {
        "id": "11b27e0d-58ff-41c3-944d-57497bf0de42",
        "station_id": "5b2a40aa-e9db-47bf-88cb-d14fe8b7790e",
        "component_id": "88afd3d1-6da3-496a-ac81-669a47256d34",
        "value": 10.78,
        "timestamp_measured": "2019-04-08T05:00:00+00:00",
        "import_log_id": "62889f83-98ab-418b-b7a6-6feedf336fda",
        "rating": 2,
        "status": "validated"
    },
    {
        "id": "44e4cd34-b9d4-4129-97ed-a8c8b132d227",
        "station_id": "5b2a40aa-e9db-47bf-88cb-d14fe8b7790e",
        "component_id": "88afd3d1-6da3-496a-ac81-669a47256d34",
        "value": 9.26,
        "timestamp_measured": "2019-04-08T06:00:00+00:00",
        "import_log_id": "62889f83-98ab-418b-b7a6-6feedf336fda",
        "rating": 1,
        "status": "validated"
    },
    {
        "id": "b8c01b1a-28fd-4bf3-b2f9-957e884fe3a9",
        "station_id": "5b2a40aa-e9db-47bf-88cb-d14fe8b7790e",
        "component_id": "88afd3d1-6da3-496a-ac81-669a47256d34",
        "value": 9.89,
        "timestamp_measured": "2019-04-08T07:00:00+00:00",
        "import_log_id": "62889f83-98ab-418b-b7a6-6feedf336fda",
        "rating": 1,
        "status": "validated"
    },
    {
        "id": "36c07997-1538-4a19-80cc-dc8bd84b4ecf",
        "station_id": "5b2a40aa-e9db-47bf-88cb-d14fe8b7790e",
        "component_id": "88afd3d1-6da3-496a-ac81-669a47256d34",
        "value": 10.41,
        "timestamp_measured": "2019-04-08T08:00:00+00:00",
        "import_log_id": "62889f83-98ab-418b-b7a6-6feedf336fda",
        "rating": 2,
        "status": "validated"
    },
    {
        "id": "f2793121-bc76-4b9a-a606-2bdcc9397aeb",
        "station_id": "5b2a40aa-e9db-47bf-88cb-d14fe8b7790e",
        "component_id": "88afd3d1-6da3-496a-ac81-669a47256d34",
        "value": 10.89,
        "timestamp_measured": "2019-04-08T09:00:00+00:00",
        "import_log_id": "62889f83-98ab-418b-b7a6-6feedf336fda",
        "rating": 2,
        "status": "validated"
    },
    {
        "id": "26d96900-0947-433d-b81b-dc98c3058286",
        "station_id": "5b2a40aa-e9db-47bf-88cb-d14fe8b7790e",
        "component_id": "88afd3d1-6da3-496a-ac81-669a47256d34",
        "value": 11.36,
        "timestamp_measured": "2019-04-08T10:00:00+00:00",
        "import_log_id": "62889f83-98ab-418b-b7a6-6feedf336fda",
        "rating": 2,
        "status": "validated"
    },
    {
        "id": "0f8f3ec8-35e5-4310-a748-58077ac5ecff",
        "station_id": "5b2a40aa-e9db-47bf-88cb-d14fe8b7790e",
        "component_id": "88afd3d1-6da3-496a-ac81-669a47256d34",
        "value": 12.21,
        "timestamp_measured": "2019-04-08T11:00:00+00:00",
        "import_log_id": "62889f83-98ab-418b-b7a6-6feedf336fda",
        "rating": 2,
        "status": "validated"
    },
    {
        "id": "5d472fc6-0b60-4c3b-87c2-c09f47251504",
        "station_id": "5b2a40aa-e9db-47bf-88cb-d14fe8b7790e",
        "component_id": "88afd3d1-6da3-496a-ac81-669a47256d34",
        "value": 12.06,
        "timestamp_measured": "2019-04-08T12:00:00+00:00",
        "import_log_id": "62889f83-98ab-418b-b7a6-6feedf336fda",
        "rating": 2,
        "status": "validated"
    },
    {
        "id": "2f84ce2a-2b46-45d8-9204-ba0015b3bdb3",
        "station_id": "5b2a40aa-e9db-47bf-88cb-d14fe8b7790e",
        "component_id": "88afd3d1-6da3-496a-ac81-669a47256d34",
        "value": 11.23,
        "timestamp_measured": "2019-04-08T13:00:00+00:00",
        "import_log_id": "62889f83-98ab-418b-b7a6-6feedf336fda",
        "rating": 2,
        "status": "validated"
    },
    {
        "id": "dac109be-ccb8-40b7-b179-38eda3dd90c4",
        "station_id": "5b2a40aa-e9db-47bf-88cb-d14fe8b7790e",
        "component_id": "88afd3d1-6da3-496a-ac81-669a47256d34",
        "value": 25.24,
        "timestamp_measured": "2019-04-08T14:00:00+00:00",
        "import_log_id": "62889f83-98ab-418b-b7a6-6feedf336fda",
        "rating": 3,
        "status": "validated"
    },
    {
        "id": "2cea74fe-6cb4-4938-8a8b-9ef4394d04b7",
        "station_id": "5b2a40aa-e9db-47bf-88cb-d14fe8b7790e",
        "component_id": "88afd3d1-6da3-496a-ac81-669a47256d34",
        "value": 16.04,
        "timestamp_measured": "2019-04-08T15:00:00+00:00",
        "import_log_id": "62889f83-98ab-418b-b7a6-6feedf336fda",
        "rating": 2,
        "status": "validated"
    },
    {
        "id": "1efabeab-bc42-4e08-b3e7-22ca7032653a",
        "station_id": "5b2a40aa-e9db-47bf-88cb-d14fe8b7790e",
        "component_id": "88afd3d1-6da3-496a-ac81-669a47256d34",
        "value": 11.23,
        "timestamp_measured": "2019-04-08T16:00:00+00:00",
        "import_log_id": "62889f83-98ab-418b-b7a6-6feedf336fda",
        "rating": 2,
        "status": "validated"
    },
    {
        "id": "fb74dea1-9dbf-4048-9182-63b337cca2f8",
        "station_id": "5b2a40aa-e9db-47bf-88cb-d14fe8b7790e",
        "component_id": "88afd3d1-6da3-496a-ac81-669a47256d34",
        "value": 11.65,
        "timestamp_measured": "2019-04-08T17:00:00+00:00",
        "import_log_id": "62889f83-98ab-418b-b7a6-6feedf336fda",
        "rating": 2,
        "status": "validated"
    },
    {
        "id": "0fee0741-4f72-4f64-879b-76ec9b9afa57",
        "station_id": "5b2a40aa-e9db-47bf-88cb-d14fe8b7790e",
        "component_id": "88afd3d1-6da3-496a-ac81-669a47256d34",
        "value": 12.91,
        "timestamp_measured": "2019-04-08T18:00:00+00:00",
        "import_log_id": "62889f83-98ab-418b-b7a6-6feedf336fda",
        "rating": 2,
        "status": "validated"
    },
    {
        "id": "89df9cd8-f73f-44e4-93ad-9207ee31b3cb",
        "station_id": "5b2a40aa-e9db-47bf-88cb-d14fe8b7790e",
        "component_id": "88afd3d1-6da3-496a-ac81-669a47256d34",
        "value": 15.77,
        "timestamp_measured": "2019-04-08T19:00:00+00:00",
        "import_log_id": "62889f83-98ab-418b-b7a6-6feedf336fda",
        "rating": 2,
        "status": "validated"
    },
    {
        "id": "9119391c-2933-472b-ba96-7c05cdb1fc53",
        "station_id": "5b2a40aa-e9db-47bf-88cb-d14fe8b7790e",
        "component_id": "88afd3d1-6da3-496a-ac81-669a47256d34",
        "value": 15.28,
        "timestamp_measured": "2019-04-08T20:00:00+00:00",
        "import_log_id": "62889f83-98ab-418b-b7a6-6feedf336fda",
        "rating": 2,
        "status": "validated"
    },
    {
        "id": "c33c8889-41c5-40b4-9af5-93d87168a560",
        "station_id": "5b2a40aa-e9db-47bf-88cb-d14fe8b7790e",
        "component_id": "88afd3d1-6da3-496a-ac81-669a47256d34",
        "value": 21.49,
        "timestamp_measured": "2019-04-08T21:00:00+00:00",
        "import_log_id": "62889f83-98ab-418b-b7a6-6feedf336fda",
        "rating": 3,
        "status": "validated"
    },
    {
        "id": "c4c22803-5566-4bc7-b70a-c9beaf45656f",
        "station_id": "5b2a40aa-e9db-47bf-88cb-d14fe8b7790e",
        "component_id": "88afd3d1-6da3-496a-ac81-669a47256d34",
        "value": 30.88,
        "timestamp_measured": "2019-04-08T22:00:00+00:00",
        "import_log_id": "62889f83-98ab-418b-b7a6-6feedf336fda",
        "rating": 4,
        "status": "validated"
    },
    {
        "id": "7e69aa1f-6d91-4937-89e5-006aeb948523",
        "station_id": "5b2a40aa-e9db-47bf-88cb-d14fe8b7790e",
        "component_id": "88afd3d1-6da3-496a-ac81-669a47256d34",
        "value": 28.33,
        "timestamp_measured": "2019-04-08T23:00:00+00:00",
        "import_log_id": "62889f83-98ab-418b-b7a6-6feedf336fda",
        "rating": 3,
        "status": "validated"
    },
    {
        "id": "07d2bd79-7d6d-445f-ae37-ef55adb9fe74",
        "station_id": "5b2a40aa-e9db-47bf-88cb-d14fe8b7790e",
        "component_id": "88afd3d1-6da3-496a-ac81-669a47256d34",
        "value": 31.58,
        "timestamp_measured": "2019-04-09T00:00:00+00:00",
        "import_log_id": "62889f83-98ab-418b-b7a6-6feedf336fda",
        "rating": 4,
        "status": "validated"
    },
    {
        "id": "89d0da46-9f1c-4384-8a59-a726f7c230d4",
        "station_id": "5b2a40aa-e9db-47bf-88cb-d14fe8b7790e",
        "component_id": "88afd3d1-6da3-496a-ac81-669a47256d34",
        "value": 17.89,
        "timestamp_measured": "2019-04-09T01:00:00+00:00",
        "import_log_id": "62889f83-98ab-418b-b7a6-6feedf336fda",
        "rating": 2,
        "status": "validated"
    },
    {
        "id": "dbda3e14-3aba-4fa9-8a39-baa95f8ddea2",
        "station_id": "5b2a40aa-e9db-47bf-88cb-d14fe8b7790e",
        "component_id": "88afd3d1-6da3-496a-ac81-669a47256d34",
        "value": 26.48,
        "timestamp_measured": "2019-04-09T02:00:00+00:00",
        "import_log_id": "62889f83-98ab-418b-b7a6-6feedf336fda",
        "rating": 3,
        "status": "validated"
    },
    {
        "id": "a6744601-d4e9-41c6-a939-6640169186b8",
        "station_id": "5b2a40aa-e9db-47bf-88cb-d14fe8b7790e",
        "component_id": "88afd3d1-6da3-496a-ac81-669a47256d34",
        "value": 36.02,
        "timestamp_measured": "2019-04-09T03:00:00+00:00",
        "import_log_id": "62889f83-98ab-418b-b7a6-6feedf336fda",
        "rating": 4,
        "status": "validated"
    },
    {
        "id": "2c0a8e93-712d-4866-8516-7885d3a77662",
        "station_id": "5b2a40aa-e9db-47bf-88cb-d14fe8b7790e",
        "component_id": "88afd3d1-6da3-496a-ac81-669a47256d34",
        "value": 20.23,
        "timestamp_measured": "2019-04-09T04:00:00+00:00",
        "import_log_id": "62889f83-98ab-418b-b7a6-6feedf336fda",
        "rating": 3,
        "status": "validated"
    },
    {
        "id": "2ccdf9d1-53f2-4c15-8fa9-a48262ada363",
        "station_id": "5b2a40aa-e9db-47bf-88cb-d14fe8b7790e",
        "component_id": "88afd3d1-6da3-496a-ac81-669a47256d34",
        "value": 38.25,
        "timestamp_measured": "2019-04-09T05:00:00+00:00",
        "import_log_id": "62889f83-98ab-418b-b7a6-6feedf336fda",
        "rating": 4,
        "status": "validated"
    },
    {
        "id": "8902fb29-c339-469b-96d2-3779da71bb80",
        "station_id": "5b2a40aa-e9db-47bf-88cb-d14fe8b7790e",
        "component_id": "88afd3d1-6da3-496a-ac81-669a47256d34",
        "value": 33.57,
        "timestamp_measured": "2019-04-09T06:00:00+00:00",
        "import_log_id": "62889f83-98ab-418b-b7a6-6feedf336fda",
        "rating": 4,
        "status": "validated"
    },
    {
        "id": "602bb507-c117-442a-94d4-8ab70ae51a6b",
        "station_id": "5b2a40aa-e9db-47bf-88cb-d14fe8b7790e",
        "component_id": "88afd3d1-6da3-496a-ac81-669a47256d34",
        "value": 33.02,
        "timestamp_measured": "2019-04-09T07:00:00+00:00",
        "import_log_id": "62889f83-98ab-418b-b7a6-6feedf336fda",
        "rating": 4,
        "status": "validated"
    },
    {
        "id": "fae449ba-735b-4e16-9154-4ebf8bfa3561",
        "station_id": "5b2a40aa-e9db-47bf-88cb-d14fe8b7790e",
        "component_id": "88afd3d1-6da3-496a-ac81-669a47256d34",
        "value": 26.05,
        "timestamp_measured": "2019-04-09T08:00:00+00:00",
        "import_log_id": "62889f83-98ab-418b-b7a6-6feedf336fda",
        "rating": 3,
        "status": "validated"
    },
    {
        "id": "9b1b28f0-3163-4220-a314-82566c39e340",
        "station_id": "5b2a40aa-e9db-47bf-88cb-d14fe8b7790e",
        "component_id": "88afd3d1-6da3-496a-ac81-669a47256d34",
        "value": 25.03,
        "timestamp_measured": "2019-04-09T09:00:00+00:00",
        "import_log_id": "62889f83-98ab-418b-b7a6-6feedf336fda",
        "rating": 3,
        "status": "validated"
    },
    {
        "id": "d86fd486-e482-48ff-b691-96a02fc52244",
        "station_id": "5b2a40aa-e9db-47bf-88cb-d14fe8b7790e",
        "component_id": "88afd3d1-6da3-496a-ac81-669a47256d34",
        "value": 25.58,
        "timestamp_measured": "2019-04-09T10:00:00+00:00",
        "import_log_id": "62889f83-98ab-418b-b7a6-6feedf336fda",
        "rating": 3,
        "status": "validated"
    },
    {
        "id": "71e0dc1e-b750-4393-bbd2-b4e11e4883b7",
        "station_id": "5b2a40aa-e9db-47bf-88cb-d14fe8b7790e",
        "component_id": "88afd3d1-6da3-496a-ac81-669a47256d34",
        "value": 22.2,
        "timestamp_measured": "2019-04-09T11:00:00+00:00",
        "import_log_id": "62889f83-98ab-418b-b7a6-6feedf336fda",
        "rating": 3,
        "status": "validated"
    },
    {
        "id": "7d0facaa-58a7-42f7-a321-467c2958275f",
        "station_id": "5b2a40aa-e9db-47bf-88cb-d14fe8b7790e",
        "component_id": "88afd3d1-6da3-496a-ac81-669a47256d34",
        "value": 21.18,
        "timestamp_measured": "2019-04-09T12:00:00+00:00",
        "import_log_id": "62889f83-98ab-418b-b7a6-6feedf336fda",
        "rating": 3,
        "status": "validated"
    },
    {
        "id": "d7ac2c8e-b8a4-467a-b6d6-4b3c9cfe26f4",
        "station_id": "5b2a40aa-e9db-47bf-88cb-d14fe8b7790e",
        "component_id": "88afd3d1-6da3-496a-ac81-669a47256d34",
        "value": 20.96,
        "timestamp_measured": "2019-04-09T13:00:00+00:00",
        "import_log_id": "62889f83-98ab-418b-b7a6-6feedf336fda",
        "rating": 3,
        "status": "validated"
    },
    {
        "id": "9d2beed8-4900-4643-b29c-327a311afa23",
        "station_id": "5b2a40aa-e9db-47bf-88cb-d14fe8b7790e",
        "component_id": "88afd3d1-6da3-496a-ac81-669a47256d34",
        "value": 21.09,
        "timestamp_measured": "2019-04-09T14:00:00+00:00",
        "import_log_id": "62889f83-98ab-418b-b7a6-6feedf336fda",
        "rating": 3,
        "status": "validated"
    },
    {
        "id": "090ec887-adf4-47e8-9cfc-4ecefde4c0a0",
        "station_id": "5b2a40aa-e9db-47bf-88cb-d14fe8b7790e",
        "component_id": "88afd3d1-6da3-496a-ac81-669a47256d34",
        "value": 22.14,
        "timestamp_measured": "2019-04-09T15:00:00+00:00",
        "import_log_id": "62889f83-98ab-418b-b7a6-6feedf336fda",
        "rating": 3,
        "status": "validated"
    },
    {
        "id": "6d2a74c8-c24b-415d-ad0b-d952075f0ff1",
        "station_id": "5b2a40aa-e9db-47bf-88cb-d14fe8b7790e",
        "component_id": "88afd3d1-6da3-496a-ac81-669a47256d34",
        "value": 23.24,
        "timestamp_measured": "2019-04-09T16:00:00+00:00",
        "import_log_id": "62889f83-98ab-418b-b7a6-6feedf336fda",
        "rating": 3,
        "status": "validated"
    },
    {
        "id": "42e2c618-df13-497d-a1cc-f8caf492542d",
        "station_id": "5b2a40aa-e9db-47bf-88cb-d14fe8b7790e",
        "component_id": "88afd3d1-6da3-496a-ac81-669a47256d34",
        "value": 44.83,
        "timestamp_measured": "2019-04-09T17:00:00+00:00",
        "import_log_id": "62889f83-98ab-418b-b7a6-6feedf336fda",
        "rating": 4,
        "status": "validated"
    },
    {
        "id": "aaa8a991-9c55-45ab-b781-c5b0e3761490",
        "station_id": "5b2a40aa-e9db-47bf-88cb-d14fe8b7790e",
        "component_id": "88afd3d1-6da3-496a-ac81-669a47256d34",
        "value": 57.07,
        "timestamp_measured": "2019-04-09T18:00:00+00:00",
        "import_log_id": "62889f83-98ab-418b-b7a6-6feedf336fda",
        "rating": 5,
        "status": "validated"
    },
    {
        "id": "c449af90-c7d4-4933-9cf2-ddbd44711801",
        "station_id": "5b2a40aa-e9db-47bf-88cb-d14fe8b7790e",
        "component_id": "88afd3d1-6da3-496a-ac81-669a47256d34",
        "value": 43.1,
        "timestamp_measured": "2019-04-09T19:00:00+00:00",
        "import_log_id": "62889f83-98ab-418b-b7a6-6feedf336fda",
        "rating": 4,
        "status": "validated"
    },
    {
        "id": "4972b507-cb80-4b45-9464-6ae63a05fb5f",
        "station_id": "5b2a40aa-e9db-47bf-88cb-d14fe8b7790e",
        "component_id": "88afd3d1-6da3-496a-ac81-669a47256d34",
        "value": 39.73,
        "timestamp_measured": "2019-04-09T20:00:00+00:00",
        "import_log_id": "62889f83-98ab-418b-b7a6-6feedf336fda",
        "rating": 4,
        "status": "validated"
    },
    {
        "id": "a6650d02-85cb-4b5e-85bf-52479dde81d8",
        "station_id": "5b2a40aa-e9db-47bf-88cb-d14fe8b7790e",
        "component_id": "88afd3d1-6da3-496a-ac81-669a47256d34",
        "value": 34.28,
        "timestamp_measured": "2019-04-09T21:00:00+00:00",
        "import_log_id": "62889f83-98ab-418b-b7a6-6feedf336fda",
        "rating": 4,
        "status": "validated"
    },
    {
        "id": "5008464a-80c5-4ea2-ba72-f5d93f0a8f23",
        "station_id": "5b2a40aa-e9db-47bf-88cb-d14fe8b7790e",
        "component_id": "88afd3d1-6da3-496a-ac81-669a47256d34",
        "value": 28.1,
        "timestamp_measured": "2019-04-09T22:00:00+00:00",
        "import_log_id": "62889f83-98ab-418b-b7a6-6feedf336fda",
        "rating": 3,
        "status": "validated"
    },
    {
        "id": "e70a13bb-e69a-49d4-bd00-e17d7b26614a",
        "station_id": "5b2a40aa-e9db-47bf-88cb-d14fe8b7790e",
        "component_id": "88afd3d1-6da3-496a-ac81-669a47256d34",
        "value": 23.33,
        "timestamp_measured": "2019-04-09T23:00:00+00:00",
        "import_log_id": "62889f83-98ab-418b-b7a6-6feedf336fda",
        "rating": 3,
        "status": "validated"
    },
    {
        "id": "ce420011-0c25-44fc-8400-7ee9e142eb31",
        "station_id": "5b2a40aa-e9db-47bf-88cb-d14fe8b7790e",
        "component_id": "88afd3d1-6da3-496a-ac81-669a47256d34",
        "value": 16.79,
        "timestamp_measured": "2019-04-10T00:00:00+00:00",
        "import_log_id": "62889f83-98ab-418b-b7a6-6feedf336fda",
        "rating": 2,
        "status": "validated"
    },
    {
        "id": "807095c4-fc4c-4ab6-a814-6e3f6ec85f3e",
        "station_id": "5b2a40aa-e9db-47bf-88cb-d14fe8b7790e",
        "component_id": "88afd3d1-6da3-496a-ac81-669a47256d34",
        "value": 22.39,
        "timestamp_measured": "2019-04-10T01:00:00+00:00",
        "import_log_id": "62889f83-98ab-418b-b7a6-6feedf336fda",
        "rating": 3,
        "status": "validated"
    },
    {
        "id": "818b112a-b80e-4715-818c-704629522f5b",
        "station_id": "5b2a40aa-e9db-47bf-88cb-d14fe8b7790e",
        "component_id": "88afd3d1-6da3-496a-ac81-669a47256d34",
        "value": 19.61,
        "timestamp_measured": "2019-04-10T02:00:00+00:00",
        "import_log_id": "62889f83-98ab-418b-b7a6-6feedf336fda",
        "rating": 2,
        "status": "validated"
    },
    {
        "id": "4f7ec296-0fd6-41ba-af58-fd3931e521cd",
        "station_id": "5b2a40aa-e9db-47bf-88cb-d14fe8b7790e",
        "component_id": "88afd3d1-6da3-496a-ac81-669a47256d34",
        "value": 12.57,
        "timestamp_measured": "2019-04-10T03:00:00+00:00",
        "import_log_id": "62889f83-98ab-418b-b7a6-6feedf336fda",
        "rating": 2,
        "status": "validated"
    },
    {
        "id": "96cfaf77-8edf-4b29-a7d0-aa00feaaf393",
        "station_id": "5b2a40aa-e9db-47bf-88cb-d14fe8b7790e",
        "component_id": "88afd3d1-6da3-496a-ac81-669a47256d34",
        "value": 19.87,
        "timestamp_measured": "2019-04-10T04:00:00+00:00",
        "import_log_id": "62889f83-98ab-418b-b7a6-6feedf336fda",
        "rating": 2,
        "status": "validated"
    },
    {
        "id": "a7c61fef-bac9-49b1-bc22-1356e497414d",
        "station_id": "5b2a40aa-e9db-47bf-88cb-d14fe8b7790e",
        "component_id": "88afd3d1-6da3-496a-ac81-669a47256d34",
        "value": 18.59,
        "timestamp_measured": "2019-04-10T05:00:00+00:00",
        "import_log_id": "62889f83-98ab-418b-b7a6-6feedf336fda",
        "rating": 2,
        "status": "validated"
    },
    {
        "id": "31a9d1b7-fabd-4d1d-840a-6de0afb591ab",
        "station_id": "5b2a40aa-e9db-47bf-88cb-d14fe8b7790e",
        "component_id": "88afd3d1-6da3-496a-ac81-669a47256d34",
        "value": 21.38,
        "timestamp_measured": "2019-04-10T06:00:00+00:00",
        "import_log_id": "62889f83-98ab-418b-b7a6-6feedf336fda",
        "rating": 3,
        "status": "validated"
    },
    {
        "id": "d1facb83-8a66-49b2-a0f0-b308635826d1",
        "station_id": "5b2a40aa-e9db-47bf-88cb-d14fe8b7790e",
        "component_id": "88afd3d1-6da3-496a-ac81-669a47256d34",
        "value": 18.71,
        "timestamp_measured": "2019-04-10T07:00:00+00:00",
        "import_log_id": "62889f83-98ab-418b-b7a6-6feedf336fda",
        "rating": 2,
        "status": "validated"
    },
    {
        "id": "c1dc197b-0d4e-4926-94a3-5df691d06375",
        "station_id": "5b2a40aa-e9db-47bf-88cb-d14fe8b7790e",
        "component_id": "88afd3d1-6da3-496a-ac81-669a47256d34",
        "value": 20.22,
        "timestamp_measured": "2019-04-10T08:00:00+00:00",
        "import_log_id": "62889f83-98ab-418b-b7a6-6feedf336fda",
        "rating": 3,
        "status": "validated"
    },
    {
        "id": "b004e2e7-96e1-49bc-b014-e02b178664a4",
        "station_id": "5b2a40aa-e9db-47bf-88cb-d14fe8b7790e",
        "component_id": "88afd3d1-6da3-496a-ac81-669a47256d34",
        "value": 19.12,
        "timestamp_measured": "2019-04-10T09:00:00+00:00",
        "import_log_id": "62889f83-98ab-418b-b7a6-6feedf336fda",
        "rating": 2,
        "status": "validated"
    },
    {
        "id": "3aff8127-1376-49fe-99ab-9a3c91e28887",
        "station_id": "5b2a40aa-e9db-47bf-88cb-d14fe8b7790e",
        "component_id": "88afd3d1-6da3-496a-ac81-669a47256d34",
        "value": 17.04,
        "timestamp_measured": "2019-04-10T10:00:00+00:00",
        "import_log_id": "62889f83-98ab-418b-b7a6-6feedf336fda",
        "rating": 2,
        "status": "validated"
    },
    {
        "id": "4d15b65d-2a92-404b-acdf-87267ea5984d",
        "station_id": "5b2a40aa-e9db-47bf-88cb-d14fe8b7790e",
        "component_id": "88afd3d1-6da3-496a-ac81-669a47256d34",
        "value": 13.16,
        "timestamp_measured": "2019-04-10T11:00:00+00:00",
        "import_log_id": "62889f83-98ab-418b-b7a6-6feedf336fda",
        "rating": 2,
        "status": "validated"
    },
    {
        "id": "3585d815-f2e2-421e-9158-b8fdabcc8bb8",
        "station_id": "5b2a40aa-e9db-47bf-88cb-d14fe8b7790e",
        "component_id": "88afd3d1-6da3-496a-ac81-669a47256d34",
        "value": 12.12,
        "timestamp_measured": "2019-04-10T12:00:00+00:00",
        "import_log_id": "62889f83-98ab-418b-b7a6-6feedf336fda",
        "rating": 2,
        "status": "validated"
    },
    {
        "id": "9dd04967-a579-45f4-ae6a-732b0b7f2d6f",
        "station_id": "5b2a40aa-e9db-47bf-88cb-d14fe8b7790e",
        "component_id": "88afd3d1-6da3-496a-ac81-669a47256d34",
        "value": 8.92,
        "timestamp_measured": "2019-04-10T13:00:00+00:00",
        "import_log_id": "62889f83-98ab-418b-b7a6-6feedf336fda",
        "rating": 1,
        "status": "validated"
    },
    {
        "id": "40e4b9c8-f080-4250-bf6f-3cae72ef0e33",
        "station_id": "5b2a40aa-e9db-47bf-88cb-d14fe8b7790e",
        "component_id": "88afd3d1-6da3-496a-ac81-669a47256d34",
        "value": 9.77,
        "timestamp_measured": "2019-04-10T14:00:00+00:00",
        "import_log_id": "62889f83-98ab-418b-b7a6-6feedf336fda",
        "rating": 1,
        "status": "validated"
    },
    {
        "id": "b950c69e-a852-4b8b-b17b-0dccb7dd82ce",
        "station_id": "5b2a40aa-e9db-47bf-88cb-d14fe8b7790e",
        "component_id": "88afd3d1-6da3-496a-ac81-669a47256d34",
        "value": 10.34,
        "timestamp_measured": "2019-04-10T15:00:00+00:00",
        "import_log_id": "62889f83-98ab-418b-b7a6-6feedf336fda",
        "rating": 2,
        "status": "validated"
    },
    {
        "id": "f0fa24fc-d51e-461b-8dfa-1b241be487b8",
        "station_id": "5b2a40aa-e9db-47bf-88cb-d14fe8b7790e",
        "component_id": "88afd3d1-6da3-496a-ac81-669a47256d34",
        "value": 10.69,
        "timestamp_measured": "2019-04-10T16:00:00+00:00",
        "import_log_id": "62889f83-98ab-418b-b7a6-6feedf336fda",
        "rating": 2,
        "status": "validated"
    },
    {
        "id": "155a5be6-2b7d-441c-959d-31fe650105ab",
        "station_id": "5b2a40aa-e9db-47bf-88cb-d14fe8b7790e",
        "component_id": "88afd3d1-6da3-496a-ac81-669a47256d34",
        "value": 10.37,
        "timestamp_measured": "2019-04-10T17:00:00+00:00",
        "import_log_id": "62889f83-98ab-418b-b7a6-6feedf336fda",
        "rating": 2,
        "status": "validated"
    },
    {
        "id": "205a4719-2305-4263-a9c6-20ec4af769f2",
        "station_id": "5b2a40aa-e9db-47bf-88cb-d14fe8b7790e",
        "component_id": "88afd3d1-6da3-496a-ac81-669a47256d34",
        "value": 13.85,
        "timestamp_measured": "2019-04-10T18:00:00+00:00",
        "import_log_id": "62889f83-98ab-418b-b7a6-6feedf336fda",
        "rating": 2,
        "status": "validated"
    },
    {
        "id": "0ddaa075-e939-4b01-998c-9b6b58eceeed",
        "station_id": "5b2a40aa-e9db-47bf-88cb-d14fe8b7790e",
        "component_id": "88afd3d1-6da3-496a-ac81-669a47256d34",
        "value": 12.63,
        "timestamp_measured": "2019-04-10T19:00:00+00:00",
        "import_log_id": "62889f83-98ab-418b-b7a6-6feedf336fda",
        "rating": 2,
        "status": "validated"
    },
    {
        "id": "a6311ab1-62eb-4c5f-bd49-307766818bb4",
        "station_id": "5b2a40aa-e9db-47bf-88cb-d14fe8b7790e",
        "component_id": "88afd3d1-6da3-496a-ac81-669a47256d34",
        "value": 13.76,
        "timestamp_measured": "2019-04-10T20:00:00+00:00",
        "import_log_id": "62889f83-98ab-418b-b7a6-6feedf336fda",
        "rating": 2,
        "status": "validated"
    },
    {
        "id": "6f6fe0d9-bee7-47f4-8f84-3b79a1f20dc6",
        "station_id": "5b2a40aa-e9db-47bf-88cb-d14fe8b7790e",
        "component_id": "88afd3d1-6da3-496a-ac81-669a47256d34",
        "value": 14.31,
        "timestamp_measured": "2019-04-10T21:00:00+00:00",
        "import_log_id": "62889f83-98ab-418b-b7a6-6feedf336fda",
        "rating": 2,
        "status": "validated"
    },
    {
        "id": "c05e829b-98e4-4fb2-b83a-7d5caf038839",
        "station_id": "5b2a40aa-e9db-47bf-88cb-d14fe8b7790e",
        "component_id": "88afd3d1-6da3-496a-ac81-669a47256d34",
        "value": 13.27,
        "timestamp_measured": "2019-04-10T22:00:00+00:00",
        "import_log_id": "62889f83-98ab-418b-b7a6-6feedf336fda",
        "rating": 2,
        "status": "validated"
    },
    {
        "id": "d25329cc-3e08-419c-bab4-7cde0ba90b70",
        "station_id": "5b2a40aa-e9db-47bf-88cb-d14fe8b7790e",
        "component_id": "88afd3d1-6da3-496a-ac81-669a47256d34",
        "value": 14.17,
        "timestamp_measured": "2019-04-10T23:00:00+00:00",
        "import_log_id": "62889f83-98ab-418b-b7a6-6feedf336fda",
        "rating": 2,
        "status": "validated"
    },
    {
        "id": "9c9ac149-e289-4f68-a9b0-cd1dc1bf4788",
        "station_id": "5b2a40aa-e9db-47bf-88cb-d14fe8b7790e",
        "component_id": "88afd3d1-6da3-496a-ac81-669a47256d34",
        "value": 13.53,
        "timestamp_measured": "2019-04-11T00:00:00+00:00",
        "import_log_id": "62889f83-98ab-418b-b7a6-6feedf336fda",
        "rating": 2,
        "status": "validated"
    },
    {
        "id": "8c4e030b-f05c-405d-9e83-a2174f3ec16c",
        "station_id": "5b2a40aa-e9db-47bf-88cb-d14fe8b7790e",
        "component_id": "88afd3d1-6da3-496a-ac81-669a47256d34",
        "value": 16.28,
        "timestamp_measured": "2019-04-11T01:00:00+00:00",
        "import_log_id": "62889f83-98ab-418b-b7a6-6feedf336fda",
        "rating": 2,
        "status": "validated"
    },
    {
        "id": "5f206797-4841-4eb4-9ae4-c02e0ea6a4da",
        "station_id": "5b2a40aa-e9db-47bf-88cb-d14fe8b7790e",
        "component_id": "88afd3d1-6da3-496a-ac81-669a47256d34",
        "value": 17.36,
        "timestamp_measured": "2019-04-11T02:00:00+00:00",
        "import_log_id": "62889f83-98ab-418b-b7a6-6feedf336fda",
        "rating": 2,
        "status": "validated"
    },
    {
        "id": "9986e081-f891-4b20-a82b-7938eb0e72fb",
        "station_id": "5b2a40aa-e9db-47bf-88cb-d14fe8b7790e",
        "component_id": "88afd3d1-6da3-496a-ac81-669a47256d34",
        "value": 17.7,
        "timestamp_measured": "2019-04-11T03:00:00+00:00",
        "import_log_id": "62889f83-98ab-418b-b7a6-6feedf336fda",
        "rating": 2,
        "status": "validated"
    },
    {
        "id": "ef8f38ea-7e61-4161-9d01-da1a9c38ab6a",
        "station_id": "5b2a40aa-e9db-47bf-88cb-d14fe8b7790e",
        "component_id": "88afd3d1-6da3-496a-ac81-669a47256d34",
        "value": 24.01,
        "timestamp_measured": "2019-04-11T04:00:00+00:00",
        "import_log_id": "62889f83-98ab-418b-b7a6-6feedf336fda",
        "rating": 3,
        "status": "validated"
    },
    {
        "id": "32a5a4b7-5c55-4e9b-a033-5d87fb2a389e",
        "station_id": "5b2a40aa-e9db-47bf-88cb-d14fe8b7790e",
        "component_id": "88afd3d1-6da3-496a-ac81-669a47256d34",
        "value": 21.57,
        "timestamp_measured": "2019-04-11T05:00:00+00:00",
        "import_log_id": "62889f83-98ab-418b-b7a6-6feedf336fda",
        "rating": 3,
        "status": "validated"
    },
    {
        "id": "bd772268-91d9-4f2a-a591-a6a106dab7a3",
        "station_id": "5b2a40aa-e9db-47bf-88cb-d14fe8b7790e",
        "component_id": "88afd3d1-6da3-496a-ac81-669a47256d34",
        "value": 22.77,
        "timestamp_measured": "2019-04-11T06:00:00+00:00",
        "import_log_id": "62889f83-98ab-418b-b7a6-6feedf336fda",
        "rating": 3,
        "status": "validated"
    },
    {
        "id": "ce91a1c5-9046-4937-8046-bd833c280452",
        "station_id": "5b2a40aa-e9db-47bf-88cb-d14fe8b7790e",
        "component_id": "88afd3d1-6da3-496a-ac81-669a47256d34",
        "value": 20.75,
        "timestamp_measured": "2019-04-11T07:00:00+00:00",
        "import_log_id": "62889f83-98ab-418b-b7a6-6feedf336fda",
        "rating": 3,
        "status": "validated"
    },
    {
        "id": "76377056-c428-4f35-a1d7-6835ccd51af3",
        "station_id": "5b2a40aa-e9db-47bf-88cb-d14fe8b7790e",
        "component_id": "88afd3d1-6da3-496a-ac81-669a47256d34",
        "value": 17.26,
        "timestamp_measured": "2019-04-11T08:00:00+00:00",
        "import_log_id": "62889f83-98ab-418b-b7a6-6feedf336fda",
        "rating": 2,
        "status": "validated"
    },
    {
        "id": "eb00ed94-998c-4705-9266-e6a938fb8ce5",
        "station_id": "5b2a40aa-e9db-47bf-88cb-d14fe8b7790e",
        "component_id": "88afd3d1-6da3-496a-ac81-669a47256d34",
        "value": 15.56,
        "timestamp_measured": "2019-04-11T09:00:00+00:00",
        "import_log_id": "62889f83-98ab-418b-b7a6-6feedf336fda",
        "rating": 2,
        "status": "validated"
    },
    {
        "id": "ed346e19-e3b0-4576-8e10-6b36696965ad",
        "station_id": "5b2a40aa-e9db-47bf-88cb-d14fe8b7790e",
        "component_id": "88afd3d1-6da3-496a-ac81-669a47256d34",
        "value": 13.67,
        "timestamp_measured": "2019-04-11T10:00:00+00:00",
        "import_log_id": "62889f83-98ab-418b-b7a6-6feedf336fda",
        "rating": 2,
        "status": "validated"
    },
    {
        "id": "b5d1c246-2016-4adb-8b32-e9fb02865818",
        "station_id": "5b2a40aa-e9db-47bf-88cb-d14fe8b7790e",
        "component_id": "88afd3d1-6da3-496a-ac81-669a47256d34",
        "value": 14.78,
        "timestamp_measured": "2019-04-11T11:00:00+00:00",
        "import_log_id": "62889f83-98ab-418b-b7a6-6feedf336fda",
        "rating": 2,
        "status": "validated"
    },
    {
        "id": "bfda8c8e-0441-4d68-97fb-c442fcbbd043",
        "station_id": "5b2a40aa-e9db-47bf-88cb-d14fe8b7790e",
        "component_id": "88afd3d1-6da3-496a-ac81-669a47256d34",
        "value": 12.82,
        "timestamp_measured": "2019-04-11T12:00:00+00:00",
        "import_log_id": "62889f83-98ab-418b-b7a6-6feedf336fda",
        "rating": 2,
        "status": "validated"
    },
    {
        "id": "696c4ed7-93f4-4ab9-bc28-3aa8e7655d69",
        "station_id": "5b2a40aa-e9db-47bf-88cb-d14fe8b7790e",
        "component_id": "88afd3d1-6da3-496a-ac81-669a47256d34",
        "value": 8.6,
        "timestamp_measured": "2019-04-11T13:00:00+00:00",
        "import_log_id": "62889f83-98ab-418b-b7a6-6feedf336fda",
        "rating": 1,
        "status": "validated"
    },
    {
        "id": "69356356-0dcf-4752-bb41-3fdd7b1ad45b",
        "station_id": "5b2a40aa-e9db-47bf-88cb-d14fe8b7790e",
        "component_id": "88afd3d1-6da3-496a-ac81-669a47256d34",
        "value": 8.56,
        "timestamp_measured": "2019-04-11T14:00:00+00:00",
        "import_log_id": "62889f83-98ab-418b-b7a6-6feedf336fda",
        "rating": 1,
        "status": "validated"
    },
    {
        "id": "1d77ee8d-cbab-4efe-b377-a6e0f53d8ace",
        "station_id": "5b2a40aa-e9db-47bf-88cb-d14fe8b7790e",
        "component_id": "88afd3d1-6da3-496a-ac81-669a47256d34",
        "value": 8.72,
        "timestamp_measured": "2019-04-11T15:00:00+00:00",
        "import_log_id": "62889f83-98ab-418b-b7a6-6feedf336fda",
        "rating": 1,
        "status": "validated"
    },
    {
        "id": "59305943-ec63-4e1a-bee7-88f9c2bad68e",
        "station_id": "5b2a40aa-e9db-47bf-88cb-d14fe8b7790e",
        "component_id": "88afd3d1-6da3-496a-ac81-669a47256d34",
        "value": 11.49,
        "timestamp_measured": "2019-04-11T16:00:00+00:00",
        "import_log_id": "62889f83-98ab-418b-b7a6-6feedf336fda",
        "rating": 2,
        "status": "validated"
    },
    {
        "id": "1cc18748-168c-4abe-86cb-3d136a0bb028",
        "station_id": "5b2a40aa-e9db-47bf-88cb-d14fe8b7790e",
        "component_id": "88afd3d1-6da3-496a-ac81-669a47256d34",
        "value": 10.82,
        "timestamp_measured": "2019-04-11T17:00:00+00:00",
        "import_log_id": "62889f83-98ab-418b-b7a6-6feedf336fda",
        "rating": 2,
        "status": "validated"
    },
    {
        "id": "1f09784a-fb23-430c-a564-0c00feedf512",
        "station_id": "5b2a40aa-e9db-47bf-88cb-d14fe8b7790e",
        "component_id": "88afd3d1-6da3-496a-ac81-669a47256d34",
        "value": 12.03,
        "timestamp_measured": "2019-04-11T18:00:00+00:00",
        "import_log_id": "62889f83-98ab-418b-b7a6-6feedf336fda",
        "rating": 2,
        "status": "validated"
    },
    {
        "id": "923db26c-7ba0-4529-a920-5c48f45d7204",
        "station_id": "5b2a40aa-e9db-47bf-88cb-d14fe8b7790e",
        "component_id": "88afd3d1-6da3-496a-ac81-669a47256d34",
        "value": 11.35,
        "timestamp_measured": "2019-04-11T19:00:00+00:00",
        "import_log_id": "62889f83-98ab-418b-b7a6-6feedf336fda",
        "rating": 2,
        "status": "validated"
    },
    {
        "id": "763f85c8-125f-4738-b268-6079478c7dd6",
        "station_id": "5b2a40aa-e9db-47bf-88cb-d14fe8b7790e",
        "component_id": "88afd3d1-6da3-496a-ac81-669a47256d34",
        "value": 17.08,
        "timestamp_measured": "2019-04-11T20:00:00+00:00",
        "import_log_id": "62889f83-98ab-418b-b7a6-6feedf336fda",
        "rating": 2,
        "status": "validated"
    },
    {
        "id": "ab88c0ec-7a47-4712-b596-b49a5462880f",
        "station_id": "5b2a40aa-e9db-47bf-88cb-d14fe8b7790e",
        "component_id": "88afd3d1-6da3-496a-ac81-669a47256d34",
        "value": 32.59,
        "timestamp_measured": "2019-04-11T21:00:00+00:00",
        "import_log_id": "62889f83-98ab-418b-b7a6-6feedf336fda",
        "rating": 4,
        "status": "validated"
    },
    {
        "id": "deba3c5a-6b1b-49bb-8b74-da97ee6fd57e",
        "station_id": "5b2a40aa-e9db-47bf-88cb-d14fe8b7790e",
        "component_id": "88afd3d1-6da3-496a-ac81-669a47256d34",
        "value": 21.14,
        "timestamp_measured": "2019-04-11T22:00:00+00:00",
        "import_log_id": "62889f83-98ab-418b-b7a6-6feedf336fda",
        "rating": 3,
        "status": "validated"
    },
    {
        "id": "12d8bbbe-ce27-4d17-88bc-b7e827bcaee4",
        "station_id": "5b2a40aa-e9db-47bf-88cb-d14fe8b7790e",
        "component_id": "88afd3d1-6da3-496a-ac81-669a47256d34",
        "value": 24.97,
        "timestamp_measured": "2019-04-11T23:00:00+00:00",
        "import_log_id": "62889f83-98ab-418b-b7a6-6feedf336fda",
        "rating": 3,
        "status": "validated"
    },
    {
        "id": "b64a8ff8-410a-40f8-92f8-5928d9a9a596",
        "station_id": "5b2a40aa-e9db-47bf-88cb-d14fe8b7790e",
        "component_id": "88afd3d1-6da3-496a-ac81-669a47256d34",
        "value": 32.74,
        "timestamp_measured": "2019-04-12T00:00:00+00:00",
        "import_log_id": "62889f83-98ab-418b-b7a6-6feedf336fda",
        "rating": 4,
        "status": "validated"
    },
    {
        "id": "58bc863a-6424-4730-ae5f-8f3871449849",
        "station_id": "5b2a40aa-e9db-47bf-88cb-d14fe8b7790e",
        "component_id": "88afd3d1-6da3-496a-ac81-669a47256d34",
        "value": 29.4,
        "timestamp_measured": "2019-04-12T01:00:00+00:00",
        "import_log_id": "62889f83-98ab-418b-b7a6-6feedf336fda",
        "rating": 3,
        "status": "validated"
    },
    {
        "id": "6aa88926-ad39-408d-b1f6-1fe87255c48a",
        "station_id": "5b2a40aa-e9db-47bf-88cb-d14fe8b7790e",
        "component_id": "88afd3d1-6da3-496a-ac81-669a47256d34",
        "value": 19.27,
        "timestamp_measured": "2019-04-12T02:00:00+00:00",
        "import_log_id": "62889f83-98ab-418b-b7a6-6feedf336fda",
        "rating": 2,
        "status": "validated"
    },
    {
        "id": "e79014f1-b8ee-47f6-afe7-c4229c894db8",
        "station_id": "5b2a40aa-e9db-47bf-88cb-d14fe8b7790e",
        "component_id": "88afd3d1-6da3-496a-ac81-669a47256d34",
        "value": 25.03,
        "timestamp_measured": "2019-04-12T03:00:00+00:00",
        "import_log_id": "62889f83-98ab-418b-b7a6-6feedf336fda",
        "rating": 3,
        "status": "validated"
    },
    {
        "id": "3cb186c8-8d2c-404c-a448-b466cdad007c",
        "station_id": "5b2a40aa-e9db-47bf-88cb-d14fe8b7790e",
        "component_id": "88afd3d1-6da3-496a-ac81-669a47256d34",
        "value": 22.45,
        "timestamp_measured": "2019-04-12T04:00:00+00:00",
        "import_log_id": "62889f83-98ab-418b-b7a6-6feedf336fda",
        "rating": 3,
        "status": "validated"
    },
    {
        "id": "38526691-1adf-4293-aaad-1fff73f04ca0",
        "station_id": "5b2a40aa-e9db-47bf-88cb-d14fe8b7790e",
        "component_id": "88afd3d1-6da3-496a-ac81-669a47256d34",
        "value": 20.78,
        "timestamp_measured": "2019-04-12T05:00:00+00:00",
        "import_log_id": "62889f83-98ab-418b-b7a6-6feedf336fda",
        "rating": 3,
        "status": "validated"
    },
    {
        "id": "9418bd58-e48e-4d19-bbd6-6a18bff3f8e6",
        "station_id": "5b2a40aa-e9db-47bf-88cb-d14fe8b7790e",
        "component_id": "88afd3d1-6da3-496a-ac81-669a47256d34",
        "value": 26.84,
        "timestamp_measured": "2019-04-12T06:00:00+00:00",
        "import_log_id": "62889f83-98ab-418b-b7a6-6feedf336fda",
        "rating": 3,
        "status": "validated"
    },
    {
        "id": "4b9269eb-a612-4920-8613-3e2422694b9c",
        "station_id": "5b2a40aa-e9db-47bf-88cb-d14fe8b7790e",
        "component_id": "88afd3d1-6da3-496a-ac81-669a47256d34",
        "value": 24.29,
        "timestamp_measured": "2019-04-12T07:00:00+00:00",
        "import_log_id": "62889f83-98ab-418b-b7a6-6feedf336fda",
        "rating": 3,
        "status": "validated"
    },
    {
        "id": "55a0bf61-7e75-4890-b30d-5159959ea6ad",
        "station_id": "5b2a40aa-e9db-47bf-88cb-d14fe8b7790e",
        "component_id": "88afd3d1-6da3-496a-ac81-669a47256d34",
        "value": 20.16,
        "timestamp_measured": "2019-04-12T08:00:00+00:00",
        "import_log_id": "62889f83-98ab-418b-b7a6-6feedf336fda",
        "rating": 3,
        "status": "validated"
    },
    {
        "id": "cc403798-4316-49f8-8086-bce38155359e",
        "station_id": "5b2a40aa-e9db-47bf-88cb-d14fe8b7790e",
        "component_id": "88afd3d1-6da3-496a-ac81-669a47256d34",
        "value": 16.02,
        "timestamp_measured": "2019-04-12T09:00:00+00:00",
        "import_log_id": "62889f83-98ab-418b-b7a6-6feedf336fda",
        "rating": 2,
        "status": "validated"
    },
    {
        "id": "563b33b4-9fdc-4ec6-81b9-1323994e1b9d",
        "station_id": "5b2a40aa-e9db-47bf-88cb-d14fe8b7790e",
        "component_id": "88afd3d1-6da3-496a-ac81-669a47256d34",
        "value": 10.07,
        "timestamp_measured": "2019-04-12T10:00:00+00:00",
        "import_log_id": "62889f83-98ab-418b-b7a6-6feedf336fda",
        "rating": 2,
        "status": "validated"
    },
    {
        "id": "802860b2-910e-4b6e-93a3-94392b1c984a",
        "station_id": "5b2a40aa-e9db-47bf-88cb-d14fe8b7790e",
        "component_id": "88afd3d1-6da3-496a-ac81-669a47256d34",
        "value": 9.62,
        "timestamp_measured": "2019-04-12T11:00:00+00:00",
        "import_log_id": "62889f83-98ab-418b-b7a6-6feedf336fda",
        "rating": 1,
        "status": "validated"
    },
    {
        "id": "1eacd862-6fad-4d40-8d97-b31663e25b36",
        "station_id": "5b2a40aa-e9db-47bf-88cb-d14fe8b7790e",
        "component_id": "88afd3d1-6da3-496a-ac81-669a47256d34",
        "value": 8.9,
        "timestamp_measured": "2019-04-12T12:00:00+00:00",
        "import_log_id": "62889f83-98ab-418b-b7a6-6feedf336fda",
        "rating": 1,
        "status": "validated"
    },
    {
        "id": "bbc6f915-96a3-4d6d-93e4-1dfca8ad8e60",
        "station_id": "5b2a40aa-e9db-47bf-88cb-d14fe8b7790e",
        "component_id": "88afd3d1-6da3-496a-ac81-669a47256d34",
        "value": 8.62,
        "timestamp_measured": "2019-04-12T13:00:00+00:00",
        "import_log_id": "62889f83-98ab-418b-b7a6-6feedf336fda",
        "rating": 1,
        "status": "validated"
    },
    {
        "id": "335b2ec2-99b3-433b-9634-92cc8ea9777c",
        "station_id": "5b2a40aa-e9db-47bf-88cb-d14fe8b7790e",
        "component_id": "88afd3d1-6da3-496a-ac81-669a47256d34",
        "value": 7.22,
        "timestamp_measured": "2019-04-12T14:00:00+00:00",
        "import_log_id": "62889f83-98ab-418b-b7a6-6feedf336fda",
        "rating": 1,
        "status": "validated"
    },
    {
        "id": "8aa0a48b-14c4-4088-b047-d9380c01b3d1",
        "station_id": "5b2a40aa-e9db-47bf-88cb-d14fe8b7790e",
        "component_id": "88afd3d1-6da3-496a-ac81-669a47256d34",
        "value": 12.28,
        "timestamp_measured": "2019-04-12T15:00:00+00:00",
        "import_log_id": "62889f83-98ab-418b-b7a6-6feedf336fda",
        "rating": 2,
        "status": "validated"
    },
    {
        "id": "02f1686b-f5af-47ab-9096-075ce3d614b4",
        "station_id": "5b2a40aa-e9db-47bf-88cb-d14fe8b7790e",
        "component_id": "88afd3d1-6da3-496a-ac81-669a47256d34",
        "value": 10.39,
        "timestamp_measured": "2019-04-12T16:00:00+00:00",
        "import_log_id": "62889f83-98ab-418b-b7a6-6feedf336fda",
        "rating": 2,
        "status": "validated"
    },
    {
        "id": "8aa907aa-f193-4b38-a529-bc00ca6b2ba4",
        "station_id": "5b2a40aa-e9db-47bf-88cb-d14fe8b7790e",
        "component_id": "88afd3d1-6da3-496a-ac81-669a47256d34",
        "value": 15.74,
        "timestamp_measured": "2019-04-12T17:00:00+00:00",
        "import_log_id": "62889f83-98ab-418b-b7a6-6feedf336fda",
        "rating": 2,
        "status": "validated"
    },
    {
        "id": "69dd58de-e170-470f-81de-b522f820e8af",
        "station_id": "5b2a40aa-e9db-47bf-88cb-d14fe8b7790e",
        "component_id": "88afd3d1-6da3-496a-ac81-669a47256d34",
        "value": 11.61,
        "timestamp_measured": "2019-04-12T18:00:00+00:00",
        "import_log_id": "62889f83-98ab-418b-b7a6-6feedf336fda",
        "rating": 2,
        "status": "validated"
    },
    {
        "id": "95d6c2e1-9662-42b6-a13d-82c73f4a3c0d",
        "station_id": "5b2a40aa-e9db-47bf-88cb-d14fe8b7790e",
        "component_id": "88afd3d1-6da3-496a-ac81-669a47256d34",
        "value": 16.69,
        "timestamp_measured": "2019-04-12T19:00:00+00:00",
        "import_log_id": "62889f83-98ab-418b-b7a6-6feedf336fda",
        "rating": 2,
        "status": "validated"
    },
    {
        "id": "77748c52-02e4-4e2e-8f6c-f55fba0fe10b",
        "station_id": "5b2a40aa-e9db-47bf-88cb-d14fe8b7790e",
        "component_id": "88afd3d1-6da3-496a-ac81-669a47256d34",
        "value": 16.06,
        "timestamp_measured": "2019-04-12T20:00:00+00:00",
        "import_log_id": "62889f83-98ab-418b-b7a6-6feedf336fda",
        "rating": 2,
        "status": "validated"
    },
    {
        "id": "65a4146f-d4f5-4307-ae2a-81c2f6db82d9",
        "station_id": "5b2a40aa-e9db-47bf-88cb-d14fe8b7790e",
        "component_id": "88afd3d1-6da3-496a-ac81-669a47256d34",
        "value": 20.66,
        "timestamp_measured": "2019-04-12T21:00:00+00:00",
        "import_log_id": "62889f83-98ab-418b-b7a6-6feedf336fda",
        "rating": 3,
        "status": "validated"
    },
    {
        "id": "31fec844-8c6d-4af7-8f4b-e6d124183f97",
        "station_id": "5b2a40aa-e9db-47bf-88cb-d14fe8b7790e",
        "component_id": "88afd3d1-6da3-496a-ac81-669a47256d34",
        "value": 28.57,
        "timestamp_measured": "2019-04-12T22:00:00+00:00",
        "import_log_id": "62889f83-98ab-418b-b7a6-6feedf336fda",
        "rating": 3,
        "status": "validated"
    },
    {
        "id": "880feabf-5e2d-4e34-aa83-32c84b333ee1",
        "station_id": "5b2a40aa-e9db-47bf-88cb-d14fe8b7790e",
        "component_id": "88afd3d1-6da3-496a-ac81-669a47256d34",
        "value": 15.84,
        "timestamp_measured": "2019-04-12T23:00:00+00:00",
        "import_log_id": "62889f83-98ab-418b-b7a6-6feedf336fda",
        "rating": 2,
        "status": "validated"
    },
    {
        "id": "54d86192-69f9-4347-87b5-98dad1f3f31d",
        "station_id": "5b2a40aa-e9db-47bf-88cb-d14fe8b7790e",
        "component_id": "88afd3d1-6da3-496a-ac81-669a47256d34",
        "value": 21.64,
        "timestamp_measured": "2019-04-13T00:00:00+00:00",
        "import_log_id": "62889f83-98ab-418b-b7a6-6feedf336fda",
        "rating": 3,
        "status": "validated"
    },
    {
        "id": "00d46137-f619-4528-9a44-d0b08575b283",
        "station_id": "5b2a40aa-e9db-47bf-88cb-d14fe8b7790e",
        "component_id": "88afd3d1-6da3-496a-ac81-669a47256d34",
        "value": 17.34,
        "timestamp_measured": "2019-04-13T01:00:00+00:00",
        "import_log_id": "62889f83-98ab-418b-b7a6-6feedf336fda",
        "rating": 2,
        "status": "validated"
    },
    {
        "id": "17bd0448-afc5-4328-8aaf-9df3ff917b57",
        "station_id": "5b2a40aa-e9db-47bf-88cb-d14fe8b7790e",
        "component_id": "88afd3d1-6da3-496a-ac81-669a47256d34",
        "value": 15.87,
        "timestamp_measured": "2019-04-13T02:00:00+00:00",
        "import_log_id": "62889f83-98ab-418b-b7a6-6feedf336fda",
        "rating": 2,
        "status": "validated"
    },
    {
        "id": "68bdc11e-f51d-448d-ac53-06507dd5a3ce",
        "station_id": "5b2a40aa-e9db-47bf-88cb-d14fe8b7790e",
        "component_id": "88afd3d1-6da3-496a-ac81-669a47256d34",
        "value": 16.99,
        "timestamp_measured": "2019-04-13T03:00:00+00:00",
        "import_log_id": "62889f83-98ab-418b-b7a6-6feedf336fda",
        "rating": 2,
        "status": "validated"
    },
    {
        "id": "ec3c7da2-b0c3-4ef8-a1fe-8509ae4b7531",
        "station_id": "5b2a40aa-e9db-47bf-88cb-d14fe8b7790e",
        "component_id": "88afd3d1-6da3-496a-ac81-669a47256d34",
        "value": 14.36,
        "timestamp_measured": "2019-04-13T04:00:00+00:00",
        "import_log_id": "62889f83-98ab-418b-b7a6-6feedf336fda",
        "rating": 2,
        "status": "validated"
    },
    {
        "id": "8a9ff4ee-bc90-47d5-b615-7123075e4bf9",
        "station_id": "5b2a40aa-e9db-47bf-88cb-d14fe8b7790e",
        "component_id": "88afd3d1-6da3-496a-ac81-669a47256d34",
        "value": 16.98,
        "timestamp_measured": "2019-04-13T05:00:00+00:00",
        "import_log_id": "62889f83-98ab-418b-b7a6-6feedf336fda",
        "rating": 2,
        "status": "validated"
    },
    {
        "id": "d6c2d653-f37c-4465-b740-eb83367a6d8a",
        "station_id": "5b2a40aa-e9db-47bf-88cb-d14fe8b7790e",
        "component_id": "88afd3d1-6da3-496a-ac81-669a47256d34",
        "value": 21.06,
        "timestamp_measured": "2019-04-13T06:00:00+00:00",
        "import_log_id": "62889f83-98ab-418b-b7a6-6feedf336fda",
        "rating": 3,
        "status": "validated"
    },
    {
        "id": "aa7ae01f-ccf6-4a39-8b9a-bafb3ac79ab9",
        "station_id": "5b2a40aa-e9db-47bf-88cb-d14fe8b7790e",
        "component_id": "88afd3d1-6da3-496a-ac81-669a47256d34",
        "value": 17.94,
        "timestamp_measured": "2019-04-13T07:00:00+00:00",
        "import_log_id": "62889f83-98ab-418b-b7a6-6feedf336fda",
        "rating": 2,
        "status": "validated"
    },
    {
        "id": "e97a029f-a406-4852-9e76-326378a1949d",
        "station_id": "5b2a40aa-e9db-47bf-88cb-d14fe8b7790e",
        "component_id": "88afd3d1-6da3-496a-ac81-669a47256d34",
        "value": 16.03,
        "timestamp_measured": "2019-04-13T08:00:00+00:00",
        "import_log_id": "62889f83-98ab-418b-b7a6-6feedf336fda",
        "rating": 2,
        "status": "validated"
    },
    {
        "id": "a1bbf53d-939b-4a50-ba3b-d7a027786327",
        "station_id": "5b2a40aa-e9db-47bf-88cb-d14fe8b7790e",
        "component_id": "88afd3d1-6da3-496a-ac81-669a47256d34",
        "value": 10.36,
        "timestamp_measured": "2019-04-13T09:00:00+00:00",
        "import_log_id": "62889f83-98ab-418b-b7a6-6feedf336fda",
        "rating": 2,
        "status": "validated"
    },
    {
        "id": "456328d1-616b-4eb5-9119-79069bb7a1bb",
        "station_id": "5b2a40aa-e9db-47bf-88cb-d14fe8b7790e",
        "component_id": "88afd3d1-6da3-496a-ac81-669a47256d34",
        "value": 9.28,
        "timestamp_measured": "2019-04-13T10:00:00+00:00",
        "import_log_id": "62889f83-98ab-418b-b7a6-6feedf336fda",
        "rating": 1,
        "status": "validated"
    },
    {
        "id": "c1ff94ca-50f9-4063-aee8-24b1d0c48329",
        "station_id": "5b2a40aa-e9db-47bf-88cb-d14fe8b7790e",
        "component_id": "88afd3d1-6da3-496a-ac81-669a47256d34",
        "value": 8.36,
        "timestamp_measured": "2019-04-13T11:00:00+00:00",
        "import_log_id": "62889f83-98ab-418b-b7a6-6feedf336fda",
        "rating": 1,
        "status": "validated"
    },
    {
        "id": "ad5b5af8-b8a3-4a5e-b4fb-933035a0b6b0",
        "station_id": "5b2a40aa-e9db-47bf-88cb-d14fe8b7790e",
        "component_id": "88afd3d1-6da3-496a-ac81-669a47256d34",
        "value": 7.44,
        "timestamp_measured": "2019-04-13T12:00:00+00:00",
        "import_log_id": "62889f83-98ab-418b-b7a6-6feedf336fda",
        "rating": 1,
        "status": "validated"
    },
    {
        "id": "6195c2f3-e7bf-4fea-a930-337ef93292a3",
        "station_id": "5b2a40aa-e9db-47bf-88cb-d14fe8b7790e",
        "component_id": "88afd3d1-6da3-496a-ac81-669a47256d34",
        "value": 6.6,
        "timestamp_measured": "2019-04-13T13:00:00+00:00",
        "import_log_id": "62889f83-98ab-418b-b7a6-6feedf336fda",
        "rating": 1,
        "status": "validated"
    },
    {
        "id": "2d275b71-0b1a-4699-a8a4-93169c2d6806",
        "station_id": "5b2a40aa-e9db-47bf-88cb-d14fe8b7790e",
        "component_id": "88afd3d1-6da3-496a-ac81-669a47256d34",
        "value": 6.91,
        "timestamp_measured": "2019-04-13T14:00:00+00:00",
        "import_log_id": "62889f83-98ab-418b-b7a6-6feedf336fda",
        "rating": 1,
        "status": "validated"
    },
    {
        "id": "edac37b2-f8e8-4d15-98e0-c1bd195c167a",
        "station_id": "5b2a40aa-e9db-47bf-88cb-d14fe8b7790e",
        "component_id": "88afd3d1-6da3-496a-ac81-669a47256d34",
        "value": 8.51,
        "timestamp_measured": "2019-04-13T15:00:00+00:00",
        "import_log_id": "62889f83-98ab-418b-b7a6-6feedf336fda",
        "rating": 1,
        "status": "validated"
    },
    {
        "id": "4c074e79-2548-4b45-ab95-e60fe25ae64a",
        "station_id": "5b2a40aa-e9db-47bf-88cb-d14fe8b7790e",
        "component_id": "88afd3d1-6da3-496a-ac81-669a47256d34",
        "value": 9.48,
        "timestamp_measured": "2019-04-13T16:00:00+00:00",
        "import_log_id": "62889f83-98ab-418b-b7a6-6feedf336fda",
        "rating": 1,
        "status": "validated"
    },
    {
        "id": "ef73b330-599f-40f5-9ac8-fb18cec23010",
        "station_id": "5b2a40aa-e9db-47bf-88cb-d14fe8b7790e",
        "component_id": "88afd3d1-6da3-496a-ac81-669a47256d34",
        "value": 8.98,
        "timestamp_measured": "2019-04-13T17:00:00+00:00",
        "import_log_id": "62889f83-98ab-418b-b7a6-6feedf336fda",
        "rating": 1,
        "status": "validated"
    },
    {
        "id": "6b357700-3a22-4559-92ce-0e1d2eb7f992",
        "station_id": "5b2a40aa-e9db-47bf-88cb-d14fe8b7790e",
        "component_id": "88afd3d1-6da3-496a-ac81-669a47256d34",
        "value": 11.33,
        "timestamp_measured": "2019-04-13T18:00:00+00:00",
        "import_log_id": "62889f83-98ab-418b-b7a6-6feedf336fda",
        "rating": 2,
        "status": "validated"
    },
    {
        "id": "aa70c2be-a322-4b6d-aa4f-8065cc7eda2e",
        "station_id": "5b2a40aa-e9db-47bf-88cb-d14fe8b7790e",
        "component_id": "88afd3d1-6da3-496a-ac81-669a47256d34",
        "value": 7.41,
        "timestamp_measured": "2019-04-13T19:00:00+00:00",
        "import_log_id": "62889f83-98ab-418b-b7a6-6feedf336fda",
        "rating": 1,
        "status": "validated"
    },
    {
        "id": "dd090b10-f65a-4dfb-9cf2-cf45276b6812",
        "station_id": "5b2a40aa-e9db-47bf-88cb-d14fe8b7790e",
        "component_id": "88afd3d1-6da3-496a-ac81-669a47256d34",
        "value": 14.74,
        "timestamp_measured": "2019-04-13T20:00:00+00:00",
        "import_log_id": "62889f83-98ab-418b-b7a6-6feedf336fda",
        "rating": 2,
        "status": "validated"
    },
    {
        "id": "d5d8aa24-ebcc-4a95-9eea-6f9d31e0d5e6",
        "station_id": "5b2a40aa-e9db-47bf-88cb-d14fe8b7790e",
        "component_id": "88afd3d1-6da3-496a-ac81-669a47256d34",
        "value": 16.86,
        "timestamp_measured": "2019-04-13T21:00:00+00:00",
        "import_log_id": "62889f83-98ab-418b-b7a6-6feedf336fda",
        "rating": 2,
        "status": "validated"
    },
    {
        "id": "2627613f-be82-4ebe-9f60-c9a64dbff8de",
        "station_id": "5b2a40aa-e9db-47bf-88cb-d14fe8b7790e",
        "component_id": "88afd3d1-6da3-496a-ac81-669a47256d34",
        "value": 16.58,
        "timestamp_measured": "2019-04-13T22:00:00+00:00",
        "import_log_id": "62889f83-98ab-418b-b7a6-6feedf336fda",
        "rating": 2,
        "status": "validated"
    },
    {
        "id": "937806c8-6fc4-4278-a067-8a3aa4fa510a",
        "station_id": "5b2a40aa-e9db-47bf-88cb-d14fe8b7790e",
        "component_id": "88afd3d1-6da3-496a-ac81-669a47256d34",
        "value": 23.55,
        "timestamp_measured": "2019-04-13T23:00:00+00:00",
        "import_log_id": "62889f83-98ab-418b-b7a6-6feedf336fda",
        "rating": 3,
        "status": "validated"
    },
    {
        "id": "5f9641cf-bdee-412e-803b-0b714fd2b645",
        "station_id": "5b2a40aa-e9db-47bf-88cb-d14fe8b7790e",
        "component_id": "88afd3d1-6da3-496a-ac81-669a47256d34",
        "value": 21.7,
        "timestamp_measured": "2019-04-14T00:00:00+00:00",
        "import_log_id": "62889f83-98ab-418b-b7a6-6feedf336fda",
        "rating": 3,
        "status": "validated"
    },
    {
        "id": "9b471f39-386e-4bd7-821a-c3b259be8d75",
        "station_id": "5b2a40aa-e9db-47bf-88cb-d14fe8b7790e",
        "component_id": "88afd3d1-6da3-496a-ac81-669a47256d34",
        "value": 15.4,
        "timestamp_measured": "2019-04-14T01:00:00+00:00",
        "import_log_id": "62889f83-98ab-418b-b7a6-6feedf336fda",
        "rating": 2,
        "status": "validated"
    },
    {
        "id": "6e944fa7-5650-4198-8db0-039451a0c73f",
        "station_id": "5b2a40aa-e9db-47bf-88cb-d14fe8b7790e",
        "component_id": "88afd3d1-6da3-496a-ac81-669a47256d34",
        "value": 22.07,
        "timestamp_measured": "2019-04-14T02:00:00+00:00",
        "import_log_id": "62889f83-98ab-418b-b7a6-6feedf336fda",
        "rating": 3,
        "status": "validated"
    },
    {
        "id": "1a2a33b8-6f8c-42b3-a0e5-1ab2ce51a8d7",
        "station_id": "5b2a40aa-e9db-47bf-88cb-d14fe8b7790e",
        "component_id": "88afd3d1-6da3-496a-ac81-669a47256d34",
        "value": 18.25,
        "timestamp_measured": "2019-04-14T03:00:00+00:00",
        "import_log_id": "62889f83-98ab-418b-b7a6-6feedf336fda",
        "rating": 2,
        "status": "validated"
    },
    {
        "id": "844c59c1-0982-4193-841f-2b0846839b3e",
        "station_id": "5b2a40aa-e9db-47bf-88cb-d14fe8b7790e",
        "component_id": "88afd3d1-6da3-496a-ac81-669a47256d34",
        "value": 16.23,
        "timestamp_measured": "2019-04-14T04:00:00+00:00",
        "import_log_id": "62889f83-98ab-418b-b7a6-6feedf336fda",
        "rating": 2,
        "status": "validated"
    },
    {
        "id": "69e64700-8e9e-44b9-a048-186fb3f57245",
        "station_id": "5b2a40aa-e9db-47bf-88cb-d14fe8b7790e",
        "component_id": "88afd3d1-6da3-496a-ac81-669a47256d34",
        "value": 16.77,
        "timestamp_measured": "2019-04-14T05:00:00+00:00",
        "import_log_id": "62889f83-98ab-418b-b7a6-6feedf336fda",
        "rating": 2,
        "status": "validated"
    },
    {
        "id": "c2bc8fe6-4997-4e73-a112-5fa5160c79db",
        "station_id": "5b2a40aa-e9db-47bf-88cb-d14fe8b7790e",
        "component_id": "88afd3d1-6da3-496a-ac81-669a47256d34",
        "value": 18.23,
        "timestamp_measured": "2019-04-14T06:00:00+00:00",
        "import_log_id": "62889f83-98ab-418b-b7a6-6feedf336fda",
        "rating": 2,
        "status": "validated"
    },
    {
        "id": "86afee1c-790c-41d9-a5ce-be54e0435a46",
        "station_id": "5b2a40aa-e9db-47bf-88cb-d14fe8b7790e",
        "component_id": "88afd3d1-6da3-496a-ac81-669a47256d34",
        "value": 12.05,
        "timestamp_measured": "2019-04-14T07:00:00+00:00",
        "import_log_id": "62889f83-98ab-418b-b7a6-6feedf336fda",
        "rating": 2,
        "status": "validated"
    },
    {
        "id": "9a7caa96-51f7-4c98-a1df-16976fe41900",
        "station_id": "5b2a40aa-e9db-47bf-88cb-d14fe8b7790e",
        "component_id": "88afd3d1-6da3-496a-ac81-669a47256d34",
        "value": 11.96,
        "timestamp_measured": "2019-04-14T08:00:00+00:00",
        "import_log_id": "62889f83-98ab-418b-b7a6-6feedf336fda",
        "rating": 2,
        "status": "validated"
    },
    {
        "id": "e3c74e95-d979-4806-88bc-278a260f78a4",
        "station_id": "5b2a40aa-e9db-47bf-88cb-d14fe8b7790e",
        "component_id": "88afd3d1-6da3-496a-ac81-669a47256d34",
        "value": 10.31,
        "timestamp_measured": "2019-04-14T09:00:00+00:00",
        "import_log_id": "62889f83-98ab-418b-b7a6-6feedf336fda",
        "rating": 2,
        "status": "validated"
    },
    {
        "id": "19640c97-5384-4bf0-85f9-3b30bdd1b5a0",
        "station_id": "5b2a40aa-e9db-47bf-88cb-d14fe8b7790e",
        "component_id": "88afd3d1-6da3-496a-ac81-669a47256d34",
        "value": 12.13,
        "timestamp_measured": "2019-04-14T10:00:00+00:00",
        "import_log_id": "62889f83-98ab-418b-b7a6-6feedf336fda",
        "rating": 2,
        "status": "validated"
    },
    {
        "id": "64cfcd1a-1356-48b5-a949-7c2b75c742b5",
        "station_id": "5b2a40aa-e9db-47bf-88cb-d14fe8b7790e",
        "component_id": "88afd3d1-6da3-496a-ac81-669a47256d34",
        "value": 9.89,
        "timestamp_measured": "2019-04-14T11:00:00+00:00",
        "import_log_id": "62889f83-98ab-418b-b7a6-6feedf336fda",
        "rating": 1,
        "status": "validated"
    },
    {
        "id": "3a84f561-c025-433b-9508-3214b5f551d8",
        "station_id": "5b2a40aa-e9db-47bf-88cb-d14fe8b7790e",
        "component_id": "88afd3d1-6da3-496a-ac81-669a47256d34",
        "value": 9.53,
        "timestamp_measured": "2019-04-14T12:00:00+00:00",
        "import_log_id": "62889f83-98ab-418b-b7a6-6feedf336fda",
        "rating": 1,
        "status": "validated"
    },
    {
        "id": "b06b4911-9ab0-4662-9c42-707c596abf26",
        "station_id": "5b2a40aa-e9db-47bf-88cb-d14fe8b7790e",
        "component_id": "88afd3d1-6da3-496a-ac81-669a47256d34",
        "value": 9.86,
        "timestamp_measured": "2019-04-14T13:00:00+00:00",
        "import_log_id": "62889f83-98ab-418b-b7a6-6feedf336fda",
        "rating": 1,
        "status": "validated"
    },
    {
        "id": "817e70b5-5689-4c53-a2c1-fec76001c7a9",
        "station_id": "5b2a40aa-e9db-47bf-88cb-d14fe8b7790e",
        "component_id": "88afd3d1-6da3-496a-ac81-669a47256d34",
        "value": 9.3,
        "timestamp_measured": "2019-04-14T14:00:00+00:00",
        "import_log_id": "62889f83-98ab-418b-b7a6-6feedf336fda",
        "rating": 1,
        "status": "validated"
    },
    {
        "id": "3c4e9091-8884-49ed-9d5a-675547b75369",
        "station_id": "5b2a40aa-e9db-47bf-88cb-d14fe8b7790e",
        "component_id": "88afd3d1-6da3-496a-ac81-669a47256d34",
        "value": 9.76,
        "timestamp_measured": "2019-04-14T15:00:00+00:00",
        "import_log_id": "62889f83-98ab-418b-b7a6-6feedf336fda",
        "rating": 1,
        "status": "validated"
    },
    {
        "id": "3c993d11-2a2b-49ba-b662-5c1df6ea86a8",
        "station_id": "5b2a40aa-e9db-47bf-88cb-d14fe8b7790e",
        "component_id": "88afd3d1-6da3-496a-ac81-669a47256d34",
        "value": 8.21,
        "timestamp_measured": "2019-04-14T16:00:00+00:00",
        "import_log_id": "62889f83-98ab-418b-b7a6-6feedf336fda",
        "rating": 1,
        "status": "validated"
    },
    {
        "id": "db902411-5fbb-489e-85b8-01b4c882afe8",
        "station_id": "5b2a40aa-e9db-47bf-88cb-d14fe8b7790e",
        "component_id": "88afd3d1-6da3-496a-ac81-669a47256d34",
        "value": 7.91,
        "timestamp_measured": "2019-04-14T17:00:00+00:00",
        "import_log_id": "62889f83-98ab-418b-b7a6-6feedf336fda",
        "rating": 1,
        "status": "validated"
    },
    {
        "id": "18a8bd4b-f059-4435-8a06-30dddf4bc7da",
        "station_id": "5b2a40aa-e9db-47bf-88cb-d14fe8b7790e",
        "component_id": "88afd3d1-6da3-496a-ac81-669a47256d34",
        "value": 15.77,
        "timestamp_measured": "2019-04-14T18:00:00+00:00",
        "import_log_id": "62889f83-98ab-418b-b7a6-6feedf336fda",
        "rating": 2,
        "status": "validated"
    },
    {
        "id": "2c39455c-e3ff-43c5-b439-bd6a4217a378",
        "station_id": "5b2a40aa-e9db-47bf-88cb-d14fe8b7790e",
        "component_id": "88afd3d1-6da3-496a-ac81-669a47256d34",
        "value": 20.34,
        "timestamp_measured": "2019-04-14T19:00:00+00:00",
        "import_log_id": "62889f83-98ab-418b-b7a6-6feedf336fda",
        "rating": 3,
        "status": "validated"
    },
    {
        "id": "a46b0320-46e0-4115-891d-1c70d7308f2f",
        "station_id": "5b2a40aa-e9db-47bf-88cb-d14fe8b7790e",
        "component_id": "88afd3d1-6da3-496a-ac81-669a47256d34",
        "value": 15.08,
        "timestamp_measured": "2019-04-14T20:00:00+00:00",
        "import_log_id": "62889f83-98ab-418b-b7a6-6feedf336fda",
        "rating": 2,
        "status": "validated"
    },
    {
        "id": "5005717f-64e2-40dd-9c8b-e309877eced3",
        "station_id": "5b2a40aa-e9db-47bf-88cb-d14fe8b7790e",
        "component_id": "88afd3d1-6da3-496a-ac81-669a47256d34",
        "value": 20.24,
        "timestamp_measured": "2019-04-14T21:00:00+00:00",
        "import_log_id": "62889f83-98ab-418b-b7a6-6feedf336fda",
        "rating": 3,
        "status": "validated"
    },
    {
        "id": "83eff2a6-4a3c-4751-863b-ec92882b5200",
        "station_id": "5b2a40aa-e9db-47bf-88cb-d14fe8b7790e",
        "component_id": "88afd3d1-6da3-496a-ac81-669a47256d34",
        "value": -999.0,
        "timestamp_measured": "2019-04-14T22:00:00+00:00",
        "import_log_id": "62889f83-98ab-418b-b7a6-6feedf336fda",
        "rating": -999,
        "status": "unvalidated"
    }
]