[
    {
        "id": "7da405d9-c0a3-4ce0-ab10-9ca4b8731aeb",
        "station_id": "da369ee7-fc99-456a-97f6-39467f5e29a1",
        "component_id": "88afd3d1-6da3-496a-ac81-669a47256d34",
        "value": 6.5,
        "timestamp_measured": "2019-03-31T22:00:00+00:00",
        "import_log_id": "ac093db6-8126-4360-b4eb-49a3c6399f38",
        "rating": 1,
        "status": "validated"
    },
    {
        "id": "428144d0-5601-4f5b-afe3-a1c087b22b42",
        "station_id": "da369ee7-fc99-456a-97f6-39467f5e29a1",
        "component_id": "88afd3d1-6da3-496a-ac81-669a47256d34",
        "value": 6.0,
        "timestamp_measured": "2019-03-31T23:00:00+00:00",
        "import_log_id": "ac093db6-8126-4360-b4eb-49a3c6399f38",
        "rating": 1,
        "status": "validated"
    },
    {
        "id": "bb06edf9-aa56-44eb-bcf9-68699a9d0df3",
        "station_id": "da369ee7-fc99-456a-97f6-39467f5e29a1",
        "component_id": "88afd3d1-6da3-496a-ac81-669a47256d34",
        "value": 4.6,
        "timestamp_measured": "2019-04-01T00:00:00+00:00",
        "import_log_id": "ac093db6-8126-4360-b4eb-49a3c6399f38",
        "rating": 1,
        "status": "validated"
    },
    {
        "id": "efff63fb-d84a-436d-ac89-b8c484d7b476",
        "station_id": "da369ee7-fc99-456a-97f6-39467f5e29a1",
        "component_id": "88afd3d1-6da3-496a-ac81-669a47256d34",
        "value": 4.5,
        "timestamp_measured": "2019-04-01T01:00:00+00:00",
        "import_log_id": "ac093db6-8126-4360-b4eb-49a3c6399f38",
        "rating": 1,
        "status": "validated"
    },
    {
        "id": "ffae02aa-4a78-4d7f-a61b-9eba40a30290",
        "station_id": "da369ee7-fc99-456a-97f6-39467f5e29a1",
        "component_id": "88afd3d1-6da3-496a-ac81-669a47256d34",
        "value": 4.3,
        "timestamp_measured": "2019-04-01T02:00:00+00:00",
        "import_log_id": "ac093db6-8126-4360-b4eb-49a3c6399f38",
        "rating": 1,
        "status": "validated"
    },
    {
        "id": "42f52d55-588f-4846-a356-6a9e8a393ddf",
        "station_id": "da369ee7-fc99-456a-97f6-39467f5e29a1",
        "component_id": "88afd3d1-6da3-496a-ac81-669a47256d34",
        "value": 4.4,
        "timestamp_measured": "2019-04-01T03:00:00+00:00",
        "import_log_id": "ac093db6-8126-4360-b4eb-49a3c6399f38",
        "rating": 1,
        "status": "validated"
    },
    {
        "id": "2d996a3f-e36d-40d1-8723-d40043c65204",
        "station_id": "da369ee7-fc99-456a-97f6-39467f5e29a1",
        "component_id": "88afd3d1-6da3-496a-ac81-669a47256d34",
        "value": 5.3,
        "timestamp_measured": "2019-04-01T04:00:00+00:00",
        "import_log_id": "ac093db6-8126-4360-b4eb-49a3c6399f38",
        "rating": 1,
        "status": "validated"
    },
    {
        "id": "e8dd9179-8e2b-4eb6-987b-12b6e1e35e30",
        "station_id": "da369ee7-fc99-456a-97f6-39467f5e29a1",
        "component_id": "88afd3d1-6da3-496a-ac81-669a47256d34",
        "value": 9.8,
        "timestamp_measured": "2019-04-01T05:00:00+00:00",
        "import_log_id": "ac093db6-8126-4360-b4eb-49a3c6399f38",
        "rating": 1,
        "status": "validated"
    },
    {
        "id": "c60b2dfc-205e-4652-806d-531e87dd3efb",
        "station_id": "da369ee7-fc99-456a-97f6-39467f5e29a1",
        "component_id": "88afd3d1-6da3-496a-ac81-669a47256d34",
        "value": 18.3,
        "timestamp_measured": "2019-04-01T06:00:00+00:00",
        "import_log_id": "ac093db6-8126-4360-b4eb-49a3c6399f38",
        "rating": 2,
        "status": "validated"
    },
    {
        "id": "39df4a24-7d69-47d9-9a3a-3713aa7e1d8b",
        "station_id": "da369ee7-fc99-456a-97f6-39467f5e29a1",
        "component_id": "88afd3d1-6da3-496a-ac81-669a47256d34",
        "value": 23.8,
        "timestamp_measured": "2019-04-01T07:00:00+00:00",
        "import_log_id": "ac093db6-8126-4360-b4eb-49a3c6399f38",
        "rating": 3,
        "status": "validated"
    },
    {
        "id": "c28bfae8-afcc-4fbf-bcba-2c451897d48c",
        "station_id": "da369ee7-fc99-456a-97f6-39467f5e29a1",
        "component_id": "88afd3d1-6da3-496a-ac81-669a47256d34",
        "value": 20.7,
        "timestamp_measured": "2019-04-01T08:00:00+00:00",
        "import_log_id": "ac093db6-8126-4360-b4eb-49a3c6399f38",
        "rating": 3,
        "status": "validated"
    },
    {
        "id": "a244183e-1f00-4f9f-958f-f1cb7ddd25fd",
        "station_id": "da369ee7-fc99-456a-97f6-39467f5e29a1",
        "component_id": "88afd3d1-6da3-496a-ac81-669a47256d34",
        "value": 22.3,
        "timestamp_measured": "2019-04-01T09:00:00+00:00",
        "import_log_id": "ac093db6-8126-4360-b4eb-49a3c6399f38",
        "rating": 3,
        "status": "validated"
    },
    {
        "id": "3f967703-d394-4300-a92f-677482ba90fa",
        "station_id": "da369ee7-fc99-456a-97f6-39467f5e29a1",
        "component_id": "88afd3d1-6da3-496a-ac81-669a47256d34",
        "value": 19.6,
        "timestamp_measured": "2019-04-01T10:00:00+00:00",
        "import_log_id": "ac093db6-8126-4360-b4eb-49a3c6399f38",
        "rating": 2,
        "status": "validated"
    },
    {
        "id": "997b2bda-23de-4962-88a3-74e608b11ee5",
        "station_id": "da369ee7-fc99-456a-97f6-39467f5e29a1",
        "component_id": "88afd3d1-6da3-496a-ac81-669a47256d34",
        "value": 17.7,
        "timestamp_measured": "2019-04-01T11:00:00+00:00",
        "import_log_id": "ac093db6-8126-4360-b4eb-49a3c6399f38",
        "rating": 2,
        "status": "validated"
    },
    {
        "id": "22ca1b23-5346-4fb2-89f6-50fafe832fef",
        "station_id": "da369ee7-fc99-456a-97f6-39467f5e29a1",
        "component_id": "88afd3d1-6da3-496a-ac81-669a47256d34",
        "value": 12.6,
        "timestamp_measured": "2019-04-01T12:00:00+00:00",
        "import_log_id": "ac093db6-8126-4360-b4eb-49a3c6399f38",
        "rating": 2,
        "status": "validated"
    },
    {
        "id": "6d92893f-c740-40b0-a2a5-1f857665b6eb",
        "station_id": "da369ee7-fc99-456a-97f6-39467f5e29a1",
        "component_id": "88afd3d1-6da3-496a-ac81-669a47256d34",
        "value": 10.4,
        "timestamp_measured": "2019-04-01T13:00:00+00:00",
        "import_log_id": "ac093db6-8126-4360-b4eb-49a3c6399f38",
        "rating": 2,
        "status": "validated"
    },
    {
        "id": "5f865055-5e76-45de-8640-dee2566e8996",
        "station_id": "da369ee7-fc99-456a-97f6-39467f5e29a1",
        "component_id": "88afd3d1-6da3-496a-ac81-669a47256d34",
        "value": 8.3,
        "timestamp_measured": "2019-04-01T14:00:00+00:00",
        "import_log_id": "ac093db6-8126-4360-b4eb-49a3c6399f38",
        "rating": 1,
        "status": "validated"
    },
    {
        "id": "99c95578-faa8-4d8c-b695-8fcda207ce17",
        "station_id": "da369ee7-fc99-456a-97f6-39467f5e29a1",
        "component_id": "88afd3d1-6da3-496a-ac81-669a47256d34",
        "value": 9.1,
        "timestamp_measured": "2019-04-01T15:00:00+00:00",
        "import_log_id": "ac093db6-8126-4360-b4eb-49a3c6399f38",
        "rating": 1,
        "status": "validated"
    },
    {
        "id": "52ae101d-c0da-4ca9-a3f8-7749850af8d8",
        "station_id": "da369ee7-fc99-456a-97f6-39467f5e29a1",
        "component_id": "88afd3d1-6da3-496a-ac81-669a47256d34",
        "value": 10.4,
        "timestamp_measured": "2019-04-01T16:00:00+00:00",
        "import_log_id": "ac093db6-8126-4360-b4eb-49a3c6399f38",
        "rating": 2,
        "status": "validated"
    },
    {
        "id": "7f106699-a984-4bb8-ab98-200d2b4dcec4",
        "station_id": "da369ee7-fc99-456a-97f6-39467f5e29a1",
        "component_id": "88afd3d1-6da3-496a-ac81-669a47256d34",
        "value": 12.9,
        "timestamp_measured": "2019-04-01T17:00:00+00:00",
        "import_log_id": "ac093db6-8126-4360-b4eb-49a3c6399f38",
        "rating": 2,
        "status": "validated"
    },
    {
        "id": "76abfe00-2b48-4dac-9b0e-16deeea863ee",
        "station_id": "da369ee7-fc99-456a-97f6-39467f5e29a1",
        "component_id": "88afd3d1-6da3-496a-ac81-669a47256d34",
        "value": 14.6,
        "timestamp_measured": "2019-04-01T18:00:00+00:00",
        "import_log_id": "ac093db6-8126-4360-b4eb-49a3c6399f38",
        "rating": 2,
        "status": "validated"
    },
    {
        "id": "d240b63b-bf9a-42c8-81ae-dd7ff7ff37a0",
        "station_id": "da369ee7-fc99-456a-97f6-39467f5e29a1",
        "component_id": "88afd3d1-6da3-496a-ac81-669a47256d34",
        "value": 26.2,
        "timestamp_measured": "2019-04-01T19:00:00+00:00",
        "import_log_id": "ac093db6-8126-4360-b4eb-49a3c6399f38",
        "rating": 3,
        "status": "validated"
    },
    {
        "id": "72786470-1eef-4fb3-94eb-2e3a9e558610",
        "station_id": "da369ee7-fc99-456a-97f6-39467f5e29a1",
        "component_id": "88afd3d1-6da3-496a-ac81-669a47256d34",
        "value": 29.8,
        "timestamp_measured": "2019-04-01T20:00:00+00:00",
        "import_log_id": "ac093db6-8126-4360-b4eb-49a3c6399f38",
        "rating": 3,
        "status": "validated"
    },
    {
        "id": "3db9d293-298a-48e5-af0f-fff79482fee6",
        "station_id": "da369ee7-fc99-456a-97f6-39467f5e29a1",
        "component_id": "88afd3d1-6da3-496a-ac81-669a47256d34",
        "value": 26.5,
        "timestamp_measured": "2019-04-01T21:00:00+00:00",
        "import_log_id": "ac093db6-8126-4360-b4eb-49a3c6399f38",
        "rating": 3,
        "status": "validated"
    },
    {
        "id": "30092359-8169-48c3-9aa3-4d19c900d5c9",
        "station_id": "da369ee7-fc99-456a-97f6-39467f5e29a1",
        "component_id": "88afd3d1-6da3-496a-ac81-669a47256d34",
        "value": 33.0,
        "timestamp_measured": "2019-04-01T22:00:00+00:00",
        "import_log_id": "ac093db6-8126-4360-b4eb-49a3c6399f38",
        "rating": 4,
        "status": "validated"
    },
    {
        "id": "16e60faf-fc84-4f38-a017-ccef3b803e7c",
        "station_id": "da369ee7-fc99-456a-97f6-39467f5e29a1",
        "component_id": "88afd3d1-6da3-496a-ac81-669a47256d34",
        "value": 26.6,
        "timestamp_measured": "2019-04-01T23:00:00+00:00",
        "import_log_id": "ac093db6-8126-4360-b4eb-49a3c6399f38",
        "rating": 3,
        "status": "validated"
    },
    {
        "id": "fbcdc240-d124-4b65-836e-39f6ed7d9e21",
        "station_id": "da369ee7-fc99-456a-97f6-39467f5e29a1",
        "component_id": "88afd3d1-6da3-496a-ac81-669a47256d34",
        "value": 22.5,
        "timestamp_measured": "2019-04-02T00:00:00+00:00",
        "import_log_id": "ac093db6-8126-4360-b4eb-49a3c6399f38",
        "rating": 3,
        "status": "validated"
    },
    {
        "id": "e4cd756f-229f-45c3-a064-a2dc9fc9f460",
        "station_id": "da369ee7-fc99-456a-97f6-39467f5e29a1",
        "component_id": "88afd3d1-6da3-496a-ac81-669a47256d34",
        "value": 17.5,
        "timestamp_measured": "2019-04-02T01:00:00+00:00",
        "import_log_id": "ac093db6-8126-4360-b4eb-49a3c6399f38",
        "rating": 2,
        "status": "validated"
    },
    {
        "id": "097ab8ce-7c9a-4dbf-bc2b-e2b3b5d6b747",
        "station_id": "da369ee7-fc99-456a-97f6-39467f5e29a1",
        "component_id": "88afd3d1-6da3-496a-ac81-669a47256d34",
        "value": 20.2,
        "timestamp_measured": "2019-04-02T02:00:00+00:00",
        "import_log_id": "ac093db6-8126-4360-b4eb-49a3c6399f38",
        "rating": 3,
        "status": "validated"
    },
    {
        "id": "1a60b15f-5ad0-42c6-b19d-21e5df54b07c",
        "station_id": "da369ee7-fc99-456a-97f6-39467f5e29a1",
        "component_id": "88afd3d1-6da3-496a-ac81-669a47256d34",
        "value": 23.3,
        "timestamp_measured": "2019-04-02T03:00:00+00:00",
        "import_log_id": "ac093db6-8126-4360-b4eb-49a3c6399f38",
        "rating": 3,
        "status": "validated"
    },
    {
        "id": "a055e1bf-d742-4ae1-9def-aa6d03a21145",
        "station_id": "da369ee7-fc99-456a-97f6-39467f5e29a1",
        "component_id": "88afd3d1-6da3-496a-ac81-669a47256d34",
        "value": 27.4,
        "timestamp_measured": "2019-04-02T04:00:00+00:00",
        "import_log_id": "ac093db6-8126-4360-b4eb-49a3c6399f38",
        "rating": 3,
        "status": "validated"
    },
    {
        "id": "7b781ac7-8c2c-4d44-ad09-8b87770c4112",
        "station_id": "da369ee7-fc99-456a-97f6-39467f5e29a1",
        "component_id": "88afd3d1-6da3-496a-ac81-669a47256d34",
        "value": 44.4,
        "timestamp_measured": "2019-04-02T05:00:00+00:00",
        "import_log_id": "ac093db6-8126-4360-b4eb-49a3c6399f38",
        "rating": 4,
        "status": "validated"
    },
    {
        "id": "a9c29272-1804-4c61-ae45-8743c05149fb",
        "station_id": "da369ee7-fc99-456a-97f6-39467f5e29a1",
        "component_id": "88afd3d1-6da3-496a-ac81-669a47256d34",
        "value": 58.8,
        "timestamp_measured": "2019-04-02T06:00:00+00:00",
        "import_log_id": "ac093db6-8126-4360-b4eb-49a3c6399f38",
        "rating": 5,
        "status": "validated"
    },
    {
        "id": "4d66c164-7564-44ba-833a-93e01ce64015",
        "station_id": "da369ee7-fc99-456a-97f6-39467f5e29a1",
        "component_id": "88afd3d1-6da3-496a-ac81-669a47256d34",
        "value": 56.0,
        "timestamp_measured": "2019-04-02T07:00:00+00:00",
        "import_log_id": "ac093db6-8126-4360-b4eb-49a3c6399f38",
        "rating": 5,
        "status": "validated"
    },
    {
        "id": "e6d9d3b8-a8e6-42ad-9599-e151e98dc798",
        "station_id": "da369ee7-fc99-456a-97f6-39467f5e29a1",
        "component_id": "88afd3d1-6da3-496a-ac81-669a47256d34",
        "value": 51.7,
        "timestamp_measured": "2019-04-02T08:00:00+00:00",
        "import_log_id": "ac093db6-8126-4360-b4eb-49a3c6399f38",
        "rating": 5,
        "status": "validated"
    },
    {
        "id": "0112af99-b9aa-47fb-83c0-5b5fa877a56a",
        "station_id": "da369ee7-fc99-456a-97f6-39467f5e29a1",
        "component_id": "88afd3d1-6da3-496a-ac81-669a47256d34",
        "value": 38.8,
        "timestamp_measured": "2019-04-02T09:00:00+00:00",
        "import_log_id": "ac093db6-8126-4360-b4eb-49a3c6399f38",
        "rating": 4,
        "status": "validated"
    },
    {
        "id": "f70de999-78af-41b1-9ef9-8b85cb25d0ae",
        "station_id": "da369ee7-fc99-456a-97f6-39467f5e29a1",
        "component_id": "88afd3d1-6da3-496a-ac81-669a47256d34",
        "value": 33.7,
        "timestamp_measured": "2019-04-02T10:00:00+00:00",
        "import_log_id": "ac093db6-8126-4360-b4eb-49a3c6399f38",
        "rating": 4,
        "status": "validated"
    },
    {
        "id": "1b712c0a-fd67-4116-bcc9-1940b04ebc99",
        "station_id": "da369ee7-fc99-456a-97f6-39467f5e29a1",
        "component_id": "88afd3d1-6da3-496a-ac81-669a47256d34",
        "value": 30.7,
        "timestamp_measured": "2019-04-02T11:00:00+00:00",
        "import_log_id": "ac093db6-8126-4360-b4eb-49a3c6399f38",
        "rating": 4,
        "status": "validated"
    },
    {
        "id": "d348cd57-bdca-4d49-b4c9-7f72b0789452",
        "station_id": "da369ee7-fc99-456a-97f6-39467f5e29a1",
        "component_id": "88afd3d1-6da3-496a-ac81-669a47256d34",
        "value": 35.9,
        "timestamp_measured": "2019-04-02T12:00:00+00:00",
        "import_log_id": "ac093db6-8126-4360-b4eb-49a3c6399f38",
        "rating": 4,
        "status": "validated"
    },
    {
        "id": "9dd9d1f5-cc29-438a-a978-1c081e26f34b",
        "station_id": "da369ee7-fc99-456a-97f6-39467f5e29a1",
        "component_id": "88afd3d1-6da3-496a-ac81-669a47256d34",
        "value": 34.2,
        "timestamp_measured": "2019-04-02T13:00:00+00:00",
        "import_log_id": "ac093db6-8126-4360-b4eb-49a3c6399f38",
        "rating": 4,
        "status": "validated"
    },
    {
        "id": "3a00b92a-84b4-4f15-b9e9-d667e6731a84",
        "station_id": "da369ee7-fc99-456a-97f6-39467f5e29a1",
        "component_id": "88afd3d1-6da3-496a-ac81-669a47256d34",
        "value": 33.9,
        "timestamp_measured": "2019-04-02T14:00:00+00:00",
        "import_log_id": "ac093db6-8126-4360-b4eb-49a3c6399f38",
        "rating": 4,
        "status": "validated"
    },
    {
        "id": "4ec5a708-5ce6-4e27-b179-3d1a97e15903",
        "station_id": "da369ee7-fc99-456a-97f6-39467f5e29a1",
        "component_id": "88afd3d1-6da3-496a-ac81-669a47256d34",
        "value": 25.6,
        "timestamp_measured": "2019-04-02T15:00:00+00:00",
        "import_log_id": "ac093db6-8126-4360-b4eb-49a3c6399f38",
        "rating": 3,
        "status": "validated"
    },
    {
        "id": "4112225b-585b-4f9c-a8db-9db8a3b8e8fa",
        "station_id": "da369ee7-fc99-456a-97f6-39467f5e29a1",
        "component_id": "88afd3d1-6da3-496a-ac81-669a47256d34",
        "value": 28.6,
        "timestamp_measured": "2019-04-02T16:00:00+00:00",
        "import_log_id": "ac093db6-8126-4360-b4eb-49a3c6399f38",
        "rating": 3,
        "status": "validated"
    },
    {
        "id": "fe3fc24a-f505-4b9c-a5b5-c3cb8e935772",
        "station_id": "da369ee7-fc99-456a-97f6-39467f5e29a1",
        "component_id": "88afd3d1-6da3-496a-ac81-669a47256d34",
        "value": 38.3,
        "timestamp_measured": "2019-04-02T17:00:00+00:00",
        "import_log_id": "ac093db6-8126-4360-b4eb-49a3c6399f38",
        "rating": 4,
        "status": "validated"
    },
    {
        "id": "38508f42-6775-463b-a0b8-3d9520eabe0a",
        "station_id": "da369ee7-fc99-456a-97f6-39467f5e29a1",
        "component_id": "88afd3d1-6da3-496a-ac81-669a47256d34",
        "value": 31.9,
        "timestamp_measured": "2019-04-02T18:00:00+00:00",
        "import_log_id": "ac093db6-8126-4360-b4eb-49a3c6399f38",
        "rating": 4,
        "status": "validated"
    },
    {
        "id": "0ce75641-9237-4a58-88e1-b0ccb2ae31ba",
        "station_id": "da369ee7-fc99-456a-97f6-39467f5e29a1",
        "component_id": "88afd3d1-6da3-496a-ac81-669a47256d34",
        "value": 30.8,
        "timestamp_measured": "2019-04-02T19:00:00+00:00",
        "import_log_id": "ac093db6-8126-4360-b4eb-49a3c6399f38",
        "rating": 4,
        "status": "validated"
    },
    {
        "id": "bd5c3933-ae85-4ef8-adbd-01cd0a9e7f6f",
        "station_id": "da369ee7-fc99-456a-97f6-39467f5e29a1",
        "component_id": "88afd3d1-6da3-496a-ac81-669a47256d34",
        "value": 22.4,
        "timestamp_measured": "2019-04-02T20:00:00+00:00",
        "import_log_id": "ac093db6-8126-4360-b4eb-49a3c6399f38",
        "rating": 3,
        "status": "validated"
    },
    {
        "id": "d427aa1d-b94f-4674-bdf0-7f29b6ade15f",
        "station_id": "da369ee7-fc99-456a-97f6-39467f5e29a1",
        "component_id": "88afd3d1-6da3-496a-ac81-669a47256d34",
        "value": 21.0,
        "timestamp_measured": "2019-04-02T21:00:00+00:00",
        "import_log_id": "ac093db6-8126-4360-b4eb-49a3c6399f38",
        "rating": 3,
        "status": "validated"
    },
    {
        "id": "e6116597-4cd4-4cef-94a8-91259261c680",
        "station_id": "da369ee7-fc99-456a-97f6-39467f5e29a1",
        "component_id": "88afd3d1-6da3-496a-ac81-669a47256d34",
        "value": 25.4,
        "timestamp_measured": "2019-04-02T22:00:00+00:00",
        "import_log_id": "ac093db6-8126-4360-b4eb-49a3c6399f38",
        "rating": 3,
        "status": "validated"
    },
    {
        "id": "7452a3c7-17df-4352-a3c0-a97ad70f3870",
        "station_id": "da369ee7-fc99-456a-97f6-39467f5e29a1",
        "component_id": "88afd3d1-6da3-496a-ac81-669a47256d34",
        "value": 19.9,
        "timestamp_measured": "2019-04-02T23:00:00+00:00",
        "import_log_id": "ac093db6-8126-4360-b4eb-49a3c6399f38",
        "rating": 2,
        "status": "validated"
    },
    {
        "id": "1b36d884-4151-4258-9341-b9a08458dd48",
        "station_id": "da369ee7-fc99-456a-97f6-39467f5e29a1",
        "component_id": "88afd3d1-6da3-496a-ac81-669a47256d34",
        "value": 17.7,
        "timestamp_measured": "2019-04-03T00:00:00+00:00",
        "import_log_id": "ac093db6-8126-4360-b4eb-49a3c6399f38",
        "rating": 2,
        "status": "validated"
    },
    {
        "id": "30da11f2-3ef2-46fa-a22d-e4f1efb52439",
        "station_id": "da369ee7-fc99-456a-97f6-39467f5e29a1",
        "component_id": "88afd3d1-6da3-496a-ac81-669a47256d34",
        "value": 16.1,
        "timestamp_measured": "2019-04-03T01:00:00+00:00",
        "import_log_id": "ac093db6-8126-4360-b4eb-49a3c6399f38",
        "rating": 2,
        "status": "validated"
    },
    {
        "id": "2f9f6920-ced5-4a63-8ff4-46b6fbffc80e",
        "station_id": "da369ee7-fc99-456a-97f6-39467f5e29a1",
        "component_id": "88afd3d1-6da3-496a-ac81-669a47256d34",
        "value": 13.5,
        "timestamp_measured": "2019-04-03T02:00:00+00:00",
        "import_log_id": "ac093db6-8126-4360-b4eb-49a3c6399f38",
        "rating": 2,
        "status": "validated"
    },
    {
        "id": "40950d81-5a55-4110-9584-b16cc75d0e30",
        "station_id": "da369ee7-fc99-456a-97f6-39467f5e29a1",
        "component_id": "88afd3d1-6da3-496a-ac81-669a47256d34",
        "value": 14.7,
        "timestamp_measured": "2019-04-03T03:00:00+00:00",
        "import_log_id": "ac093db6-8126-4360-b4eb-49a3c6399f38",
        "rating": 2,
        "status": "validated"
    },
    {
        "id": "5e7a7015-2b5a-48b4-86be-7a59b231ba93",
        "station_id": "da369ee7-fc99-456a-97f6-39467f5e29a1",
        "component_id": "88afd3d1-6da3-496a-ac81-669a47256d34",
        "value": 19.4,
        "timestamp_measured": "2019-04-03T04:00:00+00:00",
        "import_log_id": "ac093db6-8126-4360-b4eb-49a3c6399f38",
        "rating": 2,
        "status": "validated"
    },
    {
        "id": "28040ec5-dae9-4d73-8a11-0d14a478cb90",
        "station_id": "da369ee7-fc99-456a-97f6-39467f5e29a1",
        "component_id": "88afd3d1-6da3-496a-ac81-669a47256d34",
        "value": 21.0,
        "timestamp_measured": "2019-04-03T05:00:00+00:00",
        "import_log_id": "ac093db6-8126-4360-b4eb-49a3c6399f38",
        "rating": 3,
        "status": "validated"
    },
    {
        "id": "f6490042-4ae0-450f-9529-bdf6ea44b2c4",
        "station_id": "da369ee7-fc99-456a-97f6-39467f5e29a1",
        "component_id": "88afd3d1-6da3-496a-ac81-669a47256d34",
        "value": 34.6,
        "timestamp_measured": "2019-04-03T06:00:00+00:00",
        "import_log_id": "ac093db6-8126-4360-b4eb-49a3c6399f38",
        "rating": 4,
        "status": "validated"
    },
    {
        "id": "0b438f4b-fdc5-460a-bf6a-b7209df5e650",
        "station_id": "da369ee7-fc99-456a-97f6-39467f5e29a1",
        "component_id": "88afd3d1-6da3-496a-ac81-669a47256d34",
        "value": 44.2,
        "timestamp_measured": "2019-04-03T07:00:00+00:00",
        "import_log_id": "ac093db6-8126-4360-b4eb-49a3c6399f38",
        "rating": 4,
        "status": "validated"
    },
    {
        "id": "343af645-2a68-4b4c-bf54-48addce4fa46",
        "station_id": "da369ee7-fc99-456a-97f6-39467f5e29a1",
        "component_id": "88afd3d1-6da3-496a-ac81-669a47256d34",
        "value": 35.0,
        "timestamp_measured": "2019-04-03T08:00:00+00:00",
        "import_log_id": "ac093db6-8126-4360-b4eb-49a3c6399f38",
        "rating": 4,
        "status": "validated"
    },
    {
        "id": "38f358f4-2252-41d5-bf79-bfa7a32623b2",
        "station_id": "da369ee7-fc99-456a-97f6-39467f5e29a1",
        "component_id": "88afd3d1-6da3-496a-ac81-669a47256d34",
        "value": 22.4,
        "timestamp_measured": "2019-04-03T09:00:00+00:00",
        "import_log_id": "ac093db6-8126-4360-b4eb-49a3c6399f38",
        "rating": 3,
        "status": "validated"
    },
    {
        "id": "060050db-e400-4834-88c2-44e51d3ddb6f",
        "station_id": "da369ee7-fc99-456a-97f6-39467f5e29a1",
        "component_id": "88afd3d1-6da3-496a-ac81-669a47256d34",
        "value": 17.2,
        "timestamp_measured": "2019-04-03T10:00:00+00:00",
        "import_log_id": "ac093db6-8126-4360-b4eb-49a3c6399f38",
        "rating": 2,
        "status": "validated"
    },
    {
        "id": "10e099cb-a9ac-4e64-aeca-512edc0745a5",
        "station_id": "da369ee7-fc99-456a-97f6-39467f5e29a1",
        "component_id": "88afd3d1-6da3-496a-ac81-669a47256d34",
        "value": 16.0,
        "timestamp_measured": "2019-04-03T11:00:00+00:00",
        "import_log_id": "ac093db6-8126-4360-b4eb-49a3c6399f38",
        "rating": 2,
        "status": "validated"
    },
    {
        "id": "636a3085-e4e7-43be-a09f-ee0c6ba54f65",
        "station_id": "da369ee7-fc99-456a-97f6-39467f5e29a1",
        "component_id": "88afd3d1-6da3-496a-ac81-669a47256d34",
        "value": 20.2,
        "timestamp_measured": "2019-04-03T12:00:00+00:00",
        "import_log_id": "ac093db6-8126-4360-b4eb-49a3c6399f38",
        "rating": 3,
        "status": "validated"
    },
    {
        "id": "27c69ab5-89db-49d9-912e-a3257030f44c",
        "station_id": "da369ee7-fc99-456a-97f6-39467f5e29a1",
        "component_id": "88afd3d1-6da3-496a-ac81-669a47256d34",
        "value": 23.7,
        "timestamp_measured": "2019-04-03T13:00:00+00:00",
        "import_log_id": "ac093db6-8126-4360-b4eb-49a3c6399f38",
        "rating": 3,
        "status": "validated"
    },
    {
        "id": "75b8ac33-0111-4575-b3b1-311d9569adad",
        "station_id": "da369ee7-fc99-456a-97f6-39467f5e29a1",
        "component_id": "88afd3d1-6da3-496a-ac81-669a47256d34",
        "value": 14.6,
        "timestamp_measured": "2019-04-03T14:00:00+00:00",
        "import_log_id": "ac093db6-8126-4360-b4eb-49a3c6399f38",
        "rating": 2,
        "status": "validated"
    },
    {
        "id": "6754dfdc-ef01-4a70-a3ee-0a1c2aa3b5e2",
        "station_id": "da369ee7-fc99-456a-97f6-39467f5e29a1",
        "component_id": "88afd3d1-6da3-496a-ac81-669a47256d34",
        "value": 20.1,
        "timestamp_measured": "2019-04-03T15:00:00+00:00",
        "import_log_id": "ac093db6-8126-4360-b4eb-49a3c6399f38",
        "rating": 3,
        "status": "validated"
    },
    {
        "id": "18876861-2a10-4183-95d0-5fef18a7f03b",
        "station_id": "da369ee7-fc99-456a-97f6-39467f5e29a1",
        "component_id": "88afd3d1-6da3-496a-ac81-669a47256d34",
        "value": 15.2,
        "timestamp_measured": "2019-04-03T16:00:00+00:00",
        "import_log_id": "ac093db6-8126-4360-b4eb-49a3c6399f38",
        "rating": 2,
        "status": "validated"
    },
    {
        "id": "33414652-d837-4439-a9d7-17794d1523b5",
        "station_id": "da369ee7-fc99-456a-97f6-39467f5e29a1",
        "component_id": "88afd3d1-6da3-496a-ac81-669a47256d34",
        "value": 19.6,
        "timestamp_measured": "2019-04-03T17:00:00+00:00",
        "import_log_id": "ac093db6-8126-4360-b4eb-49a3c6399f38",
        "rating": 2,
        "status": "validated"
    },
    {
        "id": "1d35390e-1b66-4b69-bd9b-720ce81eb1ee",
        "station_id": "da369ee7-fc99-456a-97f6-39467f5e29a1",
        "component_id": "88afd3d1-6da3-496a-ac81-669a47256d34",
        "value": 17.6,
        "timestamp_measured": "2019-04-03T18:00:00+00:00",
        "import_log_id": "ac093db6-8126-4360-b4eb-49a3c6399f38",
        "rating": 2,
        "status": "validated"
    },
    {
        "id": "99de74e3-8a03-4b94-b717-e3a4b2dc0d1b",
        "station_id": "da369ee7-fc99-456a-97f6-39467f5e29a1",
        "component_id": "88afd3d1-6da3-496a-ac81-669a47256d34",
        "value": 21.1,
        "timestamp_measured": "2019-04-03T19:00:00+00:00",
        "import_log_id": "ac093db6-8126-4360-b4eb-49a3c6399f38",
        "rating": 3,
        "status": "validated"
    },
    {
        "id": "8f0d6355-5b62-453c-a93a-2a4fa8c1bf59",
        "station_id": "da369ee7-fc99-456a-97f6-39467f5e29a1",
        "component_id": "88afd3d1-6da3-496a-ac81-669a47256d34",
        "value": 31.3,
        "timestamp_measured": "2019-04-03T20:00:00+00:00",
        "import_log_id": "ac093db6-8126-4360-b4eb-49a3c6399f38",
        "rating": 4,
        "status": "validated"
    },
    {
        "id": "becd6feb-073b-4bb8-a21b-356bce8c2b09",
        "station_id": "da369ee7-fc99-456a-97f6-39467f5e29a1",
        "component_id": "88afd3d1-6da3-496a-ac81-669a47256d34",
        "value": 29.0,
        "timestamp_measured": "2019-04-03T21:00:00+00:00",
        "import_log_id": "ac093db6-8126-4360-b4eb-49a3c6399f38",
        "rating": 3,
        "status": "validated"
    },
    {
        "id": "2813ce6d-d710-43f1-a76d-6fbfadf67313",
        "station_id": "da369ee7-fc99-456a-97f6-39467f5e29a1",
        "component_id": "88afd3d1-6da3-496a-ac81-669a47256d34",
        "value": 25.3,
        "timestamp_measured": "2019-04-03T22:00:00+00:00",
        "import_log_id": "ac093db6-8126-4360-b4eb-49a3c6399f38",
        "rating": 3,
        "status": "validated"
    },
    {
        "id": "c55b45c6-d989-4fe0-8d78-e0b6cb9b983d",
        "station_id": "da369ee7-fc99-456a-97f6-39467f5e29a1",
        "component_id": "88afd3d1-6da3-496a-ac81-669a47256d34",
        "value": 21.9,
        "timestamp_measured": "2019-04-03T23:00:00+00:00",
        "import_log_id": "ac093db6-8126-4360-b4eb-49a3c6399f38",
        "rating": 3,
        "status": "validated"
    },
    {
        "id": "aabf2ddf-9f20-43ac-ad11-c52306a06426",
        "station_id": "da369ee7-fc99-456a-97f6-39467f5e29a1",
        "component_id": "88afd3d1-6da3-496a-ac81-669a47256d34",
        "value": 17.8,
        "timestamp_measured": "2019-04-04T00:00:00+00:00",
        "import_log_id": "ac093db6-8126-4360-b4eb-49a3c6399f38",
        "rating": 2,
        "status": "validated"
    },
    {
        "id": "c9618f19-8388-4ccf-90b5-73a5d44dc90a",
        "station_id": "da369ee7-fc99-456a-97f6-39467f5e29a1",
        "component_id": "88afd3d1-6da3-496a-ac81-669a47256d34",
        "value": 16.2,
        "timestamp_measured": "2019-04-04T01:00:00+00:00",
        "import_log_id": "ac093db6-8126-4360-b4eb-49a3c6399f38",
        "rating": 2,
        "status": "validated"
    },
    {
        "id": "887dafbf-fe76-4741-b146-37b56bd416d6",
        "station_id": "da369ee7-fc99-456a-97f6-39467f5e29a1",
        "component_id": "88afd3d1-6da3-496a-ac81-669a47256d34",
        "value": 16.5,
        "timestamp_measured": "2019-04-04T02:00:00+00:00",
        "import_log_id": "ac093db6-8126-4360-b4eb-49a3c6399f38",
        "rating": 2,
        "status": "validated"
    },
    {
        "id": "0011fabc-3dc9-4458-a6f5-b7a74148e7d0",
        "station_id": "da369ee7-fc99-456a-97f6-39467f5e29a1",
        "component_id": "88afd3d1-6da3-496a-ac81-669a47256d34",
        "value": 17.8,
        "timestamp_measured": "2019-04-04T03:00:00+00:00",
        "import_log_id": "ac093db6-8126-4360-b4eb-49a3c6399f38",
        "rating": 2,
        "status": "validated"
    },
    {
        "id": "2a225d70-08be-4ff1-b70b-02b9ff39b7a8",
        "station_id": "da369ee7-fc99-456a-97f6-39467f5e29a1",
        "component_id": "88afd3d1-6da3-496a-ac81-669a47256d34",
        "value": 25.9,
        "timestamp_measured": "2019-04-04T04:00:00+00:00",
        "import_log_id": "ac093db6-8126-4360-b4eb-49a3c6399f38",
        "rating": 3,
        "status": "validated"
    },
    {
        "id": "29bf7ecc-5116-4669-8bf4-f409133dadd3",
        "station_id": "da369ee7-fc99-456a-97f6-39467f5e29a1",
        "component_id": "88afd3d1-6da3-496a-ac81-669a47256d34",
        "value": 24.9,
        "timestamp_measured": "2019-04-04T05:00:00+00:00",
        "import_log_id": "ac093db6-8126-4360-b4eb-49a3c6399f38",
        "rating": 3,
        "status": "validated"
    },
    {
        "id": "997373c9-c257-49be-b105-73393b2cb345",
        "station_id": "da369ee7-fc99-456a-97f6-39467f5e29a1",
        "component_id": "88afd3d1-6da3-496a-ac81-669a47256d34",
        "value": 49.7,
        "timestamp_measured": "2019-04-04T06:00:00+00:00",
        "import_log_id": "ac093db6-8126-4360-b4eb-49a3c6399f38",
        "rating": 5,
        "status": "validated"
    },
    {
        "id": "3b62822b-8cb0-40fd-8d3b-4046af2b1c18",
        "station_id": "da369ee7-fc99-456a-97f6-39467f5e29a1",
        "component_id": "88afd3d1-6da3-496a-ac81-669a47256d34",
        "value": 56.8,
        "timestamp_measured": "2019-04-04T07:00:00+00:00",
        "import_log_id": "ac093db6-8126-4360-b4eb-49a3c6399f38",
        "rating": 5,
        "status": "validated"
    },
    {
        "id": "85b730d5-7b2a-41a9-9280-5a682b632bc1",
        "station_id": "da369ee7-fc99-456a-97f6-39467f5e29a1",
        "component_id": "88afd3d1-6da3-496a-ac81-669a47256d34",
        "value": 43.2,
        "timestamp_measured": "2019-04-04T08:00:00+00:00",
        "import_log_id": "ac093db6-8126-4360-b4eb-49a3c6399f38",
        "rating": 4,
        "status": "validated"
    },
    {
        "id": "da91422f-8c09-4541-8dc4-ff3d6dc806e0",
        "station_id": "da369ee7-fc99-456a-97f6-39467f5e29a1",
        "component_id": "88afd3d1-6da3-496a-ac81-669a47256d34",
        "value": 32.1,
        "timestamp_measured": "2019-04-04T09:00:00+00:00",
        "import_log_id": "ac093db6-8126-4360-b4eb-49a3c6399f38",
        "rating": 4,
        "status": "validated"
    },
    {
        "id": "dc94a67c-a9bd-4f33-97d6-fed6c60bb947",
        "station_id": "da369ee7-fc99-456a-97f6-39467f5e29a1",
        "component_id": "88afd3d1-6da3-496a-ac81-669a47256d34",
        "value": 24.9,
        "timestamp_measured": "2019-04-04T10:00:00+00:00",
        "import_log_id": "ac093db6-8126-4360-b4eb-49a3c6399f38",
        "rating": 3,
        "status": "validated"
    },
    {
        "id": "4d3777c8-0993-4460-87ea-ff61dc03f8e8",
        "station_id": "da369ee7-fc99-456a-97f6-39467f5e29a1",
        "component_id": "88afd3d1-6da3-496a-ac81-669a47256d34",
        "value": 24.5,
        "timestamp_measured": "2019-04-04T11:00:00+00:00",
        "import_log_id": "ac093db6-8126-4360-b4eb-49a3c6399f38",
        "rating": 3,
        "status": "validated"
    },
    {
        "id": "d8ad8edd-588a-422b-847c-c2a0700ad5d8",
        "station_id": "da369ee7-fc99-456a-97f6-39467f5e29a1",
        "component_id": "88afd3d1-6da3-496a-ac81-669a47256d34",
        "value": 29.7,
        "timestamp_measured": "2019-04-04T12:00:00+00:00",
        "import_log_id": "ac093db6-8126-4360-b4eb-49a3c6399f38",
        "rating": 3,
        "status": "validated"
    },
    {
        "id": "1be623d2-de5d-4efa-97a9-3d5bdffd2fb5",
        "station_id": "da369ee7-fc99-456a-97f6-39467f5e29a1",
        "component_id": "88afd3d1-6da3-496a-ac81-669a47256d34",
        "value": 23.4,
        "timestamp_measured": "2019-04-04T13:00:00+00:00",
        "import_log_id": "ac093db6-8126-4360-b4eb-49a3c6399f38",
        "rating": 3,
        "status": "validated"
    },
    {
        "id": "6e03344a-0a09-4254-a842-2d7e998b928b",
        "station_id": "da369ee7-fc99-456a-97f6-39467f5e29a1",
        "component_id": "88afd3d1-6da3-496a-ac81-669a47256d34",
        "value": 17.0,
        "timestamp_measured": "2019-04-04T14:00:00+00:00",
        "import_log_id": "ac093db6-8126-4360-b4eb-49a3c6399f38",
        "rating": 2,
        "status": "validated"
    },
    {
        "id": "117cc33f-016e-4261-a99f-503dd1c0a02f",
        "station_id": "da369ee7-fc99-456a-97f6-39467f5e29a1",
        "component_id": "88afd3d1-6da3-496a-ac81-669a47256d34",
        "value": 13.1,
        "timestamp_measured": "2019-04-04T15:00:00+00:00",
        "import_log_id": "ac093db6-8126-4360-b4eb-49a3c6399f38",
        "rating": 2,
        "status": "validated"
    },
    {
        "id": "ecda69e6-db56-4742-85cc-9a57600e9c7d",
        "station_id": "da369ee7-fc99-456a-97f6-39467f5e29a1",
        "component_id": "88afd3d1-6da3-496a-ac81-669a47256d34",
        "value": 25.0,
        "timestamp_measured": "2019-04-04T16:00:00+00:00",
        "import_log_id": "ac093db6-8126-4360-b4eb-49a3c6399f38",
        "rating": 3,
        "status": "validated"
    },
    {
        "id": "603899ac-b2d4-47cd-8da9-fcc3417f44aa",
        "station_id": "da369ee7-fc99-456a-97f6-39467f5e29a1",
        "component_id": "88afd3d1-6da3-496a-ac81-669a47256d34",
        "value": 25.5,
        "timestamp_measured": "2019-04-04T17:00:00+00:00",
        "import_log_id": "ac093db6-8126-4360-b4eb-49a3c6399f38",
        "rating": 3,
        "status": "validated"
    },
    {
        "id": "286d7423-a67e-422d-b08b-1be3af052057",
        "station_id": "da369ee7-fc99-456a-97f6-39467f5e29a1",
        "component_id": "88afd3d1-6da3-496a-ac81-669a47256d34",
        "value": 22.1,
        "timestamp_measured": "2019-04-04T18:00:00+00:00",
        "import_log_id": "ac093db6-8126-4360-b4eb-49a3c6399f38",
        "rating": 3,
        "status": "validated"
    },
    {
        "id": "71bec3b0-cd85-4de3-8e9b-cd1cf070790c",
        "station_id": "da369ee7-fc99-456a-97f6-39467f5e29a1",
        "component_id": "88afd3d1-6da3-496a-ac81-669a47256d34",
        "value": 25.6,
        "timestamp_measured": "2019-04-04T19:00:00+00:00",
        "import_log_id": "ac093db6-8126-4360-b4eb-49a3c6399f38",
        "rating": 3,
        "status": "validated"
    },
    {
        "id": "9f2e741d-1a73-4e48-9100-bad9756da7d1",
        "station_id": "da369ee7-fc99-456a-97f6-39467f5e29a1",
        "component_id": "88afd3d1-6da3-496a-ac81-669a47256d34",
        "value": 25.8,
        "timestamp_measured": "2019-04-04T20:00:00+00:00",
        "import_log_id": "ac093db6-8126-4360-b4eb-49a3c6399f38",
        "rating": 3,
        "status": "validated"
    },
    {
        "id": "863110b6-74fb-41fe-a663-2a64a086e7bc",
        "station_id": "da369ee7-fc99-456a-97f6-39467f5e29a1",
        "component_id": "88afd3d1-6da3-496a-ac81-669a47256d34",
        "value": 20.1,
        "timestamp_measured": "2019-04-04T21:00:00+00:00",
        "import_log_id": "ac093db6-8126-4360-b4eb-49a3c6399f38",
        "rating": 3,
        "status": "validated"
    },
    {
        "id": "20ffddcc-1a93-43bb-8d77-3b7dd8ed7539",
        "station_id": "da369ee7-fc99-456a-97f6-39467f5e29a1",
        "component_id": "88afd3d1-6da3-496a-ac81-669a47256d34",
        "value": 21.3,
        "timestamp_measured": "2019-04-04T22:00:00+00:00",
        "import_log_id": "ac093db6-8126-4360-b4eb-49a3c6399f38",
        "rating": 3,
        "status": "validated"
    },
    {
        "id": "e3f68f91-61fb-47c4-b2eb-47704c73da0a",
        "station_id": "da369ee7-fc99-456a-97f6-39467f5e29a1",
        "component_id": "88afd3d1-6da3-496a-ac81-669a47256d34",
        "value": 24.1,
        "timestamp_measured": "2019-04-04T23:00:00+00:00",
        "import_log_id": "ac093db6-8126-4360-b4eb-49a3c6399f38",
        "rating": 3,
        "status": "validated"
    },
    {
        "id": "15b17350-3680-4082-bcba-959a3b7462de",
        "station_id": "da369ee7-fc99-456a-97f6-39467f5e29a1",
        "component_id": "88afd3d1-6da3-496a-ac81-669a47256d34",
        "value": 22.9,
        "timestamp_measured": "2019-04-05T00:00:00+00:00",
        "import_log_id": "ac093db6-8126-4360-b4eb-49a3c6399f38",
        "rating": 3,
        "status": "validated"
    },
    {
        "id": "f9715001-a212-4369-b11d-b05618cf649d",
        "station_id": "da369ee7-fc99-456a-97f6-39467f5e29a1",
        "component_id": "88afd3d1-6da3-496a-ac81-669a47256d34",
        "value": 15.8,
        "timestamp_measured": "2019-04-05T01:00:00+00:00",
        "import_log_id": "ac093db6-8126-4360-b4eb-49a3c6399f38",
        "rating": 2,
        "status": "validated"
    },
    {
        "id": "818c20d3-5698-456f-a32a-6a4eb2d03059",
        "station_id": "da369ee7-fc99-456a-97f6-39467f5e29a1",
        "component_id": "88afd3d1-6da3-496a-ac81-669a47256d34",
        "value": 15.1,
        "timestamp_measured": "2019-04-05T02:00:00+00:00",
        "import_log_id": "ac093db6-8126-4360-b4eb-49a3c6399f38",
        "rating": 2,
        "status": "validated"
    },
    {
        "id": "2b6043af-40e1-432d-a43a-699eb8554a78",
        "station_id": "da369ee7-fc99-456a-97f6-39467f5e29a1",
        "component_id": "88afd3d1-6da3-496a-ac81-669a47256d34",
        "value": 16.4,
        "timestamp_measured": "2019-04-05T03:00:00+00:00",
        "import_log_id": "ac093db6-8126-4360-b4eb-49a3c6399f38",
        "rating": 2,
        "status": "validated"
    },
    {
        "id": "2167cb92-53ac-4e93-ba26-6a29230fe867",
        "station_id": "da369ee7-fc99-456a-97f6-39467f5e29a1",
        "component_id": "88afd3d1-6da3-496a-ac81-669a47256d34",
        "value": 18.5,
        "timestamp_measured": "2019-04-05T04:00:00+00:00",
        "import_log_id": "ac093db6-8126-4360-b4eb-49a3c6399f38",
        "rating": 2,
        "status": "validated"
    },
    {
        "id": "1d69ed65-7d40-4edd-a274-e2ee89721564",
        "station_id": "da369ee7-fc99-456a-97f6-39467f5e29a1",
        "component_id": "88afd3d1-6da3-496a-ac81-669a47256d34",
        "value": 23.9,
        "timestamp_measured": "2019-04-05T05:00:00+00:00",
        "import_log_id": "ac093db6-8126-4360-b4eb-49a3c6399f38",
        "rating": 3,
        "status": "validated"
    },
    {
        "id": "c849feec-f1f8-48d1-913e-04a5344297d5",
        "station_id": "da369ee7-fc99-456a-97f6-39467f5e29a1",
        "component_id": "88afd3d1-6da3-496a-ac81-669a47256d34",
        "value": 47.0,
        "timestamp_measured": "2019-04-05T06:00:00+00:00",
        "import_log_id": "ac093db6-8126-4360-b4eb-49a3c6399f38",
        "rating": 5,
        "status": "validated"
    },
    {
        "id": "acb8b2da-856f-4fe1-888c-f745c19fa75f",
        "station_id": "da369ee7-fc99-456a-97f6-39467f5e29a1",
        "component_id": "88afd3d1-6da3-496a-ac81-669a47256d34",
        "value": 62.3,
        "timestamp_measured": "2019-04-05T07:00:00+00:00",
        "import_log_id": "ac093db6-8126-4360-b4eb-49a3c6399f38",
        "rating": 6,
        "status": "validated"
    },
    {
        "id": "3366a5c6-bf3f-457b-ae6e-d22343d52a1a",
        "station_id": "da369ee7-fc99-456a-97f6-39467f5e29a1",
        "component_id": "88afd3d1-6da3-496a-ac81-669a47256d34",
        "value": 42.7,
        "timestamp_measured": "2019-04-05T08:00:00+00:00",
        "import_log_id": "ac093db6-8126-4360-b4eb-49a3c6399f38",
        "rating": 4,
        "status": "validated"
    },
    {
        "id": "d04da3aa-d5da-4aad-ad4f-b6f35ef457e9",
        "station_id": "da369ee7-fc99-456a-97f6-39467f5e29a1",
        "component_id": "88afd3d1-6da3-496a-ac81-669a47256d34",
        "value": 20.4,
        "timestamp_measured": "2019-04-05T09:00:00+00:00",
        "import_log_id": "ac093db6-8126-4360-b4eb-49a3c6399f38",
        "rating": 3,
        "status": "validated"
    },
    {
        "id": "0b37537b-0559-4550-8e2b-a93921be3231",
        "station_id": "da369ee7-fc99-456a-97f6-39467f5e29a1",
        "component_id": "88afd3d1-6da3-496a-ac81-669a47256d34",
        "value": 15.9,
        "timestamp_measured": "2019-04-05T10:00:00+00:00",
        "import_log_id": "ac093db6-8126-4360-b4eb-49a3c6399f38",
        "rating": 2,
        "status": "validated"
    },
    {
        "id": "d393f610-63ca-4305-a4f9-7e5614e07788",
        "station_id": "da369ee7-fc99-456a-97f6-39467f5e29a1",
        "component_id": "88afd3d1-6da3-496a-ac81-669a47256d34",
        "value": 10.6,
        "timestamp_measured": "2019-04-05T11:00:00+00:00",
        "import_log_id": "ac093db6-8126-4360-b4eb-49a3c6399f38",
        "rating": 2,
        "status": "validated"
    },
    {
        "id": "d22be8a2-9c92-4fc0-b4b4-261858f8f4f8",
        "station_id": "da369ee7-fc99-456a-97f6-39467f5e29a1",
        "component_id": "88afd3d1-6da3-496a-ac81-669a47256d34",
        "value": 8.0,
        "timestamp_measured": "2019-04-05T12:00:00+00:00",
        "import_log_id": "ac093db6-8126-4360-b4eb-49a3c6399f38",
        "rating": 1,
        "status": "validated"
    },
    {
        "id": "2499fb77-25cc-48bf-9636-74d6211d5f0d",
        "station_id": "da369ee7-fc99-456a-97f6-39467f5e29a1",
        "component_id": "88afd3d1-6da3-496a-ac81-669a47256d34",
        "value": 8.4,
        "timestamp_measured": "2019-04-05T13:00:00+00:00",
        "import_log_id": "ac093db6-8126-4360-b4eb-49a3c6399f38",
        "rating": 1,
        "status": "validated"
    },
    {
        "id": "9c991f73-ea86-4e84-b3bd-058b8fb4fbd0",
        "station_id": "da369ee7-fc99-456a-97f6-39467f5e29a1",
        "component_id": "88afd3d1-6da3-496a-ac81-669a47256d34",
        "value": 9.8,
        "timestamp_measured": "2019-04-05T14:00:00+00:00",
        "import_log_id": "ac093db6-8126-4360-b4eb-49a3c6399f38",
        "rating": 1,
        "status": "validated"
    },
    {
        "id": "a6182727-8757-44e0-86e0-3d69de107d9d",
        "station_id": "da369ee7-fc99-456a-97f6-39467f5e29a1",
        "component_id": "88afd3d1-6da3-496a-ac81-669a47256d34",
        "value": 9.9,
        "timestamp_measured": "2019-04-05T15:00:00+00:00",
        "import_log_id": "ac093db6-8126-4360-b4eb-49a3c6399f38",
        "rating": 1,
        "status": "validated"
    },
    {
        "id": "7ad26638-4d66-4bb2-bb57-ebc77b93de8f",
        "station_id": "da369ee7-fc99-456a-97f6-39467f5e29a1",
        "component_id": "88afd3d1-6da3-496a-ac81-669a47256d34",
        "value": 10.2,
        "timestamp_measured": "2019-04-05T16:00:00+00:00",
        "import_log_id": "ac093db6-8126-4360-b4eb-49a3c6399f38",
        "rating": 2,
        "status": "validated"
    },
    {
        "id": "dadf99a4-51c9-43fc-9c14-7d2eff650838",
        "station_id": "da369ee7-fc99-456a-97f6-39467f5e29a1",
        "component_id": "88afd3d1-6da3-496a-ac81-669a47256d34",
        "value": 12.1,
        "timestamp_measured": "2019-04-05T17:00:00+00:00",
        "import_log_id": "ac093db6-8126-4360-b4eb-49a3c6399f38",
        "rating": 2,
        "status": "validated"
    },
    {
        "id": "da6a436c-2fcf-47a7-b021-e8aba04d3326",
        "station_id": "da369ee7-fc99-456a-97f6-39467f5e29a1",
        "component_id": "88afd3d1-6da3-496a-ac81-669a47256d34",
        "value": 14.4,
        "timestamp_measured": "2019-04-05T18:00:00+00:00",
        "import_log_id": "ac093db6-8126-4360-b4eb-49a3c6399f38",
        "rating": 2,
        "status": "validated"
    },
    {
        "id": "ba499af0-e52b-408f-a3f4-bf16d9d10a92",
        "station_id": "da369ee7-fc99-456a-97f6-39467f5e29a1",
        "component_id": "88afd3d1-6da3-496a-ac81-669a47256d34",
        "value": 14.9,
        "timestamp_measured": "2019-04-05T19:00:00+00:00",
        "import_log_id": "ac093db6-8126-4360-b4eb-49a3c6399f38",
        "rating": 2,
        "status": "validated"
    },
    {
        "id": "d4fdde0f-3944-42d1-a973-36cbd879ca34",
        "station_id": "da369ee7-fc99-456a-97f6-39467f5e29a1",
        "component_id": "88afd3d1-6da3-496a-ac81-669a47256d34",
        "value": 20.1,
        "timestamp_measured": "2019-04-05T20:00:00+00:00",
        "import_log_id": "ac093db6-8126-4360-b4eb-49a3c6399f38",
        "rating": 3,
        "status": "validated"
    },
    {
        "id": "e14e930a-c30c-48af-9c33-214c4337cd83",
        "station_id": "da369ee7-fc99-456a-97f6-39467f5e29a1",
        "component_id": "88afd3d1-6da3-496a-ac81-669a47256d34",
        "value": 13.7,
        "timestamp_measured": "2019-04-05T21:00:00+00:00",
        "import_log_id": "ac093db6-8126-4360-b4eb-49a3c6399f38",
        "rating": 2,
        "status": "validated"
    },
    {
        "id": "53a313a8-6d2e-4226-99ea-b6b1135b9d73",
        "station_id": "da369ee7-fc99-456a-97f6-39467f5e29a1",
        "component_id": "88afd3d1-6da3-496a-ac81-669a47256d34",
        "value": 11.0,
        "timestamp_measured": "2019-04-05T22:00:00+00:00",
        "import_log_id": "ac093db6-8126-4360-b4eb-49a3c6399f38",
        "rating": 2,
        "status": "validated"
    },
    {
        "id": "f0df4f4e-9aaa-4d23-9a73-84ce0c04fb93",
        "station_id": "da369ee7-fc99-456a-97f6-39467f5e29a1",
        "component_id": "88afd3d1-6da3-496a-ac81-669a47256d34",
        "value": 11.8,
        "timestamp_measured": "2019-04-05T23:00:00+00:00",
        "import_log_id": "ac093db6-8126-4360-b4eb-49a3c6399f38",
        "rating": 2,
        "status": "validated"
    },
    {
        "id": "ab295e22-6479-4b56-97cc-a6b02d40127e",
        "station_id": "da369ee7-fc99-456a-97f6-39467f5e29a1",
        "component_id": "88afd3d1-6da3-496a-ac81-669a47256d34",
        "value": 12.7,
        "timestamp_measured": "2019-04-06T00:00:00+00:00",
        "import_log_id": "ac093db6-8126-4360-b4eb-49a3c6399f38",
        "rating": 2,
        "status": "validated"
    },
    {
        "id": "c7d1be88-1ac0-490b-9f65-3a0aa01ee9cc",
        "station_id": "da369ee7-fc99-456a-97f6-39467f5e29a1",
        "component_id": "88afd3d1-6da3-496a-ac81-669a47256d34",
        "value": 11.7,
        "timestamp_measured": "2019-04-06T01:00:00+00:00",
        "import_log_id": "ac093db6-8126-4360-b4eb-49a3c6399f38",
        "rating": 2,
        "status": "validated"
    },
    {
        "id": "972e7787-57e3-4a1b-9d4e-6c0d4a782f9d",
        "station_id": "da369ee7-fc99-456a-97f6-39467f5e29a1",
        "component_id": "88afd3d1-6da3-496a-ac81-669a47256d34",
        "value": 18.3,
        "timestamp_measured": "2019-04-06T02:00:00+00:00",
        "import_log_id": "ac093db6-8126-4360-b4eb-49a3c6399f38",
        "rating": 2,
        "status": "validated"
    },
    {
        "id": "41989b9b-87ca-48f5-aba0-dccc263d330d",
        "station_id": "da369ee7-fc99-456a-97f6-39467f5e29a1",
        "component_id": "88afd3d1-6da3-496a-ac81-669a47256d34",
        "value": 11.7,
        "timestamp_measured": "2019-04-06T03:00:00+00:00",
        "import_log_id": "ac093db6-8126-4360-b4eb-49a3c6399f38",
        "rating": 2,
        "status": "validated"
    },
    {
        "id": "a9d39c96-0115-4699-9c10-76530f550af9",
        "station_id": "da369ee7-fc99-456a-97f6-39467f5e29a1",
        "component_id": "88afd3d1-6da3-496a-ac81-669a47256d34",
        "value": 6.4,
        "timestamp_measured": "2019-04-06T04:00:00+00:00",
        "import_log_id": "ac093db6-8126-4360-b4eb-49a3c6399f38",
        "rating": 1,
        "status": "validated"
    },
    {
        "id": "f7049155-ad9d-447d-9323-a47e90538ac6",
        "station_id": "da369ee7-fc99-456a-97f6-39467f5e29a1",
        "component_id": "88afd3d1-6da3-496a-ac81-669a47256d34",
        "value": 7.7,
        "timestamp_measured": "2019-04-06T05:00:00+00:00",
        "import_log_id": "ac093db6-8126-4360-b4eb-49a3c6399f38",
        "rating": 1,
        "status": "validated"
    },
    {
        "id": "f411fb59-10c4-4297-b171-feb583f63f8f",
        "station_id": "da369ee7-fc99-456a-97f6-39467f5e29a1",
        "component_id": "88afd3d1-6da3-496a-ac81-669a47256d34",
        "value": 15.6,
        "timestamp_measured": "2019-04-06T06:00:00+00:00",
        "import_log_id": "ac093db6-8126-4360-b4eb-49a3c6399f38",
        "rating": 2,
        "status": "validated"
    },
    {
        "id": "c4a06d02-9d3c-4c5a-90c2-ceac338942ab",
        "station_id": "da369ee7-fc99-456a-97f6-39467f5e29a1",
        "component_id": "88afd3d1-6da3-496a-ac81-669a47256d34",
        "value": 16.2,
        "timestamp_measured": "2019-04-06T07:00:00+00:00",
        "import_log_id": "ac093db6-8126-4360-b4eb-49a3c6399f38",
        "rating": 2,
        "status": "validated"
    },
    {
        "id": "6d975f41-f16b-4520-b3e2-6b968a128ad0",
        "station_id": "da369ee7-fc99-456a-97f6-39467f5e29a1",
        "component_id": "88afd3d1-6da3-496a-ac81-669a47256d34",
        "value": 15.0,
        "timestamp_measured": "2019-04-06T08:00:00+00:00",
        "import_log_id": "ac093db6-8126-4360-b4eb-49a3c6399f38",
        "rating": 2,
        "status": "validated"
    },
    {
        "id": "2c80ffa4-4891-4ef3-8474-371ccb7b9ed2",
        "station_id": "da369ee7-fc99-456a-97f6-39467f5e29a1",
        "component_id": "88afd3d1-6da3-496a-ac81-669a47256d34",
        "value": 16.1,
        "timestamp_measured": "2019-04-06T09:00:00+00:00",
        "import_log_id": "ac093db6-8126-4360-b4eb-49a3c6399f38",
        "rating": 2,
        "status": "validated"
    },
    {
        "id": "855de1a4-02d3-4e87-9e1c-e76261bee12d",
        "station_id": "da369ee7-fc99-456a-97f6-39467f5e29a1",
        "component_id": "88afd3d1-6da3-496a-ac81-669a47256d34",
        "value": 15.6,
        "timestamp_measured": "2019-04-06T10:00:00+00:00",
        "import_log_id": "ac093db6-8126-4360-b4eb-49a3c6399f38",
        "rating": 2,
        "status": "validated"
    },
    {
        "id": "75d83a0c-05f9-4216-983a-9424c474fadf",
        "station_id": "da369ee7-fc99-456a-97f6-39467f5e29a1",
        "component_id": "88afd3d1-6da3-496a-ac81-669a47256d34",
        "value": 13.5,
        "timestamp_measured": "2019-04-06T11:00:00+00:00",
        "import_log_id": "ac093db6-8126-4360-b4eb-49a3c6399f38",
        "rating": 2,
        "status": "validated"
    },
    {
        "id": "66ec32d9-7de9-4d79-afd0-6f08b9995415",
        "station_id": "da369ee7-fc99-456a-97f6-39467f5e29a1",
        "component_id": "88afd3d1-6da3-496a-ac81-669a47256d34",
        "value": 13.7,
        "timestamp_measured": "2019-04-06T12:00:00+00:00",
        "import_log_id": "ac093db6-8126-4360-b4eb-49a3c6399f38",
        "rating": 2,
        "status": "validated"
    },
    {
        "id": "fad53d91-01ee-49d2-a4af-0650cf6c742b",
        "station_id": "da369ee7-fc99-456a-97f6-39467f5e29a1",
        "component_id": "88afd3d1-6da3-496a-ac81-669a47256d34",
        "value": 16.7,
        "timestamp_measured": "2019-04-06T13:00:00+00:00",
        "import_log_id": "ac093db6-8126-4360-b4eb-49a3c6399f38",
        "rating": 2,
        "status": "validated"
    },
    {
        "id": "a81b55df-eff2-4ff8-8598-3df0ab05d492",
        "station_id": "da369ee7-fc99-456a-97f6-39467f5e29a1",
        "component_id": "88afd3d1-6da3-496a-ac81-669a47256d34",
        "value": 20.8,
        "timestamp_measured": "2019-04-06T14:00:00+00:00",
        "import_log_id": "ac093db6-8126-4360-b4eb-49a3c6399f38",
        "rating": 3,
        "status": "validated"
    },
    {
        "id": "6b535787-371d-43e8-9595-7cd43f167542",
        "station_id": "da369ee7-fc99-456a-97f6-39467f5e29a1",
        "component_id": "88afd3d1-6da3-496a-ac81-669a47256d34",
        "value": 22.7,
        "timestamp_measured": "2019-04-06T15:00:00+00:00",
        "import_log_id": "ac093db6-8126-4360-b4eb-49a3c6399f38",
        "rating": 3,
        "status": "validated"
    },
    {
        "id": "b7815f27-8a1a-4c67-9e0e-c5d74e69f791",
        "station_id": "da369ee7-fc99-456a-97f6-39467f5e29a1",
        "component_id": "88afd3d1-6da3-496a-ac81-669a47256d34",
        "value": 21.0,
        "timestamp_measured": "2019-04-06T16:00:00+00:00",
        "import_log_id": "ac093db6-8126-4360-b4eb-49a3c6399f38",
        "rating": 3,
        "status": "validated"
    },
    {
        "id": "4142f4bf-3adb-4d3a-998b-8c2f9a6dbe0b",
        "station_id": "da369ee7-fc99-456a-97f6-39467f5e29a1",
        "component_id": "88afd3d1-6da3-496a-ac81-669a47256d34",
        "value": 27.6,
        "timestamp_measured": "2019-04-06T17:00:00+00:00",
        "import_log_id": "ac093db6-8126-4360-b4eb-49a3c6399f38",
        "rating": 3,
        "status": "validated"
    },
    {
        "id": "959adbe9-5b0b-47f5-9f48-2c893e8e4e4d",
        "station_id": "da369ee7-fc99-456a-97f6-39467f5e29a1",
        "component_id": "88afd3d1-6da3-496a-ac81-669a47256d34",
        "value": 39.7,
        "timestamp_measured": "2019-04-06T18:00:00+00:00",
        "import_log_id": "ac093db6-8126-4360-b4eb-49a3c6399f38",
        "rating": 4,
        "status": "validated"
    },
    {
        "id": "37d3ef08-bb73-4229-a1db-e07c809285df",
        "station_id": "da369ee7-fc99-456a-97f6-39467f5e29a1",
        "component_id": "88afd3d1-6da3-496a-ac81-669a47256d34",
        "value": 35.7,
        "timestamp_measured": "2019-04-06T19:00:00+00:00",
        "import_log_id": "ac093db6-8126-4360-b4eb-49a3c6399f38",
        "rating": 4,
        "status": "validated"
    },
    {
        "id": "aba4099f-ad29-493e-921a-97b0abea29a6",
        "station_id": "da369ee7-fc99-456a-97f6-39467f5e29a1",
        "component_id": "88afd3d1-6da3-496a-ac81-669a47256d34",
        "value": 39.3,
        "timestamp_measured": "2019-04-06T20:00:00+00:00",
        "import_log_id": "ac093db6-8126-4360-b4eb-49a3c6399f38",
        "rating": 4,
        "status": "validated"
    },
    {
        "id": "fdb8cb17-1072-443e-b1d5-8d115a1a3aa7",
        "station_id": "da369ee7-fc99-456a-97f6-39467f5e29a1",
        "component_id": "88afd3d1-6da3-496a-ac81-669a47256d34",
        "value": 45.8,
        "timestamp_measured": "2019-04-06T21:00:00+00:00",
        "import_log_id": "ac093db6-8126-4360-b4eb-49a3c6399f38",
        "rating": 5,
        "status": "validated"
    },
    {
        "id": "6506314c-2059-46e6-935a-084900f361d6",
        "station_id": "da369ee7-fc99-456a-97f6-39467f5e29a1",
        "component_id": "88afd3d1-6da3-496a-ac81-669a47256d34",
        "value": 48.7,
        "timestamp_measured": "2019-04-06T22:00:00+00:00",
        "import_log_id": "ac093db6-8126-4360-b4eb-49a3c6399f38",
        "rating": 5,
        "status": "validated"
    },
    {
        "id": "753b6b0d-73b0-473e-8322-f75b427ed4ac",
        "station_id": "da369ee7-fc99-456a-97f6-39467f5e29a1",
        "component_id": "88afd3d1-6da3-496a-ac81-669a47256d34",
        "value": 43.8,
        "timestamp_measured": "2019-04-06T23:00:00+00:00",
        "import_log_id": "ac093db6-8126-4360-b4eb-49a3c6399f38",
        "rating": 4,
        "status": "validated"
    },
    {
        "id": "c0dbef15-6d2d-48b4-b4af-dc97374fcd7b",
        "station_id": "da369ee7-fc99-456a-97f6-39467f5e29a1",
        "component_id": "88afd3d1-6da3-496a-ac81-669a47256d34",
        "value": 28.7,
        "timestamp_measured": "2019-04-07T00:00:00+00:00",
        "import_log_id": "ac093db6-8126-4360-b4eb-49a3c6399f38",
        "rating": 3,
        "status": "validated"
    },
    {
        "id": "09bba715-f370-4714-8e45-d33de3944053",
        "station_id": "da369ee7-fc99-456a-97f6-39467f5e29a1",
        "component_id": "88afd3d1-6da3-496a-ac81-669a47256d34",
        "value": 25.6,
        "timestamp_measured": "2019-04-07T01:00:00+00:00",
        "import_log_id": "ac093db6-8126-4360-b4eb-49a3c6399f38",
        "rating": 3,
        "status": "validated"
    },
    {
        "id": "1cdba913-492a-4887-83a1-d225f0dac0e1",
        "station_id": "da369ee7-fc99-456a-97f6-39467f5e29a1",
        "component_id": "88afd3d1-6da3-496a-ac81-669a47256d34",
        "value": 22.6,
        "timestamp_measured": "2019-04-07T02:00:00+00:00",
        "import_log_id": "ac093db6-8126-4360-b4eb-49a3c6399f38",
        "rating": 3,
        "status": "validated"
    },
    {
        "id": "cb1bd459-3308-47a2-8436-fb7d12b5688b",
        "station_id": "da369ee7-fc99-456a-97f6-39467f5e29a1",
        "component_id": "88afd3d1-6da3-496a-ac81-669a47256d34",
        "value": 23.8,
        "timestamp_measured": "2019-04-07T03:00:00+00:00",
        "import_log_id": "ac093db6-8126-4360-b4eb-49a3c6399f38",
        "rating": 3,
        "status": "validated"
    },
    {
        "id": "53756bb9-3f18-4e22-be90-c327c4b9ba1e",
        "station_id": "da369ee7-fc99-456a-97f6-39467f5e29a1",
        "component_id": "88afd3d1-6da3-496a-ac81-669a47256d34",
        "value": 24.3,
        "timestamp_measured": "2019-04-07T04:00:00+00:00",
        "import_log_id": "ac093db6-8126-4360-b4eb-49a3c6399f38",
        "rating": 3,
        "status": "validated"
    },
    {
        "id": "6f0df0d2-fcea-446e-adb7-3a06652df536",
        "station_id": "da369ee7-fc99-456a-97f6-39467f5e29a1",
        "component_id": "88afd3d1-6da3-496a-ac81-669a47256d34",
        "value": 27.6,
        "timestamp_measured": "2019-04-07T05:00:00+00:00",
        "import_log_id": "ac093db6-8126-4360-b4eb-49a3c6399f38",
        "rating": 3,
        "status": "validated"
    },
    {
        "id": "11223e9c-924d-4dd8-94f3-1aa3bf40ae8d",
        "station_id": "da369ee7-fc99-456a-97f6-39467f5e29a1",
        "component_id": "88afd3d1-6da3-496a-ac81-669a47256d34",
        "value": 34.4,
        "timestamp_measured": "2019-04-07T06:00:00+00:00",
        "import_log_id": "ac093db6-8126-4360-b4eb-49a3c6399f38",
        "rating": 4,
        "status": "validated"
    },
    {
        "id": "4b52d1c3-6380-4b02-847e-867ec9a73667",
        "station_id": "da369ee7-fc99-456a-97f6-39467f5e29a1",
        "component_id": "88afd3d1-6da3-496a-ac81-669a47256d34",
        "value": 34.1,
        "timestamp_measured": "2019-04-07T07:00:00+00:00",
        "import_log_id": "ac093db6-8126-4360-b4eb-49a3c6399f38",
        "rating": 4,
        "status": "validated"
    },
    {
        "id": "265fb248-5d89-450a-a8ad-cfdba3449a9d",
        "station_id": "da369ee7-fc99-456a-97f6-39467f5e29a1",
        "component_id": "88afd3d1-6da3-496a-ac81-669a47256d34",
        "value": 22.7,
        "timestamp_measured": "2019-04-07T08:00:00+00:00",
        "import_log_id": "ac093db6-8126-4360-b4eb-49a3c6399f38",
        "rating": 3,
        "status": "validated"
    },
    {
        "id": "7495558b-3852-4e05-8bfd-189ff7fcc126",
        "station_id": "da369ee7-fc99-456a-97f6-39467f5e29a1",
        "component_id": "88afd3d1-6da3-496a-ac81-669a47256d34",
        "value": 25.2,
        "timestamp_measured": "2019-04-07T09:00:00+00:00",
        "import_log_id": "ac093db6-8126-4360-b4eb-49a3c6399f38",
        "rating": 3,
        "status": "validated"
    },
    {
        "id": "87200708-a59a-4f3d-9976-79f2b3c36296",
        "station_id": "da369ee7-fc99-456a-97f6-39467f5e29a1",
        "component_id": "88afd3d1-6da3-496a-ac81-669a47256d34",
        "value": 25.2,
        "timestamp_measured": "2019-04-07T10:00:00+00:00",
        "import_log_id": "ac093db6-8126-4360-b4eb-49a3c6399f38",
        "rating": 3,
        "status": "validated"
    },
    {
        "id": "189aef88-c40b-4c8a-8b60-84e4259ceec2",
        "station_id": "da369ee7-fc99-456a-97f6-39467f5e29a1",
        "component_id": "88afd3d1-6da3-496a-ac81-669a47256d34",
        "value": 16.9,
        "timestamp_measured": "2019-04-07T11:00:00+00:00",
        "import_log_id": "ac093db6-8126-4360-b4eb-49a3c6399f38",
        "rating": 2,
        "status": "validated"
    },
    {
        "id": "042ae353-9671-4b8b-8aff-83e5223ff1e5",
        "station_id": "da369ee7-fc99-456a-97f6-39467f5e29a1",
        "component_id": "88afd3d1-6da3-496a-ac81-669a47256d34",
        "value": 15.4,
        "timestamp_measured": "2019-04-07T12:00:00+00:00",
        "import_log_id": "ac093db6-8126-4360-b4eb-49a3c6399f38",
        "rating": 2,
        "status": "validated"
    },
    {
        "id": "8fa321d9-011d-4048-91e4-138174c9160e",
        "station_id": "da369ee7-fc99-456a-97f6-39467f5e29a1",
        "component_id": "88afd3d1-6da3-496a-ac81-669a47256d34",
        "value": 12.7,
        "timestamp_measured": "2019-04-07T13:00:00+00:00",
        "import_log_id": "ac093db6-8126-4360-b4eb-49a3c6399f38",
        "rating": 2,
        "status": "validated"
    },
    {
        "id": "67f55d72-565e-4d7e-bbe5-4852c5363101",
        "station_id": "da369ee7-fc99-456a-97f6-39467f5e29a1",
        "component_id": "88afd3d1-6da3-496a-ac81-669a47256d34",
        "value": 11.9,
        "timestamp_measured": "2019-04-07T14:00:00+00:00",
        "import_log_id": "ac093db6-8126-4360-b4eb-49a3c6399f38",
        "rating": 2,
        "status": "validated"
    },
    {
        "id": "6dd0ff70-02c4-41bb-83cd-5caf2ab88725",
        "station_id": "da369ee7-fc99-456a-97f6-39467f5e29a1",
        "component_id": "88afd3d1-6da3-496a-ac81-669a47256d34",
        "value": 12.8,
        "timestamp_measured": "2019-04-07T15:00:00+00:00",
        "import_log_id": "ac093db6-8126-4360-b4eb-49a3c6399f38",
        "rating": 2,
        "status": "validated"
    },
    {
        "id": "57d165b6-312f-47dd-b1c5-ece492194745",
        "station_id": "da369ee7-fc99-456a-97f6-39467f5e29a1",
        "component_id": "88afd3d1-6da3-496a-ac81-669a47256d34",
        "value": 16.4,
        "timestamp_measured": "2019-04-07T16:00:00+00:00",
        "import_log_id": "ac093db6-8126-4360-b4eb-49a3c6399f38",
        "rating": 2,
        "status": "validated"
    },
    {
        "id": "398a471e-8f55-450a-9d99-fbcfc23a6bb9",
        "station_id": "da369ee7-fc99-456a-97f6-39467f5e29a1",
        "component_id": "88afd3d1-6da3-496a-ac81-669a47256d34",
        "value": 20.8,
        "timestamp_measured": "2019-04-07T17:00:00+00:00",
        "import_log_id": "ac093db6-8126-4360-b4eb-49a3c6399f38",
        "rating": 3,
        "status": "validated"
    },
    {
        "id": "a1e996e4-d15c-4889-a935-590eb75cc5bc",
        "station_id": "da369ee7-fc99-456a-97f6-39467f5e29a1",
        "component_id": "88afd3d1-6da3-496a-ac81-669a47256d34",
        "value": 24.2,
        "timestamp_measured": "2019-04-07T18:00:00+00:00",
        "import_log_id": "ac093db6-8126-4360-b4eb-49a3c6399f38",
        "rating": 3,
        "status": "validated"
    },
    {
        "id": "6045b930-ef0a-4320-bafa-7953c40a2713",
        "station_id": "da369ee7-fc99-456a-97f6-39467f5e29a1",
        "component_id": "88afd3d1-6da3-496a-ac81-669a47256d34",
        "value": 21.2,
        "timestamp_measured": "2019-04-07T19:00:00+00:00",
        "import_log_id": "ac093db6-8126-4360-b4eb-49a3c6399f38",
        "rating": 3,
        "status": "validated"
    },
    {
        "id": "071c3d42-5e08-4d4d-8138-3463005015af",
        "station_id": "da369ee7-fc99-456a-97f6-39467f5e29a1",
        "component_id": "88afd3d1-6da3-496a-ac81-669a47256d34",
        "value": 23.2,
        "timestamp_measured": "2019-04-07T20:00:00+00:00",
        "import_log_id": "ac093db6-8126-4360-b4eb-49a3c6399f38",
        "rating": 3,
        "status": "validated"
    },
    {
        "id": "4c7eca61-541f-4b15-b40d-b06cac951602",
        "station_id": "da369ee7-fc99-456a-97f6-39467f5e29a1",
        "component_id": "88afd3d1-6da3-496a-ac81-669a47256d34",
        "value": 33.6,
        "timestamp_measured": "2019-04-07T21:00:00+00:00",
        "import_log_id": "ac093db6-8126-4360-b4eb-49a3c6399f38",
        "rating": 4,
        "status": "validated"
    },
    {
        "id": "4ebad723-4998-4ac7-99af-d5ce53831a40",
        "station_id": "da369ee7-fc99-456a-97f6-39467f5e29a1",
        "component_id": "88afd3d1-6da3-496a-ac81-669a47256d34",
        "value": -999.0,
        "timestamp_measured": "2019-04-07T22:00:00+00:00",
        "import_log_id": "ac093db6-8126-4360-b4eb-49a3c6399f38",
        "rating": -999,
        "status": "unvalidated"
    }
]