[
    {
        "id": "33cd027a-ddd9-4d08-aa17-e33358373477",
        "station_id": "3296e798-ff43-4209-9aef-6f6dc3d437f6",
        "component_id": "88afd3d1-6da3-496a-ac81-669a47256d34",
        "value": 23.93,
        "timestamp_measured": "2019-04-14T22:00:00+00:00",
        "import_log_id": "2a16c182-c115-4d6b-8c72-ad6a4a300535",
        "rating": 3,
        "status": "validated"
    },
    {
        "id": "9c9dd2d7-0155-4bcc-8374-ae5d5e00ea61",
        "station_id": "3296e798-ff43-4209-9aef-6f6dc3d437f6",
        "component_id": "88afd3d1-6da3-496a-ac81-669a47256d34",
        "value": 20.3,
        "timestamp_measured": "2019-04-14T23:00:00+00:00",
        "import_log_id": "2a16c182-c115-4d6b-8c72-ad6a4a300535",
        "rating": 3,
        "status": "validated"
    },
    {
        "id": "e5d1cbf0-9620-4f9b-9ec3-d94459ad08a8",
        "station_id": "3296e798-ff43-4209-9aef-6f6dc3d437f6",
        "component_id": "88afd3d1-6da3-496a-ac81-669a47256d34",
        "value": 21.75,
        "timestamp_measured": "2019-04-15T00:00:00+00:00",
        "import_log_id": "2a16c182-c115-4d6b-8c72-ad6a4a300535",
        "rating": 3,
        "status": "validated"
    },
    {
        "id": "6c0743f2-fe4a-4cf6-8ee9-a6d80923fd23",
        "station_id": "3296e798-ff43-4209-9aef-6f6dc3d437f6",
        "component_id": "88afd3d1-6da3-496a-ac81-669a47256d34",
        "value": 17.2,
        "timestamp_measured": "2019-04-15T01:00:00+00:00",
        "import_log_id": "2a16c182-c115-4d6b-8c72-ad6a4a300535",
        "rating": 2,
        "status": "validated"
    },
    {
        "id": "155dff25-7377-4a86-819b-2debef0deb7d",
        "station_id": "3296e798-ff43-4209-9aef-6f6dc3d437f6",
        "component_id": "88afd3d1-6da3-496a-ac81-669a47256d34",
        "value": 22.86,
        "timestamp_measured": "2019-04-15T02:00:00+00:00",
        "import_log_id": "2a16c182-c115-4d6b-8c72-ad6a4a300535",
        "rating": 3,
        "status": "validated"
    },
    {
        "id": "eccbeb83-a25d-4854-8823-6422ed7df9b6",
        "station_id": "3296e798-ff43-4209-9aef-6f6dc3d437f6",
        "component_id": "88afd3d1-6da3-496a-ac81-669a47256d34",
        "value": 18.03,
        "timestamp_measured": "2019-04-15T03:00:00+00:00",
        "import_log_id": "2a16c182-c115-4d6b-8c72-ad6a4a300535",
        "rating": 2,
        "status": "validated"
    },
    {
        "id": "78d97fb8-2616-4ac6-857d-3bf0431c715d",
        "station_id": "3296e798-ff43-4209-9aef-6f6dc3d437f6",
        "component_id": "88afd3d1-6da3-496a-ac81-669a47256d34",
        "value": 13.48,
        "timestamp_measured": "2019-04-15T04:00:00+00:00",
        "import_log_id": "2a16c182-c115-4d6b-8c72-ad6a4a300535",
        "rating": 2,
        "status": "validated"
    },
    {
        "id": "e163c5b2-ca75-40d9-9ef0-9af676702691",
        "station_id": "3296e798-ff43-4209-9aef-6f6dc3d437f6",
        "component_id": "88afd3d1-6da3-496a-ac81-669a47256d34",
        "value": 27.69,
        "timestamp_measured": "2019-04-15T05:00:00+00:00",
        "import_log_id": "2a16c182-c115-4d6b-8c72-ad6a4a300535",
        "rating": 3,
        "status": "validated"
    },
    {
        "id": "28fd506f-1563-4eb1-ac72-a4abf55bf6c6",
        "station_id": "3296e798-ff43-4209-9aef-6f6dc3d437f6",
        "component_id": "88afd3d1-6da3-496a-ac81-669a47256d34",
        "value": 35.05,
        "timestamp_measured": "2019-04-15T06:00:00+00:00",
        "import_log_id": "2a16c182-c115-4d6b-8c72-ad6a4a300535",
        "rating": 4,
        "status": "validated"
    },
    {
        "id": "00059c08-5db4-4c1a-86ee-5957a46bfb75",
        "station_id": "3296e798-ff43-4209-9aef-6f6dc3d437f6",
        "component_id": "88afd3d1-6da3-496a-ac81-669a47256d34",
        "value": 26.71,
        "timestamp_measured": "2019-04-15T07:00:00+00:00",
        "import_log_id": "2a16c182-c115-4d6b-8c72-ad6a4a300535",
        "rating": 3,
        "status": "validated"
    },
    {
        "id": "f5cbeae2-f533-435c-b887-9c3463b370eb",
        "station_id": "3296e798-ff43-4209-9aef-6f6dc3d437f6",
        "component_id": "88afd3d1-6da3-496a-ac81-669a47256d34",
        "value": 25.22,
        "timestamp_measured": "2019-04-15T08:00:00+00:00",
        "import_log_id": "2a16c182-c115-4d6b-8c72-ad6a4a300535",
        "rating": 3,
        "status": "validated"
    },
    {
        "id": "44ef1aff-9701-42c9-b68f-392c665e4b4a",
        "station_id": "3296e798-ff43-4209-9aef-6f6dc3d437f6",
        "component_id": "88afd3d1-6da3-496a-ac81-669a47256d34",
        "value": 23.35,
        "timestamp_measured": "2019-04-15T09:00:00+00:00",
        "import_log_id": "2a16c182-c115-4d6b-8c72-ad6a4a300535",
        "rating": 3,
        "status": "validated"
    },
    {
        "id": "95c07115-e320-48ec-a55f-0c1ed92839aa",
        "station_id": "3296e798-ff43-4209-9aef-6f6dc3d437f6",
        "component_id": "88afd3d1-6da3-496a-ac81-669a47256d34",
        "value": 18.49,
        "timestamp_measured": "2019-04-15T10:00:00+00:00",
        "import_log_id": "2a16c182-c115-4d6b-8c72-ad6a4a300535",
        "rating": 2,
        "status": "validated"
    },
    {
        "id": "4855eb85-921f-4c7d-8bc5-aa7fce706834",
        "station_id": "3296e798-ff43-4209-9aef-6f6dc3d437f6",
        "component_id": "88afd3d1-6da3-496a-ac81-669a47256d34",
        "value": 17.58,
        "timestamp_measured": "2019-04-15T11:00:00+00:00",
        "import_log_id": "2a16c182-c115-4d6b-8c72-ad6a4a300535",
        "rating": 2,
        "status": "validated"
    },
    {
        "id": "1c07342f-8253-4f9c-814b-656741234385",
        "station_id": "3296e798-ff43-4209-9aef-6f6dc3d437f6",
        "component_id": "88afd3d1-6da3-496a-ac81-669a47256d34",
        "value": 18.96,
        "timestamp_measured": "2019-04-15T12:00:00+00:00",
        "import_log_id": "2a16c182-c115-4d6b-8c72-ad6a4a300535",
        "rating": 2,
        "status": "validated"
    },
    {
        "id": "c75c2a5a-b8b0-4831-a45f-29bbb366eabc",
        "station_id": "3296e798-ff43-4209-9aef-6f6dc3d437f6",
        "component_id": "88afd3d1-6da3-496a-ac81-669a47256d34",
        "value": 20.39,
        "timestamp_measured": "2019-04-15T13:00:00+00:00",
        "import_log_id": "2a16c182-c115-4d6b-8c72-ad6a4a300535",
        "rating": 3,
        "status": "validated"
    },
    {
        "id": "01a46d89-1f25-4b26-88ca-0d175a4169e0",
        "station_id": "3296e798-ff43-4209-9aef-6f6dc3d437f6",
        "component_id": "88afd3d1-6da3-496a-ac81-669a47256d34",
        "value": 18.3,
        "timestamp_measured": "2019-04-15T14:00:00+00:00",
        "import_log_id": "2a16c182-c115-4d6b-8c72-ad6a4a300535",
        "rating": 2,
        "status": "validated"
    },
    {
        "id": "1a1fa05a-0cf5-441b-9d77-58eaed047c43",
        "station_id": "3296e798-ff43-4209-9aef-6f6dc3d437f6",
        "component_id": "88afd3d1-6da3-496a-ac81-669a47256d34",
        "value": 18.58,
        "timestamp_measured": "2019-04-15T15:00:00+00:00",
        "import_log_id": "2a16c182-c115-4d6b-8c72-ad6a4a300535",
        "rating": 2,
        "status": "validated"
    },
    {
        "id": "c948ed66-2c8d-4160-8ee7-5eacfd20f292",
        "station_id": "3296e798-ff43-4209-9aef-6f6dc3d437f6",
        "component_id": "88afd3d1-6da3-496a-ac81-669a47256d34",
        "value": 18.03,
        "timestamp_measured": "2019-04-15T16:00:00+00:00",
        "import_log_id": "2a16c182-c115-4d6b-8c72-ad6a4a300535",
        "rating": 2,
        "status": "validated"
    },
    {
        "id": "bb6857b7-4393-489e-a602-4178b3f7699b",
        "station_id": "3296e798-ff43-4209-9aef-6f6dc3d437f6",
        "component_id": "88afd3d1-6da3-496a-ac81-669a47256d34",
        "value": 20.64,
        "timestamp_measured": "2019-04-15T17:00:00+00:00",
        "import_log_id": "2a16c182-c115-4d6b-8c72-ad6a4a300535",
        "rating": 3,
        "status": "validated"
    },
    {
        "id": "87a6a97f-169b-4037-b67e-b1c396176895",
        "station_id": "3296e798-ff43-4209-9aef-6f6dc3d437f6",
        "component_id": "88afd3d1-6da3-496a-ac81-669a47256d34",
        "value": 18.29,
        "timestamp_measured": "2019-04-15T18:00:00+00:00",
        "import_log_id": "2a16c182-c115-4d6b-8c72-ad6a4a300535",
        "rating": 2,
        "status": "validated"
    },
    {
        "id": "8816c957-5ba0-4b34-9129-2c7913ec0aad",
        "station_id": "3296e798-ff43-4209-9aef-6f6dc3d437f6",
        "component_id": "88afd3d1-6da3-496a-ac81-669a47256d34",
        "value": 22.15,
        "timestamp_measured": "2019-04-15T19:00:00+00:00",
        "import_log_id": "2a16c182-c115-4d6b-8c72-ad6a4a300535",
        "rating": 3,
        "status": "validated"
    },
    {
        "id": "a1d0c6f8-7590-4ed6-9e0b-9a91cc606c7b",
        "station_id": "3296e798-ff43-4209-9aef-6f6dc3d437f6",
        "component_id": "88afd3d1-6da3-496a-ac81-669a47256d34",
        "value": 21.8,
        "timestamp_measured": "2019-04-15T20:00:00+00:00",
        "import_log_id": "2a16c182-c115-4d6b-8c72-ad6a4a300535",
        "rating": 3,
        "status": "validated"
    },
    {
        "id": "50253e2f-7397-4484-b17f-9e2b6f3b3913",
        "station_id": "3296e798-ff43-4209-9aef-6f6dc3d437f6",
        "component_id": "88afd3d1-6da3-496a-ac81-669a47256d34",
        "value": 18.87,
        "timestamp_measured": "2019-04-15T21:00:00+00:00",
        "import_log_id": "2a16c182-c115-4d6b-8c72-ad6a4a300535",
        "rating": 2,
        "status": "validated"
    },
    {
        "id": "4049c8a5-d4b7-43d6-ae60-4ca208c8f10a",
        "station_id": "3296e798-ff43-4209-9aef-6f6dc3d437f6",
        "component_id": "88afd3d1-6da3-496a-ac81-669a47256d34",
        "value": 17.52,
        "timestamp_measured": "2019-04-15T22:00:00+00:00",
        "import_log_id": "2a16c182-c115-4d6b-8c72-ad6a4a300535",
        "rating": 2,
        "status": "validated"
    },
    {
        "id": "82afb417-8631-4410-be8e-f7dbf32219b4",
        "station_id": "3296e798-ff43-4209-9aef-6f6dc3d437f6",
        "component_id": "88afd3d1-6da3-496a-ac81-669a47256d34",
        "value": 12.94,
        "timestamp_measured": "2019-04-15T23:00:00+00:00",
        "import_log_id": "2a16c182-c115-4d6b-8c72-ad6a4a300535",
        "rating": 2,
        "status": "validated"
    },
    {
        "id": "d676c0dd-ddf0-4879-a2d7-6b430b64d5cb",
        "station_id": "3296e798-ff43-4209-9aef-6f6dc3d437f6",
        "component_id": "88afd3d1-6da3-496a-ac81-669a47256d34",
        "value": 12.19,
        "timestamp_measured": "2019-04-16T00:00:00+00:00",
        "import_log_id": "2a16c182-c115-4d6b-8c72-ad6a4a300535",
        "rating": 2,
        "status": "validated"
    },
    {
        "id": "82a5f992-d921-4955-bb6a-6a17dff3c36c",
        "station_id": "3296e798-ff43-4209-9aef-6f6dc3d437f6",
        "component_id": "88afd3d1-6da3-496a-ac81-669a47256d34",
        "value": 10.8,
        "timestamp_measured": "2019-04-16T01:00:00+00:00",
        "import_log_id": "2a16c182-c115-4d6b-8c72-ad6a4a300535",
        "rating": 2,
        "status": "validated"
    },
    {
        "id": "1c464dcf-33b9-4044-b1f5-cd06b4055560",
        "station_id": "3296e798-ff43-4209-9aef-6f6dc3d437f6",
        "component_id": "88afd3d1-6da3-496a-ac81-669a47256d34",
        "value": 13.71,
        "timestamp_measured": "2019-04-16T02:00:00+00:00",
        "import_log_id": "2a16c182-c115-4d6b-8c72-ad6a4a300535",
        "rating": 2,
        "status": "validated"
    },
    {
        "id": "209b7ce1-a4e8-4fbc-ae23-c58861758ead",
        "station_id": "3296e798-ff43-4209-9aef-6f6dc3d437f6",
        "component_id": "88afd3d1-6da3-496a-ac81-669a47256d34",
        "value": 15.69,
        "timestamp_measured": "2019-04-16T03:00:00+00:00",
        "import_log_id": "2a16c182-c115-4d6b-8c72-ad6a4a300535",
        "rating": 2,
        "status": "validated"
    },
    {
        "id": "20a89a57-7b91-4b60-9e9c-5e2624d4fdce",
        "station_id": "3296e798-ff43-4209-9aef-6f6dc3d437f6",
        "component_id": "88afd3d1-6da3-496a-ac81-669a47256d34",
        "value": 21.36,
        "timestamp_measured": "2019-04-16T04:00:00+00:00",
        "import_log_id": "2a16c182-c115-4d6b-8c72-ad6a4a300535",
        "rating": 3,
        "status": "validated"
    },
    {
        "id": "466d0831-ac86-4316-8d62-01ae24e9ff3f",
        "station_id": "3296e798-ff43-4209-9aef-6f6dc3d437f6",
        "component_id": "88afd3d1-6da3-496a-ac81-669a47256d34",
        "value": 40.62,
        "timestamp_measured": "2019-04-16T05:00:00+00:00",
        "import_log_id": "2a16c182-c115-4d6b-8c72-ad6a4a300535",
        "rating": 4,
        "status": "validated"
    },
    {
        "id": "de134383-94a2-46f7-b72d-ff0f25db3405",
        "station_id": "3296e798-ff43-4209-9aef-6f6dc3d437f6",
        "component_id": "88afd3d1-6da3-496a-ac81-669a47256d34",
        "value": 48.96,
        "timestamp_measured": "2019-04-16T06:00:00+00:00",
        "import_log_id": "2a16c182-c115-4d6b-8c72-ad6a4a300535",
        "rating": 5,
        "status": "validated"
    },
    {
        "id": "366bf9e0-ae7e-4214-962f-dc1dc45c6865",
        "station_id": "3296e798-ff43-4209-9aef-6f6dc3d437f6",
        "component_id": "88afd3d1-6da3-496a-ac81-669a47256d34",
        "value": 44.38,
        "timestamp_measured": "2019-04-16T07:00:00+00:00",
        "import_log_id": "2a16c182-c115-4d6b-8c72-ad6a4a300535",
        "rating": 4,
        "status": "validated"
    },
    {
        "id": "f77b0b9b-eed0-4c1f-bb18-ac357c4dfc64",
        "station_id": "3296e798-ff43-4209-9aef-6f6dc3d437f6",
        "component_id": "88afd3d1-6da3-496a-ac81-669a47256d34",
        "value": 37.1,
        "timestamp_measured": "2019-04-16T08:00:00+00:00",
        "import_log_id": "2a16c182-c115-4d6b-8c72-ad6a4a300535",
        "rating": 4,
        "status": "validated"
    },
    {
        "id": "26a0b214-b52e-45ad-94eb-e788fd50528a",
        "station_id": "3296e798-ff43-4209-9aef-6f6dc3d437f6",
        "component_id": "88afd3d1-6da3-496a-ac81-669a47256d34",
        "value": 36.22,
        "timestamp_measured": "2019-04-16T09:00:00+00:00",
        "import_log_id": "2a16c182-c115-4d6b-8c72-ad6a4a300535",
        "rating": 4,
        "status": "validated"
    },
    {
        "id": "db417ff5-97bb-4a7d-b20c-20e3c2537886",
        "station_id": "3296e798-ff43-4209-9aef-6f6dc3d437f6",
        "component_id": "88afd3d1-6da3-496a-ac81-669a47256d34",
        "value": 33.32,
        "timestamp_measured": "2019-04-16T10:00:00+00:00",
        "import_log_id": "2a16c182-c115-4d6b-8c72-ad6a4a300535",
        "rating": 4,
        "status": "validated"
    },
    {
        "id": "532197e1-1f5c-4348-8b1d-ed31cef3a447",
        "station_id": "3296e798-ff43-4209-9aef-6f6dc3d437f6",
        "component_id": "88afd3d1-6da3-496a-ac81-669a47256d34",
        "value": 30.29,
        "timestamp_measured": "2019-04-16T11:00:00+00:00",
        "import_log_id": "2a16c182-c115-4d6b-8c72-ad6a4a300535",
        "rating": 4,
        "status": "validated"
    },
    {
        "id": "49464202-95d6-4f46-9a7a-0510a562df57",
        "station_id": "3296e798-ff43-4209-9aef-6f6dc3d437f6",
        "component_id": "88afd3d1-6da3-496a-ac81-669a47256d34",
        "value": 24.65,
        "timestamp_measured": "2019-04-16T12:00:00+00:00",
        "import_log_id": "2a16c182-c115-4d6b-8c72-ad6a4a300535",
        "rating": 3,
        "status": "validated"
    },
    {
        "id": "d6423c18-988d-471e-b0a2-206695061767",
        "station_id": "3296e798-ff43-4209-9aef-6f6dc3d437f6",
        "component_id": "88afd3d1-6da3-496a-ac81-669a47256d34",
        "value": 20.24,
        "timestamp_measured": "2019-04-16T13:00:00+00:00",
        "import_log_id": "2a16c182-c115-4d6b-8c72-ad6a4a300535",
        "rating": 3,
        "status": "validated"
    },
    {
        "id": "e6833504-1a59-436c-934c-e58fe27b9943",
        "station_id": "3296e798-ff43-4209-9aef-6f6dc3d437f6",
        "component_id": "88afd3d1-6da3-496a-ac81-669a47256d34",
        "value": 23.59,
        "timestamp_measured": "2019-04-16T14:00:00+00:00",
        "import_log_id": "2a16c182-c115-4d6b-8c72-ad6a4a300535",
        "rating": 3,
        "status": "validated"
    },
    {
        "id": "176bd74f-3814-4681-9035-d1ff44ff58db",
        "station_id": "3296e798-ff43-4209-9aef-6f6dc3d437f6",
        "component_id": "88afd3d1-6da3-496a-ac81-669a47256d34",
        "value": 20.97,
        "timestamp_measured": "2019-04-16T15:00:00+00:00",
        "import_log_id": "2a16c182-c115-4d6b-8c72-ad6a4a300535",
        "rating": 3,
        "status": "validated"
    },
    {
        "id": "ae86aae4-481a-434e-8916-a028e5070506",
        "station_id": "3296e798-ff43-4209-9aef-6f6dc3d437f6",
        "component_id": "88afd3d1-6da3-496a-ac81-669a47256d34",
        "value": 23.33,
        "timestamp_measured": "2019-04-16T16:00:00+00:00",
        "import_log_id": "2a16c182-c115-4d6b-8c72-ad6a4a300535",
        "rating": 3,
        "status": "validated"
    },
    {
        "id": "82fd2fe2-f2b5-42d7-9da9-6b0707acbff3",
        "station_id": "3296e798-ff43-4209-9aef-6f6dc3d437f6",
        "component_id": "88afd3d1-6da3-496a-ac81-669a47256d34",
        "value": 28.11,
        "timestamp_measured": "2019-04-16T17:00:00+00:00",
        "import_log_id": "2a16c182-c115-4d6b-8c72-ad6a4a300535",
        "rating": 3,
        "status": "validated"
    },
    {
        "id": "57d058bf-68e0-435b-9d83-a239bdf32d5b",
        "station_id": "3296e798-ff43-4209-9aef-6f6dc3d437f6",
        "component_id": "88afd3d1-6da3-496a-ac81-669a47256d34",
        "value": 31.67,
        "timestamp_measured": "2019-04-16T18:00:00+00:00",
        "import_log_id": "2a16c182-c115-4d6b-8c72-ad6a4a300535",
        "rating": 4,
        "status": "validated"
    },
    {
        "id": "3605041a-33af-463d-b6d9-f6c2c2e7050e",
        "station_id": "3296e798-ff43-4209-9aef-6f6dc3d437f6",
        "component_id": "88afd3d1-6da3-496a-ac81-669a47256d34",
        "value": 45.73,
        "timestamp_measured": "2019-04-16T19:00:00+00:00",
        "import_log_id": "2a16c182-c115-4d6b-8c72-ad6a4a300535",
        "rating": 5,
        "status": "validated"
    },
    {
        "id": "cb8cd3ea-aa8c-4263-8adb-9d8f6e90b835",
        "station_id": "3296e798-ff43-4209-9aef-6f6dc3d437f6",
        "component_id": "88afd3d1-6da3-496a-ac81-669a47256d34",
        "value": 49.25,
        "timestamp_measured": "2019-04-16T20:00:00+00:00",
        "import_log_id": "2a16c182-c115-4d6b-8c72-ad6a4a300535",
        "rating": 5,
        "status": "validated"
    },
    {
        "id": "fb4f9c12-5bb0-4998-b90c-8d199137f8b0",
        "station_id": "3296e798-ff43-4209-9aef-6f6dc3d437f6",
        "component_id": "88afd3d1-6da3-496a-ac81-669a47256d34",
        "value": 44.93,
        "timestamp_measured": "2019-04-16T21:00:00+00:00",
        "import_log_id": "2a16c182-c115-4d6b-8c72-ad6a4a300535",
        "rating": 4,
        "status": "validated"
    },
    {
        "id": "e8b56824-bd65-4d13-8ad2-7bbc9fa90932",
        "station_id": "3296e798-ff43-4209-9aef-6f6dc3d437f6",
        "component_id": "88afd3d1-6da3-496a-ac81-669a47256d34",
        "value": 31.87,
        "timestamp_measured": "2019-04-16T22:00:00+00:00",
        "import_log_id": "2a16c182-c115-4d6b-8c72-ad6a4a300535",
        "rating": 4,
        "status": "validated"
    },
    {
        "id": "82a8e371-bca0-48a4-8e45-72f2f1823125",
        "station_id": "3296e798-ff43-4209-9aef-6f6dc3d437f6",
        "component_id": "88afd3d1-6da3-496a-ac81-669a47256d34",
        "value": 30.17,
        "timestamp_measured": "2019-04-16T23:00:00+00:00",
        "import_log_id": "2a16c182-c115-4d6b-8c72-ad6a4a300535",
        "rating": 4,
        "status": "validated"
    },
    {
        "id": "e4a56b09-fce8-4141-8a42-950618ae7706",
        "station_id": "3296e798-ff43-4209-9aef-6f6dc3d437f6",
        "component_id": "88afd3d1-6da3-496a-ac81-669a47256d34",
        "value": 28.6,
        "timestamp_measured": "2019-04-17T00:00:00+00:00",
        "import_log_id": "2a16c182-c115-4d6b-8c72-ad6a4a300535",
        "rating": 3,
        "status": "validated"
    },
    {
        "id": "64a80cd8-fcc3-468a-aa6f-f314389ce0cf",
        "station_id": "3296e798-ff43-4209-9aef-6f6dc3d437f6",
        "component_id": "88afd3d1-6da3-496a-ac81-669a47256d34",
        "value": 31.43,
        "timestamp_measured": "2019-04-17T01:00:00+00:00",
        "import_log_id": "2a16c182-c115-4d6b-8c72-ad6a4a300535",
        "rating": 4,
        "status": "validated"
    },
    {
        "id": "2c32f2a0-ec95-4556-8c9e-f66974a9578f",
        "station_id": "3296e798-ff43-4209-9aef-6f6dc3d437f6",
        "component_id": "88afd3d1-6da3-496a-ac81-669a47256d34",
        "value": 21.42,
        "timestamp_measured": "2019-04-17T02:00:00+00:00",
        "import_log_id": "2a16c182-c115-4d6b-8c72-ad6a4a300535",
        "rating": 3,
        "status": "validated"
    },
    {
        "id": "5681e209-9d7d-4df6-a3b4-f90f735a8696",
        "station_id": "3296e798-ff43-4209-9aef-6f6dc3d437f6",
        "component_id": "88afd3d1-6da3-496a-ac81-669a47256d34",
        "value": 27.97,
        "timestamp_measured": "2019-04-17T03:00:00+00:00",
        "import_log_id": "2a16c182-c115-4d6b-8c72-ad6a4a300535",
        "rating": 3,
        "status": "validated"
    },
    {
        "id": "250308b8-7675-4aaa-9521-c97c5708e47e",
        "station_id": "3296e798-ff43-4209-9aef-6f6dc3d437f6",
        "component_id": "88afd3d1-6da3-496a-ac81-669a47256d34",
        "value": 30.73,
        "timestamp_measured": "2019-04-17T04:00:00+00:00",
        "import_log_id": "2a16c182-c115-4d6b-8c72-ad6a4a300535",
        "rating": 4,
        "status": "validated"
    },
    {
        "id": "757226ad-a26d-4ad6-9c4b-88cddd7f01e4",
        "station_id": "3296e798-ff43-4209-9aef-6f6dc3d437f6",
        "component_id": "88afd3d1-6da3-496a-ac81-669a47256d34",
        "value": 51.22,
        "timestamp_measured": "2019-04-17T05:00:00+00:00",
        "import_log_id": "2a16c182-c115-4d6b-8c72-ad6a4a300535",
        "rating": 5,
        "status": "validated"
    },
    {
        "id": "d8f63619-5d83-4fdf-ac24-ea156ba7f6f5",
        "station_id": "3296e798-ff43-4209-9aef-6f6dc3d437f6",
        "component_id": "88afd3d1-6da3-496a-ac81-669a47256d34",
        "value": 74.89,
        "timestamp_measured": "2019-04-17T06:00:00+00:00",
        "import_log_id": "2a16c182-c115-4d6b-8c72-ad6a4a300535",
        "rating": 6,
        "status": "validated"
    },
    {
        "id": "82979321-43ce-40f7-8f80-9678c381ecc9",
        "station_id": "3296e798-ff43-4209-9aef-6f6dc3d437f6",
        "component_id": "88afd3d1-6da3-496a-ac81-669a47256d34",
        "value": 62.74,
        "timestamp_measured": "2019-04-17T07:00:00+00:00",
        "import_log_id": "2a16c182-c115-4d6b-8c72-ad6a4a300535",
        "rating": 6,
        "status": "validated"
    },
    {
        "id": "97b32880-bd6e-450b-b1e6-c0f8dba9bac5",
        "station_id": "3296e798-ff43-4209-9aef-6f6dc3d437f6",
        "component_id": "88afd3d1-6da3-496a-ac81-669a47256d34",
        "value": 40.2,
        "timestamp_measured": "2019-04-17T08:00:00+00:00",
        "import_log_id": "2a16c182-c115-4d6b-8c72-ad6a4a300535",
        "rating": 4,
        "status": "validated"
    },
    {
        "id": "a2dcb79f-71a5-4724-8edd-1f2ac3298898",
        "station_id": "3296e798-ff43-4209-9aef-6f6dc3d437f6",
        "component_id": "88afd3d1-6da3-496a-ac81-669a47256d34",
        "value": 36.4,
        "timestamp_measured": "2019-04-17T09:00:00+00:00",
        "import_log_id": "2a16c182-c115-4d6b-8c72-ad6a4a300535",
        "rating": 4,
        "status": "validated"
    },
    {
        "id": "fbf581d3-d195-4cbd-9a31-e0b6a7bf6bc9",
        "station_id": "3296e798-ff43-4209-9aef-6f6dc3d437f6",
        "component_id": "88afd3d1-6da3-496a-ac81-669a47256d34",
        "value": 31.89,
        "timestamp_measured": "2019-04-17T10:00:00+00:00",
        "import_log_id": "2a16c182-c115-4d6b-8c72-ad6a4a300535",
        "rating": 4,
        "status": "validated"
    },
    {
        "id": "85e7d38a-530a-44ed-8d59-fa18afe6cd08",
        "station_id": "3296e798-ff43-4209-9aef-6f6dc3d437f6",
        "component_id": "88afd3d1-6da3-496a-ac81-669a47256d34",
        "value": 30.4,
        "timestamp_measured": "2019-04-17T11:00:00+00:00",
        "import_log_id": "2a16c182-c115-4d6b-8c72-ad6a4a300535",
        "rating": 4,
        "status": "validated"
    },
    {
        "id": "d8f7fe0a-a497-4dd1-9694-fcb94cf01896",
        "station_id": "3296e798-ff43-4209-9aef-6f6dc3d437f6",
        "component_id": "88afd3d1-6da3-496a-ac81-669a47256d34",
        "value": 34.75,
        "timestamp_measured": "2019-04-17T12:00:00+00:00",
        "import_log_id": "2a16c182-c115-4d6b-8c72-ad6a4a300535",
        "rating": 4,
        "status": "validated"
    },
    {
        "id": "5a5a1932-fd27-4d4f-9cc4-ae974d241208",
        "station_id": "3296e798-ff43-4209-9aef-6f6dc3d437f6",
        "component_id": "88afd3d1-6da3-496a-ac81-669a47256d34",
        "value": 36.71,
        "timestamp_measured": "2019-04-17T13:00:00+00:00",
        "import_log_id": "2a16c182-c115-4d6b-8c72-ad6a4a300535",
        "rating": 4,
        "status": "validated"
    },
    {
        "id": "eb1bebe7-5a0a-48df-a482-67ea845e320f",
        "station_id": "3296e798-ff43-4209-9aef-6f6dc3d437f6",
        "component_id": "88afd3d1-6da3-496a-ac81-669a47256d34",
        "value": 32.25,
        "timestamp_measured": "2019-04-17T14:00:00+00:00",
        "import_log_id": "2a16c182-c115-4d6b-8c72-ad6a4a300535",
        "rating": 4,
        "status": "validated"
    },
    {
        "id": "d044c2ab-2ec6-4dc2-a6d4-de08d8dc570c",
        "station_id": "3296e798-ff43-4209-9aef-6f6dc3d437f6",
        "component_id": "88afd3d1-6da3-496a-ac81-669a47256d34",
        "value": 35.2,
        "timestamp_measured": "2019-04-17T15:00:00+00:00",
        "import_log_id": "2a16c182-c115-4d6b-8c72-ad6a4a300535",
        "rating": 4,
        "status": "validated"
    },
    {
        "id": "6840eedf-5f08-4373-a4d2-3942b2cabbe8",
        "station_id": "3296e798-ff43-4209-9aef-6f6dc3d437f6",
        "component_id": "88afd3d1-6da3-496a-ac81-669a47256d34",
        "value": 30.58,
        "timestamp_measured": "2019-04-17T16:00:00+00:00",
        "import_log_id": "2a16c182-c115-4d6b-8c72-ad6a4a300535",
        "rating": 4,
        "status": "validated"
    },
    {
        "id": "72af6377-d24d-455c-adef-80b273b72566",
        "station_id": "3296e798-ff43-4209-9aef-6f6dc3d437f6",
        "component_id": "88afd3d1-6da3-496a-ac81-669a47256d34",
        "value": 31.73,
        "timestamp_measured": "2019-04-17T17:00:00+00:00",
        "import_log_id": "2a16c182-c115-4d6b-8c72-ad6a4a300535",
        "rating": 4,
        "status": "validated"
    },
    {
        "id": "cc8ddd9c-21d4-4b54-9e8b-48513287a16b",
        "station_id": "3296e798-ff43-4209-9aef-6f6dc3d437f6",
        "component_id": "88afd3d1-6da3-496a-ac81-669a47256d34",
        "value": 33.28,
        "timestamp_measured": "2019-04-17T18:00:00+00:00",
        "import_log_id": "2a16c182-c115-4d6b-8c72-ad6a4a300535",
        "rating": 4,
        "status": "validated"
    },
    {
        "id": "3455ca2a-08df-436c-a846-09bbfc916b04",
        "station_id": "3296e798-ff43-4209-9aef-6f6dc3d437f6",
        "component_id": "88afd3d1-6da3-496a-ac81-669a47256d34",
        "value": 39.88,
        "timestamp_measured": "2019-04-17T19:00:00+00:00",
        "import_log_id": "2a16c182-c115-4d6b-8c72-ad6a4a300535",
        "rating": 4,
        "status": "validated"
    },
    {
        "id": "e66bfd94-1582-4fa2-a8a6-015938aa7ab8",
        "station_id": "3296e798-ff43-4209-9aef-6f6dc3d437f6",
        "component_id": "88afd3d1-6da3-496a-ac81-669a47256d34",
        "value": 56.18,
        "timestamp_measured": "2019-04-17T20:00:00+00:00",
        "import_log_id": "2a16c182-c115-4d6b-8c72-ad6a4a300535",
        "rating": 5,
        "status": "validated"
    },
    {
        "id": "4238ebe0-6b41-4be6-92dd-506079b40eb3",
        "station_id": "3296e798-ff43-4209-9aef-6f6dc3d437f6",
        "component_id": "88afd3d1-6da3-496a-ac81-669a47256d34",
        "value": 59.83,
        "timestamp_measured": "2019-04-17T21:00:00+00:00",
        "import_log_id": "2a16c182-c115-4d6b-8c72-ad6a4a300535",
        "rating": 5,
        "status": "validated"
    },
    {
        "id": "07c856f1-aeee-483c-a15c-fddb22b30009",
        "station_id": "3296e798-ff43-4209-9aef-6f6dc3d437f6",
        "component_id": "88afd3d1-6da3-496a-ac81-669a47256d34",
        "value": 57.73,
        "timestamp_measured": "2019-04-17T22:00:00+00:00",
        "import_log_id": "2a16c182-c115-4d6b-8c72-ad6a4a300535",
        "rating": 5,
        "status": "validated"
    },
    {
        "id": "c0790f30-6eaf-4806-b531-81e1047f0cea",
        "station_id": "3296e798-ff43-4209-9aef-6f6dc3d437f6",
        "component_id": "88afd3d1-6da3-496a-ac81-669a47256d34",
        "value": 41.85,
        "timestamp_measured": "2019-04-17T23:00:00+00:00",
        "import_log_id": "2a16c182-c115-4d6b-8c72-ad6a4a300535",
        "rating": 4,
        "status": "validated"
    },
    {
        "id": "5033866c-b184-4e58-a302-0a1e1e77ed6f",
        "station_id": "3296e798-ff43-4209-9aef-6f6dc3d437f6",
        "component_id": "88afd3d1-6da3-496a-ac81-669a47256d34",
        "value": 48.72,
        "timestamp_measured": "2019-04-18T00:00:00+00:00",
        "import_log_id": "2a16c182-c115-4d6b-8c72-ad6a4a300535",
        "rating": 5,
        "status": "validated"
    },
    {
        "id": "addc8466-1f44-4d1c-bfaf-169286d38a70",
        "station_id": "3296e798-ff43-4209-9aef-6f6dc3d437f6",
        "component_id": "88afd3d1-6da3-496a-ac81-669a47256d34",
        "value": 27.32,
        "timestamp_measured": "2019-04-18T01:00:00+00:00",
        "import_log_id": "2a16c182-c115-4d6b-8c72-ad6a4a300535",
        "rating": 3,
        "status": "validated"
    },
    {
        "id": "e7b4fdaf-278a-4548-bb4a-f5ab5e4bc8e9",
        "station_id": "3296e798-ff43-4209-9aef-6f6dc3d437f6",
        "component_id": "88afd3d1-6da3-496a-ac81-669a47256d34",
        "value": 19.7,
        "timestamp_measured": "2019-04-18T02:00:00+00:00",
        "import_log_id": "2a16c182-c115-4d6b-8c72-ad6a4a300535",
        "rating": 2,
        "status": "validated"
    },
    {
        "id": "797333ba-3ec3-4edf-95cc-580ecb789ab6",
        "station_id": "3296e798-ff43-4209-9aef-6f6dc3d437f6",
        "component_id": "88afd3d1-6da3-496a-ac81-669a47256d34",
        "value": 23.83,
        "timestamp_measured": "2019-04-18T03:00:00+00:00",
        "import_log_id": "2a16c182-c115-4d6b-8c72-ad6a4a300535",
        "rating": 3,
        "status": "validated"
    },
    {
        "id": "09d290d9-e608-4482-b498-d7adc81fee99",
        "station_id": "3296e798-ff43-4209-9aef-6f6dc3d437f6",
        "component_id": "88afd3d1-6da3-496a-ac81-669a47256d34",
        "value": 30.91,
        "timestamp_measured": "2019-04-18T04:00:00+00:00",
        "import_log_id": "2a16c182-c115-4d6b-8c72-ad6a4a300535",
        "rating": 4,
        "status": "validated"
    },
    {
        "id": "8253eb3c-2a7b-4cf5-8e91-ba7784af6db8",
        "station_id": "3296e798-ff43-4209-9aef-6f6dc3d437f6",
        "component_id": "88afd3d1-6da3-496a-ac81-669a47256d34",
        "value": 50.22,
        "timestamp_measured": "2019-04-18T05:00:00+00:00",
        "import_log_id": "2a16c182-c115-4d6b-8c72-ad6a4a300535",
        "rating": 5,
        "status": "validated"
    },
    {
        "id": "4a10c393-2c9f-434e-a211-6a801ce6629d",
        "station_id": "3296e798-ff43-4209-9aef-6f6dc3d437f6",
        "component_id": "88afd3d1-6da3-496a-ac81-669a47256d34",
        "value": 66.63,
        "timestamp_measured": "2019-04-18T06:00:00+00:00",
        "import_log_id": "2a16c182-c115-4d6b-8c72-ad6a4a300535",
        "rating": 6,
        "status": "validated"
    },
    {
        "id": "6c23c1a5-5ab1-4833-88e4-233cfbebc080",
        "station_id": "3296e798-ff43-4209-9aef-6f6dc3d437f6",
        "component_id": "88afd3d1-6da3-496a-ac81-669a47256d34",
        "value": 54.8,
        "timestamp_measured": "2019-04-18T07:00:00+00:00",
        "import_log_id": "2a16c182-c115-4d6b-8c72-ad6a4a300535",
        "rating": 5,
        "status": "validated"
    },
    {
        "id": "be5a4f78-21e9-4cb8-ac72-5a2c5b34b1d9",
        "station_id": "3296e798-ff43-4209-9aef-6f6dc3d437f6",
        "component_id": "88afd3d1-6da3-496a-ac81-669a47256d34",
        "value": 41.66,
        "timestamp_measured": "2019-04-18T08:00:00+00:00",
        "import_log_id": "2a16c182-c115-4d6b-8c72-ad6a4a300535",
        "rating": 4,
        "status": "validated"
    },
    {
        "id": "edecbbc4-e0eb-46b7-8e08-ec92e27256e0",
        "station_id": "3296e798-ff43-4209-9aef-6f6dc3d437f6",
        "component_id": "88afd3d1-6da3-496a-ac81-669a47256d34",
        "value": 34.72,
        "timestamp_measured": "2019-04-18T09:00:00+00:00",
        "import_log_id": "2a16c182-c115-4d6b-8c72-ad6a4a300535",
        "rating": 4,
        "status": "validated"
    },
    {
        "id": "3c3839a0-2fff-4558-8149-1052307efbe3",
        "station_id": "3296e798-ff43-4209-9aef-6f6dc3d437f6",
        "component_id": "88afd3d1-6da3-496a-ac81-669a47256d34",
        "value": 28.69,
        "timestamp_measured": "2019-04-18T10:00:00+00:00",
        "import_log_id": "2a16c182-c115-4d6b-8c72-ad6a4a300535",
        "rating": 3,
        "status": "validated"
    },
    {
        "id": "f810662b-177b-4126-9cd4-d20b60e45435",
        "station_id": "3296e798-ff43-4209-9aef-6f6dc3d437f6",
        "component_id": "88afd3d1-6da3-496a-ac81-669a47256d34",
        "value": 28.1,
        "timestamp_measured": "2019-04-18T11:00:00+00:00",
        "import_log_id": "2a16c182-c115-4d6b-8c72-ad6a4a300535",
        "rating": 3,
        "status": "validated"
    },
    {
        "id": "c364e934-6745-4d25-a2bc-da531be6c61d",
        "station_id": "3296e798-ff43-4209-9aef-6f6dc3d437f6",
        "component_id": "88afd3d1-6da3-496a-ac81-669a47256d34",
        "value": 19.67,
        "timestamp_measured": "2019-04-18T12:00:00+00:00",
        "import_log_id": "2a16c182-c115-4d6b-8c72-ad6a4a300535",
        "rating": 2,
        "status": "validated"
    },
    {
        "id": "eb25a5dd-549c-41a9-8fdb-343f85d467ce",
        "station_id": "3296e798-ff43-4209-9aef-6f6dc3d437f6",
        "component_id": "88afd3d1-6da3-496a-ac81-669a47256d34",
        "value": 17.82,
        "timestamp_measured": "2019-04-18T13:00:00+00:00",
        "import_log_id": "2a16c182-c115-4d6b-8c72-ad6a4a300535",
        "rating": 2,
        "status": "validated"
    },
    {
        "id": "4803c8af-4fbd-4f2e-a48b-258ef536f9cd",
        "station_id": "3296e798-ff43-4209-9aef-6f6dc3d437f6",
        "component_id": "88afd3d1-6da3-496a-ac81-669a47256d34",
        "value": 21.07,
        "timestamp_measured": "2019-04-18T14:00:00+00:00",
        "import_log_id": "2a16c182-c115-4d6b-8c72-ad6a4a300535",
        "rating": 3,
        "status": "validated"
    },
    {
        "id": "0e83dec8-dc05-470e-8e88-350058b37281",
        "station_id": "3296e798-ff43-4209-9aef-6f6dc3d437f6",
        "component_id": "88afd3d1-6da3-496a-ac81-669a47256d34",
        "value": 15.02,
        "timestamp_measured": "2019-04-18T15:00:00+00:00",
        "import_log_id": "2a16c182-c115-4d6b-8c72-ad6a4a300535",
        "rating": 2,
        "status": "validated"
    },
    {
        "id": "b6f07a26-1497-4a40-959c-2be3d7f48d5e",
        "station_id": "3296e798-ff43-4209-9aef-6f6dc3d437f6",
        "component_id": "88afd3d1-6da3-496a-ac81-669a47256d34",
        "value": 19.54,
        "timestamp_measured": "2019-04-18T16:00:00+00:00",
        "import_log_id": "2a16c182-c115-4d6b-8c72-ad6a4a300535",
        "rating": 2,
        "status": "validated"
    },
    {
        "id": "1dbaeff4-aa1f-4e06-a0dd-b4628f487ca4",
        "station_id": "3296e798-ff43-4209-9aef-6f6dc3d437f6",
        "component_id": "88afd3d1-6da3-496a-ac81-669a47256d34",
        "value": 23.76,
        "timestamp_measured": "2019-04-18T17:00:00+00:00",
        "import_log_id": "2a16c182-c115-4d6b-8c72-ad6a4a300535",
        "rating": 3,
        "status": "validated"
    },
    {
        "id": "511adaec-8382-468b-bf28-90b1de677850",
        "station_id": "3296e798-ff43-4209-9aef-6f6dc3d437f6",
        "component_id": "88afd3d1-6da3-496a-ac81-669a47256d34",
        "value": 23.14,
        "timestamp_measured": "2019-04-18T18:00:00+00:00",
        "import_log_id": "2a16c182-c115-4d6b-8c72-ad6a4a300535",
        "rating": 3,
        "status": "validated"
    },
    {
        "id": "7b5a1267-870c-4dad-98ed-bfb1e98a5ed6",
        "station_id": "3296e798-ff43-4209-9aef-6f6dc3d437f6",
        "component_id": "88afd3d1-6da3-496a-ac81-669a47256d34",
        "value": 24.61,
        "timestamp_measured": "2019-04-18T19:00:00+00:00",
        "import_log_id": "2a16c182-c115-4d6b-8c72-ad6a4a300535",
        "rating": 3,
        "status": "validated"
    },
    {
        "id": "351f45d8-b276-4e4e-85c9-8635de70debc",
        "station_id": "3296e798-ff43-4209-9aef-6f6dc3d437f6",
        "component_id": "88afd3d1-6da3-496a-ac81-669a47256d34",
        "value": 25.01,
        "timestamp_measured": "2019-04-18T20:00:00+00:00",
        "import_log_id": "2a16c182-c115-4d6b-8c72-ad6a4a300535",
        "rating": 3,
        "status": "validated"
    },
    {
        "id": "cc14d354-9574-4848-b601-7a1bf544380c",
        "station_id": "3296e798-ff43-4209-9aef-6f6dc3d437f6",
        "component_id": "88afd3d1-6da3-496a-ac81-669a47256d34",
        "value": 26.7,
        "timestamp_measured": "2019-04-18T21:00:00+00:00",
        "import_log_id": "2a16c182-c115-4d6b-8c72-ad6a4a300535",
        "rating": 3,
        "status": "validated"
    },
    {
        "id": "34839e7e-8021-4bf5-aa88-b3a6779c0bad",
        "station_id": "3296e798-ff43-4209-9aef-6f6dc3d437f6",
        "component_id": "88afd3d1-6da3-496a-ac81-669a47256d34",
        "value": 26.29,
        "timestamp_measured": "2019-04-18T22:00:00+00:00",
        "import_log_id": "2a16c182-c115-4d6b-8c72-ad6a4a300535",
        "rating": 3,
        "status": "validated"
    },
    {
        "id": "2bae30ec-b813-4ca7-b3ac-9c11d1154718",
        "station_id": "3296e798-ff43-4209-9aef-6f6dc3d437f6",
        "component_id": "88afd3d1-6da3-496a-ac81-669a47256d34",
        "value": 26.63,
        "timestamp_measured": "2019-04-18T23:00:00+00:00",
        "import_log_id": "2a16c182-c115-4d6b-8c72-ad6a4a300535",
        "rating": 3,
        "status": "validated"
    },
    {
        "id": "15f9ab28-cf30-495c-8e8d-b0f069b49532",
        "station_id": "3296e798-ff43-4209-9aef-6f6dc3d437f6",
        "component_id": "88afd3d1-6da3-496a-ac81-669a47256d34",
        "value": 22.52,
        "timestamp_measured": "2019-04-19T00:00:00+00:00",
        "import_log_id": "2a16c182-c115-4d6b-8c72-ad6a4a300535",
        "rating": 3,
        "status": "validated"
    },
    {
        "id": "15513a24-f7b2-4269-b87e-f90d989e9516",
        "station_id": "3296e798-ff43-4209-9aef-6f6dc3d437f6",
        "component_id": "88afd3d1-6da3-496a-ac81-669a47256d34",
        "value": 23.62,
        "timestamp_measured": "2019-04-19T01:00:00+00:00",
        "import_log_id": "2a16c182-c115-4d6b-8c72-ad6a4a300535",
        "rating": 3,
        "status": "validated"
    },
    {
        "id": "c1422298-c3b2-474c-98dd-81532611cdfa",
        "station_id": "3296e798-ff43-4209-9aef-6f6dc3d437f6",
        "component_id": "88afd3d1-6da3-496a-ac81-669a47256d34",
        "value": 23.56,
        "timestamp_measured": "2019-04-19T02:00:00+00:00",
        "import_log_id": "2a16c182-c115-4d6b-8c72-ad6a4a300535",
        "rating": 3,
        "status": "validated"
    },
    {
        "id": "4ebefaed-2f3d-4a8f-bd4b-c78caaa93bdd",
        "station_id": "3296e798-ff43-4209-9aef-6f6dc3d437f6",
        "component_id": "88afd3d1-6da3-496a-ac81-669a47256d34",
        "value": 24.95,
        "timestamp_measured": "2019-04-19T03:00:00+00:00",
        "import_log_id": "2a16c182-c115-4d6b-8c72-ad6a4a300535",
        "rating": 3,
        "status": "validated"
    },
    {
        "id": "a5f04dbe-3849-45d2-8516-de704cf90d3e",
        "station_id": "3296e798-ff43-4209-9aef-6f6dc3d437f6",
        "component_id": "88afd3d1-6da3-496a-ac81-669a47256d34",
        "value": 25.44,
        "timestamp_measured": "2019-04-19T04:00:00+00:00",
        "import_log_id": "2a16c182-c115-4d6b-8c72-ad6a4a300535",
        "rating": 3,
        "status": "validated"
    },
    {
        "id": "3715580f-6ad9-44b9-9958-29ee2e7cc545",
        "station_id": "3296e798-ff43-4209-9aef-6f6dc3d437f6",
        "component_id": "88afd3d1-6da3-496a-ac81-669a47256d34",
        "value": 39.3,
        "timestamp_measured": "2019-04-19T05:00:00+00:00",
        "import_log_id": "2a16c182-c115-4d6b-8c72-ad6a4a300535",
        "rating": 4,
        "status": "validated"
    },
    {
        "id": "d9000304-2441-43ee-b01a-d169dfecff25",
        "station_id": "3296e798-ff43-4209-9aef-6f6dc3d437f6",
        "component_id": "88afd3d1-6da3-496a-ac81-669a47256d34",
        "value": 43.06,
        "timestamp_measured": "2019-04-19T06:00:00+00:00",
        "import_log_id": "2a16c182-c115-4d6b-8c72-ad6a4a300535",
        "rating": 4,
        "status": "validated"
    },
    {
        "id": "2e67d0a9-7768-488f-a418-75129b4de7f4",
        "station_id": "3296e798-ff43-4209-9aef-6f6dc3d437f6",
        "component_id": "88afd3d1-6da3-496a-ac81-669a47256d34",
        "value": 44.58,
        "timestamp_measured": "2019-04-19T07:00:00+00:00",
        "import_log_id": "2a16c182-c115-4d6b-8c72-ad6a4a300535",
        "rating": 4,
        "status": "validated"
    },
    {
        "id": "4a4bda59-4868-4d68-97c1-c3ffeff81404",
        "station_id": "3296e798-ff43-4209-9aef-6f6dc3d437f6",
        "component_id": "88afd3d1-6da3-496a-ac81-669a47256d34",
        "value": 44.22,
        "timestamp_measured": "2019-04-19T08:00:00+00:00",
        "import_log_id": "2a16c182-c115-4d6b-8c72-ad6a4a300535",
        "rating": 4,
        "status": "validated"
    },
    {
        "id": "ee857448-1b3a-43cd-8e7f-a8fd9f4dc5f1",
        "station_id": "3296e798-ff43-4209-9aef-6f6dc3d437f6",
        "component_id": "88afd3d1-6da3-496a-ac81-669a47256d34",
        "value": 40.08,
        "timestamp_measured": "2019-04-19T09:00:00+00:00",
        "import_log_id": "2a16c182-c115-4d6b-8c72-ad6a4a300535",
        "rating": 4,
        "status": "validated"
    },
    {
        "id": "b8c03af9-bab4-4706-8cab-1a75432395a9",
        "station_id": "3296e798-ff43-4209-9aef-6f6dc3d437f6",
        "component_id": "88afd3d1-6da3-496a-ac81-669a47256d34",
        "value": 46.17,
        "timestamp_measured": "2019-04-19T10:00:00+00:00",
        "import_log_id": "2a16c182-c115-4d6b-8c72-ad6a4a300535",
        "rating": 5,
        "status": "validated"
    },
    {
        "id": "5efd8313-be59-45ec-ae49-5462b253a855",
        "station_id": "3296e798-ff43-4209-9aef-6f6dc3d437f6",
        "component_id": "88afd3d1-6da3-496a-ac81-669a47256d34",
        "value": 40.25,
        "timestamp_measured": "2019-04-19T11:00:00+00:00",
        "import_log_id": "2a16c182-c115-4d6b-8c72-ad6a4a300535",
        "rating": 4,
        "status": "validated"
    },
    {
        "id": "9c2e6db5-98e0-4b82-a35f-748b0ae1ce8c",
        "station_id": "3296e798-ff43-4209-9aef-6f6dc3d437f6",
        "component_id": "88afd3d1-6da3-496a-ac81-669a47256d34",
        "value": 25.16,
        "timestamp_measured": "2019-04-19T12:00:00+00:00",
        "import_log_id": "2a16c182-c115-4d6b-8c72-ad6a4a300535",
        "rating": 3,
        "status": "validated"
    },
    {
        "id": "50d439bb-b458-4d12-a2b1-c963591e53b0",
        "station_id": "3296e798-ff43-4209-9aef-6f6dc3d437f6",
        "component_id": "88afd3d1-6da3-496a-ac81-669a47256d34",
        "value": 21.83,
        "timestamp_measured": "2019-04-19T13:00:00+00:00",
        "import_log_id": "2a16c182-c115-4d6b-8c72-ad6a4a300535",
        "rating": 3,
        "status": "validated"
    },
    {
        "id": "0603f628-b9f9-43e8-815f-450809f416c0",
        "station_id": "3296e798-ff43-4209-9aef-6f6dc3d437f6",
        "component_id": "88afd3d1-6da3-496a-ac81-669a47256d34",
        "value": 21.97,
        "timestamp_measured": "2019-04-19T14:00:00+00:00",
        "import_log_id": "2a16c182-c115-4d6b-8c72-ad6a4a300535",
        "rating": 3,
        "status": "validated"
    },
    {
        "id": "1e7a00a2-4737-48fa-9225-c90bd8924206",
        "station_id": "3296e798-ff43-4209-9aef-6f6dc3d437f6",
        "component_id": "88afd3d1-6da3-496a-ac81-669a47256d34",
        "value": 16.98,
        "timestamp_measured": "2019-04-19T15:00:00+00:00",
        "import_log_id": "2a16c182-c115-4d6b-8c72-ad6a4a300535",
        "rating": 2,
        "status": "validated"
    },
    {
        "id": "94a3f6e2-9a7b-47c8-b930-659dc54427b2",
        "station_id": "3296e798-ff43-4209-9aef-6f6dc3d437f6",
        "component_id": "88afd3d1-6da3-496a-ac81-669a47256d34",
        "value": 18.75,
        "timestamp_measured": "2019-04-19T16:00:00+00:00",
        "import_log_id": "2a16c182-c115-4d6b-8c72-ad6a4a300535",
        "rating": 2,
        "status": "validated"
    },
    {
        "id": "845e6ddb-b110-4b9d-9222-5f4f3d41032f",
        "station_id": "3296e798-ff43-4209-9aef-6f6dc3d437f6",
        "component_id": "88afd3d1-6da3-496a-ac81-669a47256d34",
        "value": 18.64,
        "timestamp_measured": "2019-04-19T17:00:00+00:00",
        "import_log_id": "2a16c182-c115-4d6b-8c72-ad6a4a300535",
        "rating": 2,
        "status": "validated"
    },
    {
        "id": "c5747175-d8c2-4af5-b83d-f3b83bca6d10",
        "station_id": "3296e798-ff43-4209-9aef-6f6dc3d437f6",
        "component_id": "88afd3d1-6da3-496a-ac81-669a47256d34",
        "value": 18.77,
        "timestamp_measured": "2019-04-19T18:00:00+00:00",
        "import_log_id": "2a16c182-c115-4d6b-8c72-ad6a4a300535",
        "rating": 2,
        "status": "validated"
    },
    {
        "id": "224985b3-04f9-4759-ad19-6942f228902a",
        "station_id": "3296e798-ff43-4209-9aef-6f6dc3d437f6",
        "component_id": "88afd3d1-6da3-496a-ac81-669a47256d34",
        "value": 25.77,
        "timestamp_measured": "2019-04-19T19:00:00+00:00",
        "import_log_id": "2a16c182-c115-4d6b-8c72-ad6a4a300535",
        "rating": 3,
        "status": "validated"
    },
    {
        "id": "2cfde403-a275-4c7e-b9be-1ea9d4bc4569",
        "station_id": "3296e798-ff43-4209-9aef-6f6dc3d437f6",
        "component_id": "88afd3d1-6da3-496a-ac81-669a47256d34",
        "value": 26.9,
        "timestamp_measured": "2019-04-19T20:00:00+00:00",
        "import_log_id": "2a16c182-c115-4d6b-8c72-ad6a4a300535",
        "rating": 3,
        "status": "validated"
    },
    {
        "id": "a7f58420-36d9-4d96-8672-2ef55395b5c2",
        "station_id": "3296e798-ff43-4209-9aef-6f6dc3d437f6",
        "component_id": "88afd3d1-6da3-496a-ac81-669a47256d34",
        "value": 28.01,
        "timestamp_measured": "2019-04-19T21:00:00+00:00",
        "import_log_id": "2a16c182-c115-4d6b-8c72-ad6a4a300535",
        "rating": 3,
        "status": "validated"
    },
    {
        "id": "3e6b5f93-2bf4-4f9a-9e89-d158a577bc13",
        "station_id": "3296e798-ff43-4209-9aef-6f6dc3d437f6",
        "component_id": "88afd3d1-6da3-496a-ac81-669a47256d34",
        "value": 34.01,
        "timestamp_measured": "2019-04-19T22:00:00+00:00",
        "import_log_id": "2a16c182-c115-4d6b-8c72-ad6a4a300535",
        "rating": 4,
        "status": "validated"
    },
    {
        "id": "e1ac4a76-5180-466f-98df-a37b802cb0ff",
        "station_id": "3296e798-ff43-4209-9aef-6f6dc3d437f6",
        "component_id": "88afd3d1-6da3-496a-ac81-669a47256d34",
        "value": 33.21,
        "timestamp_measured": "2019-04-19T23:00:00+00:00",
        "import_log_id": "2a16c182-c115-4d6b-8c72-ad6a4a300535",
        "rating": 4,
        "status": "validated"
    },
    {
        "id": "8221ac43-b741-451a-bb2d-4044bd187976",
        "station_id": "3296e798-ff43-4209-9aef-6f6dc3d437f6",
        "component_id": "88afd3d1-6da3-496a-ac81-669a47256d34",
        "value": 28.97,
        "timestamp_measured": "2019-04-20T00:00:00+00:00",
        "import_log_id": "2a16c182-c115-4d6b-8c72-ad6a4a300535",
        "rating": 3,
        "status": "validated"
    },
    {
        "id": "fe2bc57a-a9c1-4576-b179-ee76b87660fc",
        "station_id": "3296e798-ff43-4209-9aef-6f6dc3d437f6",
        "component_id": "88afd3d1-6da3-496a-ac81-669a47256d34",
        "value": 21.19,
        "timestamp_measured": "2019-04-20T01:00:00+00:00",
        "import_log_id": "2a16c182-c115-4d6b-8c72-ad6a4a300535",
        "rating": 3,
        "status": "validated"
    },
    {
        "id": "208cef05-ef6d-4081-8555-2c5879cd5e20",
        "station_id": "3296e798-ff43-4209-9aef-6f6dc3d437f6",
        "component_id": "88afd3d1-6da3-496a-ac81-669a47256d34",
        "value": 17.54,
        "timestamp_measured": "2019-04-20T02:00:00+00:00",
        "import_log_id": "2a16c182-c115-4d6b-8c72-ad6a4a300535",
        "rating": 2,
        "status": "validated"
    },
    {
        "id": "0b17129e-25e2-4392-81e4-dfeae556a9f4",
        "station_id": "3296e798-ff43-4209-9aef-6f6dc3d437f6",
        "component_id": "88afd3d1-6da3-496a-ac81-669a47256d34",
        "value": 15.47,
        "timestamp_measured": "2019-04-20T03:00:00+00:00",
        "import_log_id": "2a16c182-c115-4d6b-8c72-ad6a4a300535",
        "rating": 2,
        "status": "validated"
    },
    {
        "id": "ca20fba6-5963-46fd-84ca-c538caf44ac7",
        "station_id": "3296e798-ff43-4209-9aef-6f6dc3d437f6",
        "component_id": "88afd3d1-6da3-496a-ac81-669a47256d34",
        "value": 20.66,
        "timestamp_measured": "2019-04-20T04:00:00+00:00",
        "import_log_id": "2a16c182-c115-4d6b-8c72-ad6a4a300535",
        "rating": 3,
        "status": "validated"
    },
    {
        "id": "600b9624-ee14-42a2-b5c8-54dcb8ba85d6",
        "station_id": "3296e798-ff43-4209-9aef-6f6dc3d437f6",
        "component_id": "88afd3d1-6da3-496a-ac81-669a47256d34",
        "value": 24.55,
        "timestamp_measured": "2019-04-20T05:00:00+00:00",
        "import_log_id": "2a16c182-c115-4d6b-8c72-ad6a4a300535",
        "rating": 3,
        "status": "validated"
    },
    {
        "id": "490cdd61-0fdc-40d1-877b-0520f66311b1",
        "station_id": "3296e798-ff43-4209-9aef-6f6dc3d437f6",
        "component_id": "88afd3d1-6da3-496a-ac81-669a47256d34",
        "value": 27.08,
        "timestamp_measured": "2019-04-20T06:00:00+00:00",
        "import_log_id": "2a16c182-c115-4d6b-8c72-ad6a4a300535",
        "rating": 3,
        "status": "validated"
    },
    {
        "id": "3f8df51f-283d-4684-bf30-61ddc05cc32f",
        "station_id": "3296e798-ff43-4209-9aef-6f6dc3d437f6",
        "component_id": "88afd3d1-6da3-496a-ac81-669a47256d34",
        "value": 28.2,
        "timestamp_measured": "2019-04-20T07:00:00+00:00",
        "import_log_id": "2a16c182-c115-4d6b-8c72-ad6a4a300535",
        "rating": 3,
        "status": "validated"
    },
    {
        "id": "c9c80afb-28c3-4ed7-8c2d-dd0476f4e818",
        "station_id": "3296e798-ff43-4209-9aef-6f6dc3d437f6",
        "component_id": "88afd3d1-6da3-496a-ac81-669a47256d34",
        "value": 31.71,
        "timestamp_measured": "2019-04-20T08:00:00+00:00",
        "import_log_id": "2a16c182-c115-4d6b-8c72-ad6a4a300535",
        "rating": 4,
        "status": "validated"
    },
    {
        "id": "5fba7bdc-644d-41a0-8719-9d2c4c219ee0",
        "station_id": "3296e798-ff43-4209-9aef-6f6dc3d437f6",
        "component_id": "88afd3d1-6da3-496a-ac81-669a47256d34",
        "value": 32.99,
        "timestamp_measured": "2019-04-20T09:00:00+00:00",
        "import_log_id": "2a16c182-c115-4d6b-8c72-ad6a4a300535",
        "rating": 4,
        "status": "validated"
    },
    {
        "id": "8602708b-4f3d-4e6a-be57-83ac3481f63e",
        "station_id": "3296e798-ff43-4209-9aef-6f6dc3d437f6",
        "component_id": "88afd3d1-6da3-496a-ac81-669a47256d34",
        "value": 35.93,
        "timestamp_measured": "2019-04-20T10:00:00+00:00",
        "import_log_id": "2a16c182-c115-4d6b-8c72-ad6a4a300535",
        "rating": 4,
        "status": "validated"
    },
    {
        "id": "b6b127a7-d444-4757-a787-227bb446b132",
        "station_id": "3296e798-ff43-4209-9aef-6f6dc3d437f6",
        "component_id": "88afd3d1-6da3-496a-ac81-669a47256d34",
        "value": 22.91,
        "timestamp_measured": "2019-04-20T11:00:00+00:00",
        "import_log_id": "2a16c182-c115-4d6b-8c72-ad6a4a300535",
        "rating": 3,
        "status": "validated"
    },
    {
        "id": "cf5b567d-74c6-47c4-b1f4-570b8e4ba676",
        "station_id": "3296e798-ff43-4209-9aef-6f6dc3d437f6",
        "component_id": "88afd3d1-6da3-496a-ac81-669a47256d34",
        "value": 15.69,
        "timestamp_measured": "2019-04-20T12:00:00+00:00",
        "import_log_id": "2a16c182-c115-4d6b-8c72-ad6a4a300535",
        "rating": 2,
        "status": "validated"
    },
    {
        "id": "a8e774e7-9251-4df7-bea3-f3425f79d12e",
        "station_id": "3296e798-ff43-4209-9aef-6f6dc3d437f6",
        "component_id": "88afd3d1-6da3-496a-ac81-669a47256d34",
        "value": 14.09,
        "timestamp_measured": "2019-04-20T13:00:00+00:00",
        "import_log_id": "2a16c182-c115-4d6b-8c72-ad6a4a300535",
        "rating": 2,
        "status": "validated"
    },
    {
        "id": "cc53e8d0-ca3d-4b41-9f26-8c37cc1f8c22",
        "station_id": "3296e798-ff43-4209-9aef-6f6dc3d437f6",
        "component_id": "88afd3d1-6da3-496a-ac81-669a47256d34",
        "value": 14.36,
        "timestamp_measured": "2019-04-20T14:00:00+00:00",
        "import_log_id": "2a16c182-c115-4d6b-8c72-ad6a4a300535",
        "rating": 2,
        "status": "validated"
    },
    {
        "id": "44c7451f-e770-41f8-936d-d8a61c44f97b",
        "station_id": "3296e798-ff43-4209-9aef-6f6dc3d437f6",
        "component_id": "88afd3d1-6da3-496a-ac81-669a47256d34",
        "value": 11.21,
        "timestamp_measured": "2019-04-20T15:00:00+00:00",
        "import_log_id": "2a16c182-c115-4d6b-8c72-ad6a4a300535",
        "rating": 2,
        "status": "validated"
    },
    {
        "id": "48a8cc80-1459-492f-8dd4-484d89ce3742",
        "station_id": "3296e798-ff43-4209-9aef-6f6dc3d437f6",
        "component_id": "88afd3d1-6da3-496a-ac81-669a47256d34",
        "value": 13.24,
        "timestamp_measured": "2019-04-20T16:00:00+00:00",
        "import_log_id": "2a16c182-c115-4d6b-8c72-ad6a4a300535",
        "rating": 2,
        "status": "validated"
    },
    {
        "id": "aff16fd0-2898-4e03-a025-1f4d583ea946",
        "station_id": "3296e798-ff43-4209-9aef-6f6dc3d437f6",
        "component_id": "88afd3d1-6da3-496a-ac81-669a47256d34",
        "value": 12.37,
        "timestamp_measured": "2019-04-20T17:00:00+00:00",
        "import_log_id": "2a16c182-c115-4d6b-8c72-ad6a4a300535",
        "rating": 2,
        "status": "validated"
    },
    {
        "id": "3356ec57-dac7-4993-84ee-7200ce406da5",
        "station_id": "3296e798-ff43-4209-9aef-6f6dc3d437f6",
        "component_id": "88afd3d1-6da3-496a-ac81-669a47256d34",
        "value": 13.15,
        "timestamp_measured": "2019-04-20T18:00:00+00:00",
        "import_log_id": "2a16c182-c115-4d6b-8c72-ad6a4a300535",
        "rating": 2,
        "status": "validated"
    },
    {
        "id": "465dbf78-c794-44b8-9837-932ee3332ea0",
        "station_id": "3296e798-ff43-4209-9aef-6f6dc3d437f6",
        "component_id": "88afd3d1-6da3-496a-ac81-669a47256d34",
        "value": 16.6,
        "timestamp_measured": "2019-04-20T19:00:00+00:00",
        "import_log_id": "2a16c182-c115-4d6b-8c72-ad6a4a300535",
        "rating": 2,
        "status": "validated"
    },
    {
        "id": "2941eb9c-a1b4-4839-bebd-799e1d7195e3",
        "station_id": "3296e798-ff43-4209-9aef-6f6dc3d437f6",
        "component_id": "88afd3d1-6da3-496a-ac81-669a47256d34",
        "value": 15.67,
        "timestamp_measured": "2019-04-20T20:00:00+00:00",
        "import_log_id": "2a16c182-c115-4d6b-8c72-ad6a4a300535",
        "rating": 2,
        "status": "validated"
    },
    {
        "id": "4221e6fa-d477-48f7-ab2b-507cf1cb343e",
        "station_id": "3296e798-ff43-4209-9aef-6f6dc3d437f6",
        "component_id": "88afd3d1-6da3-496a-ac81-669a47256d34",
        "value": 18.52,
        "timestamp_measured": "2019-04-20T21:00:00+00:00",
        "import_log_id": "2a16c182-c115-4d6b-8c72-ad6a4a300535",
        "rating": 2,
        "status": "validated"
    },
    {
        "id": "f89419bf-a94f-43d6-82ea-d712e27f0cbf",
        "station_id": "3296e798-ff43-4209-9aef-6f6dc3d437f6",
        "component_id": "88afd3d1-6da3-496a-ac81-669a47256d34",
        "value": 31.08,
        "timestamp_measured": "2019-04-20T22:00:00+00:00",
        "import_log_id": "2a16c182-c115-4d6b-8c72-ad6a4a300535",
        "rating": 4,
        "status": "validated"
    },
    {
        "id": "11d3212c-562f-4742-8485-7bd29aaea581",
        "station_id": "3296e798-ff43-4209-9aef-6f6dc3d437f6",
        "component_id": "88afd3d1-6da3-496a-ac81-669a47256d34",
        "value": 32.72,
        "timestamp_measured": "2019-04-20T23:00:00+00:00",
        "import_log_id": "2a16c182-c115-4d6b-8c72-ad6a4a300535",
        "rating": 4,
        "status": "validated"
    },
    {
        "id": "5fbaa7b2-c332-475f-9307-29cbec9aa9d5",
        "station_id": "3296e798-ff43-4209-9aef-6f6dc3d437f6",
        "component_id": "88afd3d1-6da3-496a-ac81-669a47256d34",
        "value": 32.04,
        "timestamp_measured": "2019-04-21T00:00:00+00:00",
        "import_log_id": "2a16c182-c115-4d6b-8c72-ad6a4a300535",
        "rating": 4,
        "status": "validated"
    },
    {
        "id": "7040ae24-383a-4e87-bd22-938b24b68e01",
        "station_id": "3296e798-ff43-4209-9aef-6f6dc3d437f6",
        "component_id": "88afd3d1-6da3-496a-ac81-669a47256d34",
        "value": 25.73,
        "timestamp_measured": "2019-04-21T01:00:00+00:00",
        "import_log_id": "2a16c182-c115-4d6b-8c72-ad6a4a300535",
        "rating": 3,
        "status": "validated"
    },
    {
        "id": "e236474a-846d-4cce-83c4-f4c789755fb9",
        "station_id": "3296e798-ff43-4209-9aef-6f6dc3d437f6",
        "component_id": "88afd3d1-6da3-496a-ac81-669a47256d34",
        "value": 27.86,
        "timestamp_measured": "2019-04-21T02:00:00+00:00",
        "import_log_id": "2a16c182-c115-4d6b-8c72-ad6a4a300535",
        "rating": 3,
        "status": "validated"
    },
    {
        "id": "25f030c7-b1e7-4e44-8e36-f330b599b1ec",
        "station_id": "3296e798-ff43-4209-9aef-6f6dc3d437f6",
        "component_id": "88afd3d1-6da3-496a-ac81-669a47256d34",
        "value": 23.71,
        "timestamp_measured": "2019-04-21T03:00:00+00:00",
        "import_log_id": "2a16c182-c115-4d6b-8c72-ad6a4a300535",
        "rating": 3,
        "status": "validated"
    },
    {
        "id": "cda5529a-ca15-4606-bb5c-e6cbdb94b2f9",
        "station_id": "3296e798-ff43-4209-9aef-6f6dc3d437f6",
        "component_id": "88afd3d1-6da3-496a-ac81-669a47256d34",
        "value": 35.96,
        "timestamp_measured": "2019-04-21T04:00:00+00:00",
        "import_log_id": "2a16c182-c115-4d6b-8c72-ad6a4a300535",
        "rating": 4,
        "status": "validated"
    },
    {
        "id": "27e53438-6e28-4d85-a01a-6a1dbe009067",
        "station_id": "3296e798-ff43-4209-9aef-6f6dc3d437f6",
        "component_id": "88afd3d1-6da3-496a-ac81-669a47256d34",
        "value": 42.24,
        "timestamp_measured": "2019-04-21T05:00:00+00:00",
        "import_log_id": "2a16c182-c115-4d6b-8c72-ad6a4a300535",
        "rating": 4,
        "status": "validated"
    },
    {
        "id": "dbd52dab-9a93-4664-bc1d-1e48ee5a6a97",
        "station_id": "3296e798-ff43-4209-9aef-6f6dc3d437f6",
        "component_id": "88afd3d1-6da3-496a-ac81-669a47256d34",
        "value": 27.82,
        "timestamp_measured": "2019-04-21T06:00:00+00:00",
        "import_log_id": "2a16c182-c115-4d6b-8c72-ad6a4a300535",
        "rating": 3,
        "status": "validated"
    },
    {
        "id": "3cacabc9-092b-4a00-96be-2e89727ca51c",
        "station_id": "3296e798-ff43-4209-9aef-6f6dc3d437f6",
        "component_id": "88afd3d1-6da3-496a-ac81-669a47256d34",
        "value": 29.57,
        "timestamp_measured": "2019-04-21T07:00:00+00:00",
        "import_log_id": "2a16c182-c115-4d6b-8c72-ad6a4a300535",
        "rating": 3,
        "status": "validated"
    },
    {
        "id": "0a170d60-5537-4e2e-a4f7-8896cbe6d63a",
        "station_id": "3296e798-ff43-4209-9aef-6f6dc3d437f6",
        "component_id": "88afd3d1-6da3-496a-ac81-669a47256d34",
        "value": 33.37,
        "timestamp_measured": "2019-04-21T08:00:00+00:00",
        "import_log_id": "2a16c182-c115-4d6b-8c72-ad6a4a300535",
        "rating": 4,
        "status": "validated"
    },
    {
        "id": "c51f54fb-8fb9-4e79-8fd1-bd35af808004",
        "station_id": "3296e798-ff43-4209-9aef-6f6dc3d437f6",
        "component_id": "88afd3d1-6da3-496a-ac81-669a47256d34",
        "value": 37.1,
        "timestamp_measured": "2019-04-21T09:00:00+00:00",
        "import_log_id": "2a16c182-c115-4d6b-8c72-ad6a4a300535",
        "rating": 4,
        "status": "validated"
    },
    {
        "id": "06131738-f5fa-4382-ac2a-33c7fdc9be17",
        "station_id": "3296e798-ff43-4209-9aef-6f6dc3d437f6",
        "component_id": "88afd3d1-6da3-496a-ac81-669a47256d34",
        "value": 33.44,
        "timestamp_measured": "2019-04-21T10:00:00+00:00",
        "import_log_id": "2a16c182-c115-4d6b-8c72-ad6a4a300535",
        "rating": 4,
        "status": "validated"
    },
    {
        "id": "2c755aba-dc5e-4c9d-a067-5b334e6d0ad3",
        "station_id": "3296e798-ff43-4209-9aef-6f6dc3d437f6",
        "component_id": "88afd3d1-6da3-496a-ac81-669a47256d34",
        "value": 16.28,
        "timestamp_measured": "2019-04-21T11:00:00+00:00",
        "import_log_id": "2a16c182-c115-4d6b-8c72-ad6a4a300535",
        "rating": 2,
        "status": "validated"
    },
    {
        "id": "03bfda71-02bb-4eb8-b853-95151cba48c1",
        "station_id": "3296e798-ff43-4209-9aef-6f6dc3d437f6",
        "component_id": "88afd3d1-6da3-496a-ac81-669a47256d34",
        "value": 22.73,
        "timestamp_measured": "2019-04-21T12:00:00+00:00",
        "import_log_id": "2a16c182-c115-4d6b-8c72-ad6a4a300535",
        "rating": 3,
        "status": "validated"
    },
    {
        "id": "e08e1fbb-62a7-4730-9d99-005bcb7cfa56",
        "station_id": "3296e798-ff43-4209-9aef-6f6dc3d437f6",
        "component_id": "88afd3d1-6da3-496a-ac81-669a47256d34",
        "value": 21.32,
        "timestamp_measured": "2019-04-21T13:00:00+00:00",
        "import_log_id": "2a16c182-c115-4d6b-8c72-ad6a4a300535",
        "rating": 3,
        "status": "validated"
    },
    {
        "id": "604cdc6e-f2b5-442e-b841-74d1dbb0330e",
        "station_id": "3296e798-ff43-4209-9aef-6f6dc3d437f6",
        "component_id": "88afd3d1-6da3-496a-ac81-669a47256d34",
        "value": 22.12,
        "timestamp_measured": "2019-04-21T14:00:00+00:00",
        "import_log_id": "2a16c182-c115-4d6b-8c72-ad6a4a300535",
        "rating": 3,
        "status": "validated"
    },
    {
        "id": "c59ee246-8d42-48be-b5cd-e885086e96e0",
        "station_id": "3296e798-ff43-4209-9aef-6f6dc3d437f6",
        "component_id": "88afd3d1-6da3-496a-ac81-669a47256d34",
        "value": 18.13,
        "timestamp_measured": "2019-04-21T15:00:00+00:00",
        "import_log_id": "2a16c182-c115-4d6b-8c72-ad6a4a300535",
        "rating": 2,
        "status": "validated"
    },
    {
        "id": "f99d4cbb-eb48-43bb-b05a-6191c6de66cb",
        "station_id": "3296e798-ff43-4209-9aef-6f6dc3d437f6",
        "component_id": "88afd3d1-6da3-496a-ac81-669a47256d34",
        "value": 16.0,
        "timestamp_measured": "2019-04-21T16:00:00+00:00",
        "import_log_id": "2a16c182-c115-4d6b-8c72-ad6a4a300535",
        "rating": 2,
        "status": "validated"
    },
    {
        "id": "f528f323-ee18-4690-9ffb-b92e3bb7e621",
        "station_id": "3296e798-ff43-4209-9aef-6f6dc3d437f6",
        "component_id": "88afd3d1-6da3-496a-ac81-669a47256d34",
        "value": 12.64,
        "timestamp_measured": "2019-04-21T17:00:00+00:00",
        "import_log_id": "2a16c182-c115-4d6b-8c72-ad6a4a300535",
        "rating": 2,
        "status": "validated"
    },
    {
        "id": "b053955f-47d1-4dff-9d2a-ed30960edea7",
        "station_id": "3296e798-ff43-4209-9aef-6f6dc3d437f6",
        "component_id": "88afd3d1-6da3-496a-ac81-669a47256d34",
        "value": 13.89,
        "timestamp_measured": "2019-04-21T18:00:00+00:00",
        "import_log_id": "2a16c182-c115-4d6b-8c72-ad6a4a300535",
        "rating": 2,
        "status": "validated"
    },
    {
        "id": "4297e063-c6f5-49a7-a55c-307208be28ed",
        "station_id": "3296e798-ff43-4209-9aef-6f6dc3d437f6",
        "component_id": "88afd3d1-6da3-496a-ac81-669a47256d34",
        "value": 20.52,
        "timestamp_measured": "2019-04-21T19:00:00+00:00",
        "import_log_id": "2a16c182-c115-4d6b-8c72-ad6a4a300535",
        "rating": 3,
        "status": "validated"
    },
    {
        "id": "2cfd96e1-e857-4707-b041-afb1bb0f4ca6",
        "station_id": "3296e798-ff43-4209-9aef-6f6dc3d437f6",
        "component_id": "88afd3d1-6da3-496a-ac81-669a47256d34",
        "value": 24.74,
        "timestamp_measured": "2019-04-21T20:00:00+00:00",
        "import_log_id": "2a16c182-c115-4d6b-8c72-ad6a4a300535",
        "rating": 3,
        "status": "validated"
    },
    {
        "id": "18483e4f-6856-4ed9-960f-d937504d88c2",
        "station_id": "3296e798-ff43-4209-9aef-6f6dc3d437f6",
        "component_id": "88afd3d1-6da3-496a-ac81-669a47256d34",
        "value": 26.65,
        "timestamp_measured": "2019-04-21T21:00:00+00:00",
        "import_log_id": "2a16c182-c115-4d6b-8c72-ad6a4a300535",
        "rating": 3,
        "status": "validated"
    },
    {
        "id": "dcc679fe-0dab-4c15-930b-c63be0b406b9",
        "station_id": "3296e798-ff43-4209-9aef-6f6dc3d437f6",
        "component_id": "88afd3d1-6da3-496a-ac81-669a47256d34",
        "value": -999.0,
        "timestamp_measured": "2019-04-21T22:00:00+00:00",
        "import_log_id": "2a16c182-c115-4d6b-8c72-ad6a4a300535",
        "rating": -999,
        "status": "unvalidated"
    }
]