[
    {
        "id": "f072bafb-00f6-499b-bf27-6fd3c47df20e",
        "station_id": "74b16e2c-87d7-4eea-9bcf-f178cc1f7f82",
        "component_id": "88afd3d1-6da3-496a-ac81-669a47256d34",
        "value": 14.5,
        "timestamp_measured": "2019-04-14T22:00:00+00:00",
        "import_log_id": "bbba1887-c9b8-4a7a-8349-62a21b59c736",
        "rating": 2,
        "status": "validated"
    },
    {
        "id": "6bb770de-4e59-41cd-a473-2c4a32c93cf7",
        "station_id": "74b16e2c-87d7-4eea-9bcf-f178cc1f7f82",
        "component_id": "88afd3d1-6da3-496a-ac81-669a47256d34",
        "value": 14.2,
        "timestamp_measured": "2019-04-14T23:00:00+00:00",
        "import_log_id": "bbba1887-c9b8-4a7a-8349-62a21b59c736",
        "rating": 2,
        "status": "validated"
    },
    {
        "id": "d9c66a9a-e2f3-4b0a-a863-82ab3762dda4",
        "station_id": "74b16e2c-87d7-4eea-9bcf-f178cc1f7f82",
        "component_id": "88afd3d1-6da3-496a-ac81-669a47256d34",
        "value": 20.6,
        "timestamp_measured": "2019-04-15T00:00:00+00:00",
        "import_log_id": "bbba1887-c9b8-4a7a-8349-62a21b59c736",
        "rating": 3,
        "status": "validated"
    },
    {
        "id": "7c0f10a2-d3b4-46c5-a50d-7bba25abc998",
        "station_id": "74b16e2c-87d7-4eea-9bcf-f178cc1f7f82",
        "component_id": "88afd3d1-6da3-496a-ac81-669a47256d34",
        "value": 20.9,
        "timestamp_measured": "2019-04-15T01:00:00+00:00",
        "import_log_id": "bbba1887-c9b8-4a7a-8349-62a21b59c736",
        "rating": 3,
        "status": "validated"
    },
    {
        "id": "534e2e1c-4f3f-4b55-9e24-0eb5fa71243d",
        "station_id": "74b16e2c-87d7-4eea-9bcf-f178cc1f7f82",
        "component_id": "88afd3d1-6da3-496a-ac81-669a47256d34",
        "value": 17.1,
        "timestamp_measured": "2019-04-15T02:00:00+00:00",
        "import_log_id": "bbba1887-c9b8-4a7a-8349-62a21b59c736",
        "rating": 2,
        "status": "validated"
    },
    {
        "id": "398c2a72-6a7b-4f3d-80d5-d9366fd797e8",
        "station_id": "74b16e2c-87d7-4eea-9bcf-f178cc1f7f82",
        "component_id": "88afd3d1-6da3-496a-ac81-669a47256d34",
        "value": 17.0,
        "timestamp_measured": "2019-04-15T03:00:00+00:00",
        "import_log_id": "bbba1887-c9b8-4a7a-8349-62a21b59c736",
        "rating": 2,
        "status": "validated"
    },
    {
        "id": "c8ac27e2-6294-4afe-a697-0ced92cdb7c1",
        "station_id": "74b16e2c-87d7-4eea-9bcf-f178cc1f7f82",
        "component_id": "88afd3d1-6da3-496a-ac81-669a47256d34",
        "value": 16.9,
        "timestamp_measured": "2019-04-15T04:00:00+00:00",
        "import_log_id": "bbba1887-c9b8-4a7a-8349-62a21b59c736",
        "rating": 2,
        "status": "validated"
    },
    {
        "id": "ef79ac72-0f55-465a-8d1a-17d9fb33249a",
        "station_id": "74b16e2c-87d7-4eea-9bcf-f178cc1f7f82",
        "component_id": "88afd3d1-6da3-496a-ac81-669a47256d34",
        "value": 32.0,
        "timestamp_measured": "2019-04-15T05:00:00+00:00",
        "import_log_id": "bbba1887-c9b8-4a7a-8349-62a21b59c736",
        "rating": 4,
        "status": "validated"
    },
    {
        "id": "cf1387e3-b8cf-47c4-866e-02cc57bf3a97",
        "station_id": "74b16e2c-87d7-4eea-9bcf-f178cc1f7f82",
        "component_id": "88afd3d1-6da3-496a-ac81-669a47256d34",
        "value": 42.1,
        "timestamp_measured": "2019-04-15T06:00:00+00:00",
        "import_log_id": "bbba1887-c9b8-4a7a-8349-62a21b59c736",
        "rating": 4,
        "status": "validated"
    },
    {
        "id": "ba2476bb-bf9e-4442-87a0-ee12c9e58505",
        "station_id": "74b16e2c-87d7-4eea-9bcf-f178cc1f7f82",
        "component_id": "88afd3d1-6da3-496a-ac81-669a47256d34",
        "value": 43.2,
        "timestamp_measured": "2019-04-15T07:00:00+00:00",
        "import_log_id": "bbba1887-c9b8-4a7a-8349-62a21b59c736",
        "rating": 4,
        "status": "validated"
    },
    {
        "id": "22eb137e-690f-4f02-b883-61528a52bf17",
        "station_id": "74b16e2c-87d7-4eea-9bcf-f178cc1f7f82",
        "component_id": "88afd3d1-6da3-496a-ac81-669a47256d34",
        "value": 37.1,
        "timestamp_measured": "2019-04-15T08:00:00+00:00",
        "import_log_id": "bbba1887-c9b8-4a7a-8349-62a21b59c736",
        "rating": 4,
        "status": "validated"
    },
    {
        "id": "71a35fef-d1c1-42c0-9f0d-715d1034dae0",
        "station_id": "74b16e2c-87d7-4eea-9bcf-f178cc1f7f82",
        "component_id": "88afd3d1-6da3-496a-ac81-669a47256d34",
        "value": 34.5,
        "timestamp_measured": "2019-04-15T09:00:00+00:00",
        "import_log_id": "bbba1887-c9b8-4a7a-8349-62a21b59c736",
        "rating": 4,
        "status": "validated"
    },
    {
        "id": "0cffa52d-2084-41b3-b23b-be884619df2e",
        "station_id": "74b16e2c-87d7-4eea-9bcf-f178cc1f7f82",
        "component_id": "88afd3d1-6da3-496a-ac81-669a47256d34",
        "value": 39.2,
        "timestamp_measured": "2019-04-15T10:00:00+00:00",
        "import_log_id": "bbba1887-c9b8-4a7a-8349-62a21b59c736",
        "rating": 4,
        "status": "validated"
    },
    {
        "id": "43b77956-77e3-40a7-9999-89d6a27a097d",
        "station_id": "74b16e2c-87d7-4eea-9bcf-f178cc1f7f82",
        "component_id": "88afd3d1-6da3-496a-ac81-669a47256d34",
        "value": 40.5,
        "timestamp_measured": "2019-04-15T11:00:00+00:00",
        "import_log_id": "bbba1887-c9b8-4a7a-8349-62a21b59c736",
        "rating": 4,
        "status": "validated"
    },
    {
        "id": "95e2e221-84f3-4c8f-8e6a-9242d737656e",
        "station_id": "74b16e2c-87d7-4eea-9bcf-f178cc1f7f82",
        "component_id": "88afd3d1-6da3-496a-ac81-669a47256d34",
        "value": 40.8,
        "timestamp_measured": "2019-04-15T12:00:00+00:00",
        "import_log_id": "bbba1887-c9b8-4a7a-8349-62a21b59c736",
        "rating": 4,
        "status": "validated"
    },
    {
        "id": "e1889dfb-e0fd-4238-9bb3-a3c3dca132a5",
        "station_id": "74b16e2c-87d7-4eea-9bcf-f178cc1f7f82",
        "component_id": "88afd3d1-6da3-496a-ac81-669a47256d34",
        "value": 38.1,
        "timestamp_measured": "2019-04-15T13:00:00+00:00",
        "import_log_id": "bbba1887-c9b8-4a7a-8349-62a21b59c736",
        "rating": 4,
        "status": "validated"
    },
    {
        "id": "a72b034f-a167-4d2d-aff7-a277399f712f",
        "station_id": "74b16e2c-87d7-4eea-9bcf-f178cc1f7f82",
        "component_id": "88afd3d1-6da3-496a-ac81-669a47256d34",
        "value": 30.2,
        "timestamp_measured": "2019-04-15T14:00:00+00:00",
        "import_log_id": "bbba1887-c9b8-4a7a-8349-62a21b59c736",
        "rating": 4,
        "status": "validated"
    },
    {
        "id": "37c80fd1-644b-4dc1-b35a-e6158252a066",
        "station_id": "74b16e2c-87d7-4eea-9bcf-f178cc1f7f82",
        "component_id": "88afd3d1-6da3-496a-ac81-669a47256d34",
        "value": 31.6,
        "timestamp_measured": "2019-04-15T15:00:00+00:00",
        "import_log_id": "bbba1887-c9b8-4a7a-8349-62a21b59c736",
        "rating": 4,
        "status": "validated"
    },
    {
        "id": "b0b11ce0-bc9f-4d89-8137-5ae675e093a8",
        "station_id": "74b16e2c-87d7-4eea-9bcf-f178cc1f7f82",
        "component_id": "88afd3d1-6da3-496a-ac81-669a47256d34",
        "value": 44.6,
        "timestamp_measured": "2019-04-15T16:00:00+00:00",
        "import_log_id": "bbba1887-c9b8-4a7a-8349-62a21b59c736",
        "rating": 4,
        "status": "validated"
    },
    {
        "id": "060c9ffa-e863-455a-9f4b-5e13ef50a952",
        "station_id": "74b16e2c-87d7-4eea-9bcf-f178cc1f7f82",
        "component_id": "88afd3d1-6da3-496a-ac81-669a47256d34",
        "value": 53.5,
        "timestamp_measured": "2019-04-15T17:00:00+00:00",
        "import_log_id": "bbba1887-c9b8-4a7a-8349-62a21b59c736",
        "rating": 5,
        "status": "validated"
    },
    {
        "id": "ee0d9d50-8e01-44d8-a260-ddfbcc866471",
        "station_id": "74b16e2c-87d7-4eea-9bcf-f178cc1f7f82",
        "component_id": "88afd3d1-6da3-496a-ac81-669a47256d34",
        "value": 56.1,
        "timestamp_measured": "2019-04-15T18:00:00+00:00",
        "import_log_id": "bbba1887-c9b8-4a7a-8349-62a21b59c736",
        "rating": 5,
        "status": "validated"
    },
    {
        "id": "bf489256-acb9-4d7f-a977-73d4fda14fd5",
        "station_id": "74b16e2c-87d7-4eea-9bcf-f178cc1f7f82",
        "component_id": "88afd3d1-6da3-496a-ac81-669a47256d34",
        "value": 40.4,
        "timestamp_measured": "2019-04-15T19:00:00+00:00",
        "import_log_id": "bbba1887-c9b8-4a7a-8349-62a21b59c736",
        "rating": 4,
        "status": "validated"
    },
    {
        "id": "a6f9e754-d19b-4008-9f31-640ca72bedb4",
        "station_id": "74b16e2c-87d7-4eea-9bcf-f178cc1f7f82",
        "component_id": "88afd3d1-6da3-496a-ac81-669a47256d34",
        "value": 29.3,
        "timestamp_measured": "2019-04-15T20:00:00+00:00",
        "import_log_id": "bbba1887-c9b8-4a7a-8349-62a21b59c736",
        "rating": 3,
        "status": "validated"
    },
    {
        "id": "95e0f6f7-48a7-4ca2-a449-fb1e7fb1a2a5",
        "station_id": "74b16e2c-87d7-4eea-9bcf-f178cc1f7f82",
        "component_id": "88afd3d1-6da3-496a-ac81-669a47256d34",
        "value": 24.8,
        "timestamp_measured": "2019-04-15T21:00:00+00:00",
        "import_log_id": "bbba1887-c9b8-4a7a-8349-62a21b59c736",
        "rating": 3,
        "status": "validated"
    },
    {
        "id": "e6c78e43-702d-4091-84db-9165ea687cc4",
        "station_id": "74b16e2c-87d7-4eea-9bcf-f178cc1f7f82",
        "component_id": "88afd3d1-6da3-496a-ac81-669a47256d34",
        "value": 21.9,
        "timestamp_measured": "2019-04-15T22:00:00+00:00",
        "import_log_id": "bbba1887-c9b8-4a7a-8349-62a21b59c736",
        "rating": 3,
        "status": "validated"
    },
    {
        "id": "7844bbcb-0db9-4f91-928e-efd460fad05e",
        "station_id": "74b16e2c-87d7-4eea-9bcf-f178cc1f7f82",
        "component_id": "88afd3d1-6da3-496a-ac81-669a47256d34",
        "value": 20.3,
        "timestamp_measured": "2019-04-15T23:00:00+00:00",
        "import_log_id": "bbba1887-c9b8-4a7a-8349-62a21b59c736",
        "rating": 3,
        "status": "validated"
    },
    {
        "id": "c659ce76-635d-49aa-912b-2bcd2a343478",
        "station_id": "74b16e2c-87d7-4eea-9bcf-f178cc1f7f82",
        "component_id": "88afd3d1-6da3-496a-ac81-669a47256d34",
        "value": 16.1,
        "timestamp_measured": "2019-04-16T00:00:00+00:00",
        "import_log_id": "bbba1887-c9b8-4a7a-8349-62a21b59c736",
        "rating": 2,
        "status": "validated"
    },
    {
        "id": "a3a862c7-4f24-4179-8aa7-a3b2655b9db9",
        "station_id": "74b16e2c-87d7-4eea-9bcf-f178cc1f7f82",
        "component_id": "88afd3d1-6da3-496a-ac81-669a47256d34",
        "value": 18.7,
        "timestamp_measured": "2019-04-16T01:00:00+00:00",
        "import_log_id": "bbba1887-c9b8-4a7a-8349-62a21b59c736",
        "rating": 2,
        "status": "validated"
    },
    {
        "id": "8ae20137-13c1-411c-b561-3999bb663f98",
        "station_id": "74b16e2c-87d7-4eea-9bcf-f178cc1f7f82",
        "component_id": "88afd3d1-6da3-496a-ac81-669a47256d34",
        "value": 25.7,
        "timestamp_measured": "2019-04-16T02:00:00+00:00",
        "import_log_id": "bbba1887-c9b8-4a7a-8349-62a21b59c736",
        "rating": 3,
        "status": "validated"
    },
    {
        "id": "a2e1ab9c-396a-431b-a3c9-5965baab0e7f",
        "station_id": "74b16e2c-87d7-4eea-9bcf-f178cc1f7f82",
        "component_id": "88afd3d1-6da3-496a-ac81-669a47256d34",
        "value": 23.2,
        "timestamp_measured": "2019-04-16T03:00:00+00:00",
        "import_log_id": "bbba1887-c9b8-4a7a-8349-62a21b59c736",
        "rating": 3,
        "status": "validated"
    },
    {
        "id": "a695e99c-dc5e-4ef1-94fd-b54356b0fe0c",
        "station_id": "74b16e2c-87d7-4eea-9bcf-f178cc1f7f82",
        "component_id": "88afd3d1-6da3-496a-ac81-669a47256d34",
        "value": 21.2,
        "timestamp_measured": "2019-04-16T04:00:00+00:00",
        "import_log_id": "bbba1887-c9b8-4a7a-8349-62a21b59c736",
        "rating": 3,
        "status": "validated"
    },
    {
        "id": "8ed8bd56-eeb2-4a50-84ae-e36c632b0b8b",
        "station_id": "74b16e2c-87d7-4eea-9bcf-f178cc1f7f82",
        "component_id": "88afd3d1-6da3-496a-ac81-669a47256d34",
        "value": 33.0,
        "timestamp_measured": "2019-04-16T05:00:00+00:00",
        "import_log_id": "bbba1887-c9b8-4a7a-8349-62a21b59c736",
        "rating": 4,
        "status": "validated"
    },
    {
        "id": "8d82808e-356a-499a-8541-9b48a358d9bb",
        "station_id": "74b16e2c-87d7-4eea-9bcf-f178cc1f7f82",
        "component_id": "88afd3d1-6da3-496a-ac81-669a47256d34",
        "value": 44.5,
        "timestamp_measured": "2019-04-16T06:00:00+00:00",
        "import_log_id": "bbba1887-c9b8-4a7a-8349-62a21b59c736",
        "rating": 4,
        "status": "validated"
    },
    {
        "id": "3e3aebb2-45ff-445d-ba4a-55aa3e20090b",
        "station_id": "74b16e2c-87d7-4eea-9bcf-f178cc1f7f82",
        "component_id": "88afd3d1-6da3-496a-ac81-669a47256d34",
        "value": 42.3,
        "timestamp_measured": "2019-04-16T07:00:00+00:00",
        "import_log_id": "bbba1887-c9b8-4a7a-8349-62a21b59c736",
        "rating": 4,
        "status": "validated"
    },
    {
        "id": "45db7dd7-d5f8-40e1-acb1-a131f930a212",
        "station_id": "74b16e2c-87d7-4eea-9bcf-f178cc1f7f82",
        "component_id": "88afd3d1-6da3-496a-ac81-669a47256d34",
        "value": 32.4,
        "timestamp_measured": "2019-04-16T08:00:00+00:00",
        "import_log_id": "bbba1887-c9b8-4a7a-8349-62a21b59c736",
        "rating": 4,
        "status": "validated"
    },
    {
        "id": "ea8d501f-1cfe-4380-a944-cf2d688130ac",
        "station_id": "74b16e2c-87d7-4eea-9bcf-f178cc1f7f82",
        "component_id": "88afd3d1-6da3-496a-ac81-669a47256d34",
        "value": 30.4,
        "timestamp_measured": "2019-04-16T09:00:00+00:00",
        "import_log_id": "bbba1887-c9b8-4a7a-8349-62a21b59c736",
        "rating": 4,
        "status": "validated"
    },
    {
        "id": "5888249d-1e57-4baf-8808-11eb36424321",
        "station_id": "74b16e2c-87d7-4eea-9bcf-f178cc1f7f82",
        "component_id": "88afd3d1-6da3-496a-ac81-669a47256d34",
        "value": 23.0,
        "timestamp_measured": "2019-04-16T10:00:00+00:00",
        "import_log_id": "bbba1887-c9b8-4a7a-8349-62a21b59c736",
        "rating": 3,
        "status": "validated"
    },
    {
        "id": "ac08f383-012e-4ed4-8fa6-afcfc459ec57",
        "station_id": "74b16e2c-87d7-4eea-9bcf-f178cc1f7f82",
        "component_id": "88afd3d1-6da3-496a-ac81-669a47256d34",
        "value": 21.9,
        "timestamp_measured": "2019-04-16T11:00:00+00:00",
        "import_log_id": "bbba1887-c9b8-4a7a-8349-62a21b59c736",
        "rating": 3,
        "status": "validated"
    },
    {
        "id": "f55d498e-1e35-48fb-aa40-f4ab76c78e43",
        "station_id": "74b16e2c-87d7-4eea-9bcf-f178cc1f7f82",
        "component_id": "88afd3d1-6da3-496a-ac81-669a47256d34",
        "value": 18.8,
        "timestamp_measured": "2019-04-16T12:00:00+00:00",
        "import_log_id": "bbba1887-c9b8-4a7a-8349-62a21b59c736",
        "rating": 2,
        "status": "validated"
    },
    {
        "id": "b20d01fe-b222-4471-a320-2530f131a5a4",
        "station_id": "74b16e2c-87d7-4eea-9bcf-f178cc1f7f82",
        "component_id": "88afd3d1-6da3-496a-ac81-669a47256d34",
        "value": 23.9,
        "timestamp_measured": "2019-04-16T13:00:00+00:00",
        "import_log_id": "bbba1887-c9b8-4a7a-8349-62a21b59c736",
        "rating": 3,
        "status": "validated"
    },
    {
        "id": "58727dfc-a47c-4d05-a80a-3fcb041891e0",
        "station_id": "74b16e2c-87d7-4eea-9bcf-f178cc1f7f82",
        "component_id": "88afd3d1-6da3-496a-ac81-669a47256d34",
        "value": 19.5,
        "timestamp_measured": "2019-04-16T14:00:00+00:00",
        "import_log_id": "bbba1887-c9b8-4a7a-8349-62a21b59c736",
        "rating": 2,
        "status": "validated"
    },
    {
        "id": "491b5ad4-02f3-4591-ac77-85869d0a0151",
        "station_id": "74b16e2c-87d7-4eea-9bcf-f178cc1f7f82",
        "component_id": "88afd3d1-6da3-496a-ac81-669a47256d34",
        "value": 21.2,
        "timestamp_measured": "2019-04-16T15:00:00+00:00",
        "import_log_id": "bbba1887-c9b8-4a7a-8349-62a21b59c736",
        "rating": 3,
        "status": "validated"
    },
    {
        "id": "22e93267-fc2e-4593-b241-a7f4772a8ddc",
        "station_id": "74b16e2c-87d7-4eea-9bcf-f178cc1f7f82",
        "component_id": "88afd3d1-6da3-496a-ac81-669a47256d34",
        "value": 29.1,
        "timestamp_measured": "2019-04-16T16:00:00+00:00",
        "import_log_id": "bbba1887-c9b8-4a7a-8349-62a21b59c736",
        "rating": 3,
        "status": "validated"
    },
    {
        "id": "0550c09d-0468-45a8-a48a-375dab1b3d58",
        "station_id": "74b16e2c-87d7-4eea-9bcf-f178cc1f7f82",
        "component_id": "88afd3d1-6da3-496a-ac81-669a47256d34",
        "value": 27.8,
        "timestamp_measured": "2019-04-16T17:00:00+00:00",
        "import_log_id": "bbba1887-c9b8-4a7a-8349-62a21b59c736",
        "rating": 3,
        "status": "validated"
    },
    {
        "id": "bce6c92d-57e0-4e2a-8c6d-01f615cfee6d",
        "station_id": "74b16e2c-87d7-4eea-9bcf-f178cc1f7f82",
        "component_id": "88afd3d1-6da3-496a-ac81-669a47256d34",
        "value": 28.4,
        "timestamp_measured": "2019-04-16T18:00:00+00:00",
        "import_log_id": "bbba1887-c9b8-4a7a-8349-62a21b59c736",
        "rating": 3,
        "status": "validated"
    },
    {
        "id": "b312e6e2-ce94-4f03-a7c5-181e7444e913",
        "station_id": "74b16e2c-87d7-4eea-9bcf-f178cc1f7f82",
        "component_id": "88afd3d1-6da3-496a-ac81-669a47256d34",
        "value": 30.3,
        "timestamp_measured": "2019-04-16T19:00:00+00:00",
        "import_log_id": "bbba1887-c9b8-4a7a-8349-62a21b59c736",
        "rating": 4,
        "status": "validated"
    },
    {
        "id": "c449a3fe-eeef-4e13-b5ac-5cada918d195",
        "station_id": "74b16e2c-87d7-4eea-9bcf-f178cc1f7f82",
        "component_id": "88afd3d1-6da3-496a-ac81-669a47256d34",
        "value": 33.5,
        "timestamp_measured": "2019-04-16T20:00:00+00:00",
        "import_log_id": "bbba1887-c9b8-4a7a-8349-62a21b59c736",
        "rating": 4,
        "status": "validated"
    },
    {
        "id": "f1f113ee-91b9-42f4-965e-9c6572149314",
        "station_id": "74b16e2c-87d7-4eea-9bcf-f178cc1f7f82",
        "component_id": "88afd3d1-6da3-496a-ac81-669a47256d34",
        "value": 33.5,
        "timestamp_measured": "2019-04-16T21:00:00+00:00",
        "import_log_id": "bbba1887-c9b8-4a7a-8349-62a21b59c736",
        "rating": 4,
        "status": "validated"
    },
    {
        "id": "35dc574d-fa29-4b1a-9f9c-854b3489b4b0",
        "station_id": "74b16e2c-87d7-4eea-9bcf-f178cc1f7f82",
        "component_id": "88afd3d1-6da3-496a-ac81-669a47256d34",
        "value": 62.2,
        "timestamp_measured": "2019-04-16T22:00:00+00:00",
        "import_log_id": "bbba1887-c9b8-4a7a-8349-62a21b59c736",
        "rating": 6,
        "status": "validated"
    },
    {
        "id": "fb508d5d-a42a-438a-b38e-a214a39d557d",
        "station_id": "74b16e2c-87d7-4eea-9bcf-f178cc1f7f82",
        "component_id": "88afd3d1-6da3-496a-ac81-669a47256d34",
        "value": 63.0,
        "timestamp_measured": "2019-04-16T23:00:00+00:00",
        "import_log_id": "bbba1887-c9b8-4a7a-8349-62a21b59c736",
        "rating": 6,
        "status": "validated"
    },
    {
        "id": "def8176d-1c94-45e4-b175-d942d64fd18a",
        "station_id": "74b16e2c-87d7-4eea-9bcf-f178cc1f7f82",
        "component_id": "88afd3d1-6da3-496a-ac81-669a47256d34",
        "value": 66.6,
        "timestamp_measured": "2019-04-17T00:00:00+00:00",
        "import_log_id": "bbba1887-c9b8-4a7a-8349-62a21b59c736",
        "rating": 6,
        "status": "validated"
    },
    {
        "id": "fecc4afb-f80b-4e01-a552-ea476e5a4ced",
        "station_id": "74b16e2c-87d7-4eea-9bcf-f178cc1f7f82",
        "component_id": "88afd3d1-6da3-496a-ac81-669a47256d34",
        "value": 78.7,
        "timestamp_measured": "2019-04-17T01:00:00+00:00",
        "import_log_id": "bbba1887-c9b8-4a7a-8349-62a21b59c736",
        "rating": 7,
        "status": "validated"
    },
    {
        "id": "8667b727-1bb6-4290-a2e4-8c70ef669af8",
        "station_id": "74b16e2c-87d7-4eea-9bcf-f178cc1f7f82",
        "component_id": "88afd3d1-6da3-496a-ac81-669a47256d34",
        "value": 63.9,
        "timestamp_measured": "2019-04-17T02:00:00+00:00",
        "import_log_id": "bbba1887-c9b8-4a7a-8349-62a21b59c736",
        "rating": 6,
        "status": "validated"
    },
    {
        "id": "51e1055a-5179-499d-8ab5-2b05729ea710",
        "station_id": "74b16e2c-87d7-4eea-9bcf-f178cc1f7f82",
        "component_id": "88afd3d1-6da3-496a-ac81-669a47256d34",
        "value": 44.1,
        "timestamp_measured": "2019-04-17T03:00:00+00:00",
        "import_log_id": "bbba1887-c9b8-4a7a-8349-62a21b59c736",
        "rating": 4,
        "status": "validated"
    },
    {
        "id": "81f66b64-728c-4cb4-b5fb-c9795a97a134",
        "station_id": "74b16e2c-87d7-4eea-9bcf-f178cc1f7f82",
        "component_id": "88afd3d1-6da3-496a-ac81-669a47256d34",
        "value": 35.9,
        "timestamp_measured": "2019-04-17T04:00:00+00:00",
        "import_log_id": "bbba1887-c9b8-4a7a-8349-62a21b59c736",
        "rating": 4,
        "status": "validated"
    },
    {
        "id": "f91c39c1-bdcc-4f1b-a586-0ac0902450c3",
        "station_id": "74b16e2c-87d7-4eea-9bcf-f178cc1f7f82",
        "component_id": "88afd3d1-6da3-496a-ac81-669a47256d34",
        "value": 75.6,
        "timestamp_measured": "2019-04-17T05:00:00+00:00",
        "import_log_id": "bbba1887-c9b8-4a7a-8349-62a21b59c736",
        "rating": 7,
        "status": "validated"
    },
    {
        "id": "af39a5e6-8ef4-45a8-ba46-4a90fff2ccca",
        "station_id": "74b16e2c-87d7-4eea-9bcf-f178cc1f7f82",
        "component_id": "88afd3d1-6da3-496a-ac81-669a47256d34",
        "value": 90.4,
        "timestamp_measured": "2019-04-17T06:00:00+00:00",
        "import_log_id": "bbba1887-c9b8-4a7a-8349-62a21b59c736",
        "rating": 7,
        "status": "validated"
    },
    {
        "id": "c907cfc0-8203-4866-885c-f3c1ed7fdc83",
        "station_id": "74b16e2c-87d7-4eea-9bcf-f178cc1f7f82",
        "component_id": "88afd3d1-6da3-496a-ac81-669a47256d34",
        "value": 78.0,
        "timestamp_measured": "2019-04-17T07:00:00+00:00",
        "import_log_id": "bbba1887-c9b8-4a7a-8349-62a21b59c736",
        "rating": 7,
        "status": "validated"
    },
    {
        "id": "753f6a1e-59e3-4032-9062-840ec8677761",
        "station_id": "74b16e2c-87d7-4eea-9bcf-f178cc1f7f82",
        "component_id": "88afd3d1-6da3-496a-ac81-669a47256d34",
        "value": 68.4,
        "timestamp_measured": "2019-04-17T08:00:00+00:00",
        "import_log_id": "bbba1887-c9b8-4a7a-8349-62a21b59c736",
        "rating": 6,
        "status": "validated"
    },
    {
        "id": "c82c17d5-2a86-4c41-9133-a460730686e5",
        "station_id": "74b16e2c-87d7-4eea-9bcf-f178cc1f7f82",
        "component_id": "88afd3d1-6da3-496a-ac81-669a47256d34",
        "value": 58.6,
        "timestamp_measured": "2019-04-17T09:00:00+00:00",
        "import_log_id": "bbba1887-c9b8-4a7a-8349-62a21b59c736",
        "rating": 5,
        "status": "validated"
    },
    {
        "id": "e82b01bc-4d64-4cd5-a91a-ee8911ef6752",
        "station_id": "74b16e2c-87d7-4eea-9bcf-f178cc1f7f82",
        "component_id": "88afd3d1-6da3-496a-ac81-669a47256d34",
        "value": 48.8,
        "timestamp_measured": "2019-04-17T10:00:00+00:00",
        "import_log_id": "bbba1887-c9b8-4a7a-8349-62a21b59c736",
        "rating": 5,
        "status": "validated"
    },
    {
        "id": "d7ed71ec-7b24-4287-a61a-044c00dad57e",
        "station_id": "74b16e2c-87d7-4eea-9bcf-f178cc1f7f82",
        "component_id": "88afd3d1-6da3-496a-ac81-669a47256d34",
        "value": 43.9,
        "timestamp_measured": "2019-04-17T11:00:00+00:00",
        "import_log_id": "bbba1887-c9b8-4a7a-8349-62a21b59c736",
        "rating": 4,
        "status": "validated"
    },
    {
        "id": "7626b2e2-1867-4911-a10a-7161062e6741",
        "station_id": "74b16e2c-87d7-4eea-9bcf-f178cc1f7f82",
        "component_id": "88afd3d1-6da3-496a-ac81-669a47256d34",
        "value": 49.1,
        "timestamp_measured": "2019-04-17T12:00:00+00:00",
        "import_log_id": "bbba1887-c9b8-4a7a-8349-62a21b59c736",
        "rating": 5,
        "status": "validated"
    },
    {
        "id": "8aa928a6-2034-4e21-b7e3-b3da591173e1",
        "station_id": "74b16e2c-87d7-4eea-9bcf-f178cc1f7f82",
        "component_id": "88afd3d1-6da3-496a-ac81-669a47256d34",
        "value": 63.0,
        "timestamp_measured": "2019-04-17T13:00:00+00:00",
        "import_log_id": "bbba1887-c9b8-4a7a-8349-62a21b59c736",
        "rating": 6,
        "status": "validated"
    },
    {
        "id": "d9a1b7b7-644e-406d-ad1d-5bef3a17c919",
        "station_id": "74b16e2c-87d7-4eea-9bcf-f178cc1f7f82",
        "component_id": "88afd3d1-6da3-496a-ac81-669a47256d34",
        "value": 54.2,
        "timestamp_measured": "2019-04-17T14:00:00+00:00",
        "import_log_id": "bbba1887-c9b8-4a7a-8349-62a21b59c736",
        "rating": 5,
        "status": "validated"
    },
    {
        "id": "c02b74c1-1e90-4715-a8be-3fb84b9c4abc",
        "station_id": "74b16e2c-87d7-4eea-9bcf-f178cc1f7f82",
        "component_id": "88afd3d1-6da3-496a-ac81-669a47256d34",
        "value": 57.1,
        "timestamp_measured": "2019-04-17T15:00:00+00:00",
        "import_log_id": "bbba1887-c9b8-4a7a-8349-62a21b59c736",
        "rating": 5,
        "status": "validated"
    },
    {
        "id": "753174ec-caeb-41d9-87f5-608e3caecfd6",
        "station_id": "74b16e2c-87d7-4eea-9bcf-f178cc1f7f82",
        "component_id": "88afd3d1-6da3-496a-ac81-669a47256d34",
        "value": 52.2,
        "timestamp_measured": "2019-04-17T16:00:00+00:00",
        "import_log_id": "bbba1887-c9b8-4a7a-8349-62a21b59c736",
        "rating": 5,
        "status": "validated"
    },
    {
        "id": "9b981879-bf72-4df2-a32b-b5871f3923eb",
        "station_id": "74b16e2c-87d7-4eea-9bcf-f178cc1f7f82",
        "component_id": "88afd3d1-6da3-496a-ac81-669a47256d34",
        "value": 51.7,
        "timestamp_measured": "2019-04-17T17:00:00+00:00",
        "import_log_id": "bbba1887-c9b8-4a7a-8349-62a21b59c736",
        "rating": 5,
        "status": "validated"
    },
    {
        "id": "8439faec-1203-497a-b758-ced95ac988f6",
        "station_id": "74b16e2c-87d7-4eea-9bcf-f178cc1f7f82",
        "component_id": "88afd3d1-6da3-496a-ac81-669a47256d34",
        "value": 49.3,
        "timestamp_measured": "2019-04-17T18:00:00+00:00",
        "import_log_id": "bbba1887-c9b8-4a7a-8349-62a21b59c736",
        "rating": 5,
        "status": "validated"
    },
    {
        "id": "dfaec768-913c-43fd-928c-47eb98399f0f",
        "station_id": "74b16e2c-87d7-4eea-9bcf-f178cc1f7f82",
        "component_id": "88afd3d1-6da3-496a-ac81-669a47256d34",
        "value": 76.2,
        "timestamp_measured": "2019-04-17T19:00:00+00:00",
        "import_log_id": "bbba1887-c9b8-4a7a-8349-62a21b59c736",
        "rating": 7,
        "status": "validated"
    },
    {
        "id": "88864cee-f941-404c-b041-2cec535f1031",
        "station_id": "74b16e2c-87d7-4eea-9bcf-f178cc1f7f82",
        "component_id": "88afd3d1-6da3-496a-ac81-669a47256d34",
        "value": 84.1,
        "timestamp_measured": "2019-04-17T20:00:00+00:00",
        "import_log_id": "bbba1887-c9b8-4a7a-8349-62a21b59c736",
        "rating": 7,
        "status": "validated"
    },
    {
        "id": "411d90de-df88-4813-b4cc-c13fc4337054",
        "station_id": "74b16e2c-87d7-4eea-9bcf-f178cc1f7f82",
        "component_id": "88afd3d1-6da3-496a-ac81-669a47256d34",
        "value": 70.2,
        "timestamp_measured": "2019-04-17T21:00:00+00:00",
        "import_log_id": "bbba1887-c9b8-4a7a-8349-62a21b59c736",
        "rating": 6,
        "status": "validated"
    },
    {
        "id": "44294c7c-64a6-476d-8325-1e1cc183a507",
        "station_id": "74b16e2c-87d7-4eea-9bcf-f178cc1f7f82",
        "component_id": "88afd3d1-6da3-496a-ac81-669a47256d34",
        "value": 52.4,
        "timestamp_measured": "2019-04-17T22:00:00+00:00",
        "import_log_id": "bbba1887-c9b8-4a7a-8349-62a21b59c736",
        "rating": 5,
        "status": "validated"
    },
    {
        "id": "d5b20939-9864-4eb4-bfd2-95a068854280",
        "station_id": "74b16e2c-87d7-4eea-9bcf-f178cc1f7f82",
        "component_id": "88afd3d1-6da3-496a-ac81-669a47256d34",
        "value": 46.2,
        "timestamp_measured": "2019-04-17T23:00:00+00:00",
        "import_log_id": "bbba1887-c9b8-4a7a-8349-62a21b59c736",
        "rating": 5,
        "status": "validated"
    },
    {
        "id": "6cced786-2df9-4f96-a9c9-1e6867795516",
        "station_id": "74b16e2c-87d7-4eea-9bcf-f178cc1f7f82",
        "component_id": "88afd3d1-6da3-496a-ac81-669a47256d34",
        "value": 33.1,
        "timestamp_measured": "2019-04-18T00:00:00+00:00",
        "import_log_id": "bbba1887-c9b8-4a7a-8349-62a21b59c736",
        "rating": 4,
        "status": "validated"
    },
    {
        "id": "2e505ad3-3cd6-48bf-884b-724871214d7b",
        "station_id": "74b16e2c-87d7-4eea-9bcf-f178cc1f7f82",
        "component_id": "88afd3d1-6da3-496a-ac81-669a47256d34",
        "value": 29.3,
        "timestamp_measured": "2019-04-18T01:00:00+00:00",
        "import_log_id": "bbba1887-c9b8-4a7a-8349-62a21b59c736",
        "rating": 3,
        "status": "validated"
    },
    {
        "id": "eacdce6a-b1c8-467a-ba0c-eaee11a70f5f",
        "station_id": "74b16e2c-87d7-4eea-9bcf-f178cc1f7f82",
        "component_id": "88afd3d1-6da3-496a-ac81-669a47256d34",
        "value": 19.9,
        "timestamp_measured": "2019-04-18T02:00:00+00:00",
        "import_log_id": "bbba1887-c9b8-4a7a-8349-62a21b59c736",
        "rating": 2,
        "status": "validated"
    },
    {
        "id": "0b541fcd-5d97-489f-b2c5-aacd3b678b2a",
        "station_id": "74b16e2c-87d7-4eea-9bcf-f178cc1f7f82",
        "component_id": "88afd3d1-6da3-496a-ac81-669a47256d34",
        "value": 15.7,
        "timestamp_measured": "2019-04-18T03:00:00+00:00",
        "import_log_id": "bbba1887-c9b8-4a7a-8349-62a21b59c736",
        "rating": 2,
        "status": "validated"
    },
    {
        "id": "86bd5e58-9034-4143-b03e-d7d6e153b262",
        "station_id": "74b16e2c-87d7-4eea-9bcf-f178cc1f7f82",
        "component_id": "88afd3d1-6da3-496a-ac81-669a47256d34",
        "value": 23.2,
        "timestamp_measured": "2019-04-18T04:00:00+00:00",
        "import_log_id": "bbba1887-c9b8-4a7a-8349-62a21b59c736",
        "rating": 3,
        "status": "validated"
    },
    {
        "id": "7a3764b3-e852-4553-bad3-4ff1a91bba67",
        "station_id": "74b16e2c-87d7-4eea-9bcf-f178cc1f7f82",
        "component_id": "88afd3d1-6da3-496a-ac81-669a47256d34",
        "value": 40.3,
        "timestamp_measured": "2019-04-18T05:00:00+00:00",
        "import_log_id": "bbba1887-c9b8-4a7a-8349-62a21b59c736",
        "rating": 4,
        "status": "validated"
    },
    {
        "id": "f11fcec0-d254-4bd4-aa3f-fd1b1b31419f",
        "station_id": "74b16e2c-87d7-4eea-9bcf-f178cc1f7f82",
        "component_id": "88afd3d1-6da3-496a-ac81-669a47256d34",
        "value": 42.5,
        "timestamp_measured": "2019-04-18T06:00:00+00:00",
        "import_log_id": "bbba1887-c9b8-4a7a-8349-62a21b59c736",
        "rating": 4,
        "status": "validated"
    },
    {
        "id": "2e3d3f82-b6a0-4553-8b26-f8917b2fd926",
        "station_id": "74b16e2c-87d7-4eea-9bcf-f178cc1f7f82",
        "component_id": "88afd3d1-6da3-496a-ac81-669a47256d34",
        "value": 43.1,
        "timestamp_measured": "2019-04-18T07:00:00+00:00",
        "import_log_id": "bbba1887-c9b8-4a7a-8349-62a21b59c736",
        "rating": 4,
        "status": "validated"
    },
    {
        "id": "def58452-7d91-48a9-afff-1919e5392d5e",
        "station_id": "74b16e2c-87d7-4eea-9bcf-f178cc1f7f82",
        "component_id": "88afd3d1-6da3-496a-ac81-669a47256d34",
        "value": 46.4,
        "timestamp_measured": "2019-04-18T08:00:00+00:00",
        "import_log_id": "bbba1887-c9b8-4a7a-8349-62a21b59c736",
        "rating": 5,
        "status": "validated"
    },
    {
        "id": "45c73e50-5d1b-42ae-aac6-276d1e44c6c9",
        "station_id": "74b16e2c-87d7-4eea-9bcf-f178cc1f7f82",
        "component_id": "88afd3d1-6da3-496a-ac81-669a47256d34",
        "value": 43.9,
        "timestamp_measured": "2019-04-18T09:00:00+00:00",
        "import_log_id": "bbba1887-c9b8-4a7a-8349-62a21b59c736",
        "rating": 4,
        "status": "validated"
    },
    {
        "id": "3641603c-463b-4b4d-a2f5-e6ef07d3a059",
        "station_id": "74b16e2c-87d7-4eea-9bcf-f178cc1f7f82",
        "component_id": "88afd3d1-6da3-496a-ac81-669a47256d34",
        "value": 39.3,
        "timestamp_measured": "2019-04-18T10:00:00+00:00",
        "import_log_id": "bbba1887-c9b8-4a7a-8349-62a21b59c736",
        "rating": 4,
        "status": "validated"
    },
    {
        "id": "a0a9cd14-8292-4ab3-81cf-2618855c2775",
        "station_id": "74b16e2c-87d7-4eea-9bcf-f178cc1f7f82",
        "component_id": "88afd3d1-6da3-496a-ac81-669a47256d34",
        "value": 35.5,
        "timestamp_measured": "2019-04-18T11:00:00+00:00",
        "import_log_id": "bbba1887-c9b8-4a7a-8349-62a21b59c736",
        "rating": 4,
        "status": "validated"
    },
    {
        "id": "bfd6c725-e285-4a16-9ae9-b8bfee9df77b",
        "station_id": "74b16e2c-87d7-4eea-9bcf-f178cc1f7f82",
        "component_id": "88afd3d1-6da3-496a-ac81-669a47256d34",
        "value": 30.7,
        "timestamp_measured": "2019-04-18T12:00:00+00:00",
        "import_log_id": "bbba1887-c9b8-4a7a-8349-62a21b59c736",
        "rating": 4,
        "status": "validated"
    },
    {
        "id": "8161e956-2e1f-4743-a327-47ca6b60e1ac",
        "station_id": "74b16e2c-87d7-4eea-9bcf-f178cc1f7f82",
        "component_id": "88afd3d1-6da3-496a-ac81-669a47256d34",
        "value": 40.8,
        "timestamp_measured": "2019-04-18T13:00:00+00:00",
        "import_log_id": "bbba1887-c9b8-4a7a-8349-62a21b59c736",
        "rating": 4,
        "status": "validated"
    },
    {
        "id": "53e8e495-0c1e-4e98-bdea-579274d2332e",
        "station_id": "74b16e2c-87d7-4eea-9bcf-f178cc1f7f82",
        "component_id": "88afd3d1-6da3-496a-ac81-669a47256d34",
        "value": 35.3,
        "timestamp_measured": "2019-04-18T14:00:00+00:00",
        "import_log_id": "bbba1887-c9b8-4a7a-8349-62a21b59c736",
        "rating": 4,
        "status": "validated"
    },
    {
        "id": "91864ed8-4155-4f6d-a151-95a739f941f0",
        "station_id": "74b16e2c-87d7-4eea-9bcf-f178cc1f7f82",
        "component_id": "88afd3d1-6da3-496a-ac81-669a47256d34",
        "value": 39.5,
        "timestamp_measured": "2019-04-18T15:00:00+00:00",
        "import_log_id": "bbba1887-c9b8-4a7a-8349-62a21b59c736",
        "rating": 4,
        "status": "validated"
    },
    {
        "id": "b4a4da5c-8eb7-4185-a4a3-690cf97dd045",
        "station_id": "74b16e2c-87d7-4eea-9bcf-f178cc1f7f82",
        "component_id": "88afd3d1-6da3-496a-ac81-669a47256d34",
        "value": 28.7,
        "timestamp_measured": "2019-04-18T16:00:00+00:00",
        "import_log_id": "bbba1887-c9b8-4a7a-8349-62a21b59c736",
        "rating": 3,
        "status": "validated"
    },
    {
        "id": "7eee2cd2-bc52-4fd1-a85c-b78ca53c322e",
        "station_id": "74b16e2c-87d7-4eea-9bcf-f178cc1f7f82",
        "component_id": "88afd3d1-6da3-496a-ac81-669a47256d34",
        "value": 27.0,
        "timestamp_measured": "2019-04-18T17:00:00+00:00",
        "import_log_id": "bbba1887-c9b8-4a7a-8349-62a21b59c736",
        "rating": 3,
        "status": "validated"
    },
    {
        "id": "08eb1585-52dd-4c9b-a1aa-5d717e2deb60",
        "station_id": "74b16e2c-87d7-4eea-9bcf-f178cc1f7f82",
        "component_id": "88afd3d1-6da3-496a-ac81-669a47256d34",
        "value": 23.3,
        "timestamp_measured": "2019-04-18T18:00:00+00:00",
        "import_log_id": "bbba1887-c9b8-4a7a-8349-62a21b59c736",
        "rating": 3,
        "status": "validated"
    },
    {
        "id": "0fd26061-9ca9-4337-bec9-172414f4aa6b",
        "station_id": "74b16e2c-87d7-4eea-9bcf-f178cc1f7f82",
        "component_id": "88afd3d1-6da3-496a-ac81-669a47256d34",
        "value": 23.5,
        "timestamp_measured": "2019-04-18T19:00:00+00:00",
        "import_log_id": "bbba1887-c9b8-4a7a-8349-62a21b59c736",
        "rating": 3,
        "status": "validated"
    },
    {
        "id": "b6c61fe2-5729-4fca-8456-727cf086fa0c",
        "station_id": "74b16e2c-87d7-4eea-9bcf-f178cc1f7f82",
        "component_id": "88afd3d1-6da3-496a-ac81-669a47256d34",
        "value": 22.8,
        "timestamp_measured": "2019-04-18T20:00:00+00:00",
        "import_log_id": "bbba1887-c9b8-4a7a-8349-62a21b59c736",
        "rating": 3,
        "status": "validated"
    },
    {
        "id": "28cc13a2-f5b4-4c67-a599-9bed1cb8d494",
        "station_id": "74b16e2c-87d7-4eea-9bcf-f178cc1f7f82",
        "component_id": "88afd3d1-6da3-496a-ac81-669a47256d34",
        "value": 27.4,
        "timestamp_measured": "2019-04-18T21:00:00+00:00",
        "import_log_id": "bbba1887-c9b8-4a7a-8349-62a21b59c736",
        "rating": 3,
        "status": "validated"
    },
    {
        "id": "98cbb44f-0029-4867-8058-07767537469c",
        "station_id": "74b16e2c-87d7-4eea-9bcf-f178cc1f7f82",
        "component_id": "88afd3d1-6da3-496a-ac81-669a47256d34",
        "value": 26.2,
        "timestamp_measured": "2019-04-18T22:00:00+00:00",
        "import_log_id": "bbba1887-c9b8-4a7a-8349-62a21b59c736",
        "rating": 3,
        "status": "validated"
    },
    {
        "id": "7057cf54-0b33-4c5b-a7ab-fa8dce9ddb62",
        "station_id": "74b16e2c-87d7-4eea-9bcf-f178cc1f7f82",
        "component_id": "88afd3d1-6da3-496a-ac81-669a47256d34",
        "value": 22.8,
        "timestamp_measured": "2019-04-18T23:00:00+00:00",
        "import_log_id": "bbba1887-c9b8-4a7a-8349-62a21b59c736",
        "rating": 3,
        "status": "validated"
    },
    {
        "id": "d4fe9597-7eb6-4ae6-a68f-edac570398dd",
        "station_id": "74b16e2c-87d7-4eea-9bcf-f178cc1f7f82",
        "component_id": "88afd3d1-6da3-496a-ac81-669a47256d34",
        "value": 19.8,
        "timestamp_measured": "2019-04-19T00:00:00+00:00",
        "import_log_id": "bbba1887-c9b8-4a7a-8349-62a21b59c736",
        "rating": 2,
        "status": "validated"
    },
    {
        "id": "a333f1b9-18a7-4d46-acf3-28882d0c9ba0",
        "station_id": "74b16e2c-87d7-4eea-9bcf-f178cc1f7f82",
        "component_id": "88afd3d1-6da3-496a-ac81-669a47256d34",
        "value": 15.2,
        "timestamp_measured": "2019-04-19T01:00:00+00:00",
        "import_log_id": "bbba1887-c9b8-4a7a-8349-62a21b59c736",
        "rating": 2,
        "status": "validated"
    },
    {
        "id": "b6e91581-a75e-4054-b5b2-bf569a31f6d9",
        "station_id": "74b16e2c-87d7-4eea-9bcf-f178cc1f7f82",
        "component_id": "88afd3d1-6da3-496a-ac81-669a47256d34",
        "value": 15.9,
        "timestamp_measured": "2019-04-19T02:00:00+00:00",
        "import_log_id": "bbba1887-c9b8-4a7a-8349-62a21b59c736",
        "rating": 2,
        "status": "validated"
    },
    {
        "id": "bb2cd537-ba7a-4c49-8974-aeb019720da1",
        "station_id": "74b16e2c-87d7-4eea-9bcf-f178cc1f7f82",
        "component_id": "88afd3d1-6da3-496a-ac81-669a47256d34",
        "value": 17.1,
        "timestamp_measured": "2019-04-19T03:00:00+00:00",
        "import_log_id": "bbba1887-c9b8-4a7a-8349-62a21b59c736",
        "rating": 2,
        "status": "validated"
    },
    {
        "id": "faf4868f-016a-4e78-bdba-9067b86f670b",
        "station_id": "74b16e2c-87d7-4eea-9bcf-f178cc1f7f82",
        "component_id": "88afd3d1-6da3-496a-ac81-669a47256d34",
        "value": 15.0,
        "timestamp_measured": "2019-04-19T04:00:00+00:00",
        "import_log_id": "bbba1887-c9b8-4a7a-8349-62a21b59c736",
        "rating": 2,
        "status": "validated"
    },
    {
        "id": "72079134-e918-4c74-ba2b-37d87b6f6af1",
        "station_id": "74b16e2c-87d7-4eea-9bcf-f178cc1f7f82",
        "component_id": "88afd3d1-6da3-496a-ac81-669a47256d34",
        "value": 21.3,
        "timestamp_measured": "2019-04-19T05:00:00+00:00",
        "import_log_id": "bbba1887-c9b8-4a7a-8349-62a21b59c736",
        "rating": 3,
        "status": "validated"
    },
    {
        "id": "e5ca6ec4-d23d-453e-bfb4-76e552c94dbf",
        "station_id": "74b16e2c-87d7-4eea-9bcf-f178cc1f7f82",
        "component_id": "88afd3d1-6da3-496a-ac81-669a47256d34",
        "value": 29.5,
        "timestamp_measured": "2019-04-19T06:00:00+00:00",
        "import_log_id": "bbba1887-c9b8-4a7a-8349-62a21b59c736",
        "rating": 3,
        "status": "validated"
    },
    {
        "id": "90d2a649-8ffa-407c-a8fd-942b2d813217",
        "station_id": "74b16e2c-87d7-4eea-9bcf-f178cc1f7f82",
        "component_id": "88afd3d1-6da3-496a-ac81-669a47256d34",
        "value": 40.2,
        "timestamp_measured": "2019-04-19T07:00:00+00:00",
        "import_log_id": "bbba1887-c9b8-4a7a-8349-62a21b59c736",
        "rating": 4,
        "status": "validated"
    },
    {
        "id": "b5015ca1-e505-4cac-b0bc-729333d9d17a",
        "station_id": "74b16e2c-87d7-4eea-9bcf-f178cc1f7f82",
        "component_id": "88afd3d1-6da3-496a-ac81-669a47256d34",
        "value": 33.0,
        "timestamp_measured": "2019-04-19T08:00:00+00:00",
        "import_log_id": "bbba1887-c9b8-4a7a-8349-62a21b59c736",
        "rating": 4,
        "status": "validated"
    },
    {
        "id": "b56d732f-7816-4a7c-8b39-90670e91b551",
        "station_id": "74b16e2c-87d7-4eea-9bcf-f178cc1f7f82",
        "component_id": "88afd3d1-6da3-496a-ac81-669a47256d34",
        "value": 35.3,
        "timestamp_measured": "2019-04-19T09:00:00+00:00",
        "import_log_id": "bbba1887-c9b8-4a7a-8349-62a21b59c736",
        "rating": 4,
        "status": "validated"
    },
    {
        "id": "81443599-283d-4988-964e-352cf0f03444",
        "station_id": "74b16e2c-87d7-4eea-9bcf-f178cc1f7f82",
        "component_id": "88afd3d1-6da3-496a-ac81-669a47256d34",
        "value": 34.3,
        "timestamp_measured": "2019-04-19T10:00:00+00:00",
        "import_log_id": "bbba1887-c9b8-4a7a-8349-62a21b59c736",
        "rating": 4,
        "status": "validated"
    },
    {
        "id": "1d2f4999-dc41-4d8a-b3b2-09fb87681c21",
        "station_id": "74b16e2c-87d7-4eea-9bcf-f178cc1f7f82",
        "component_id": "88afd3d1-6da3-496a-ac81-669a47256d34",
        "value": 26.5,
        "timestamp_measured": "2019-04-19T11:00:00+00:00",
        "import_log_id": "bbba1887-c9b8-4a7a-8349-62a21b59c736",
        "rating": 3,
        "status": "validated"
    },
    {
        "id": "00e7f58b-0a1f-4363-8538-09d83bd2bcac",
        "station_id": "74b16e2c-87d7-4eea-9bcf-f178cc1f7f82",
        "component_id": "88afd3d1-6da3-496a-ac81-669a47256d34",
        "value": 21.5,
        "timestamp_measured": "2019-04-19T12:00:00+00:00",
        "import_log_id": "bbba1887-c9b8-4a7a-8349-62a21b59c736",
        "rating": 3,
        "status": "validated"
    },
    {
        "id": "43d1636b-6be2-4110-980b-bc5797e12cb3",
        "station_id": "74b16e2c-87d7-4eea-9bcf-f178cc1f7f82",
        "component_id": "88afd3d1-6da3-496a-ac81-669a47256d34",
        "value": 19.2,
        "timestamp_measured": "2019-04-19T13:00:00+00:00",
        "import_log_id": "bbba1887-c9b8-4a7a-8349-62a21b59c736",
        "rating": 2,
        "status": "validated"
    },
    {
        "id": "9e1b156f-4341-40f4-9875-3b1747489d4c",
        "station_id": "74b16e2c-87d7-4eea-9bcf-f178cc1f7f82",
        "component_id": "88afd3d1-6da3-496a-ac81-669a47256d34",
        "value": 17.9,
        "timestamp_measured": "2019-04-19T14:00:00+00:00",
        "import_log_id": "bbba1887-c9b8-4a7a-8349-62a21b59c736",
        "rating": 2,
        "status": "validated"
    },
    {
        "id": "c4f761d8-de70-4196-aae4-963f7ebe812d",
        "station_id": "74b16e2c-87d7-4eea-9bcf-f178cc1f7f82",
        "component_id": "88afd3d1-6da3-496a-ac81-669a47256d34",
        "value": 19.6,
        "timestamp_measured": "2019-04-19T15:00:00+00:00",
        "import_log_id": "bbba1887-c9b8-4a7a-8349-62a21b59c736",
        "rating": 2,
        "status": "validated"
    },
    {
        "id": "a3457d74-6470-44ef-9d15-fdfa2c4b9d61",
        "station_id": "74b16e2c-87d7-4eea-9bcf-f178cc1f7f82",
        "component_id": "88afd3d1-6da3-496a-ac81-669a47256d34",
        "value": 17.0,
        "timestamp_measured": "2019-04-19T16:00:00+00:00",
        "import_log_id": "bbba1887-c9b8-4a7a-8349-62a21b59c736",
        "rating": 2,
        "status": "validated"
    },
    {
        "id": "52cc584d-646e-4d67-87d0-b735edb53ef4",
        "station_id": "74b16e2c-87d7-4eea-9bcf-f178cc1f7f82",
        "component_id": "88afd3d1-6da3-496a-ac81-669a47256d34",
        "value": 21.2,
        "timestamp_measured": "2019-04-19T17:00:00+00:00",
        "import_log_id": "bbba1887-c9b8-4a7a-8349-62a21b59c736",
        "rating": 3,
        "status": "validated"
    },
    {
        "id": "0fbc5d93-892c-48d4-8b79-5a5f24065ac4",
        "station_id": "74b16e2c-87d7-4eea-9bcf-f178cc1f7f82",
        "component_id": "88afd3d1-6da3-496a-ac81-669a47256d34",
        "value": 26.9,
        "timestamp_measured": "2019-04-19T18:00:00+00:00",
        "import_log_id": "bbba1887-c9b8-4a7a-8349-62a21b59c736",
        "rating": 3,
        "status": "validated"
    },
    {
        "id": "639b0860-2d09-4c3d-821e-224df76f6dbf",
        "station_id": "74b16e2c-87d7-4eea-9bcf-f178cc1f7f82",
        "component_id": "88afd3d1-6da3-496a-ac81-669a47256d34",
        "value": 56.8,
        "timestamp_measured": "2019-04-19T19:00:00+00:00",
        "import_log_id": "bbba1887-c9b8-4a7a-8349-62a21b59c736",
        "rating": 5,
        "status": "validated"
    },
    {
        "id": "37bad15f-5059-486a-8902-cf6d84af0fd5",
        "station_id": "74b16e2c-87d7-4eea-9bcf-f178cc1f7f82",
        "component_id": "88afd3d1-6da3-496a-ac81-669a47256d34",
        "value": 46.9,
        "timestamp_measured": "2019-04-19T20:00:00+00:00",
        "import_log_id": "bbba1887-c9b8-4a7a-8349-62a21b59c736",
        "rating": 5,
        "status": "validated"
    },
    {
        "id": "670d5b0f-f394-46c1-a5c5-5f82f3014e9a",
        "station_id": "74b16e2c-87d7-4eea-9bcf-f178cc1f7f82",
        "component_id": "88afd3d1-6da3-496a-ac81-669a47256d34",
        "value": 45.3,
        "timestamp_measured": "2019-04-19T21:00:00+00:00",
        "import_log_id": "bbba1887-c9b8-4a7a-8349-62a21b59c736",
        "rating": 5,
        "status": "validated"
    },
    {
        "id": "c01a980f-6b6f-41b1-8baa-6114f0bd51ac",
        "station_id": "74b16e2c-87d7-4eea-9bcf-f178cc1f7f82",
        "component_id": "88afd3d1-6da3-496a-ac81-669a47256d34",
        "value": 42.2,
        "timestamp_measured": "2019-04-19T22:00:00+00:00",
        "import_log_id": "bbba1887-c9b8-4a7a-8349-62a21b59c736",
        "rating": 4,
        "status": "validated"
    },
    {
        "id": "a87e7cfa-2997-407a-93ba-527ab7e04015",
        "station_id": "74b16e2c-87d7-4eea-9bcf-f178cc1f7f82",
        "component_id": "88afd3d1-6da3-496a-ac81-669a47256d34",
        "value": 41.6,
        "timestamp_measured": "2019-04-19T23:00:00+00:00",
        "import_log_id": "bbba1887-c9b8-4a7a-8349-62a21b59c736",
        "rating": 4,
        "status": "validated"
    },
    {
        "id": "b2072a33-de6f-493d-a297-d49bb26fa549",
        "station_id": "74b16e2c-87d7-4eea-9bcf-f178cc1f7f82",
        "component_id": "88afd3d1-6da3-496a-ac81-669a47256d34",
        "value": 39.5,
        "timestamp_measured": "2019-04-20T00:00:00+00:00",
        "import_log_id": "bbba1887-c9b8-4a7a-8349-62a21b59c736",
        "rating": 4,
        "status": "validated"
    },
    {
        "id": "61e9ddd8-6892-48e7-8e7a-ad0fe30979e2",
        "station_id": "74b16e2c-87d7-4eea-9bcf-f178cc1f7f82",
        "component_id": "88afd3d1-6da3-496a-ac81-669a47256d34",
        "value": 26.9,
        "timestamp_measured": "2019-04-20T01:00:00+00:00",
        "import_log_id": "bbba1887-c9b8-4a7a-8349-62a21b59c736",
        "rating": 3,
        "status": "validated"
    },
    {
        "id": "0cc1b312-3596-47b0-a67c-3f50f19ce6b7",
        "station_id": "74b16e2c-87d7-4eea-9bcf-f178cc1f7f82",
        "component_id": "88afd3d1-6da3-496a-ac81-669a47256d34",
        "value": 25.0,
        "timestamp_measured": "2019-04-20T02:00:00+00:00",
        "import_log_id": "bbba1887-c9b8-4a7a-8349-62a21b59c736",
        "rating": 3,
        "status": "validated"
    },
    {
        "id": "abf8b290-5d88-42b2-9932-6571462eac46",
        "station_id": "74b16e2c-87d7-4eea-9bcf-f178cc1f7f82",
        "component_id": "88afd3d1-6da3-496a-ac81-669a47256d34",
        "value": 19.9,
        "timestamp_measured": "2019-04-20T03:00:00+00:00",
        "import_log_id": "bbba1887-c9b8-4a7a-8349-62a21b59c736",
        "rating": 2,
        "status": "validated"
    },
    {
        "id": "df203998-c790-4b1c-be9c-fcb2c2b6d3bf",
        "station_id": "74b16e2c-87d7-4eea-9bcf-f178cc1f7f82",
        "component_id": "88afd3d1-6da3-496a-ac81-669a47256d34",
        "value": 27.8,
        "timestamp_measured": "2019-04-20T04:00:00+00:00",
        "import_log_id": "bbba1887-c9b8-4a7a-8349-62a21b59c736",
        "rating": 3,
        "status": "validated"
    },
    {
        "id": "0272d51a-e6f4-45df-935d-3997efc78405",
        "station_id": "74b16e2c-87d7-4eea-9bcf-f178cc1f7f82",
        "component_id": "88afd3d1-6da3-496a-ac81-669a47256d34",
        "value": 51.1,
        "timestamp_measured": "2019-04-20T05:00:00+00:00",
        "import_log_id": "bbba1887-c9b8-4a7a-8349-62a21b59c736",
        "rating": 5,
        "status": "validated"
    },
    {
        "id": "cba8d523-6879-436b-a778-6d6e295d9df1",
        "station_id": "74b16e2c-87d7-4eea-9bcf-f178cc1f7f82",
        "component_id": "88afd3d1-6da3-496a-ac81-669a47256d34",
        "value": 41.0,
        "timestamp_measured": "2019-04-20T06:00:00+00:00",
        "import_log_id": "bbba1887-c9b8-4a7a-8349-62a21b59c736",
        "rating": 4,
        "status": "validated"
    },
    {
        "id": "8128b665-41cc-4811-8c9c-7f89d44b5dab",
        "station_id": "74b16e2c-87d7-4eea-9bcf-f178cc1f7f82",
        "component_id": "88afd3d1-6da3-496a-ac81-669a47256d34",
        "value": 25.0,
        "timestamp_measured": "2019-04-20T07:00:00+00:00",
        "import_log_id": "bbba1887-c9b8-4a7a-8349-62a21b59c736",
        "rating": 3,
        "status": "validated"
    },
    {
        "id": "b7518921-ac68-4300-8ea4-e04b4d5468f6",
        "station_id": "74b16e2c-87d7-4eea-9bcf-f178cc1f7f82",
        "component_id": "88afd3d1-6da3-496a-ac81-669a47256d34",
        "value": 30.2,
        "timestamp_measured": "2019-04-20T08:00:00+00:00",
        "import_log_id": "bbba1887-c9b8-4a7a-8349-62a21b59c736",
        "rating": 4,
        "status": "validated"
    },
    {
        "id": "5f7f0435-d5ee-44ed-9621-ca1c7797ef0a",
        "station_id": "74b16e2c-87d7-4eea-9bcf-f178cc1f7f82",
        "component_id": "88afd3d1-6da3-496a-ac81-669a47256d34",
        "value": 28.1,
        "timestamp_measured": "2019-04-20T09:00:00+00:00",
        "import_log_id": "bbba1887-c9b8-4a7a-8349-62a21b59c736",
        "rating": 3,
        "status": "validated"
    },
    {
        "id": "d8ddfa91-d247-4383-ad31-268563580d53",
        "station_id": "74b16e2c-87d7-4eea-9bcf-f178cc1f7f82",
        "component_id": "88afd3d1-6da3-496a-ac81-669a47256d34",
        "value": 29.8,
        "timestamp_measured": "2019-04-20T10:00:00+00:00",
        "import_log_id": "bbba1887-c9b8-4a7a-8349-62a21b59c736",
        "rating": 3,
        "status": "validated"
    },
    {
        "id": "eefca8ba-1656-4d20-b7b8-a4a3f0eb87ab",
        "station_id": "74b16e2c-87d7-4eea-9bcf-f178cc1f7f82",
        "component_id": "88afd3d1-6da3-496a-ac81-669a47256d34",
        "value": 20.1,
        "timestamp_measured": "2019-04-20T11:00:00+00:00",
        "import_log_id": "bbba1887-c9b8-4a7a-8349-62a21b59c736",
        "rating": 3,
        "status": "validated"
    },
    {
        "id": "0590a1d5-5059-42d1-ad03-51f2d6be11ce",
        "station_id": "74b16e2c-87d7-4eea-9bcf-f178cc1f7f82",
        "component_id": "88afd3d1-6da3-496a-ac81-669a47256d34",
        "value": 15.4,
        "timestamp_measured": "2019-04-20T12:00:00+00:00",
        "import_log_id": "bbba1887-c9b8-4a7a-8349-62a21b59c736",
        "rating": 2,
        "status": "validated"
    },
    {
        "id": "6b1cd00d-de60-465d-aabd-fbdc86bd78a9",
        "station_id": "74b16e2c-87d7-4eea-9bcf-f178cc1f7f82",
        "component_id": "88afd3d1-6da3-496a-ac81-669a47256d34",
        "value": 13.6,
        "timestamp_measured": "2019-04-20T13:00:00+00:00",
        "import_log_id": "bbba1887-c9b8-4a7a-8349-62a21b59c736",
        "rating": 2,
        "status": "validated"
    },
    {
        "id": "84de9708-6646-4d1e-abad-ab017c6f4727",
        "station_id": "74b16e2c-87d7-4eea-9bcf-f178cc1f7f82",
        "component_id": "88afd3d1-6da3-496a-ac81-669a47256d34",
        "value": 14.1,
        "timestamp_measured": "2019-04-20T14:00:00+00:00",
        "import_log_id": "bbba1887-c9b8-4a7a-8349-62a21b59c736",
        "rating": 2,
        "status": "validated"
    },
    {
        "id": "9d64d446-b63e-4f2b-9430-c437b330c0e9",
        "station_id": "74b16e2c-87d7-4eea-9bcf-f178cc1f7f82",
        "component_id": "88afd3d1-6da3-496a-ac81-669a47256d34",
        "value": 13.0,
        "timestamp_measured": "2019-04-20T15:00:00+00:00",
        "import_log_id": "bbba1887-c9b8-4a7a-8349-62a21b59c736",
        "rating": 2,
        "status": "validated"
    },
    {
        "id": "85b40c79-8b60-46cc-a59c-9bc702015d72",
        "station_id": "74b16e2c-87d7-4eea-9bcf-f178cc1f7f82",
        "component_id": "88afd3d1-6da3-496a-ac81-669a47256d34",
        "value": 14.9,
        "timestamp_measured": "2019-04-20T16:00:00+00:00",
        "import_log_id": "bbba1887-c9b8-4a7a-8349-62a21b59c736",
        "rating": 2,
        "status": "validated"
    },
    {
        "id": "4e3508ea-5385-4382-9110-2c40148db420",
        "station_id": "74b16e2c-87d7-4eea-9bcf-f178cc1f7f82",
        "component_id": "88afd3d1-6da3-496a-ac81-669a47256d34",
        "value": 17.9,
        "timestamp_measured": "2019-04-20T17:00:00+00:00",
        "import_log_id": "bbba1887-c9b8-4a7a-8349-62a21b59c736",
        "rating": 2,
        "status": "validated"
    },
    {
        "id": "3265d859-e720-45cb-aaf0-37155c47cda8",
        "station_id": "74b16e2c-87d7-4eea-9bcf-f178cc1f7f82",
        "component_id": "88afd3d1-6da3-496a-ac81-669a47256d34",
        "value": 16.4,
        "timestamp_measured": "2019-04-20T18:00:00+00:00",
        "import_log_id": "bbba1887-c9b8-4a7a-8349-62a21b59c736",
        "rating": 2,
        "status": "validated"
    },
    {
        "id": "44126314-cc6e-4e2a-9f0b-ba08dbf7ef1e",
        "station_id": "74b16e2c-87d7-4eea-9bcf-f178cc1f7f82",
        "component_id": "88afd3d1-6da3-496a-ac81-669a47256d34",
        "value": 12.1,
        "timestamp_measured": "2019-04-20T19:00:00+00:00",
        "import_log_id": "bbba1887-c9b8-4a7a-8349-62a21b59c736",
        "rating": 2,
        "status": "validated"
    },
    {
        "id": "20dc37c6-37f3-4138-b5ac-3369fd51ed77",
        "station_id": "74b16e2c-87d7-4eea-9bcf-f178cc1f7f82",
        "component_id": "88afd3d1-6da3-496a-ac81-669a47256d34",
        "value": 15.1,
        "timestamp_measured": "2019-04-20T20:00:00+00:00",
        "import_log_id": "bbba1887-c9b8-4a7a-8349-62a21b59c736",
        "rating": 2,
        "status": "validated"
    },
    {
        "id": "77cba91e-aead-4500-8fb5-23eae1bc1c57",
        "station_id": "74b16e2c-87d7-4eea-9bcf-f178cc1f7f82",
        "component_id": "88afd3d1-6da3-496a-ac81-669a47256d34",
        "value": 16.3,
        "timestamp_measured": "2019-04-20T21:00:00+00:00",
        "import_log_id": "bbba1887-c9b8-4a7a-8349-62a21b59c736",
        "rating": 2,
        "status": "validated"
    },
    {
        "id": "397546fd-a33a-4870-87fb-223a224137a2",
        "station_id": "74b16e2c-87d7-4eea-9bcf-f178cc1f7f82",
        "component_id": "88afd3d1-6da3-496a-ac81-669a47256d34",
        "value": 32.9,
        "timestamp_measured": "2019-04-20T22:00:00+00:00",
        "import_log_id": "bbba1887-c9b8-4a7a-8349-62a21b59c736",
        "rating": 4,
        "status": "validated"
    },
    {
        "id": "1d5b67ea-1abe-4e55-ba70-ed708dccea70",
        "station_id": "74b16e2c-87d7-4eea-9bcf-f178cc1f7f82",
        "component_id": "88afd3d1-6da3-496a-ac81-669a47256d34",
        "value": 30.7,
        "timestamp_measured": "2019-04-20T23:00:00+00:00",
        "import_log_id": "bbba1887-c9b8-4a7a-8349-62a21b59c736",
        "rating": 4,
        "status": "validated"
    },
    {
        "id": "8b661243-8d9d-4348-bffa-5c778cdf9cc2",
        "station_id": "74b16e2c-87d7-4eea-9bcf-f178cc1f7f82",
        "component_id": "88afd3d1-6da3-496a-ac81-669a47256d34",
        "value": 38.1,
        "timestamp_measured": "2019-04-21T00:00:00+00:00",
        "import_log_id": "bbba1887-c9b8-4a7a-8349-62a21b59c736",
        "rating": 4,
        "status": "validated"
    },
    {
        "id": "472ee9d8-a578-49cb-a359-b6d71306ecc1",
        "station_id": "74b16e2c-87d7-4eea-9bcf-f178cc1f7f82",
        "component_id": "88afd3d1-6da3-496a-ac81-669a47256d34",
        "value": 44.6,
        "timestamp_measured": "2019-04-21T01:00:00+00:00",
        "import_log_id": "bbba1887-c9b8-4a7a-8349-62a21b59c736",
        "rating": 4,
        "status": "validated"
    },
    {
        "id": "15247e25-9d77-4ae5-a9a6-b29eb430161e",
        "station_id": "74b16e2c-87d7-4eea-9bcf-f178cc1f7f82",
        "component_id": "88afd3d1-6da3-496a-ac81-669a47256d34",
        "value": 28.8,
        "timestamp_measured": "2019-04-21T02:00:00+00:00",
        "import_log_id": "bbba1887-c9b8-4a7a-8349-62a21b59c736",
        "rating": 3,
        "status": "validated"
    },
    {
        "id": "ef530240-2184-4970-90e7-be34f7c17f75",
        "station_id": "74b16e2c-87d7-4eea-9bcf-f178cc1f7f82",
        "component_id": "88afd3d1-6da3-496a-ac81-669a47256d34",
        "value": 33.4,
        "timestamp_measured": "2019-04-21T03:00:00+00:00",
        "import_log_id": "bbba1887-c9b8-4a7a-8349-62a21b59c736",
        "rating": 4,
        "status": "validated"
    },
    {
        "id": "7107d6a8-4648-4dd1-86c2-4028bbf4b0c9",
        "station_id": "74b16e2c-87d7-4eea-9bcf-f178cc1f7f82",
        "component_id": "88afd3d1-6da3-496a-ac81-669a47256d34",
        "value": 42.0,
        "timestamp_measured": "2019-04-21T04:00:00+00:00",
        "import_log_id": "bbba1887-c9b8-4a7a-8349-62a21b59c736",
        "rating": 4,
        "status": "validated"
    },
    {
        "id": "00b10397-ed78-4861-a938-011be140f1d8",
        "station_id": "74b16e2c-87d7-4eea-9bcf-f178cc1f7f82",
        "component_id": "88afd3d1-6da3-496a-ac81-669a47256d34",
        "value": 36.4,
        "timestamp_measured": "2019-04-21T05:00:00+00:00",
        "import_log_id": "bbba1887-c9b8-4a7a-8349-62a21b59c736",
        "rating": 4,
        "status": "validated"
    },
    {
        "id": "aebe1469-b866-4012-9d38-2a9533b1b50f",
        "station_id": "74b16e2c-87d7-4eea-9bcf-f178cc1f7f82",
        "component_id": "88afd3d1-6da3-496a-ac81-669a47256d34",
        "value": 35.8,
        "timestamp_measured": "2019-04-21T06:00:00+00:00",
        "import_log_id": "bbba1887-c9b8-4a7a-8349-62a21b59c736",
        "rating": 4,
        "status": "validated"
    },
    {
        "id": "cc6408b6-3d29-49b1-bccb-5eea9ac75ebc",
        "station_id": "74b16e2c-87d7-4eea-9bcf-f178cc1f7f82",
        "component_id": "88afd3d1-6da3-496a-ac81-669a47256d34",
        "value": 24.8,
        "timestamp_measured": "2019-04-21T07:00:00+00:00",
        "import_log_id": "bbba1887-c9b8-4a7a-8349-62a21b59c736",
        "rating": 3,
        "status": "validated"
    },
    {
        "id": "cd943aa6-9d2a-434b-ad8a-d02d960b4daf",
        "station_id": "74b16e2c-87d7-4eea-9bcf-f178cc1f7f82",
        "component_id": "88afd3d1-6da3-496a-ac81-669a47256d34",
        "value": 24.8,
        "timestamp_measured": "2019-04-21T08:00:00+00:00",
        "import_log_id": "bbba1887-c9b8-4a7a-8349-62a21b59c736",
        "rating": 3,
        "status": "validated"
    },
    {
        "id": "6c8fe257-4ef0-4070-8899-885f820fa702",
        "station_id": "74b16e2c-87d7-4eea-9bcf-f178cc1f7f82",
        "component_id": "88afd3d1-6da3-496a-ac81-669a47256d34",
        "value": 24.2,
        "timestamp_measured": "2019-04-21T09:00:00+00:00",
        "import_log_id": "bbba1887-c9b8-4a7a-8349-62a21b59c736",
        "rating": 3,
        "status": "validated"
    },
    {
        "id": "88c995ad-2ed3-4ce0-ae3b-f6079fb92686",
        "station_id": "74b16e2c-87d7-4eea-9bcf-f178cc1f7f82",
        "component_id": "88afd3d1-6da3-496a-ac81-669a47256d34",
        "value": 22.9,
        "timestamp_measured": "2019-04-21T10:00:00+00:00",
        "import_log_id": "bbba1887-c9b8-4a7a-8349-62a21b59c736",
        "rating": 3,
        "status": "validated"
    },
    {
        "id": "4ace19bb-dc09-403d-a3ba-ecb151665907",
        "station_id": "74b16e2c-87d7-4eea-9bcf-f178cc1f7f82",
        "component_id": "88afd3d1-6da3-496a-ac81-669a47256d34",
        "value": 20.4,
        "timestamp_measured": "2019-04-21T11:00:00+00:00",
        "import_log_id": "bbba1887-c9b8-4a7a-8349-62a21b59c736",
        "rating": 3,
        "status": "validated"
    },
    {
        "id": "a1a7e525-3007-4f16-a05a-c420be8cfd7d",
        "station_id": "74b16e2c-87d7-4eea-9bcf-f178cc1f7f82",
        "component_id": "88afd3d1-6da3-496a-ac81-669a47256d34",
        "value": 17.5,
        "timestamp_measured": "2019-04-21T12:00:00+00:00",
        "import_log_id": "bbba1887-c9b8-4a7a-8349-62a21b59c736",
        "rating": 2,
        "status": "validated"
    },
    {
        "id": "8bc71171-6137-4925-83d8-bb68b8bd2c51",
        "station_id": "74b16e2c-87d7-4eea-9bcf-f178cc1f7f82",
        "component_id": "88afd3d1-6da3-496a-ac81-669a47256d34",
        "value": 15.9,
        "timestamp_measured": "2019-04-21T13:00:00+00:00",
        "import_log_id": "bbba1887-c9b8-4a7a-8349-62a21b59c736",
        "rating": 2,
        "status": "validated"
    },
    {
        "id": "80e7db03-6ef2-4c25-9dd3-3c74a67e0008",
        "station_id": "74b16e2c-87d7-4eea-9bcf-f178cc1f7f82",
        "component_id": "88afd3d1-6da3-496a-ac81-669a47256d34",
        "value": 15.1,
        "timestamp_measured": "2019-04-21T14:00:00+00:00",
        "import_log_id": "bbba1887-c9b8-4a7a-8349-62a21b59c736",
        "rating": 2,
        "status": "validated"
    },
    {
        "id": "cfcc04da-5713-4e52-a954-85ec90b128b0",
        "station_id": "74b16e2c-87d7-4eea-9bcf-f178cc1f7f82",
        "component_id": "88afd3d1-6da3-496a-ac81-669a47256d34",
        "value": 14.3,
        "timestamp_measured": "2019-04-21T15:00:00+00:00",
        "import_log_id": "bbba1887-c9b8-4a7a-8349-62a21b59c736",
        "rating": 2,
        "status": "validated"
    },
    {
        "id": "c673d4eb-425b-469e-87a4-fad3933412d0",
        "station_id": "74b16e2c-87d7-4eea-9bcf-f178cc1f7f82",
        "component_id": "88afd3d1-6da3-496a-ac81-669a47256d34",
        "value": 13.6,
        "timestamp_measured": "2019-04-21T16:00:00+00:00",
        "import_log_id": "bbba1887-c9b8-4a7a-8349-62a21b59c736",
        "rating": 2,
        "status": "validated"
    },
    {
        "id": "9a398833-a969-4f76-81ce-8e73c878345b",
        "station_id": "74b16e2c-87d7-4eea-9bcf-f178cc1f7f82",
        "component_id": "88afd3d1-6da3-496a-ac81-669a47256d34",
        "value": 12.9,
        "timestamp_measured": "2019-04-21T17:00:00+00:00",
        "import_log_id": "bbba1887-c9b8-4a7a-8349-62a21b59c736",
        "rating": 2,
        "status": "validated"
    },
    {
        "id": "b8f3059f-c020-4dd2-8b07-3583327add34",
        "station_id": "74b16e2c-87d7-4eea-9bcf-f178cc1f7f82",
        "component_id": "88afd3d1-6da3-496a-ac81-669a47256d34",
        "value": 17.3,
        "timestamp_measured": "2019-04-21T18:00:00+00:00",
        "import_log_id": "bbba1887-c9b8-4a7a-8349-62a21b59c736",
        "rating": 2,
        "status": "validated"
    },
    {
        "id": "22487b68-f4e8-4e3c-b433-994fd9683a38",
        "station_id": "74b16e2c-87d7-4eea-9bcf-f178cc1f7f82",
        "component_id": "88afd3d1-6da3-496a-ac81-669a47256d34",
        "value": 56.4,
        "timestamp_measured": "2019-04-21T19:00:00+00:00",
        "import_log_id": "bbba1887-c9b8-4a7a-8349-62a21b59c736",
        "rating": 5,
        "status": "validated"
    },
    {
        "id": "1f5e0f10-9503-433d-835e-f0e272772c86",
        "station_id": "74b16e2c-87d7-4eea-9bcf-f178cc1f7f82",
        "component_id": "88afd3d1-6da3-496a-ac81-669a47256d34",
        "value": 37.5,
        "timestamp_measured": "2019-04-21T20:00:00+00:00",
        "import_log_id": "bbba1887-c9b8-4a7a-8349-62a21b59c736",
        "rating": 4,
        "status": "validated"
    },
    {
        "id": "ff4f9038-515b-448a-939a-b4ab486d48ad",
        "station_id": "74b16e2c-87d7-4eea-9bcf-f178cc1f7f82",
        "component_id": "88afd3d1-6da3-496a-ac81-669a47256d34",
        "value": 37.2,
        "timestamp_measured": "2019-04-21T21:00:00+00:00",
        "import_log_id": "bbba1887-c9b8-4a7a-8349-62a21b59c736",
        "rating": 4,
        "status": "validated"
    },
    {
        "id": "6a455dd7-0a32-4e88-825c-557a5d6deae4",
        "station_id": "74b16e2c-87d7-4eea-9bcf-f178cc1f7f82",
        "component_id": "88afd3d1-6da3-496a-ac81-669a47256d34",
        "value": -999.0,
        "timestamp_measured": "2019-04-21T22:00:00+00:00",
        "import_log_id": "bbba1887-c9b8-4a7a-8349-62a21b59c736",
        "rating": -999,
        "status": "unvalidated"
    }
]