[
    {
        "id": "e2319131-2e2e-428a-8c46-40c4754353e0",
        "station_id": "999d00d8-1e11-4f23-8b12-84c90e3b0fb1",
        "component_id": "88afd3d1-6da3-496a-ac81-669a47256d34",
        "value": 25.04,
        "timestamp_measured": "2019-04-21T22:00:00+00:00",
        "import_log_id": "c815e638-3746-4abf-891c-28d5f7248009",
        "rating": 3,
        "status": "validated"
    },
    {
        "id": "8745e7c8-a72d-4f01-ac0b-93b4ad6d50a7",
        "station_id": "999d00d8-1e11-4f23-8b12-84c90e3b0fb1",
        "component_id": "88afd3d1-6da3-496a-ac81-669a47256d34",
        "value": 24.97,
        "timestamp_measured": "2019-04-21T23:00:00+00:00",
        "import_log_id": "c815e638-3746-4abf-891c-28d5f7248009",
        "rating": 3,
        "status": "validated"
    },
    {
        "id": "f41da58d-7b2f-4a5d-8c9f-4fcda1d883d5",
        "station_id": "999d00d8-1e11-4f23-8b12-84c90e3b0fb1",
        "component_id": "88afd3d1-6da3-496a-ac81-669a47256d34",
        "value": 26.8,
        "timestamp_measured": "2019-04-22T00:00:00+00:00",
        "import_log_id": "c815e638-3746-4abf-891c-28d5f7248009",
        "rating": 3,
        "status": "validated"
    },
    {
        "id": "2f07403c-4c19-42eb-a411-3039f73014fd",
        "station_id": "999d00d8-1e11-4f23-8b12-84c90e3b0fb1",
        "component_id": "88afd3d1-6da3-496a-ac81-669a47256d34",
        "value": 30.25,
        "timestamp_measured": "2019-04-22T01:00:00+00:00",
        "import_log_id": "c815e638-3746-4abf-891c-28d5f7248009",
        "rating": 4,
        "status": "validated"
    },
    {
        "id": "d78497c4-1b62-4e32-9e0c-5428d82526a6",
        "station_id": "999d00d8-1e11-4f23-8b12-84c90e3b0fb1",
        "component_id": "88afd3d1-6da3-496a-ac81-669a47256d34",
        "value": 31.01,
        "timestamp_measured": "2019-04-22T02:00:00+00:00",
        "import_log_id": "c815e638-3746-4abf-891c-28d5f7248009",
        "rating": 4,
        "status": "validated"
    },
    {
        "id": "c35fff16-9fac-4a19-9e56-ecad9060aa19",
        "station_id": "999d00d8-1e11-4f23-8b12-84c90e3b0fb1",
        "component_id": "88afd3d1-6da3-496a-ac81-669a47256d34",
        "value": 28.82,
        "timestamp_measured": "2019-04-22T03:00:00+00:00",
        "import_log_id": "c815e638-3746-4abf-891c-28d5f7248009",
        "rating": 3,
        "status": "validated"
    },
    {
        "id": "64b250f0-683e-4bbf-a64e-e7cb740ea15a",
        "station_id": "999d00d8-1e11-4f23-8b12-84c90e3b0fb1",
        "component_id": "88afd3d1-6da3-496a-ac81-669a47256d34",
        "value": 29.92,
        "timestamp_measured": "2019-04-22T04:00:00+00:00",
        "import_log_id": "c815e638-3746-4abf-891c-28d5f7248009",
        "rating": 3,
        "status": "validated"
    },
    {
        "id": "eef2ae68-28cc-4af9-9b17-b628bf214101",
        "station_id": "999d00d8-1e11-4f23-8b12-84c90e3b0fb1",
        "component_id": "88afd3d1-6da3-496a-ac81-669a47256d34",
        "value": 25.72,
        "timestamp_measured": "2019-04-22T05:00:00+00:00",
        "import_log_id": "c815e638-3746-4abf-891c-28d5f7248009",
        "rating": 3,
        "status": "validated"
    },
    {
        "id": "c0a7d750-44c3-4152-bbb6-bed317eb78a0",
        "station_id": "999d00d8-1e11-4f23-8b12-84c90e3b0fb1",
        "component_id": "88afd3d1-6da3-496a-ac81-669a47256d34",
        "value": 29.49,
        "timestamp_measured": "2019-04-22T06:00:00+00:00",
        "import_log_id": "c815e638-3746-4abf-891c-28d5f7248009",
        "rating": 3,
        "status": "validated"
    },
    {
        "id": "4df54365-d61e-4ac0-9b2e-2e9b6e16abb3",
        "station_id": "999d00d8-1e11-4f23-8b12-84c90e3b0fb1",
        "component_id": "88afd3d1-6da3-496a-ac81-669a47256d34",
        "value": 25.89,
        "timestamp_measured": "2019-04-22T07:00:00+00:00",
        "import_log_id": "c815e638-3746-4abf-891c-28d5f7248009",
        "rating": 3,
        "status": "validated"
    },
    {
        "id": "48e668ef-3c3e-4656-8f1a-1ec8ba70740f",
        "station_id": "999d00d8-1e11-4f23-8b12-84c90e3b0fb1",
        "component_id": "88afd3d1-6da3-496a-ac81-669a47256d34",
        "value": 21.06,
        "timestamp_measured": "2019-04-22T08:00:00+00:00",
        "import_log_id": "c815e638-3746-4abf-891c-28d5f7248009",
        "rating": 3,
        "status": "validated"
    },
    {
        "id": "6a506c25-3ee1-446c-9e79-3d25404c90a7",
        "station_id": "999d00d8-1e11-4f23-8b12-84c90e3b0fb1",
        "component_id": "88afd3d1-6da3-496a-ac81-669a47256d34",
        "value": 15.24,
        "timestamp_measured": "2019-04-22T09:00:00+00:00",
        "import_log_id": "c815e638-3746-4abf-891c-28d5f7248009",
        "rating": 2,
        "status": "validated"
    },
    {
        "id": "3bf3015d-e00a-426d-9314-74150545ec34",
        "station_id": "999d00d8-1e11-4f23-8b12-84c90e3b0fb1",
        "component_id": "88afd3d1-6da3-496a-ac81-669a47256d34",
        "value": 11.33,
        "timestamp_measured": "2019-04-22T10:00:00+00:00",
        "import_log_id": "c815e638-3746-4abf-891c-28d5f7248009",
        "rating": 2,
        "status": "validated"
    },
    {
        "id": "3886ab80-b59a-4d6e-a1f1-c88c6a98b9a1",
        "station_id": "999d00d8-1e11-4f23-8b12-84c90e3b0fb1",
        "component_id": "88afd3d1-6da3-496a-ac81-669a47256d34",
        "value": 7.35,
        "timestamp_measured": "2019-04-22T11:00:00+00:00",
        "import_log_id": "c815e638-3746-4abf-891c-28d5f7248009",
        "rating": 1,
        "status": "validated"
    },
    {
        "id": "1f8b5390-11e5-4203-a542-507875cba8e2",
        "station_id": "999d00d8-1e11-4f23-8b12-84c90e3b0fb1",
        "component_id": "88afd3d1-6da3-496a-ac81-669a47256d34",
        "value": 7.18,
        "timestamp_measured": "2019-04-22T12:00:00+00:00",
        "import_log_id": "c815e638-3746-4abf-891c-28d5f7248009",
        "rating": 1,
        "status": "validated"
    },
    {
        "id": "00cb2528-66dc-47b7-b720-8fc63504577a",
        "station_id": "999d00d8-1e11-4f23-8b12-84c90e3b0fb1",
        "component_id": "88afd3d1-6da3-496a-ac81-669a47256d34",
        "value": 6.07,
        "timestamp_measured": "2019-04-22T13:00:00+00:00",
        "import_log_id": "c815e638-3746-4abf-891c-28d5f7248009",
        "rating": 1,
        "status": "validated"
    },
    {
        "id": "bc09d7cb-71eb-48b5-84f8-6e5c5186522a",
        "station_id": "999d00d8-1e11-4f23-8b12-84c90e3b0fb1",
        "component_id": "88afd3d1-6da3-496a-ac81-669a47256d34",
        "value": 7.19,
        "timestamp_measured": "2019-04-22T14:00:00+00:00",
        "import_log_id": "c815e638-3746-4abf-891c-28d5f7248009",
        "rating": 1,
        "status": "validated"
    },
    {
        "id": "9fe616ca-380b-43d8-9bce-e1d1e6f8c9c3",
        "station_id": "999d00d8-1e11-4f23-8b12-84c90e3b0fb1",
        "component_id": "88afd3d1-6da3-496a-ac81-669a47256d34",
        "value": 6.84,
        "timestamp_measured": "2019-04-22T15:00:00+00:00",
        "import_log_id": "c815e638-3746-4abf-891c-28d5f7248009",
        "rating": 1,
        "status": "validated"
    },
    {
        "id": "ee589ca9-641e-433d-8f37-b56d6566c9a6",
        "station_id": "999d00d8-1e11-4f23-8b12-84c90e3b0fb1",
        "component_id": "88afd3d1-6da3-496a-ac81-669a47256d34",
        "value": 9.03,
        "timestamp_measured": "2019-04-22T16:00:00+00:00",
        "import_log_id": "c815e638-3746-4abf-891c-28d5f7248009",
        "rating": 1,
        "status": "validated"
    },
    {
        "id": "73cda6c7-fd9a-4aac-9a58-f045c365578e",
        "station_id": "999d00d8-1e11-4f23-8b12-84c90e3b0fb1",
        "component_id": "88afd3d1-6da3-496a-ac81-669a47256d34",
        "value": 11.51,
        "timestamp_measured": "2019-04-22T17:00:00+00:00",
        "import_log_id": "c815e638-3746-4abf-891c-28d5f7248009",
        "rating": 2,
        "status": "validated"
    },
    {
        "id": "4fc3eac9-523a-4ed7-97fb-d8a5ce5bc6fd",
        "station_id": "999d00d8-1e11-4f23-8b12-84c90e3b0fb1",
        "component_id": "88afd3d1-6da3-496a-ac81-669a47256d34",
        "value": 13.57,
        "timestamp_measured": "2019-04-22T18:00:00+00:00",
        "import_log_id": "c815e638-3746-4abf-891c-28d5f7248009",
        "rating": 2,
        "status": "validated"
    },
    {
        "id": "793941eb-1e79-4f91-8ca3-5e61bbc6aad0",
        "station_id": "999d00d8-1e11-4f23-8b12-84c90e3b0fb1",
        "component_id": "88afd3d1-6da3-496a-ac81-669a47256d34",
        "value": 15.85,
        "timestamp_measured": "2019-04-22T19:00:00+00:00",
        "import_log_id": "c815e638-3746-4abf-891c-28d5f7248009",
        "rating": 2,
        "status": "validated"
    },
    {
        "id": "5ee23a78-932d-4b91-a398-bd8e2282e9dd",
        "station_id": "999d00d8-1e11-4f23-8b12-84c90e3b0fb1",
        "component_id": "88afd3d1-6da3-496a-ac81-669a47256d34",
        "value": 17.89,
        "timestamp_measured": "2019-04-22T20:00:00+00:00",
        "import_log_id": "c815e638-3746-4abf-891c-28d5f7248009",
        "rating": 2,
        "status": "validated"
    },
    {
        "id": "29910b98-1707-4341-bb6c-8eb9c26563f9",
        "station_id": "999d00d8-1e11-4f23-8b12-84c90e3b0fb1",
        "component_id": "88afd3d1-6da3-496a-ac81-669a47256d34",
        "value": 16.46,
        "timestamp_measured": "2019-04-22T21:00:00+00:00",
        "import_log_id": "c815e638-3746-4abf-891c-28d5f7248009",
        "rating": 2,
        "status": "validated"
    },
    {
        "id": "ea41e0e8-dce0-4bf7-a816-4bdf0cbaa9a0",
        "station_id": "999d00d8-1e11-4f23-8b12-84c90e3b0fb1",
        "component_id": "88afd3d1-6da3-496a-ac81-669a47256d34",
        "value": 16.56,
        "timestamp_measured": "2019-04-22T22:00:00+00:00",
        "import_log_id": "c815e638-3746-4abf-891c-28d5f7248009",
        "rating": 2,
        "status": "validated"
    },
    {
        "id": "d3e9f6bd-d90a-4512-b0bc-76ff242792c0",
        "station_id": "999d00d8-1e11-4f23-8b12-84c90e3b0fb1",
        "component_id": "88afd3d1-6da3-496a-ac81-669a47256d34",
        "value": 17.89,
        "timestamp_measured": "2019-04-22T23:00:00+00:00",
        "import_log_id": "c815e638-3746-4abf-891c-28d5f7248009",
        "rating": 2,
        "status": "validated"
    },
    {
        "id": "af579df8-0627-4087-b912-3a59f4e74394",
        "station_id": "999d00d8-1e11-4f23-8b12-84c90e3b0fb1",
        "component_id": "88afd3d1-6da3-496a-ac81-669a47256d34",
        "value": 17.09,
        "timestamp_measured": "2019-04-23T00:00:00+00:00",
        "import_log_id": "c815e638-3746-4abf-891c-28d5f7248009",
        "rating": 2,
        "status": "validated"
    },
    {
        "id": "2cafdbcc-e701-4b8c-b767-406c7f6633d4",
        "station_id": "999d00d8-1e11-4f23-8b12-84c90e3b0fb1",
        "component_id": "88afd3d1-6da3-496a-ac81-669a47256d34",
        "value": 14.89,
        "timestamp_measured": "2019-04-23T01:00:00+00:00",
        "import_log_id": "c815e638-3746-4abf-891c-28d5f7248009",
        "rating": 2,
        "status": "validated"
    },
    {
        "id": "b8b6007c-a0d8-40fa-8c8d-e4e6cce4d8fe",
        "station_id": "999d00d8-1e11-4f23-8b12-84c90e3b0fb1",
        "component_id": "88afd3d1-6da3-496a-ac81-669a47256d34",
        "value": 14.83,
        "timestamp_measured": "2019-04-23T02:00:00+00:00",
        "import_log_id": "c815e638-3746-4abf-891c-28d5f7248009",
        "rating": 2,
        "status": "validated"
    },
    {
        "id": "8450138b-de8a-4aa4-889c-b7f3d922e413",
        "station_id": "999d00d8-1e11-4f23-8b12-84c90e3b0fb1",
        "component_id": "88afd3d1-6da3-496a-ac81-669a47256d34",
        "value": 13.93,
        "timestamp_measured": "2019-04-23T03:00:00+00:00",
        "import_log_id": "c815e638-3746-4abf-891c-28d5f7248009",
        "rating": 2,
        "status": "validated"
    },
    {
        "id": "c1e7500a-f4d6-4b35-94e9-cb8b4073d1a7",
        "station_id": "999d00d8-1e11-4f23-8b12-84c90e3b0fb1",
        "component_id": "88afd3d1-6da3-496a-ac81-669a47256d34",
        "value": 19.61,
        "timestamp_measured": "2019-04-23T04:00:00+00:00",
        "import_log_id": "c815e638-3746-4abf-891c-28d5f7248009",
        "rating": 2,
        "status": "validated"
    },
    {
        "id": "4bc2942f-db5f-49e6-9b96-be7d557f1843",
        "station_id": "999d00d8-1e11-4f23-8b12-84c90e3b0fb1",
        "component_id": "88afd3d1-6da3-496a-ac81-669a47256d34",
        "value": 28.6,
        "timestamp_measured": "2019-04-23T05:00:00+00:00",
        "import_log_id": "c815e638-3746-4abf-891c-28d5f7248009",
        "rating": 3,
        "status": "validated"
    },
    {
        "id": "592f1dd1-6725-4037-9862-6c52ce27176b",
        "station_id": "999d00d8-1e11-4f23-8b12-84c90e3b0fb1",
        "component_id": "88afd3d1-6da3-496a-ac81-669a47256d34",
        "value": 38.63,
        "timestamp_measured": "2019-04-23T06:00:00+00:00",
        "import_log_id": "c815e638-3746-4abf-891c-28d5f7248009",
        "rating": 4,
        "status": "validated"
    },
    {
        "id": "ecbb4075-0d7b-4210-86e4-ff05b8cf82ab",
        "station_id": "999d00d8-1e11-4f23-8b12-84c90e3b0fb1",
        "component_id": "88afd3d1-6da3-496a-ac81-669a47256d34",
        "value": 42.22,
        "timestamp_measured": "2019-04-23T07:00:00+00:00",
        "import_log_id": "c815e638-3746-4abf-891c-28d5f7248009",
        "rating": 4,
        "status": "validated"
    },
    {
        "id": "ca069031-e746-490d-b11e-7c5ace961e3c",
        "station_id": "999d00d8-1e11-4f23-8b12-84c90e3b0fb1",
        "component_id": "88afd3d1-6da3-496a-ac81-669a47256d34",
        "value": 37.38,
        "timestamp_measured": "2019-04-23T08:00:00+00:00",
        "import_log_id": "c815e638-3746-4abf-891c-28d5f7248009",
        "rating": 4,
        "status": "validated"
    },
    {
        "id": "a0b306b1-3ab3-4e58-8e93-3a5758772ea5",
        "station_id": "999d00d8-1e11-4f23-8b12-84c90e3b0fb1",
        "component_id": "88afd3d1-6da3-496a-ac81-669a47256d34",
        "value": 32.59,
        "timestamp_measured": "2019-04-23T09:00:00+00:00",
        "import_log_id": "c815e638-3746-4abf-891c-28d5f7248009",
        "rating": 4,
        "status": "validated"
    },
    {
        "id": "802d3ab5-c307-4563-b80f-fe586d5e5875",
        "station_id": "999d00d8-1e11-4f23-8b12-84c90e3b0fb1",
        "component_id": "88afd3d1-6da3-496a-ac81-669a47256d34",
        "value": 27.85,
        "timestamp_measured": "2019-04-23T10:00:00+00:00",
        "import_log_id": "c815e638-3746-4abf-891c-28d5f7248009",
        "rating": 3,
        "status": "validated"
    },
    {
        "id": "7387ea59-7df2-484a-b975-5f1886649924",
        "station_id": "999d00d8-1e11-4f23-8b12-84c90e3b0fb1",
        "component_id": "88afd3d1-6da3-496a-ac81-669a47256d34",
        "value": 28.83,
        "timestamp_measured": "2019-04-23T11:00:00+00:00",
        "import_log_id": "c815e638-3746-4abf-891c-28d5f7248009",
        "rating": 3,
        "status": "validated"
    },
    {
        "id": "b0d97988-b715-4c47-9f9a-c714503e6f2c",
        "station_id": "999d00d8-1e11-4f23-8b12-84c90e3b0fb1",
        "component_id": "88afd3d1-6da3-496a-ac81-669a47256d34",
        "value": 22.26,
        "timestamp_measured": "2019-04-23T12:00:00+00:00",
        "import_log_id": "c815e638-3746-4abf-891c-28d5f7248009",
        "rating": 3,
        "status": "validated"
    },
    {
        "id": "42b25ec8-990c-4b68-abec-f415a0376354",
        "station_id": "999d00d8-1e11-4f23-8b12-84c90e3b0fb1",
        "component_id": "88afd3d1-6da3-496a-ac81-669a47256d34",
        "value": 22.38,
        "timestamp_measured": "2019-04-23T13:00:00+00:00",
        "import_log_id": "c815e638-3746-4abf-891c-28d5f7248009",
        "rating": 3,
        "status": "validated"
    },
    {
        "id": "549f565a-ccdb-45a5-b2ff-90fd74ba68b0",
        "station_id": "999d00d8-1e11-4f23-8b12-84c90e3b0fb1",
        "component_id": "88afd3d1-6da3-496a-ac81-669a47256d34",
        "value": 24.64,
        "timestamp_measured": "2019-04-23T14:00:00+00:00",
        "import_log_id": "c815e638-3746-4abf-891c-28d5f7248009",
        "rating": 3,
        "status": "validated"
    },
    {
        "id": "e8d647b5-0dc7-4f9e-85a1-617eebf45703",
        "station_id": "999d00d8-1e11-4f23-8b12-84c90e3b0fb1",
        "component_id": "88afd3d1-6da3-496a-ac81-669a47256d34",
        "value": 25.24,
        "timestamp_measured": "2019-04-23T15:00:00+00:00",
        "import_log_id": "c815e638-3746-4abf-891c-28d5f7248009",
        "rating": 3,
        "status": "validated"
    },
    {
        "id": "1225fce2-1fda-4bf1-9859-bef59e05bed9",
        "station_id": "999d00d8-1e11-4f23-8b12-84c90e3b0fb1",
        "component_id": "88afd3d1-6da3-496a-ac81-669a47256d34",
        "value": 22.7,
        "timestamp_measured": "2019-04-23T16:00:00+00:00",
        "import_log_id": "c815e638-3746-4abf-891c-28d5f7248009",
        "rating": 3,
        "status": "validated"
    },
    {
        "id": "4dc77f6d-ff1c-4075-bbf4-09116588335f",
        "station_id": "999d00d8-1e11-4f23-8b12-84c90e3b0fb1",
        "component_id": "88afd3d1-6da3-496a-ac81-669a47256d34",
        "value": 15.19,
        "timestamp_measured": "2019-04-23T17:00:00+00:00",
        "import_log_id": "c815e638-3746-4abf-891c-28d5f7248009",
        "rating": 2,
        "status": "validated"
    },
    {
        "id": "d8710a68-88b1-4169-a723-cd32d3b5dd20",
        "station_id": "999d00d8-1e11-4f23-8b12-84c90e3b0fb1",
        "component_id": "88afd3d1-6da3-496a-ac81-669a47256d34",
        "value": 16.14,
        "timestamp_measured": "2019-04-23T18:00:00+00:00",
        "import_log_id": "c815e638-3746-4abf-891c-28d5f7248009",
        "rating": 2,
        "status": "validated"
    },
    {
        "id": "de687137-9e17-48e0-8e16-029f67a5cbe4",
        "station_id": "999d00d8-1e11-4f23-8b12-84c90e3b0fb1",
        "component_id": "88afd3d1-6da3-496a-ac81-669a47256d34",
        "value": 18.62,
        "timestamp_measured": "2019-04-23T19:00:00+00:00",
        "import_log_id": "c815e638-3746-4abf-891c-28d5f7248009",
        "rating": 2,
        "status": "validated"
    },
    {
        "id": "a9d0b350-b684-4320-9d6f-ac2030fbd736",
        "station_id": "999d00d8-1e11-4f23-8b12-84c90e3b0fb1",
        "component_id": "88afd3d1-6da3-496a-ac81-669a47256d34",
        "value": 31.9,
        "timestamp_measured": "2019-04-23T20:00:00+00:00",
        "import_log_id": "c815e638-3746-4abf-891c-28d5f7248009",
        "rating": 4,
        "status": "validated"
    },
    {
        "id": "5b681e18-397a-456d-8e2e-bc15a684fc96",
        "station_id": "999d00d8-1e11-4f23-8b12-84c90e3b0fb1",
        "component_id": "88afd3d1-6da3-496a-ac81-669a47256d34",
        "value": 36.44,
        "timestamp_measured": "2019-04-23T21:00:00+00:00",
        "import_log_id": "c815e638-3746-4abf-891c-28d5f7248009",
        "rating": 4,
        "status": "validated"
    },
    {
        "id": "6a1652ce-cd70-4774-8e8b-fa02ad928ad2",
        "station_id": "999d00d8-1e11-4f23-8b12-84c90e3b0fb1",
        "component_id": "88afd3d1-6da3-496a-ac81-669a47256d34",
        "value": 28.65,
        "timestamp_measured": "2019-04-23T22:00:00+00:00",
        "import_log_id": "c815e638-3746-4abf-891c-28d5f7248009",
        "rating": 3,
        "status": "validated"
    },
    {
        "id": "67559ad7-a26a-48f8-b704-8f61ba9bef3f",
        "station_id": "999d00d8-1e11-4f23-8b12-84c90e3b0fb1",
        "component_id": "88afd3d1-6da3-496a-ac81-669a47256d34",
        "value": 29.34,
        "timestamp_measured": "2019-04-23T23:00:00+00:00",
        "import_log_id": "c815e638-3746-4abf-891c-28d5f7248009",
        "rating": 3,
        "status": "validated"
    },
    {
        "id": "636fb9ec-f49f-4048-b825-62e18659dda3",
        "station_id": "999d00d8-1e11-4f23-8b12-84c90e3b0fb1",
        "component_id": "88afd3d1-6da3-496a-ac81-669a47256d34",
        "value": 30.24,
        "timestamp_measured": "2019-04-24T00:00:00+00:00",
        "import_log_id": "c815e638-3746-4abf-891c-28d5f7248009",
        "rating": 4,
        "status": "validated"
    },
    {
        "id": "928587de-4a9a-4b7c-b437-28d52935d3b2",
        "station_id": "999d00d8-1e11-4f23-8b12-84c90e3b0fb1",
        "component_id": "88afd3d1-6da3-496a-ac81-669a47256d34",
        "value": 22.83,
        "timestamp_measured": "2019-04-24T01:00:00+00:00",
        "import_log_id": "c815e638-3746-4abf-891c-28d5f7248009",
        "rating": 3,
        "status": "validated"
    },
    {
        "id": "d0ff4f0d-bfab-4a3d-88de-666afb5d2183",
        "station_id": "999d00d8-1e11-4f23-8b12-84c90e3b0fb1",
        "component_id": "88afd3d1-6da3-496a-ac81-669a47256d34",
        "value": 23.98,
        "timestamp_measured": "2019-04-24T02:00:00+00:00",
        "import_log_id": "c815e638-3746-4abf-891c-28d5f7248009",
        "rating": 3,
        "status": "validated"
    },
    {
        "id": "fe42a729-047e-43f2-938c-22e36a8b6fed",
        "station_id": "999d00d8-1e11-4f23-8b12-84c90e3b0fb1",
        "component_id": "88afd3d1-6da3-496a-ac81-669a47256d34",
        "value": 23.94,
        "timestamp_measured": "2019-04-24T03:00:00+00:00",
        "import_log_id": "c815e638-3746-4abf-891c-28d5f7248009",
        "rating": 3,
        "status": "validated"
    },
    {
        "id": "4302a4dd-cc09-451e-80da-ddc3f7a09567",
        "station_id": "999d00d8-1e11-4f23-8b12-84c90e3b0fb1",
        "component_id": "88afd3d1-6da3-496a-ac81-669a47256d34",
        "value": 32.89,
        "timestamp_measured": "2019-04-24T04:00:00+00:00",
        "import_log_id": "c815e638-3746-4abf-891c-28d5f7248009",
        "rating": 4,
        "status": "validated"
    },
    {
        "id": "ab96ba21-5afc-4dc8-a6c6-b269f75eafa7",
        "station_id": "999d00d8-1e11-4f23-8b12-84c90e3b0fb1",
        "component_id": "88afd3d1-6da3-496a-ac81-669a47256d34",
        "value": 42.29,
        "timestamp_measured": "2019-04-24T05:00:00+00:00",
        "import_log_id": "c815e638-3746-4abf-891c-28d5f7248009",
        "rating": 4,
        "status": "validated"
    },
    {
        "id": "996cf346-ee07-48ed-a317-7180594b5bdd",
        "station_id": "999d00d8-1e11-4f23-8b12-84c90e3b0fb1",
        "component_id": "88afd3d1-6da3-496a-ac81-669a47256d34",
        "value": 54.99,
        "timestamp_measured": "2019-04-24T06:00:00+00:00",
        "import_log_id": "c815e638-3746-4abf-891c-28d5f7248009",
        "rating": 5,
        "status": "validated"
    },
    {
        "id": "e45d47e6-341d-4639-bedf-da528f5af8ee",
        "station_id": "999d00d8-1e11-4f23-8b12-84c90e3b0fb1",
        "component_id": "88afd3d1-6da3-496a-ac81-669a47256d34",
        "value": 48.43,
        "timestamp_measured": "2019-04-24T07:00:00+00:00",
        "import_log_id": "c815e638-3746-4abf-891c-28d5f7248009",
        "rating": 5,
        "status": "validated"
    },
    {
        "id": "c8d21ec1-8732-4c14-96ef-e03c1c9fffef",
        "station_id": "999d00d8-1e11-4f23-8b12-84c90e3b0fb1",
        "component_id": "88afd3d1-6da3-496a-ac81-669a47256d34",
        "value": 27.7,
        "timestamp_measured": "2019-04-24T08:00:00+00:00",
        "import_log_id": "c815e638-3746-4abf-891c-28d5f7248009",
        "rating": 3,
        "status": "validated"
    },
    {
        "id": "cfb5dbce-e75a-4383-8d3a-a77a4271e8d3",
        "station_id": "999d00d8-1e11-4f23-8b12-84c90e3b0fb1",
        "component_id": "88afd3d1-6da3-496a-ac81-669a47256d34",
        "value": 19.98,
        "timestamp_measured": "2019-04-24T09:00:00+00:00",
        "import_log_id": "c815e638-3746-4abf-891c-28d5f7248009",
        "rating": 2,
        "status": "validated"
    },
    {
        "id": "2c7191cf-a25d-49a5-a4b7-67d6b82e471e",
        "station_id": "999d00d8-1e11-4f23-8b12-84c90e3b0fb1",
        "component_id": "88afd3d1-6da3-496a-ac81-669a47256d34",
        "value": 11.13,
        "timestamp_measured": "2019-04-24T10:00:00+00:00",
        "import_log_id": "c815e638-3746-4abf-891c-28d5f7248009",
        "rating": 2,
        "status": "validated"
    },
    {
        "id": "e3d15996-4201-407c-8b1e-86b6a13ecedf",
        "station_id": "999d00d8-1e11-4f23-8b12-84c90e3b0fb1",
        "component_id": "88afd3d1-6da3-496a-ac81-669a47256d34",
        "value": 8.58,
        "timestamp_measured": "2019-04-24T11:00:00+00:00",
        "import_log_id": "c815e638-3746-4abf-891c-28d5f7248009",
        "rating": 1,
        "status": "validated"
    },
    {
        "id": "e9cb32c0-ed54-46c1-acce-5497832abb31",
        "station_id": "999d00d8-1e11-4f23-8b12-84c90e3b0fb1",
        "component_id": "88afd3d1-6da3-496a-ac81-669a47256d34",
        "value": 10.58,
        "timestamp_measured": "2019-04-24T12:00:00+00:00",
        "import_log_id": "c815e638-3746-4abf-891c-28d5f7248009",
        "rating": 2,
        "status": "validated"
    },
    {
        "id": "c1e4ab57-ff81-41ae-9114-2288a7a21f2d",
        "station_id": "999d00d8-1e11-4f23-8b12-84c90e3b0fb1",
        "component_id": "88afd3d1-6da3-496a-ac81-669a47256d34",
        "value": 9.91,
        "timestamp_measured": "2019-04-24T13:00:00+00:00",
        "import_log_id": "c815e638-3746-4abf-891c-28d5f7248009",
        "rating": 1,
        "status": "validated"
    },
    {
        "id": "9ba8debc-1090-4279-ade1-cb04a3be202a",
        "station_id": "999d00d8-1e11-4f23-8b12-84c90e3b0fb1",
        "component_id": "88afd3d1-6da3-496a-ac81-669a47256d34",
        "value": 4.98,
        "timestamp_measured": "2019-04-24T14:00:00+00:00",
        "import_log_id": "c815e638-3746-4abf-891c-28d5f7248009",
        "rating": 1,
        "status": "validated"
    },
    {
        "id": "6a05b24e-3205-4a2f-bcb2-a5fea457710b",
        "station_id": "999d00d8-1e11-4f23-8b12-84c90e3b0fb1",
        "component_id": "88afd3d1-6da3-496a-ac81-669a47256d34",
        "value": 11.61,
        "timestamp_measured": "2019-04-24T15:00:00+00:00",
        "import_log_id": "c815e638-3746-4abf-891c-28d5f7248009",
        "rating": 2,
        "status": "validated"
    },
    {
        "id": "44e47ebf-cf12-4c7c-971c-fa6a77160611",
        "station_id": "999d00d8-1e11-4f23-8b12-84c90e3b0fb1",
        "component_id": "88afd3d1-6da3-496a-ac81-669a47256d34",
        "value": 11.19,
        "timestamp_measured": "2019-04-24T16:00:00+00:00",
        "import_log_id": "c815e638-3746-4abf-891c-28d5f7248009",
        "rating": 2,
        "status": "validated"
    },
    {
        "id": "fbc0158d-cbfc-4769-b3b8-024e5471e26b",
        "station_id": "999d00d8-1e11-4f23-8b12-84c90e3b0fb1",
        "component_id": "88afd3d1-6da3-496a-ac81-669a47256d34",
        "value": 20.69,
        "timestamp_measured": "2019-04-24T17:00:00+00:00",
        "import_log_id": "c815e638-3746-4abf-891c-28d5f7248009",
        "rating": 3,
        "status": "validated"
    },
    {
        "id": "900c9dc3-af74-43c6-b1a0-034ffdc2b71b",
        "station_id": "999d00d8-1e11-4f23-8b12-84c90e3b0fb1",
        "component_id": "88afd3d1-6da3-496a-ac81-669a47256d34",
        "value": 10.38,
        "timestamp_measured": "2019-04-24T18:00:00+00:00",
        "import_log_id": "c815e638-3746-4abf-891c-28d5f7248009",
        "rating": 2,
        "status": "validated"
    },
    {
        "id": "52d6ccaa-31d4-4ae0-b938-78bd4d49ddf6",
        "station_id": "999d00d8-1e11-4f23-8b12-84c90e3b0fb1",
        "component_id": "88afd3d1-6da3-496a-ac81-669a47256d34",
        "value": 6.01,
        "timestamp_measured": "2019-04-24T19:00:00+00:00",
        "import_log_id": "c815e638-3746-4abf-891c-28d5f7248009",
        "rating": 1,
        "status": "validated"
    },
    {
        "id": "fb4d1f82-562f-456a-a654-784741b3ea00",
        "station_id": "999d00d8-1e11-4f23-8b12-84c90e3b0fb1",
        "component_id": "88afd3d1-6da3-496a-ac81-669a47256d34",
        "value": 8.97,
        "timestamp_measured": "2019-04-24T20:00:00+00:00",
        "import_log_id": "c815e638-3746-4abf-891c-28d5f7248009",
        "rating": 1,
        "status": "validated"
    },
    {
        "id": "8386bfa4-6655-4080-8ba4-98ca174061e6",
        "station_id": "999d00d8-1e11-4f23-8b12-84c90e3b0fb1",
        "component_id": "88afd3d1-6da3-496a-ac81-669a47256d34",
        "value": 8.53,
        "timestamp_measured": "2019-04-24T21:00:00+00:00",
        "import_log_id": "c815e638-3746-4abf-891c-28d5f7248009",
        "rating": 1,
        "status": "validated"
    },
    {
        "id": "ad83024a-7cf1-4827-949c-8afd36fde96e",
        "station_id": "999d00d8-1e11-4f23-8b12-84c90e3b0fb1",
        "component_id": "88afd3d1-6da3-496a-ac81-669a47256d34",
        "value": 8.26,
        "timestamp_measured": "2019-04-24T22:00:00+00:00",
        "import_log_id": "c815e638-3746-4abf-891c-28d5f7248009",
        "rating": 1,
        "status": "validated"
    },
    {
        "id": "ae61500d-28a8-40ec-910d-9941a6841279",
        "station_id": "999d00d8-1e11-4f23-8b12-84c90e3b0fb1",
        "component_id": "88afd3d1-6da3-496a-ac81-669a47256d34",
        "value": 7.26,
        "timestamp_measured": "2019-04-24T23:00:00+00:00",
        "import_log_id": "c815e638-3746-4abf-891c-28d5f7248009",
        "rating": 1,
        "status": "validated"
    },
    {
        "id": "2806eda6-dc9d-4cde-ad1c-8330dbf97623",
        "station_id": "999d00d8-1e11-4f23-8b12-84c90e3b0fb1",
        "component_id": "88afd3d1-6da3-496a-ac81-669a47256d34",
        "value": 8.34,
        "timestamp_measured": "2019-04-25T00:00:00+00:00",
        "import_log_id": "c815e638-3746-4abf-891c-28d5f7248009",
        "rating": 1,
        "status": "validated"
    },
    {
        "id": "9579e1c5-df00-4a0b-a0b0-9c04e2fe79c7",
        "station_id": "999d00d8-1e11-4f23-8b12-84c90e3b0fb1",
        "component_id": "88afd3d1-6da3-496a-ac81-669a47256d34",
        "value": 6.86,
        "timestamp_measured": "2019-04-25T01:00:00+00:00",
        "import_log_id": "c815e638-3746-4abf-891c-28d5f7248009",
        "rating": 1,
        "status": "validated"
    },
    {
        "id": "fc9ab210-2a29-4d12-9911-cfde6e361d04",
        "station_id": "999d00d8-1e11-4f23-8b12-84c90e3b0fb1",
        "component_id": "88afd3d1-6da3-496a-ac81-669a47256d34",
        "value": 5.93,
        "timestamp_measured": "2019-04-25T02:00:00+00:00",
        "import_log_id": "c815e638-3746-4abf-891c-28d5f7248009",
        "rating": 1,
        "status": "validated"
    },
    {
        "id": "681bf6be-a97a-4a0c-9e36-6dc2dfd0d20c",
        "station_id": "999d00d8-1e11-4f23-8b12-84c90e3b0fb1",
        "component_id": "88afd3d1-6da3-496a-ac81-669a47256d34",
        "value": 6.66,
        "timestamp_measured": "2019-04-25T03:00:00+00:00",
        "import_log_id": "c815e638-3746-4abf-891c-28d5f7248009",
        "rating": 1,
        "status": "validated"
    },
    {
        "id": "a5f585a6-96d4-44f8-b105-bdc978d2d180",
        "station_id": "999d00d8-1e11-4f23-8b12-84c90e3b0fb1",
        "component_id": "88afd3d1-6da3-496a-ac81-669a47256d34",
        "value": 9.57,
        "timestamp_measured": "2019-04-25T04:00:00+00:00",
        "import_log_id": "c815e638-3746-4abf-891c-28d5f7248009",
        "rating": 1,
        "status": "validated"
    },
    {
        "id": "d2c5cd8e-8bce-4b08-a676-034620d2e97b",
        "station_id": "999d00d8-1e11-4f23-8b12-84c90e3b0fb1",
        "component_id": "88afd3d1-6da3-496a-ac81-669a47256d34",
        "value": 14.71,
        "timestamp_measured": "2019-04-25T05:00:00+00:00",
        "import_log_id": "c815e638-3746-4abf-891c-28d5f7248009",
        "rating": 2,
        "status": "validated"
    },
    {
        "id": "8d485b8d-5b13-4e66-982e-503e1604e805",
        "station_id": "999d00d8-1e11-4f23-8b12-84c90e3b0fb1",
        "component_id": "88afd3d1-6da3-496a-ac81-669a47256d34",
        "value": 25.6,
        "timestamp_measured": "2019-04-25T06:00:00+00:00",
        "import_log_id": "c815e638-3746-4abf-891c-28d5f7248009",
        "rating": 3,
        "status": "validated"
    },
    {
        "id": "0077e7dd-2bdd-4994-b60c-c229b2ff201e",
        "station_id": "999d00d8-1e11-4f23-8b12-84c90e3b0fb1",
        "component_id": "88afd3d1-6da3-496a-ac81-669a47256d34",
        "value": 29.4,
        "timestamp_measured": "2019-04-25T07:00:00+00:00",
        "import_log_id": "c815e638-3746-4abf-891c-28d5f7248009",
        "rating": 3,
        "status": "validated"
    },
    {
        "id": "27a5d0a6-df98-4ef3-a84f-b124527d94af",
        "station_id": "999d00d8-1e11-4f23-8b12-84c90e3b0fb1",
        "component_id": "88afd3d1-6da3-496a-ac81-669a47256d34",
        "value": 24.32,
        "timestamp_measured": "2019-04-25T08:00:00+00:00",
        "import_log_id": "c815e638-3746-4abf-891c-28d5f7248009",
        "rating": 3,
        "status": "validated"
    },
    {
        "id": "92421b6b-5603-4115-b1d9-fd4fd29edc95",
        "station_id": "999d00d8-1e11-4f23-8b12-84c90e3b0fb1",
        "component_id": "88afd3d1-6da3-496a-ac81-669a47256d34",
        "value": 19.41,
        "timestamp_measured": "2019-04-25T09:00:00+00:00",
        "import_log_id": "c815e638-3746-4abf-891c-28d5f7248009",
        "rating": 2,
        "status": "validated"
    },
    {
        "id": "8a468b0f-3452-4d02-86b5-06ff58ea6a1d",
        "station_id": "999d00d8-1e11-4f23-8b12-84c90e3b0fb1",
        "component_id": "88afd3d1-6da3-496a-ac81-669a47256d34",
        "value": 17.64,
        "timestamp_measured": "2019-04-25T10:00:00+00:00",
        "import_log_id": "c815e638-3746-4abf-891c-28d5f7248009",
        "rating": 2,
        "status": "validated"
    },
    {
        "id": "2550e503-c2d4-4a43-acbd-f8534fff7f21",
        "station_id": "999d00d8-1e11-4f23-8b12-84c90e3b0fb1",
        "component_id": "88afd3d1-6da3-496a-ac81-669a47256d34",
        "value": 10.58,
        "timestamp_measured": "2019-04-25T11:00:00+00:00",
        "import_log_id": "c815e638-3746-4abf-891c-28d5f7248009",
        "rating": 2,
        "status": "validated"
    },
    {
        "id": "6dbb5b28-5311-4c32-b775-edf6c802f001",
        "station_id": "999d00d8-1e11-4f23-8b12-84c90e3b0fb1",
        "component_id": "88afd3d1-6da3-496a-ac81-669a47256d34",
        "value": 14.03,
        "timestamp_measured": "2019-04-25T12:00:00+00:00",
        "import_log_id": "c815e638-3746-4abf-891c-28d5f7248009",
        "rating": 2,
        "status": "validated"
    },
    {
        "id": "74ceabe6-567a-4f7b-ad23-d831f562a9f7",
        "station_id": "999d00d8-1e11-4f23-8b12-84c90e3b0fb1",
        "component_id": "88afd3d1-6da3-496a-ac81-669a47256d34",
        "value": 17.47,
        "timestamp_measured": "2019-04-25T13:00:00+00:00",
        "import_log_id": "c815e638-3746-4abf-891c-28d5f7248009",
        "rating": 2,
        "status": "validated"
    },
    {
        "id": "835e4fee-bc95-4a57-9819-cdb4bb647254",
        "station_id": "999d00d8-1e11-4f23-8b12-84c90e3b0fb1",
        "component_id": "88afd3d1-6da3-496a-ac81-669a47256d34",
        "value": 28.68,
        "timestamp_measured": "2019-04-25T14:00:00+00:00",
        "import_log_id": "c815e638-3746-4abf-891c-28d5f7248009",
        "rating": 3,
        "status": "validated"
    },
    {
        "id": "c596559a-f6d4-4030-b51d-fba2a4a3581d",
        "station_id": "999d00d8-1e11-4f23-8b12-84c90e3b0fb1",
        "component_id": "88afd3d1-6da3-496a-ac81-669a47256d34",
        "value": 30.1,
        "timestamp_measured": "2019-04-25T15:00:00+00:00",
        "import_log_id": "c815e638-3746-4abf-891c-28d5f7248009",
        "rating": 4,
        "status": "validated"
    },
    {
        "id": "4beb86c0-ea1b-48cf-93de-3452b51e11ee",
        "station_id": "999d00d8-1e11-4f23-8b12-84c90e3b0fb1",
        "component_id": "88afd3d1-6da3-496a-ac81-669a47256d34",
        "value": 28.13,
        "timestamp_measured": "2019-04-25T16:00:00+00:00",
        "import_log_id": "c815e638-3746-4abf-891c-28d5f7248009",
        "rating": 3,
        "status": "validated"
    },
    {
        "id": "87432019-df1c-492f-95ae-0f294918447c",
        "station_id": "999d00d8-1e11-4f23-8b12-84c90e3b0fb1",
        "component_id": "88afd3d1-6da3-496a-ac81-669a47256d34",
        "value": 20.22,
        "timestamp_measured": "2019-04-25T17:00:00+00:00",
        "import_log_id": "c815e638-3746-4abf-891c-28d5f7248009",
        "rating": 3,
        "status": "validated"
    },
    {
        "id": "265a16ab-898c-4bf6-a86e-a40ebfbb2f34",
        "station_id": "999d00d8-1e11-4f23-8b12-84c90e3b0fb1",
        "component_id": "88afd3d1-6da3-496a-ac81-669a47256d34",
        "value": 19.05,
        "timestamp_measured": "2019-04-25T18:00:00+00:00",
        "import_log_id": "c815e638-3746-4abf-891c-28d5f7248009",
        "rating": 2,
        "status": "validated"
    },
    {
        "id": "adedb1c6-0935-4e03-8f58-902837960d0d",
        "station_id": "999d00d8-1e11-4f23-8b12-84c90e3b0fb1",
        "component_id": "88afd3d1-6da3-496a-ac81-669a47256d34",
        "value": 15.91,
        "timestamp_measured": "2019-04-25T19:00:00+00:00",
        "import_log_id": "c815e638-3746-4abf-891c-28d5f7248009",
        "rating": 2,
        "status": "validated"
    },
    {
        "id": "934f5cd6-2978-4ab3-bab2-af2763d0bd15",
        "station_id": "999d00d8-1e11-4f23-8b12-84c90e3b0fb1",
        "component_id": "88afd3d1-6da3-496a-ac81-669a47256d34",
        "value": 20.56,
        "timestamp_measured": "2019-04-25T20:00:00+00:00",
        "import_log_id": "c815e638-3746-4abf-891c-28d5f7248009",
        "rating": 3,
        "status": "validated"
    },
    {
        "id": "91f3761a-d25c-4073-a0be-3bfe0a522cc5",
        "station_id": "999d00d8-1e11-4f23-8b12-84c90e3b0fb1",
        "component_id": "88afd3d1-6da3-496a-ac81-669a47256d34",
        "value": 19.23,
        "timestamp_measured": "2019-04-25T21:00:00+00:00",
        "import_log_id": "c815e638-3746-4abf-891c-28d5f7248009",
        "rating": 2,
        "status": "validated"
    },
    {
        "id": "7b861982-db5e-414c-9ae5-dee8e42e380a",
        "station_id": "999d00d8-1e11-4f23-8b12-84c90e3b0fb1",
        "component_id": "88afd3d1-6da3-496a-ac81-669a47256d34",
        "value": 11.24,
        "timestamp_measured": "2019-04-25T22:00:00+00:00",
        "import_log_id": "c815e638-3746-4abf-891c-28d5f7248009",
        "rating": 2,
        "status": "validated"
    },
    {
        "id": "4caa5e0a-910a-49aa-baa6-a10972132e01",
        "station_id": "999d00d8-1e11-4f23-8b12-84c90e3b0fb1",
        "component_id": "88afd3d1-6da3-496a-ac81-669a47256d34",
        "value": 10.45,
        "timestamp_measured": "2019-04-25T23:00:00+00:00",
        "import_log_id": "c815e638-3746-4abf-891c-28d5f7248009",
        "rating": 2,
        "status": "validated"
    },
    {
        "id": "32cc284f-d9d6-4154-af40-d3de07e1e8e1",
        "station_id": "999d00d8-1e11-4f23-8b12-84c90e3b0fb1",
        "component_id": "88afd3d1-6da3-496a-ac81-669a47256d34",
        "value": 8.66,
        "timestamp_measured": "2019-04-26T00:00:00+00:00",
        "import_log_id": "c815e638-3746-4abf-891c-28d5f7248009",
        "rating": 1,
        "status": "validated"
    },
    {
        "id": "c3181694-2086-4f2e-8dbc-1223fe47d4a8",
        "station_id": "999d00d8-1e11-4f23-8b12-84c90e3b0fb1",
        "component_id": "88afd3d1-6da3-496a-ac81-669a47256d34",
        "value": 7.57,
        "timestamp_measured": "2019-04-26T01:00:00+00:00",
        "import_log_id": "c815e638-3746-4abf-891c-28d5f7248009",
        "rating": 1,
        "status": "validated"
    },
    {
        "id": "e41c8674-e51a-49b2-b914-5854a06d5032",
        "station_id": "999d00d8-1e11-4f23-8b12-84c90e3b0fb1",
        "component_id": "88afd3d1-6da3-496a-ac81-669a47256d34",
        "value": 6.94,
        "timestamp_measured": "2019-04-26T02:00:00+00:00",
        "import_log_id": "c815e638-3746-4abf-891c-28d5f7248009",
        "rating": 1,
        "status": "validated"
    },
    {
        "id": "7a8e3996-9f0f-4321-98fc-19ad398012d7",
        "station_id": "999d00d8-1e11-4f23-8b12-84c90e3b0fb1",
        "component_id": "88afd3d1-6da3-496a-ac81-669a47256d34",
        "value": 10.35,
        "timestamp_measured": "2019-04-26T03:00:00+00:00",
        "import_log_id": "c815e638-3746-4abf-891c-28d5f7248009",
        "rating": 2,
        "status": "validated"
    },
    {
        "id": "832f0a10-0260-4c28-a129-4a6b7b1b3e7e",
        "station_id": "999d00d8-1e11-4f23-8b12-84c90e3b0fb1",
        "component_id": "88afd3d1-6da3-496a-ac81-669a47256d34",
        "value": 11.52,
        "timestamp_measured": "2019-04-26T04:00:00+00:00",
        "import_log_id": "c815e638-3746-4abf-891c-28d5f7248009",
        "rating": 2,
        "status": "validated"
    },
    {
        "id": "0f20cdd6-8d66-425d-addf-1696bbf038e1",
        "station_id": "999d00d8-1e11-4f23-8b12-84c90e3b0fb1",
        "component_id": "88afd3d1-6da3-496a-ac81-669a47256d34",
        "value": 29.74,
        "timestamp_measured": "2019-04-26T05:00:00+00:00",
        "import_log_id": "c815e638-3746-4abf-891c-28d5f7248009",
        "rating": 3,
        "status": "validated"
    },
    {
        "id": "18c789d8-bf65-427f-96e2-8f61d648e13d",
        "station_id": "999d00d8-1e11-4f23-8b12-84c90e3b0fb1",
        "component_id": "88afd3d1-6da3-496a-ac81-669a47256d34",
        "value": 40.13,
        "timestamp_measured": "2019-04-26T06:00:00+00:00",
        "import_log_id": "c815e638-3746-4abf-891c-28d5f7248009",
        "rating": 4,
        "status": "validated"
    },
    {
        "id": "74803b94-156e-4614-a949-b15e5bbf8772",
        "station_id": "999d00d8-1e11-4f23-8b12-84c90e3b0fb1",
        "component_id": "88afd3d1-6da3-496a-ac81-669a47256d34",
        "value": 40.1,
        "timestamp_measured": "2019-04-26T07:00:00+00:00",
        "import_log_id": "c815e638-3746-4abf-891c-28d5f7248009",
        "rating": 4,
        "status": "validated"
    },
    {
        "id": "0aade5ae-5188-47a1-8bef-6800776a92b8",
        "station_id": "999d00d8-1e11-4f23-8b12-84c90e3b0fb1",
        "component_id": "88afd3d1-6da3-496a-ac81-669a47256d34",
        "value": 28.31,
        "timestamp_measured": "2019-04-26T08:00:00+00:00",
        "import_log_id": "c815e638-3746-4abf-891c-28d5f7248009",
        "rating": 3,
        "status": "validated"
    },
    {
        "id": "922820e6-b3a8-432a-8929-a1040a8b5f2f",
        "station_id": "999d00d8-1e11-4f23-8b12-84c90e3b0fb1",
        "component_id": "88afd3d1-6da3-496a-ac81-669a47256d34",
        "value": 26.06,
        "timestamp_measured": "2019-04-26T09:00:00+00:00",
        "import_log_id": "c815e638-3746-4abf-891c-28d5f7248009",
        "rating": 3,
        "status": "validated"
    },
    {
        "id": "2231fb69-82f8-4346-ab7d-d38739fd64e0",
        "station_id": "999d00d8-1e11-4f23-8b12-84c90e3b0fb1",
        "component_id": "88afd3d1-6da3-496a-ac81-669a47256d34",
        "value": 24.86,
        "timestamp_measured": "2019-04-26T10:00:00+00:00",
        "import_log_id": "c815e638-3746-4abf-891c-28d5f7248009",
        "rating": 3,
        "status": "validated"
    },
    {
        "id": "8e968265-60cc-4cea-a96e-b7107af8abba",
        "station_id": "999d00d8-1e11-4f23-8b12-84c90e3b0fb1",
        "component_id": "88afd3d1-6da3-496a-ac81-669a47256d34",
        "value": 22.33,
        "timestamp_measured": "2019-04-26T11:00:00+00:00",
        "import_log_id": "c815e638-3746-4abf-891c-28d5f7248009",
        "rating": 3,
        "status": "validated"
    },
    {
        "id": "724227a9-7c3a-407b-bf96-28fe05f571a5",
        "station_id": "999d00d8-1e11-4f23-8b12-84c90e3b0fb1",
        "component_id": "88afd3d1-6da3-496a-ac81-669a47256d34",
        "value": 19.64,
        "timestamp_measured": "2019-04-26T12:00:00+00:00",
        "import_log_id": "c815e638-3746-4abf-891c-28d5f7248009",
        "rating": 2,
        "status": "validated"
    },
    {
        "id": "d1a31d8e-dd69-4560-bbd9-b44e3a30f576",
        "station_id": "999d00d8-1e11-4f23-8b12-84c90e3b0fb1",
        "component_id": "88afd3d1-6da3-496a-ac81-669a47256d34",
        "value": 23.13,
        "timestamp_measured": "2019-04-26T13:00:00+00:00",
        "import_log_id": "c815e638-3746-4abf-891c-28d5f7248009",
        "rating": 3,
        "status": "validated"
    },
    {
        "id": "73030887-1102-4f44-a398-83f5dfc24059",
        "station_id": "999d00d8-1e11-4f23-8b12-84c90e3b0fb1",
        "component_id": "88afd3d1-6da3-496a-ac81-669a47256d34",
        "value": 24.29,
        "timestamp_measured": "2019-04-26T14:00:00+00:00",
        "import_log_id": "c815e638-3746-4abf-891c-28d5f7248009",
        "rating": 3,
        "status": "validated"
    },
    {
        "id": "e7b25816-858f-404d-9580-7f4be299e323",
        "station_id": "999d00d8-1e11-4f23-8b12-84c90e3b0fb1",
        "component_id": "88afd3d1-6da3-496a-ac81-669a47256d34",
        "value": 13.67,
        "timestamp_measured": "2019-04-26T15:00:00+00:00",
        "import_log_id": "c815e638-3746-4abf-891c-28d5f7248009",
        "rating": 2,
        "status": "validated"
    },
    {
        "id": "de209d7f-0f27-4245-bde7-7b0bb5d0ebcc",
        "station_id": "999d00d8-1e11-4f23-8b12-84c90e3b0fb1",
        "component_id": "88afd3d1-6da3-496a-ac81-669a47256d34",
        "value": 24.32,
        "timestamp_measured": "2019-04-26T16:00:00+00:00",
        "import_log_id": "c815e638-3746-4abf-891c-28d5f7248009",
        "rating": 3,
        "status": "validated"
    },
    {
        "id": "ec1c5339-95c4-47ee-9eca-5b96e76dc14b",
        "station_id": "999d00d8-1e11-4f23-8b12-84c90e3b0fb1",
        "component_id": "88afd3d1-6da3-496a-ac81-669a47256d34",
        "value": 20.64,
        "timestamp_measured": "2019-04-26T17:00:00+00:00",
        "import_log_id": "c815e638-3746-4abf-891c-28d5f7248009",
        "rating": 3,
        "status": "validated"
    },
    {
        "id": "b2fd7d46-8568-4a38-88d3-388ad836bdff",
        "station_id": "999d00d8-1e11-4f23-8b12-84c90e3b0fb1",
        "component_id": "88afd3d1-6da3-496a-ac81-669a47256d34",
        "value": 25.35,
        "timestamp_measured": "2019-04-26T18:00:00+00:00",
        "import_log_id": "c815e638-3746-4abf-891c-28d5f7248009",
        "rating": 3,
        "status": "validated"
    },
    {
        "id": "fca430b6-be01-431b-9660-ebdbda1d885e",
        "station_id": "999d00d8-1e11-4f23-8b12-84c90e3b0fb1",
        "component_id": "88afd3d1-6da3-496a-ac81-669a47256d34",
        "value": 54.05,
        "timestamp_measured": "2019-04-26T19:00:00+00:00",
        "import_log_id": "c815e638-3746-4abf-891c-28d5f7248009",
        "rating": 5,
        "status": "validated"
    },
    {
        "id": "c015d5be-527d-4b8d-abc6-768da44ed40c",
        "station_id": "999d00d8-1e11-4f23-8b12-84c90e3b0fb1",
        "component_id": "88afd3d1-6da3-496a-ac81-669a47256d34",
        "value": 87.86,
        "timestamp_measured": "2019-04-26T20:00:00+00:00",
        "import_log_id": "c815e638-3746-4abf-891c-28d5f7248009",
        "rating": 7,
        "status": "validated"
    },
    {
        "id": "03fca1d7-f08b-4f9b-928b-10bc02c13b1c",
        "station_id": "999d00d8-1e11-4f23-8b12-84c90e3b0fb1",
        "component_id": "88afd3d1-6da3-496a-ac81-669a47256d34",
        "value": 27.85,
        "timestamp_measured": "2019-04-26T21:00:00+00:00",
        "import_log_id": "c815e638-3746-4abf-891c-28d5f7248009",
        "rating": 3,
        "status": "validated"
    },
    {
        "id": "4cec5238-492c-4c24-88cf-a922a20fa1f5",
        "station_id": "999d00d8-1e11-4f23-8b12-84c90e3b0fb1",
        "component_id": "88afd3d1-6da3-496a-ac81-669a47256d34",
        "value": 32.65,
        "timestamp_measured": "2019-04-26T22:00:00+00:00",
        "import_log_id": "c815e638-3746-4abf-891c-28d5f7248009",
        "rating": 4,
        "status": "validated"
    },
    {
        "id": "e6e64c54-bd7d-45c9-894f-5401a8548fa4",
        "station_id": "999d00d8-1e11-4f23-8b12-84c90e3b0fb1",
        "component_id": "88afd3d1-6da3-496a-ac81-669a47256d34",
        "value": 30.34,
        "timestamp_measured": "2019-04-26T23:00:00+00:00",
        "import_log_id": "c815e638-3746-4abf-891c-28d5f7248009",
        "rating": 4,
        "status": "validated"
    },
    {
        "id": "22b3316f-0c8e-434d-8222-d2e616c83b53",
        "station_id": "999d00d8-1e11-4f23-8b12-84c90e3b0fb1",
        "component_id": "88afd3d1-6da3-496a-ac81-669a47256d34",
        "value": 17.03,
        "timestamp_measured": "2019-04-27T00:00:00+00:00",
        "import_log_id": "c815e638-3746-4abf-891c-28d5f7248009",
        "rating": 2,
        "status": "validated"
    },
    {
        "id": "0696612d-b312-4af7-bae4-9d1017c6996a",
        "station_id": "999d00d8-1e11-4f23-8b12-84c90e3b0fb1",
        "component_id": "88afd3d1-6da3-496a-ac81-669a47256d34",
        "value": 25.54,
        "timestamp_measured": "2019-04-27T01:00:00+00:00",
        "import_log_id": "c815e638-3746-4abf-891c-28d5f7248009",
        "rating": 3,
        "status": "validated"
    },
    {
        "id": "f79f8733-bb9a-40bb-b2fa-f29de11124c2",
        "station_id": "999d00d8-1e11-4f23-8b12-84c90e3b0fb1",
        "component_id": "88afd3d1-6da3-496a-ac81-669a47256d34",
        "value": 20.65,
        "timestamp_measured": "2019-04-27T02:00:00+00:00",
        "import_log_id": "c815e638-3746-4abf-891c-28d5f7248009",
        "rating": 3,
        "status": "validated"
    },
    {
        "id": "f3cca893-297d-4423-8de2-d58dde4278bf",
        "station_id": "999d00d8-1e11-4f23-8b12-84c90e3b0fb1",
        "component_id": "88afd3d1-6da3-496a-ac81-669a47256d34",
        "value": 15.67,
        "timestamp_measured": "2019-04-27T03:00:00+00:00",
        "import_log_id": "c815e638-3746-4abf-891c-28d5f7248009",
        "rating": 2,
        "status": "validated"
    },
    {
        "id": "ce7b2769-31a9-42bf-b9d2-6cf3ab7a035a",
        "station_id": "999d00d8-1e11-4f23-8b12-84c90e3b0fb1",
        "component_id": "88afd3d1-6da3-496a-ac81-669a47256d34",
        "value": 15.56,
        "timestamp_measured": "2019-04-27T04:00:00+00:00",
        "import_log_id": "c815e638-3746-4abf-891c-28d5f7248009",
        "rating": 2,
        "status": "validated"
    },
    {
        "id": "9f51ddb6-57f2-4d5c-a470-5ce6429c7aa2",
        "station_id": "999d00d8-1e11-4f23-8b12-84c90e3b0fb1",
        "component_id": "88afd3d1-6da3-496a-ac81-669a47256d34",
        "value": 10.77,
        "timestamp_measured": "2019-04-27T05:00:00+00:00",
        "import_log_id": "c815e638-3746-4abf-891c-28d5f7248009",
        "rating": 2,
        "status": "validated"
    },
    {
        "id": "8710fbfb-4187-4c27-beff-e205aa48f28c",
        "station_id": "999d00d8-1e11-4f23-8b12-84c90e3b0fb1",
        "component_id": "88afd3d1-6da3-496a-ac81-669a47256d34",
        "value": 10.65,
        "timestamp_measured": "2019-04-27T06:00:00+00:00",
        "import_log_id": "c815e638-3746-4abf-891c-28d5f7248009",
        "rating": 2,
        "status": "validated"
    },
    {
        "id": "50b0acc6-58e4-4adf-906e-a34b343b92cc",
        "station_id": "999d00d8-1e11-4f23-8b12-84c90e3b0fb1",
        "component_id": "88afd3d1-6da3-496a-ac81-669a47256d34",
        "value": 11.15,
        "timestamp_measured": "2019-04-27T07:00:00+00:00",
        "import_log_id": "c815e638-3746-4abf-891c-28d5f7248009",
        "rating": 2,
        "status": "validated"
    },
    {
        "id": "cb696deb-51f7-4fcf-a03e-db80c7ad1d49",
        "station_id": "999d00d8-1e11-4f23-8b12-84c90e3b0fb1",
        "component_id": "88afd3d1-6da3-496a-ac81-669a47256d34",
        "value": 11.35,
        "timestamp_measured": "2019-04-27T08:00:00+00:00",
        "import_log_id": "c815e638-3746-4abf-891c-28d5f7248009",
        "rating": 2,
        "status": "validated"
    },
    {
        "id": "aa583145-f777-4fd0-81f7-0ac9abbc9390",
        "station_id": "999d00d8-1e11-4f23-8b12-84c90e3b0fb1",
        "component_id": "88afd3d1-6da3-496a-ac81-669a47256d34",
        "value": 12.91,
        "timestamp_measured": "2019-04-27T09:00:00+00:00",
        "import_log_id": "c815e638-3746-4abf-891c-28d5f7248009",
        "rating": 2,
        "status": "validated"
    },
    {
        "id": "bc40614b-3fa7-4de9-b3c1-4b2b45b85840",
        "station_id": "999d00d8-1e11-4f23-8b12-84c90e3b0fb1",
        "component_id": "88afd3d1-6da3-496a-ac81-669a47256d34",
        "value": 13.24,
        "timestamp_measured": "2019-04-27T10:00:00+00:00",
        "import_log_id": "c815e638-3746-4abf-891c-28d5f7248009",
        "rating": 2,
        "status": "validated"
    },
    {
        "id": "9033a5b7-a059-4da9-9796-4b16d7ac2f50",
        "station_id": "999d00d8-1e11-4f23-8b12-84c90e3b0fb1",
        "component_id": "88afd3d1-6da3-496a-ac81-669a47256d34",
        "value": 11.86,
        "timestamp_measured": "2019-04-27T11:00:00+00:00",
        "import_log_id": "c815e638-3746-4abf-891c-28d5f7248009",
        "rating": 2,
        "status": "validated"
    },
    {
        "id": "9739a721-7271-42bb-82ef-cd6e21d6d4d4",
        "station_id": "999d00d8-1e11-4f23-8b12-84c90e3b0fb1",
        "component_id": "88afd3d1-6da3-496a-ac81-669a47256d34",
        "value": 10.91,
        "timestamp_measured": "2019-04-27T12:00:00+00:00",
        "import_log_id": "c815e638-3746-4abf-891c-28d5f7248009",
        "rating": 2,
        "status": "validated"
    },
    {
        "id": "653bf035-0f56-4479-8c88-876cbfb1a77a",
        "station_id": "999d00d8-1e11-4f23-8b12-84c90e3b0fb1",
        "component_id": "88afd3d1-6da3-496a-ac81-669a47256d34",
        "value": 10.63,
        "timestamp_measured": "2019-04-27T13:00:00+00:00",
        "import_log_id": "c815e638-3746-4abf-891c-28d5f7248009",
        "rating": 2,
        "status": "validated"
    },
    {
        "id": "d25974d1-7307-4123-af6b-3029e2d47ddc",
        "station_id": "999d00d8-1e11-4f23-8b12-84c90e3b0fb1",
        "component_id": "88afd3d1-6da3-496a-ac81-669a47256d34",
        "value": 12.26,
        "timestamp_measured": "2019-04-27T14:00:00+00:00",
        "import_log_id": "c815e638-3746-4abf-891c-28d5f7248009",
        "rating": 2,
        "status": "validated"
    },
    {
        "id": "aa22b49f-a730-4fca-bd55-cdef91f16862",
        "station_id": "999d00d8-1e11-4f23-8b12-84c90e3b0fb1",
        "component_id": "88afd3d1-6da3-496a-ac81-669a47256d34",
        "value": 15.01,
        "timestamp_measured": "2019-04-27T15:00:00+00:00",
        "import_log_id": "c815e638-3746-4abf-891c-28d5f7248009",
        "rating": 2,
        "status": "validated"
    },
    {
        "id": "ec15e504-c685-4eb2-8891-6478fb2700fc",
        "station_id": "999d00d8-1e11-4f23-8b12-84c90e3b0fb1",
        "component_id": "88afd3d1-6da3-496a-ac81-669a47256d34",
        "value": 11.33,
        "timestamp_measured": "2019-04-27T16:00:00+00:00",
        "import_log_id": "c815e638-3746-4abf-891c-28d5f7248009",
        "rating": 2,
        "status": "validated"
    },
    {
        "id": "7052c33a-9073-4812-a9a0-8f77e30c59a5",
        "station_id": "999d00d8-1e11-4f23-8b12-84c90e3b0fb1",
        "component_id": "88afd3d1-6da3-496a-ac81-669a47256d34",
        "value": 11.77,
        "timestamp_measured": "2019-04-27T17:00:00+00:00",
        "import_log_id": "c815e638-3746-4abf-891c-28d5f7248009",
        "rating": 2,
        "status": "validated"
    },
    {
        "id": "3d82d060-9001-4ab7-ab1b-b26bbede4642",
        "station_id": "999d00d8-1e11-4f23-8b12-84c90e3b0fb1",
        "component_id": "88afd3d1-6da3-496a-ac81-669a47256d34",
        "value": 12.16,
        "timestamp_measured": "2019-04-27T18:00:00+00:00",
        "import_log_id": "c815e638-3746-4abf-891c-28d5f7248009",
        "rating": 2,
        "status": "validated"
    },
    {
        "id": "5b5cc74b-0ed1-425e-8378-6fc2a1dbd698",
        "station_id": "999d00d8-1e11-4f23-8b12-84c90e3b0fb1",
        "component_id": "88afd3d1-6da3-496a-ac81-669a47256d34",
        "value": 17.33,
        "timestamp_measured": "2019-04-27T19:00:00+00:00",
        "import_log_id": "c815e638-3746-4abf-891c-28d5f7248009",
        "rating": 2,
        "status": "validated"
    },
    {
        "id": "e1dc1859-190f-4a03-b516-0e1295f31a6c",
        "station_id": "999d00d8-1e11-4f23-8b12-84c90e3b0fb1",
        "component_id": "88afd3d1-6da3-496a-ac81-669a47256d34",
        "value": 18.39,
        "timestamp_measured": "2019-04-27T20:00:00+00:00",
        "import_log_id": "c815e638-3746-4abf-891c-28d5f7248009",
        "rating": 2,
        "status": "validated"
    },
    {
        "id": "6ff6e23e-66d4-4461-886c-718097c52515",
        "station_id": "999d00d8-1e11-4f23-8b12-84c90e3b0fb1",
        "component_id": "88afd3d1-6da3-496a-ac81-669a47256d34",
        "value": 14.79,
        "timestamp_measured": "2019-04-27T21:00:00+00:00",
        "import_log_id": "c815e638-3746-4abf-891c-28d5f7248009",
        "rating": 2,
        "status": "validated"
    },
    {
        "id": "8abb9de4-799d-4caf-8524-65d48eb1bd86",
        "station_id": "999d00d8-1e11-4f23-8b12-84c90e3b0fb1",
        "component_id": "88afd3d1-6da3-496a-ac81-669a47256d34",
        "value": 20.11,
        "timestamp_measured": "2019-04-27T22:00:00+00:00",
        "import_log_id": "c815e638-3746-4abf-891c-28d5f7248009",
        "rating": 3,
        "status": "validated"
    },
    {
        "id": "cfae62cb-8bd5-458d-9dd3-fd40816d0fd5",
        "station_id": "999d00d8-1e11-4f23-8b12-84c90e3b0fb1",
        "component_id": "88afd3d1-6da3-496a-ac81-669a47256d34",
        "value": 14.39,
        "timestamp_measured": "2019-04-27T23:00:00+00:00",
        "import_log_id": "c815e638-3746-4abf-891c-28d5f7248009",
        "rating": 2,
        "status": "validated"
    },
    {
        "id": "8f12859a-ea52-42be-b1a1-5049d1320869",
        "station_id": "999d00d8-1e11-4f23-8b12-84c90e3b0fb1",
        "component_id": "88afd3d1-6da3-496a-ac81-669a47256d34",
        "value": 13.69,
        "timestamp_measured": "2019-04-28T00:00:00+00:00",
        "import_log_id": "c815e638-3746-4abf-891c-28d5f7248009",
        "rating": 2,
        "status": "validated"
    },
    {
        "id": "573f078d-27b0-4076-bba6-a3c66bb1b904",
        "station_id": "999d00d8-1e11-4f23-8b12-84c90e3b0fb1",
        "component_id": "88afd3d1-6da3-496a-ac81-669a47256d34",
        "value": 11.41,
        "timestamp_measured": "2019-04-28T01:00:00+00:00",
        "import_log_id": "c815e638-3746-4abf-891c-28d5f7248009",
        "rating": 2,
        "status": "validated"
    },
    {
        "id": "7372ca83-c7f4-4d79-8f6c-b8941011e504",
        "station_id": "999d00d8-1e11-4f23-8b12-84c90e3b0fb1",
        "component_id": "88afd3d1-6da3-496a-ac81-669a47256d34",
        "value": 8.16,
        "timestamp_measured": "2019-04-28T02:00:00+00:00",
        "import_log_id": "c815e638-3746-4abf-891c-28d5f7248009",
        "rating": 1,
        "status": "validated"
    },
    {
        "id": "748438d2-ff89-4139-adca-47a8c4b0eff0",
        "station_id": "999d00d8-1e11-4f23-8b12-84c90e3b0fb1",
        "component_id": "88afd3d1-6da3-496a-ac81-669a47256d34",
        "value": 9.48,
        "timestamp_measured": "2019-04-28T03:00:00+00:00",
        "import_log_id": "c815e638-3746-4abf-891c-28d5f7248009",
        "rating": 1,
        "status": "validated"
    },
    {
        "id": "6bbb5593-2036-4a70-9e5e-e4530092f5ac",
        "station_id": "999d00d8-1e11-4f23-8b12-84c90e3b0fb1",
        "component_id": "88afd3d1-6da3-496a-ac81-669a47256d34",
        "value": 8.08,
        "timestamp_measured": "2019-04-28T04:00:00+00:00",
        "import_log_id": "c815e638-3746-4abf-891c-28d5f7248009",
        "rating": 1,
        "status": "validated"
    },
    {
        "id": "fd6363c0-f16a-4779-b3f4-041c6d034d06",
        "station_id": "999d00d8-1e11-4f23-8b12-84c90e3b0fb1",
        "component_id": "88afd3d1-6da3-496a-ac81-669a47256d34",
        "value": 8.43,
        "timestamp_measured": "2019-04-28T05:00:00+00:00",
        "import_log_id": "c815e638-3746-4abf-891c-28d5f7248009",
        "rating": 1,
        "status": "validated"
    },
    {
        "id": "be41612a-0197-4390-a078-468e1a30bbdc",
        "station_id": "999d00d8-1e11-4f23-8b12-84c90e3b0fb1",
        "component_id": "88afd3d1-6da3-496a-ac81-669a47256d34",
        "value": 10.31,
        "timestamp_measured": "2019-04-28T06:00:00+00:00",
        "import_log_id": "c815e638-3746-4abf-891c-28d5f7248009",
        "rating": 2,
        "status": "validated"
    },
    {
        "id": "f203e85f-4ca2-4df9-89fa-a6bd8aa0cead",
        "station_id": "999d00d8-1e11-4f23-8b12-84c90e3b0fb1",
        "component_id": "88afd3d1-6da3-496a-ac81-669a47256d34",
        "value": 9.74,
        "timestamp_measured": "2019-04-28T07:00:00+00:00",
        "import_log_id": "c815e638-3746-4abf-891c-28d5f7248009",
        "rating": 1,
        "status": "validated"
    },
    {
        "id": "e175e0ce-a984-483a-9f49-b09856622243",
        "station_id": "999d00d8-1e11-4f23-8b12-84c90e3b0fb1",
        "component_id": "88afd3d1-6da3-496a-ac81-669a47256d34",
        "value": 9.86,
        "timestamp_measured": "2019-04-28T08:00:00+00:00",
        "import_log_id": "c815e638-3746-4abf-891c-28d5f7248009",
        "rating": 1,
        "status": "validated"
    },
    {
        "id": "6e2f44d5-64cc-400b-a211-646df65c9374",
        "station_id": "999d00d8-1e11-4f23-8b12-84c90e3b0fb1",
        "component_id": "88afd3d1-6da3-496a-ac81-669a47256d34",
        "value": 9.37,
        "timestamp_measured": "2019-04-28T09:00:00+00:00",
        "import_log_id": "c815e638-3746-4abf-891c-28d5f7248009",
        "rating": 1,
        "status": "validated"
    },
    {
        "id": "df4e30dd-ee95-4692-b749-b4a25cb09249",
        "station_id": "999d00d8-1e11-4f23-8b12-84c90e3b0fb1",
        "component_id": "88afd3d1-6da3-496a-ac81-669a47256d34",
        "value": 11.72,
        "timestamp_measured": "2019-04-28T10:00:00+00:00",
        "import_log_id": "c815e638-3746-4abf-891c-28d5f7248009",
        "rating": 2,
        "status": "validated"
    },
    {
        "id": "1efb3189-757a-4887-970c-4d93a614f022",
        "station_id": "999d00d8-1e11-4f23-8b12-84c90e3b0fb1",
        "component_id": "88afd3d1-6da3-496a-ac81-669a47256d34",
        "value": 15.2,
        "timestamp_measured": "2019-04-28T11:00:00+00:00",
        "import_log_id": "c815e638-3746-4abf-891c-28d5f7248009",
        "rating": 2,
        "status": "validated"
    },
    {
        "id": "286f69d2-dd48-4950-bbed-fa2a90465ed2",
        "station_id": "999d00d8-1e11-4f23-8b12-84c90e3b0fb1",
        "component_id": "88afd3d1-6da3-496a-ac81-669a47256d34",
        "value": 13.05,
        "timestamp_measured": "2019-04-28T12:00:00+00:00",
        "import_log_id": "c815e638-3746-4abf-891c-28d5f7248009",
        "rating": 2,
        "status": "validated"
    },
    {
        "id": "47c5aaf5-c94e-41cf-a8c2-b3cdc7dfa8dd",
        "station_id": "999d00d8-1e11-4f23-8b12-84c90e3b0fb1",
        "component_id": "88afd3d1-6da3-496a-ac81-669a47256d34",
        "value": 11.64,
        "timestamp_measured": "2019-04-28T13:00:00+00:00",
        "import_log_id": "c815e638-3746-4abf-891c-28d5f7248009",
        "rating": 2,
        "status": "validated"
    },
    {
        "id": "f96ae7a9-1ae0-47e3-8d6b-79985df8b2f8",
        "station_id": "999d00d8-1e11-4f23-8b12-84c90e3b0fb1",
        "component_id": "88afd3d1-6da3-496a-ac81-669a47256d34",
        "value": 12.15,
        "timestamp_measured": "2019-04-28T14:00:00+00:00",
        "import_log_id": "c815e638-3746-4abf-891c-28d5f7248009",
        "rating": 2,
        "status": "validated"
    },
    {
        "id": "93aba011-6f9d-47c9-a49e-53aaf08cc68c",
        "station_id": "999d00d8-1e11-4f23-8b12-84c90e3b0fb1",
        "component_id": "88afd3d1-6da3-496a-ac81-669a47256d34",
        "value": 9.39,
        "timestamp_measured": "2019-04-28T15:00:00+00:00",
        "import_log_id": "c815e638-3746-4abf-891c-28d5f7248009",
        "rating": 1,
        "status": "validated"
    },
    {
        "id": "89d36930-1030-415b-a6b5-0f039ade34ae",
        "station_id": "999d00d8-1e11-4f23-8b12-84c90e3b0fb1",
        "component_id": "88afd3d1-6da3-496a-ac81-669a47256d34",
        "value": 10.63,
        "timestamp_measured": "2019-04-28T16:00:00+00:00",
        "import_log_id": "c815e638-3746-4abf-891c-28d5f7248009",
        "rating": 2,
        "status": "validated"
    },
    {
        "id": "32a6b0a7-409f-42ab-b741-5655229c9bb8",
        "station_id": "999d00d8-1e11-4f23-8b12-84c90e3b0fb1",
        "component_id": "88afd3d1-6da3-496a-ac81-669a47256d34",
        "value": 14.83,
        "timestamp_measured": "2019-04-28T17:00:00+00:00",
        "import_log_id": "c815e638-3746-4abf-891c-28d5f7248009",
        "rating": 2,
        "status": "validated"
    },
    {
        "id": "066d354b-0d01-47c9-891a-b216e9af5e38",
        "station_id": "999d00d8-1e11-4f23-8b12-84c90e3b0fb1",
        "component_id": "88afd3d1-6da3-496a-ac81-669a47256d34",
        "value": 21.0,
        "timestamp_measured": "2019-04-28T18:00:00+00:00",
        "import_log_id": "c815e638-3746-4abf-891c-28d5f7248009",
        "rating": 3,
        "status": "validated"
    },
    {
        "id": "b181108d-c632-4eaf-9ecf-fee5a0e862be",
        "station_id": "999d00d8-1e11-4f23-8b12-84c90e3b0fb1",
        "component_id": "88afd3d1-6da3-496a-ac81-669a47256d34",
        "value": 32.29,
        "timestamp_measured": "2019-04-28T19:00:00+00:00",
        "import_log_id": "c815e638-3746-4abf-891c-28d5f7248009",
        "rating": 4,
        "status": "validated"
    },
    {
        "id": "295dadb7-406c-4ba3-a9d8-97aaa041e660",
        "station_id": "999d00d8-1e11-4f23-8b12-84c90e3b0fb1",
        "component_id": "88afd3d1-6da3-496a-ac81-669a47256d34",
        "value": 39.55,
        "timestamp_measured": "2019-04-28T20:00:00+00:00",
        "import_log_id": "c815e638-3746-4abf-891c-28d5f7248009",
        "rating": 4,
        "status": "validated"
    },
    {
        "id": "155d979f-a5b6-4990-8a00-f94cae6b2fb5",
        "station_id": "999d00d8-1e11-4f23-8b12-84c90e3b0fb1",
        "component_id": "88afd3d1-6da3-496a-ac81-669a47256d34",
        "value": 56.81,
        "timestamp_measured": "2019-04-28T21:00:00+00:00",
        "import_log_id": "c815e638-3746-4abf-891c-28d5f7248009",
        "rating": 5,
        "status": "validated"
    },
    {
        "id": "42adbdf3-f7b0-49d6-9995-210a1c3ed741",
        "station_id": "999d00d8-1e11-4f23-8b12-84c90e3b0fb1",
        "component_id": "88afd3d1-6da3-496a-ac81-669a47256d34",
        "value": -999.0,
        "timestamp_measured": "2019-04-28T22:00:00+00:00",
        "import_log_id": "c815e638-3746-4abf-891c-28d5f7248009",
        "rating": -999,
        "status": "unvalidated"
    }
]