[
    {
        "id": "3de38ded-38fa-47dd-92de-827cdbddf577",
        "station_id": "52f44218-4381-4f0c-a43d-9c7061577e1d",
        "component_id": "88afd3d1-6da3-496a-ac81-669a47256d34",
        "value": 34.0,
        "timestamp_measured": "2020-04-05T22:00:00+00:00",
        "import_log_id": "943725ad-43e2-443b-a7d9-1221103c2b9a",
        "rating": 4,
        "status": "validated"
    },
    {
        "id": "a67e476f-ef85-4926-b3aa-f881e2d4521c",
        "station_id": "52f44218-4381-4f0c-a43d-9c7061577e1d",
        "component_id": "88afd3d1-6da3-496a-ac81-669a47256d34",
        "value": 46.4,
        "timestamp_measured": "2020-04-05T23:00:00+00:00",
        "import_log_id": "943725ad-43e2-443b-a7d9-1221103c2b9a",
        "rating": 5,
        "status": "validated"
    },
    {
        "id": "253d5df6-1fb5-40fd-9abc-ddbb2f595f65",
        "station_id": "52f44218-4381-4f0c-a43d-9c7061577e1d",
        "component_id": "88afd3d1-6da3-496a-ac81-669a47256d34",
        "value": 65.1,
        "timestamp_measured": "2020-04-06T00:00:00+00:00",
        "import_log_id": "395a0435-5ebb-4910-8b68-a3dbbba04830",
        "rating": 6,
        "status": "validated"
    },
    {
        "id": "0d35e625-1686-4814-a77e-032af73ab50c",
        "station_id": "52f44218-4381-4f0c-a43d-9c7061577e1d",
        "component_id": "88afd3d1-6da3-496a-ac81-669a47256d34",
        "value": 38.4,
        "timestamp_measured": "2020-04-06T01:00:00+00:00",
        "import_log_id": "395a0435-5ebb-4910-8b68-a3dbbba04830",
        "rating": 4,
        "status": "validated"
    },
    {
        "id": "cafe03b8-662d-4b43-9392-0e75e52896c8",
        "station_id": "52f44218-4381-4f0c-a43d-9c7061577e1d",
        "component_id": "88afd3d1-6da3-496a-ac81-669a47256d34",
        "value": 19.7,
        "timestamp_measured": "2020-04-06T02:00:00+00:00",
        "import_log_id": "395a0435-5ebb-4910-8b68-a3dbbba04830",
        "rating": 2,
        "status": "validated"
    },
    {
        "id": "52122dd0-8c07-45f3-a21b-810b20e89625",
        "station_id": "52f44218-4381-4f0c-a43d-9c7061577e1d",
        "component_id": "88afd3d1-6da3-496a-ac81-669a47256d34",
        "value": 50.2,
        "timestamp_measured": "2020-04-06T03:00:00+00:00",
        "import_log_id": "395a0435-5ebb-4910-8b68-a3dbbba04830",
        "rating": 5,
        "status": "validated"
    },
    {
        "id": "21827004-141b-499f-b1cb-106c886169f7",
        "station_id": "52f44218-4381-4f0c-a43d-9c7061577e1d",
        "component_id": "88afd3d1-6da3-496a-ac81-669a47256d34",
        "value": 31.7,
        "timestamp_measured": "2020-04-06T04:00:00+00:00",
        "import_log_id": "395a0435-5ebb-4910-8b68-a3dbbba04830",
        "rating": 4,
        "status": "validated"
    },
    {
        "id": "8646b7f9-7960-451f-a2f7-26fd4e5ad552",
        "station_id": "52f44218-4381-4f0c-a43d-9c7061577e1d",
        "component_id": "88afd3d1-6da3-496a-ac81-669a47256d34",
        "value": 54.4,
        "timestamp_measured": "2020-04-06T05:00:00+00:00",
        "import_log_id": "395a0435-5ebb-4910-8b68-a3dbbba04830",
        "rating": 5,
        "status": "validated"
    },
    {
        "id": "8d38408c-5376-4323-853e-9b28a6ea5972",
        "station_id": "52f44218-4381-4f0c-a43d-9c7061577e1d",
        "component_id": "88afd3d1-6da3-496a-ac81-669a47256d34",
        "value": 52.5,
        "timestamp_measured": "2020-04-06T06:00:00+00:00",
        "import_log_id": "395a0435-5ebb-4910-8b68-a3dbbba04830",
        "rating": 5,
        "status": "validated"
    },
    {
        "id": "b9067ddd-f4cd-44d5-84b5-0b3aec988156",
        "station_id": "52f44218-4381-4f0c-a43d-9c7061577e1d",
        "component_id": "88afd3d1-6da3-496a-ac81-669a47256d34",
        "value": 61.3,
        "timestamp_measured": "2020-04-06T07:00:00+00:00",
        "import_log_id": "395a0435-5ebb-4910-8b68-a3dbbba04830",
        "rating": 6,
        "status": "validated"
    },
    {
        "id": "2d1506f9-7651-44eb-8f72-8256086466f3",
        "station_id": "52f44218-4381-4f0c-a43d-9c7061577e1d",
        "component_id": "88afd3d1-6da3-496a-ac81-669a47256d34",
        "value": 46.8,
        "timestamp_measured": "2020-04-06T08:00:00+00:00",
        "import_log_id": "395a0435-5ebb-4910-8b68-a3dbbba04830",
        "rating": 5,
        "status": "validated"
    },
    {
        "id": "6b79bc49-6226-48c9-a69f-65b7f9e10849",
        "station_id": "52f44218-4381-4f0c-a43d-9c7061577e1d",
        "component_id": "88afd3d1-6da3-496a-ac81-669a47256d34",
        "value": 33.4,
        "timestamp_measured": "2020-04-06T09:00:00+00:00",
        "import_log_id": "395a0435-5ebb-4910-8b68-a3dbbba04830",
        "rating": 4,
        "status": "validated"
    },
    {
        "id": "969e79a0-aa03-4cb6-a94b-02ea9244447f",
        "station_id": "52f44218-4381-4f0c-a43d-9c7061577e1d",
        "component_id": "88afd3d1-6da3-496a-ac81-669a47256d34",
        "value": 25.8,
        "timestamp_measured": "2020-04-06T10:00:00+00:00",
        "import_log_id": "395a0435-5ebb-4910-8b68-a3dbbba04830",
        "rating": 3,
        "status": "validated"
    },
    {
        "id": "7549affc-35bb-4207-ac47-9432f3af45d0",
        "station_id": "52f44218-4381-4f0c-a43d-9c7061577e1d",
        "component_id": "88afd3d1-6da3-496a-ac81-669a47256d34",
        "value": 20.6,
        "timestamp_measured": "2020-04-06T11:00:00+00:00",
        "import_log_id": "395a0435-5ebb-4910-8b68-a3dbbba04830",
        "rating": 3,
        "status": "validated"
    },
    {
        "id": "36537994-afc7-4389-8606-0606198440c5",
        "station_id": "52f44218-4381-4f0c-a43d-9c7061577e1d",
        "component_id": "88afd3d1-6da3-496a-ac81-669a47256d34",
        "value": 20.1,
        "timestamp_measured": "2020-04-06T12:00:00+00:00",
        "import_log_id": "395a0435-5ebb-4910-8b68-a3dbbba04830",
        "rating": 3,
        "status": "validated"
    },
    {
        "id": "490378c0-ed5d-46db-afaa-93798c8b11fe",
        "station_id": "52f44218-4381-4f0c-a43d-9c7061577e1d",
        "component_id": "88afd3d1-6da3-496a-ac81-669a47256d34",
        "value": 27.9,
        "timestamp_measured": "2020-04-06T13:00:00+00:00",
        "import_log_id": "395a0435-5ebb-4910-8b68-a3dbbba04830",
        "rating": 3,
        "status": "validated"
    },
    {
        "id": "6b9168e8-6c2b-4d4b-b5f4-77b0a2741dd9",
        "station_id": "52f44218-4381-4f0c-a43d-9c7061577e1d",
        "component_id": "88afd3d1-6da3-496a-ac81-669a47256d34",
        "value": 22.2,
        "timestamp_measured": "2020-04-06T14:00:00+00:00",
        "import_log_id": "395a0435-5ebb-4910-8b68-a3dbbba04830",
        "rating": 3,
        "status": "validated"
    },
    {
        "id": "247760a1-9a77-4f78-9d94-d94862b7b673",
        "station_id": "52f44218-4381-4f0c-a43d-9c7061577e1d",
        "component_id": "88afd3d1-6da3-496a-ac81-669a47256d34",
        "value": 17.6,
        "timestamp_measured": "2020-04-06T15:00:00+00:00",
        "import_log_id": "395a0435-5ebb-4910-8b68-a3dbbba04830",
        "rating": 2,
        "status": "validated"
    },
    {
        "id": "19fbadbb-5358-41f9-aba0-74c02818a593",
        "station_id": "52f44218-4381-4f0c-a43d-9c7061577e1d",
        "component_id": "88afd3d1-6da3-496a-ac81-669a47256d34",
        "value": 25.2,
        "timestamp_measured": "2020-04-06T16:00:00+00:00",
        "import_log_id": "395a0435-5ebb-4910-8b68-a3dbbba04830",
        "rating": 3,
        "status": "validated"
    },
    {
        "id": "d1512c97-f630-471d-acac-38dd4de306df",
        "station_id": "52f44218-4381-4f0c-a43d-9c7061577e1d",
        "component_id": "88afd3d1-6da3-496a-ac81-669a47256d34",
        "value": 37.2,
        "timestamp_measured": "2020-04-06T17:00:00+00:00",
        "import_log_id": "395a0435-5ebb-4910-8b68-a3dbbba04830",
        "rating": 4,
        "status": "validated"
    },
    {
        "id": "fbc1bac7-cd54-40a7-9f7c-a4a18114fc1a",
        "station_id": "52f44218-4381-4f0c-a43d-9c7061577e1d",
        "component_id": "88afd3d1-6da3-496a-ac81-669a47256d34",
        "value": 29.4,
        "timestamp_measured": "2020-04-06T18:00:00+00:00",
        "import_log_id": "395a0435-5ebb-4910-8b68-a3dbbba04830",
        "rating": 3,
        "status": "validated"
    },
    {
        "id": "52c90e92-43c4-40fa-8fde-eb8c665ca6a8",
        "station_id": "52f44218-4381-4f0c-a43d-9c7061577e1d",
        "component_id": "88afd3d1-6da3-496a-ac81-669a47256d34",
        "value": 18.1,
        "timestamp_measured": "2020-04-06T19:00:00+00:00",
        "import_log_id": "395a0435-5ebb-4910-8b68-a3dbbba04830",
        "rating": 2,
        "status": "validated"
    },
    {
        "id": "4a79efb9-2351-4449-8611-8716f20c478e",
        "station_id": "52f44218-4381-4f0c-a43d-9c7061577e1d",
        "component_id": "88afd3d1-6da3-496a-ac81-669a47256d34",
        "value": 27.1,
        "timestamp_measured": "2020-04-06T20:00:00+00:00",
        "import_log_id": "395a0435-5ebb-4910-8b68-a3dbbba04830",
        "rating": 3,
        "status": "validated"
    },
    {
        "id": "7f991ed2-8793-466e-a794-6e0dcb1f94e1",
        "station_id": "52f44218-4381-4f0c-a43d-9c7061577e1d",
        "component_id": "88afd3d1-6da3-496a-ac81-669a47256d34",
        "value": 33.4,
        "timestamp_measured": "2020-04-06T21:00:00+00:00",
        "import_log_id": "395a0435-5ebb-4910-8b68-a3dbbba04830",
        "rating": 4,
        "status": "validated"
    },
    {
        "id": "8c5fd255-1b40-47cc-af13-9a687cc3d1ac",
        "station_id": "52f44218-4381-4f0c-a43d-9c7061577e1d",
        "component_id": "88afd3d1-6da3-496a-ac81-669a47256d34",
        "value": 16.2,
        "timestamp_measured": "2020-04-06T22:00:00+00:00",
        "import_log_id": "395a0435-5ebb-4910-8b68-a3dbbba04830",
        "rating": 2,
        "status": "validated"
    },
    {
        "id": "f7963200-5f46-4b0d-a12e-1ca847bb5637",
        "station_id": "52f44218-4381-4f0c-a43d-9c7061577e1d",
        "component_id": "88afd3d1-6da3-496a-ac81-669a47256d34",
        "value": 20.8,
        "timestamp_measured": "2020-04-06T23:00:00+00:00",
        "import_log_id": "395a0435-5ebb-4910-8b68-a3dbbba04830",
        "rating": 3,
        "status": "validated"
    },
    {
        "id": "53df2d78-4468-4447-85e4-a159193ed69a",
        "station_id": "52f44218-4381-4f0c-a43d-9c7061577e1d",
        "component_id": "88afd3d1-6da3-496a-ac81-669a47256d34",
        "value": 27.7,
        "timestamp_measured": "2020-04-07T00:00:00+00:00",
        "import_log_id": "b513375c-b912-44b8-9d44-163736104792",
        "rating": 3,
        "status": "validated"
    },
    {
        "id": "0cdf807d-2818-4cf1-ad6a-16d7e7b0fb17",
        "station_id": "52f44218-4381-4f0c-a43d-9c7061577e1d",
        "component_id": "88afd3d1-6da3-496a-ac81-669a47256d34",
        "value": 56.0,
        "timestamp_measured": "2020-04-07T01:00:00+00:00",
        "import_log_id": "b513375c-b912-44b8-9d44-163736104792",
        "rating": 5,
        "status": "validated"
    },
    {
        "id": "d68ff35c-27f2-460b-b240-1289ae0a574f",
        "station_id": "52f44218-4381-4f0c-a43d-9c7061577e1d",
        "component_id": "88afd3d1-6da3-496a-ac81-669a47256d34",
        "value": 75.6,
        "timestamp_measured": "2020-04-07T02:00:00+00:00",
        "import_log_id": "b513375c-b912-44b8-9d44-163736104792",
        "rating": 7,
        "status": "validated"
    },
    {
        "id": "b54ef673-76bb-4b20-9f10-83ca7a5ec950",
        "station_id": "52f44218-4381-4f0c-a43d-9c7061577e1d",
        "component_id": "88afd3d1-6da3-496a-ac81-669a47256d34",
        "value": 68.2,
        "timestamp_measured": "2020-04-07T03:00:00+00:00",
        "import_log_id": "b513375c-b912-44b8-9d44-163736104792",
        "rating": 6,
        "status": "validated"
    },
    {
        "id": "a71b8ceb-2db9-42e0-b60f-95abc7516a75",
        "station_id": "52f44218-4381-4f0c-a43d-9c7061577e1d",
        "component_id": "88afd3d1-6da3-496a-ac81-669a47256d34",
        "value": 65.1,
        "timestamp_measured": "2020-04-07T04:00:00+00:00",
        "import_log_id": "b513375c-b912-44b8-9d44-163736104792",
        "rating": 6,
        "status": "validated"
    },
    {
        "id": "b54977b6-558d-48d9-96d9-1f519f6155d1",
        "station_id": "52f44218-4381-4f0c-a43d-9c7061577e1d",
        "component_id": "88afd3d1-6da3-496a-ac81-669a47256d34",
        "value": 66.1,
        "timestamp_measured": "2020-04-07T05:00:00+00:00",
        "import_log_id": "b513375c-b912-44b8-9d44-163736104792",
        "rating": 6,
        "status": "validated"
    },
    {
        "id": "8f10ee8f-0cfe-478c-ad01-3148e82563b1",
        "station_id": "52f44218-4381-4f0c-a43d-9c7061577e1d",
        "component_id": "88afd3d1-6da3-496a-ac81-669a47256d34",
        "value": 79.1,
        "timestamp_measured": "2020-04-07T06:00:00+00:00",
        "import_log_id": "b513375c-b912-44b8-9d44-163736104792",
        "rating": 7,
        "status": "validated"
    },
    {
        "id": "dc81e891-ac51-439f-a4d3-6afceaba1b18",
        "station_id": "52f44218-4381-4f0c-a43d-9c7061577e1d",
        "component_id": "88afd3d1-6da3-496a-ac81-669a47256d34",
        "value": 76.2,
        "timestamp_measured": "2020-04-07T07:00:00+00:00",
        "import_log_id": "b513375c-b912-44b8-9d44-163736104792",
        "rating": 7,
        "status": "validated"
    },
    {
        "id": "42517f4e-5b21-46b6-af04-b0336b2df910",
        "station_id": "52f44218-4381-4f0c-a43d-9c7061577e1d",
        "component_id": "88afd3d1-6da3-496a-ac81-669a47256d34",
        "value": 67.8,
        "timestamp_measured": "2020-04-07T08:00:00+00:00",
        "import_log_id": "b513375c-b912-44b8-9d44-163736104792",
        "rating": 6,
        "status": "validated"
    },
    {
        "id": "4964cb91-b7fe-4220-9f9f-9b91d94f97f3",
        "station_id": "52f44218-4381-4f0c-a43d-9c7061577e1d",
        "component_id": "88afd3d1-6da3-496a-ac81-669a47256d34",
        "value": 40.9,
        "timestamp_measured": "2020-04-07T09:00:00+00:00",
        "import_log_id": "b513375c-b912-44b8-9d44-163736104792",
        "rating": 4,
        "status": "validated"
    },
    {
        "id": "6dc7e61e-5584-4a30-9ccf-df27ecd410b6",
        "station_id": "52f44218-4381-4f0c-a43d-9c7061577e1d",
        "component_id": "88afd3d1-6da3-496a-ac81-669a47256d34",
        "value": -999.0,
        "timestamp_measured": "2020-04-07T10:00:00+00:00",
        "import_log_id": "12f38b68-669d-4709-bf4a-61bd3185544f",
        "rating": -999,
        "status": "unvalidated"
    },
    {
        "id": "6dc7e61e-5584-4a30-9ccf-df27ecd410b6",
        "station_id": "52f44218-4381-4f0c-a43d-9c7061577e1d",
        "component_id": "88afd3d1-6da3-496a-ac81-669a47256d34",
        "value": -999.0,
        "timestamp_measured": "2020-04-07T11:00:00+00:00",
        "import_log_id": "12f38b68-669d-4709-bf4a-61bd3185544f",
        "rating": -999,
        "status": "unvalidated"
    },
    {
        "id": "6dc7e61e-5584-4a30-9ccf-df27ecd410b6",
        "station_id": "52f44218-4381-4f0c-a43d-9c7061577e1d",
        "component_id": "88afd3d1-6da3-496a-ac81-669a47256d34",
        "value": -999.0,
        "timestamp_measured": "2020-04-07T12:00:00+00:00",
        "import_log_id": "12f38b68-669d-4709-bf4a-61bd3185544f",
        "rating": -999,
        "status": "unvalidated"
    },
    {
        "id": "b25075e6-6fbf-4297-bc92-2516ee4ccd16",
        "station_id": "52f44218-4381-4f0c-a43d-9c7061577e1d",
        "component_id": "88afd3d1-6da3-496a-ac81-669a47256d34",
        "value": 12.2,
        "timestamp_measured": "2020-04-07T13:00:00+00:00",
        "import_log_id": "b513375c-b912-44b8-9d44-163736104792",
        "rating": 2,
        "status": "validated"
    },
    {
        "id": "29e33aca-c508-4c87-a46f-087251f2116c",
        "station_id": "52f44218-4381-4f0c-a43d-9c7061577e1d",
        "component_id": "88afd3d1-6da3-496a-ac81-669a47256d34",
        "value": 12.0,
        "timestamp_measured": "2020-04-07T14:00:00+00:00",
        "import_log_id": "b513375c-b912-44b8-9d44-163736104792",
        "rating": 2,
        "status": "validated"
    },
    {
        "id": "f3a3e06f-aad3-48f6-bd78-378c90d072e2",
        "station_id": "52f44218-4381-4f0c-a43d-9c7061577e1d",
        "component_id": "88afd3d1-6da3-496a-ac81-669a47256d34",
        "value": 12.6,
        "timestamp_measured": "2020-04-07T15:00:00+00:00",
        "import_log_id": "b513375c-b912-44b8-9d44-163736104792",
        "rating": 2,
        "status": "validated"
    },
    {
        "id": "abde822b-1586-4d0c-a48e-0c05fa075fcc",
        "station_id": "52f44218-4381-4f0c-a43d-9c7061577e1d",
        "component_id": "88afd3d1-6da3-496a-ac81-669a47256d34",
        "value": 12.2,
        "timestamp_measured": "2020-04-07T16:00:00+00:00",
        "import_log_id": "b513375c-b912-44b8-9d44-163736104792",
        "rating": 2,
        "status": "validated"
    },
    {
        "id": "381dec72-4f73-4376-a78d-2be900931182",
        "station_id": "52f44218-4381-4f0c-a43d-9c7061577e1d",
        "component_id": "88afd3d1-6da3-496a-ac81-669a47256d34",
        "value": 14.9,
        "timestamp_measured": "2020-04-07T17:00:00+00:00",
        "import_log_id": "b513375c-b912-44b8-9d44-163736104792",
        "rating": 2,
        "status": "validated"
    },
    {
        "id": "7db891a4-3f1b-420b-931a-ce71b0a15474",
        "station_id": "52f44218-4381-4f0c-a43d-9c7061577e1d",
        "component_id": "88afd3d1-6da3-496a-ac81-669a47256d34",
        "value": 12.2,
        "timestamp_measured": "2020-04-07T18:00:00+00:00",
        "import_log_id": "b513375c-b912-44b8-9d44-163736104792",
        "rating": 2,
        "status": "validated"
    },
    {
        "id": "e91a6d80-98c1-4495-b95d-d9965dc39aa4",
        "station_id": "52f44218-4381-4f0c-a43d-9c7061577e1d",
        "component_id": "88afd3d1-6da3-496a-ac81-669a47256d34",
        "value": 17.4,
        "timestamp_measured": "2020-04-07T19:00:00+00:00",
        "import_log_id": "b513375c-b912-44b8-9d44-163736104792",
        "rating": 2,
        "status": "validated"
    },
    {
        "id": "8588d045-e89e-4fc7-989f-27edbb6f3a05",
        "station_id": "52f44218-4381-4f0c-a43d-9c7061577e1d",
        "component_id": "88afd3d1-6da3-496a-ac81-669a47256d34",
        "value": 21.0,
        "timestamp_measured": "2020-04-07T20:00:00+00:00",
        "import_log_id": "b513375c-b912-44b8-9d44-163736104792",
        "rating": 3,
        "status": "validated"
    },
    {
        "id": "1b23aba0-15f8-4ff6-8846-adcc2d11fde6",
        "station_id": "52f44218-4381-4f0c-a43d-9c7061577e1d",
        "component_id": "88afd3d1-6da3-496a-ac81-669a47256d34",
        "value": 21.2,
        "timestamp_measured": "2020-04-07T21:00:00+00:00",
        "import_log_id": "b513375c-b912-44b8-9d44-163736104792",
        "rating": 3,
        "status": "validated"
    },
    {
        "id": "dc37c1c9-5825-4305-92a2-5dbdef61b12b",
        "station_id": "52f44218-4381-4f0c-a43d-9c7061577e1d",
        "component_id": "88afd3d1-6da3-496a-ac81-669a47256d34",
        "value": 22.9,
        "timestamp_measured": "2020-04-07T22:00:00+00:00",
        "import_log_id": "b513375c-b912-44b8-9d44-163736104792",
        "rating": 3,
        "status": "validated"
    },
    {
        "id": "15cf9a53-a20c-4d46-ae48-8e2a3dea4b81",
        "station_id": "52f44218-4381-4f0c-a43d-9c7061577e1d",
        "component_id": "88afd3d1-6da3-496a-ac81-669a47256d34",
        "value": 19.7,
        "timestamp_measured": "2020-04-07T23:00:00+00:00",
        "import_log_id": "b513375c-b912-44b8-9d44-163736104792",
        "rating": 2,
        "status": "validated"
    },
    {
        "id": "5a0b4b62-1d7e-4e66-b941-a71e9489b0bc",
        "station_id": "52f44218-4381-4f0c-a43d-9c7061577e1d",
        "component_id": "88afd3d1-6da3-496a-ac81-669a47256d34",
        "value": 20.6,
        "timestamp_measured": "2020-04-08T00:00:00+00:00",
        "import_log_id": "fd11a449-fa13-4d8e-b7f2-2ddb39c8b38d",
        "rating": 3,
        "status": "validated"
    },
    {
        "id": "586e586e-496c-4d08-96c3-31775ec94fed",
        "station_id": "52f44218-4381-4f0c-a43d-9c7061577e1d",
        "component_id": "88afd3d1-6da3-496a-ac81-669a47256d34",
        "value": 22.2,
        "timestamp_measured": "2020-04-08T01:00:00+00:00",
        "import_log_id": "fd11a449-fa13-4d8e-b7f2-2ddb39c8b38d",
        "rating": 3,
        "status": "validated"
    },
    {
        "id": "beea8774-c9bb-40ba-b125-5152d4c12fbd",
        "station_id": "52f44218-4381-4f0c-a43d-9c7061577e1d",
        "component_id": "88afd3d1-6da3-496a-ac81-669a47256d34",
        "value": 19.1,
        "timestamp_measured": "2020-04-08T02:00:00+00:00",
        "import_log_id": "fd11a449-fa13-4d8e-b7f2-2ddb39c8b38d",
        "rating": 2,
        "status": "validated"
    },
    {
        "id": "7d6946b4-65ca-40d6-ba16-aed031449a64",
        "station_id": "52f44218-4381-4f0c-a43d-9c7061577e1d",
        "component_id": "88afd3d1-6da3-496a-ac81-669a47256d34",
        "value": 28.3,
        "timestamp_measured": "2020-04-08T03:00:00+00:00",
        "import_log_id": "fd11a449-fa13-4d8e-b7f2-2ddb39c8b38d",
        "rating": 3,
        "status": "validated"
    },
    {
        "id": "b2c9462a-373f-41d7-b4e1-fc98efd14fd5",
        "station_id": "52f44218-4381-4f0c-a43d-9c7061577e1d",
        "component_id": "88afd3d1-6da3-496a-ac81-669a47256d34",
        "value": 38.4,
        "timestamp_measured": "2020-04-08T04:00:00+00:00",
        "import_log_id": "fd11a449-fa13-4d8e-b7f2-2ddb39c8b38d",
        "rating": 4,
        "status": "validated"
    },
    {
        "id": "9e1346fa-bc04-4c59-a0e5-80a0ae74c907",
        "station_id": "52f44218-4381-4f0c-a43d-9c7061577e1d",
        "component_id": "88afd3d1-6da3-496a-ac81-669a47256d34",
        "value": 73.3,
        "timestamp_measured": "2020-04-08T05:00:00+00:00",
        "import_log_id": "fd11a449-fa13-4d8e-b7f2-2ddb39c8b38d",
        "rating": 6,
        "status": "validated"
    },
    {
        "id": "f5901431-6b36-4e20-896b-70c55ab733c2",
        "station_id": "52f44218-4381-4f0c-a43d-9c7061577e1d",
        "component_id": "88afd3d1-6da3-496a-ac81-669a47256d34",
        "value": 81.6,
        "timestamp_measured": "2020-04-08T06:00:00+00:00",
        "import_log_id": "fd11a449-fa13-4d8e-b7f2-2ddb39c8b38d",
        "rating": 7,
        "status": "validated"
    },
    {
        "id": "7308fefb-cd47-45db-81d5-227b87cbf086",
        "station_id": "52f44218-4381-4f0c-a43d-9c7061577e1d",
        "component_id": "88afd3d1-6da3-496a-ac81-669a47256d34",
        "value": 80.6,
        "timestamp_measured": "2020-04-08T07:00:00+00:00",
        "import_log_id": "fd11a449-fa13-4d8e-b7f2-2ddb39c8b38d",
        "rating": 7,
        "status": "validated"
    },
    {
        "id": "8f22d3cd-7a67-4d20-a1ef-77179e1b26c7",
        "station_id": "52f44218-4381-4f0c-a43d-9c7061577e1d",
        "component_id": "88afd3d1-6da3-496a-ac81-669a47256d34",
        "value": 70.5,
        "timestamp_measured": "2020-04-08T08:00:00+00:00",
        "import_log_id": "fd11a449-fa13-4d8e-b7f2-2ddb39c8b38d",
        "rating": 6,
        "status": "validated"
    },
    {
        "id": "bc43fcb3-de3e-4010-b213-9d22a97ff3bc",
        "station_id": "52f44218-4381-4f0c-a43d-9c7061577e1d",
        "component_id": "88afd3d1-6da3-496a-ac81-669a47256d34",
        "value": 64.7,
        "timestamp_measured": "2020-04-08T09:00:00+00:00",
        "import_log_id": "fd11a449-fa13-4d8e-b7f2-2ddb39c8b38d",
        "rating": 6,
        "status": "validated"
    },
    {
        "id": "09b8b16c-6405-4da2-acd0-fdf7f6e8ee6d",
        "station_id": "52f44218-4381-4f0c-a43d-9c7061577e1d",
        "component_id": "88afd3d1-6da3-496a-ac81-669a47256d34",
        "value": 61.9,
        "timestamp_measured": "2020-04-08T10:00:00+00:00",
        "import_log_id": "fd11a449-fa13-4d8e-b7f2-2ddb39c8b38d",
        "rating": 6,
        "status": "validated"
    },
    {
        "id": "7f04bfe7-9b6e-45cf-add9-846ee7c8d48c",
        "station_id": "52f44218-4381-4f0c-a43d-9c7061577e1d",
        "component_id": "88afd3d1-6da3-496a-ac81-669a47256d34",
        "value": 45.6,
        "timestamp_measured": "2020-04-08T11:00:00+00:00",
        "import_log_id": "fd11a449-fa13-4d8e-b7f2-2ddb39c8b38d",
        "rating": 5,
        "status": "validated"
    },
    {
        "id": "8427e7e3-b5fc-4cf0-be93-1cd2b4e0e58e",
        "station_id": "52f44218-4381-4f0c-a43d-9c7061577e1d",
        "component_id": "88afd3d1-6da3-496a-ac81-669a47256d34",
        "value": 29.8,
        "timestamp_measured": "2020-04-08T12:00:00+00:00",
        "import_log_id": "fd11a449-fa13-4d8e-b7f2-2ddb39c8b38d",
        "rating": 3,
        "status": "validated"
    },
    {
        "id": "7d254727-ec4a-4e50-95bf-87659ed4fee3",
        "station_id": "52f44218-4381-4f0c-a43d-9c7061577e1d",
        "component_id": "88afd3d1-6da3-496a-ac81-669a47256d34",
        "value": 29.8,
        "timestamp_measured": "2020-04-08T13:00:00+00:00",
        "import_log_id": "fd11a449-fa13-4d8e-b7f2-2ddb39c8b38d",
        "rating": 3,
        "status": "validated"
    },
    {
        "id": "24fb7559-1e1d-47aa-ac60-83e7aa5ae275",
        "station_id": "52f44218-4381-4f0c-a43d-9c7061577e1d",
        "component_id": "88afd3d1-6da3-496a-ac81-669a47256d34",
        "value": 27.7,
        "timestamp_measured": "2020-04-08T14:00:00+00:00",
        "import_log_id": "fd11a449-fa13-4d8e-b7f2-2ddb39c8b38d",
        "rating": 3,
        "status": "validated"
    },
    {
        "id": "e08c08bc-a2ec-43bf-8c64-b4c3229caae3",
        "station_id": "52f44218-4381-4f0c-a43d-9c7061577e1d",
        "component_id": "88afd3d1-6da3-496a-ac81-669a47256d34",
        "value": 35.0,
        "timestamp_measured": "2020-04-08T15:00:00+00:00",
        "import_log_id": "fd11a449-fa13-4d8e-b7f2-2ddb39c8b38d",
        "rating": 4,
        "status": "validated"
    },
    {
        "id": "d5c5e2d2-bad2-4d6b-9eb2-a6f7cfeab702",
        "station_id": "52f44218-4381-4f0c-a43d-9c7061577e1d",
        "component_id": "88afd3d1-6da3-496a-ac81-669a47256d34",
        "value": 32.9,
        "timestamp_measured": "2020-04-08T16:00:00+00:00",
        "import_log_id": "fd11a449-fa13-4d8e-b7f2-2ddb39c8b38d",
        "rating": 4,
        "status": "validated"
    },
    {
        "id": "f2ef7c03-3115-44ae-a907-e961d3c745c6",
        "station_id": "52f44218-4381-4f0c-a43d-9c7061577e1d",
        "component_id": "88afd3d1-6da3-496a-ac81-669a47256d34",
        "value": 29.4,
        "timestamp_measured": "2020-04-08T17:00:00+00:00",
        "import_log_id": "fd11a449-fa13-4d8e-b7f2-2ddb39c8b38d",
        "rating": 3,
        "status": "validated"
    },
    {
        "id": "63102af9-4adc-432e-a50e-9523495c9abf",
        "station_id": "52f44218-4381-4f0c-a43d-9c7061577e1d",
        "component_id": "88afd3d1-6da3-496a-ac81-669a47256d34",
        "value": 29.0,
        "timestamp_measured": "2020-04-08T18:00:00+00:00",
        "import_log_id": "fd11a449-fa13-4d8e-b7f2-2ddb39c8b38d",
        "rating": 3,
        "status": "validated"
    },
    {
        "id": "b5103ca0-e9be-409e-a4a7-daf20d716977",
        "station_id": "52f44218-4381-4f0c-a43d-9c7061577e1d",
        "component_id": "88afd3d1-6da3-496a-ac81-669a47256d34",
        "value": 33.8,
        "timestamp_measured": "2020-04-08T19:00:00+00:00",
        "import_log_id": "fd11a449-fa13-4d8e-b7f2-2ddb39c8b38d",
        "rating": 4,
        "status": "validated"
    },
    {
        "id": "68c01f31-d405-4518-a9ce-c738bdcf3d5f",
        "station_id": "52f44218-4381-4f0c-a43d-9c7061577e1d",
        "component_id": "88afd3d1-6da3-496a-ac81-669a47256d34",
        "value": 43.7,
        "timestamp_measured": "2020-04-08T20:00:00+00:00",
        "import_log_id": "fd11a449-fa13-4d8e-b7f2-2ddb39c8b38d",
        "rating": 4,
        "status": "validated"
    },
    {
        "id": "be8cf0bd-c588-4445-b985-de47d8fe4c37",
        "station_id": "52f44218-4381-4f0c-a43d-9c7061577e1d",
        "component_id": "88afd3d1-6da3-496a-ac81-669a47256d34",
        "value": 49.5,
        "timestamp_measured": "2020-04-08T21:00:00+00:00",
        "import_log_id": "fd11a449-fa13-4d8e-b7f2-2ddb39c8b38d",
        "rating": 5,
        "status": "validated"
    },
    {
        "id": "af8934dd-8d32-4ace-b31d-9c785f309590",
        "station_id": "52f44218-4381-4f0c-a43d-9c7061577e1d",
        "component_id": "88afd3d1-6da3-496a-ac81-669a47256d34",
        "value": 51.8,
        "timestamp_measured": "2020-04-08T22:00:00+00:00",
        "import_log_id": "fd11a449-fa13-4d8e-b7f2-2ddb39c8b38d",
        "rating": 5,
        "status": "validated"
    },
    {
        "id": "00d593f3-7513-4366-9843-0c1cc867e623",
        "station_id": "52f44218-4381-4f0c-a43d-9c7061577e1d",
        "component_id": "88afd3d1-6da3-496a-ac81-669a47256d34",
        "value": 27.7,
        "timestamp_measured": "2020-04-08T23:00:00+00:00",
        "import_log_id": "fd11a449-fa13-4d8e-b7f2-2ddb39c8b38d",
        "rating": 3,
        "status": "validated"
    },
    {
        "id": "ff58b1b5-3f43-4244-bbd6-09ce88ca3f7c",
        "station_id": "52f44218-4381-4f0c-a43d-9c7061577e1d",
        "component_id": "88afd3d1-6da3-496a-ac81-669a47256d34",
        "value": 21.0,
        "timestamp_measured": "2020-04-09T00:00:00+00:00",
        "import_log_id": "9c6ef5bc-806a-4e24-9022-44999dd6eeb1",
        "rating": 3,
        "status": "validated"
    },
    {
        "id": "f5622d14-9db6-4ec2-9feb-fdd81dac6356",
        "station_id": "52f44218-4381-4f0c-a43d-9c7061577e1d",
        "component_id": "88afd3d1-6da3-496a-ac81-669a47256d34",
        "value": 27.9,
        "timestamp_measured": "2020-04-09T01:00:00+00:00",
        "import_log_id": "9c6ef5bc-806a-4e24-9022-44999dd6eeb1",
        "rating": 3,
        "status": "validated"
    },
    {
        "id": "744819d6-3758-4aa7-92ee-6842d9759075",
        "station_id": "52f44218-4381-4f0c-a43d-9c7061577e1d",
        "component_id": "88afd3d1-6da3-496a-ac81-669a47256d34",
        "value": 28.3,
        "timestamp_measured": "2020-04-09T02:00:00+00:00",
        "import_log_id": "9c6ef5bc-806a-4e24-9022-44999dd6eeb1",
        "rating": 3,
        "status": "validated"
    },
    {
        "id": "cf1b779d-2d88-4d3d-a7d1-8398d700130d",
        "station_id": "52f44218-4381-4f0c-a43d-9c7061577e1d",
        "component_id": "88afd3d1-6da3-496a-ac81-669a47256d34",
        "value": 30.0,
        "timestamp_measured": "2020-04-09T03:00:00+00:00",
        "import_log_id": "9c6ef5bc-806a-4e24-9022-44999dd6eeb1",
        "rating": 4,
        "status": "validated"
    },
    {
        "id": "cf243172-936c-47ec-85db-72853c2a7764",
        "station_id": "52f44218-4381-4f0c-a43d-9c7061577e1d",
        "component_id": "88afd3d1-6da3-496a-ac81-669a47256d34",
        "value": 40.9,
        "timestamp_measured": "2020-04-09T04:00:00+00:00",
        "import_log_id": "9c6ef5bc-806a-4e24-9022-44999dd6eeb1",
        "rating": 4,
        "status": "validated"
    },
    {
        "id": "e88fcf85-cc89-40f3-a557-3abe2ae15398",
        "station_id": "52f44218-4381-4f0c-a43d-9c7061577e1d",
        "component_id": "88afd3d1-6da3-496a-ac81-669a47256d34",
        "value": 65.5,
        "timestamp_measured": "2020-04-09T05:00:00+00:00",
        "import_log_id": "9c6ef5bc-806a-4e24-9022-44999dd6eeb1",
        "rating": 6,
        "status": "validated"
    },
    {
        "id": "82fd77de-1dd5-4c8d-ab95-4fd317e93b48",
        "station_id": "52f44218-4381-4f0c-a43d-9c7061577e1d",
        "component_id": "88afd3d1-6da3-496a-ac81-669a47256d34",
        "value": 78.1,
        "timestamp_measured": "2020-04-09T06:00:00+00:00",
        "import_log_id": "9c6ef5bc-806a-4e24-9022-44999dd6eeb1",
        "rating": 7,
        "status": "validated"
    },
    {
        "id": "d86356c0-7616-4064-a387-09b3c233901b",
        "station_id": "52f44218-4381-4f0c-a43d-9c7061577e1d",
        "component_id": "88afd3d1-6da3-496a-ac81-669a47256d34",
        "value": 87.7,
        "timestamp_measured": "2020-04-09T07:00:00+00:00",
        "import_log_id": "9c6ef5bc-806a-4e24-9022-44999dd6eeb1",
        "rating": 7,
        "status": "validated"
    },
    {
        "id": "364c390a-b7fe-46d9-acda-22a5c1f28151",
        "station_id": "52f44218-4381-4f0c-a43d-9c7061577e1d",
        "component_id": "88afd3d1-6da3-496a-ac81-669a47256d34",
        "value": 62.8,
        "timestamp_measured": "2020-04-09T08:00:00+00:00",
        "import_log_id": "9c6ef5bc-806a-4e24-9022-44999dd6eeb1",
        "rating": 6,
        "status": "validated"
    },
    {
        "id": "e62ada62-d8b8-45b4-85f9-9075d3919fe0",
        "station_id": "52f44218-4381-4f0c-a43d-9c7061577e1d",
        "component_id": "88afd3d1-6da3-496a-ac81-669a47256d34",
        "value": 38.6,
        "timestamp_measured": "2020-04-09T09:00:00+00:00",
        "import_log_id": "9c6ef5bc-806a-4e24-9022-44999dd6eeb1",
        "rating": 4,
        "status": "validated"
    },
    {
        "id": "be1bcba9-7e28-44f0-aa24-f22ab649a573",
        "station_id": "52f44218-4381-4f0c-a43d-9c7061577e1d",
        "component_id": "88afd3d1-6da3-496a-ac81-669a47256d34",
        "value": 35.1,
        "timestamp_measured": "2020-04-09T10:00:00+00:00",
        "import_log_id": "9c6ef5bc-806a-4e24-9022-44999dd6eeb1",
        "rating": 4,
        "status": "validated"
    },
    {
        "id": "5ef71beb-2333-4705-b4e6-7bb587e0cc09",
        "station_id": "52f44218-4381-4f0c-a43d-9c7061577e1d",
        "component_id": "88afd3d1-6da3-496a-ac81-669a47256d34",
        "value": 21.4,
        "timestamp_measured": "2020-04-09T11:00:00+00:00",
        "import_log_id": "9c6ef5bc-806a-4e24-9022-44999dd6eeb1",
        "rating": 3,
        "status": "validated"
    },
    {
        "id": "ff025056-0eeb-42d6-9cc6-f6b9f841b0aa",
        "station_id": "52f44218-4381-4f0c-a43d-9c7061577e1d",
        "component_id": "88afd3d1-6da3-496a-ac81-669a47256d34",
        "value": 18.0,
        "timestamp_measured": "2020-04-09T12:00:00+00:00",
        "import_log_id": "9c6ef5bc-806a-4e24-9022-44999dd6eeb1",
        "rating": 2,
        "status": "validated"
    },
    {
        "id": "73b8a069-c9e8-4a35-b9dc-e0d53c1bbfd1",
        "station_id": "52f44218-4381-4f0c-a43d-9c7061577e1d",
        "component_id": "88afd3d1-6da3-496a-ac81-669a47256d34",
        "value": 17.6,
        "timestamp_measured": "2020-04-09T13:00:00+00:00",
        "import_log_id": "9c6ef5bc-806a-4e24-9022-44999dd6eeb1",
        "rating": 2,
        "status": "validated"
    },
    {
        "id": "27bf068d-10f5-4fd2-a905-297b71d3c2d2",
        "station_id": "52f44218-4381-4f0c-a43d-9c7061577e1d",
        "component_id": "88afd3d1-6da3-496a-ac81-669a47256d34",
        "value": 19.3,
        "timestamp_measured": "2020-04-09T14:00:00+00:00",
        "import_log_id": "9c6ef5bc-806a-4e24-9022-44999dd6eeb1",
        "rating": 2,
        "status": "validated"
    },
    {
        "id": "ee4fa3ba-d1b6-4f99-b0cf-d4117b0a7359",
        "station_id": "52f44218-4381-4f0c-a43d-9c7061577e1d",
        "component_id": "88afd3d1-6da3-496a-ac81-669a47256d34",
        "value": 21.2,
        "timestamp_measured": "2020-04-09T15:00:00+00:00",
        "import_log_id": "9c6ef5bc-806a-4e24-9022-44999dd6eeb1",
        "rating": 3,
        "status": "validated"
    },
    {
        "id": "9b051a3b-711e-458a-b5cf-339988b59e2a",
        "station_id": "52f44218-4381-4f0c-a43d-9c7061577e1d",
        "component_id": "88afd3d1-6da3-496a-ac81-669a47256d34",
        "value": 20.2,
        "timestamp_measured": "2020-04-09T16:00:00+00:00",
        "import_log_id": "9c6ef5bc-806a-4e24-9022-44999dd6eeb1",
        "rating": 3,
        "status": "validated"
    },
    {
        "id": "08146a9c-168c-40c5-94f4-4e9e5cc64f01",
        "station_id": "52f44218-4381-4f0c-a43d-9c7061577e1d",
        "component_id": "88afd3d1-6da3-496a-ac81-669a47256d34",
        "value": 17.2,
        "timestamp_measured": "2020-04-09T17:00:00+00:00",
        "import_log_id": "9c6ef5bc-806a-4e24-9022-44999dd6eeb1",
        "rating": 2,
        "status": "validated"
    },
    {
        "id": "203e2bd1-5823-4245-89f9-82a2ffd403d2",
        "station_id": "52f44218-4381-4f0c-a43d-9c7061577e1d",
        "component_id": "88afd3d1-6da3-496a-ac81-669a47256d34",
        "value": 20.4,
        "timestamp_measured": "2020-04-09T18:00:00+00:00",
        "import_log_id": "9c6ef5bc-806a-4e24-9022-44999dd6eeb1",
        "rating": 3,
        "status": "validated"
    },
    {
        "id": "d5966251-d271-45d9-88f2-a4b7da7759ce",
        "station_id": "52f44218-4381-4f0c-a43d-9c7061577e1d",
        "component_id": "88afd3d1-6da3-496a-ac81-669a47256d34",
        "value": 24.1,
        "timestamp_measured": "2020-04-09T19:00:00+00:00",
        "import_log_id": "9c6ef5bc-806a-4e24-9022-44999dd6eeb1",
        "rating": 3,
        "status": "validated"
    },
    {
        "id": "2bce2843-6c74-49c6-8731-f0e49ecefe6f",
        "station_id": "52f44218-4381-4f0c-a43d-9c7061577e1d",
        "component_id": "88afd3d1-6da3-496a-ac81-669a47256d34",
        "value": 21.0,
        "timestamp_measured": "2020-04-09T20:00:00+00:00",
        "import_log_id": "9c6ef5bc-806a-4e24-9022-44999dd6eeb1",
        "rating": 3,
        "status": "validated"
    },
    {
        "id": "cdbc255c-d55d-41e7-9abe-ab7e7e8514a2",
        "station_id": "52f44218-4381-4f0c-a43d-9c7061577e1d",
        "component_id": "88afd3d1-6da3-496a-ac81-669a47256d34",
        "value": 25.2,
        "timestamp_measured": "2020-04-09T21:00:00+00:00",
        "import_log_id": "9c6ef5bc-806a-4e24-9022-44999dd6eeb1",
        "rating": 3,
        "status": "validated"
    },
    {
        "id": "a651fb02-f155-435c-878d-4da76c751621",
        "station_id": "52f44218-4381-4f0c-a43d-9c7061577e1d",
        "component_id": "88afd3d1-6da3-496a-ac81-669a47256d34",
        "value": 17.6,
        "timestamp_measured": "2020-04-09T22:00:00+00:00",
        "import_log_id": "9c6ef5bc-806a-4e24-9022-44999dd6eeb1",
        "rating": 2,
        "status": "validated"
    },
    {
        "id": "8e184b96-82a0-4090-9556-a203a24b0bb8",
        "station_id": "52f44218-4381-4f0c-a43d-9c7061577e1d",
        "component_id": "88afd3d1-6da3-496a-ac81-669a47256d34",
        "value": 14.5,
        "timestamp_measured": "2020-04-09T23:00:00+00:00",
        "import_log_id": "9c6ef5bc-806a-4e24-9022-44999dd6eeb1",
        "rating": 2,
        "status": "validated"
    },
    {
        "id": "7af8d55a-a133-4a69-9983-0bcf6a09deff",
        "station_id": "52f44218-4381-4f0c-a43d-9c7061577e1d",
        "component_id": "88afd3d1-6da3-496a-ac81-669a47256d34",
        "value": 13.0,
        "timestamp_measured": "2020-04-10T00:00:00+00:00",
        "import_log_id": "3886a045-c168-4121-881d-0a6070094877",
        "rating": 2,
        "status": "validated"
    },
    {
        "id": "cef7a1a1-29e4-4318-9584-6c29c8161c54",
        "station_id": "52f44218-4381-4f0c-a43d-9c7061577e1d",
        "component_id": "88afd3d1-6da3-496a-ac81-669a47256d34",
        "value": 10.5,
        "timestamp_measured": "2020-04-10T01:00:00+00:00",
        "import_log_id": "3886a045-c168-4121-881d-0a6070094877",
        "rating": 2,
        "status": "validated"
    },
    {
        "id": "33fdcb42-a19d-4f4a-9438-fa2c9dae6358",
        "station_id": "52f44218-4381-4f0c-a43d-9c7061577e1d",
        "component_id": "88afd3d1-6da3-496a-ac81-669a47256d34",
        "value": 11.8,
        "timestamp_measured": "2020-04-10T02:00:00+00:00",
        "import_log_id": "3886a045-c168-4121-881d-0a6070094877",
        "rating": 2,
        "status": "validated"
    },
    {
        "id": "3a47b95b-e42f-4c22-8e71-f2741d65f515",
        "station_id": "52f44218-4381-4f0c-a43d-9c7061577e1d",
        "component_id": "88afd3d1-6da3-496a-ac81-669a47256d34",
        "value": 14.7,
        "timestamp_measured": "2020-04-10T03:00:00+00:00",
        "import_log_id": "3886a045-c168-4121-881d-0a6070094877",
        "rating": 2,
        "status": "validated"
    },
    {
        "id": "8e0515f5-1fb9-4e63-81a3-653900817ca0",
        "station_id": "52f44218-4381-4f0c-a43d-9c7061577e1d",
        "component_id": "88afd3d1-6da3-496a-ac81-669a47256d34",
        "value": 21.8,
        "timestamp_measured": "2020-04-10T04:00:00+00:00",
        "import_log_id": "3886a045-c168-4121-881d-0a6070094877",
        "rating": 3,
        "status": "validated"
    },
    {
        "id": "ba056d14-a939-481a-a807-8f55d0a24767",
        "station_id": "52f44218-4381-4f0c-a43d-9c7061577e1d",
        "component_id": "88afd3d1-6da3-496a-ac81-669a47256d34",
        "value": 30.8,
        "timestamp_measured": "2020-04-10T05:00:00+00:00",
        "import_log_id": "3886a045-c168-4121-881d-0a6070094877",
        "rating": 4,
        "status": "validated"
    },
    {
        "id": "b31a1dfe-72cd-4199-bcab-97462c9161e0",
        "station_id": "52f44218-4381-4f0c-a43d-9c7061577e1d",
        "component_id": "88afd3d1-6da3-496a-ac81-669a47256d34",
        "value": 35.3,
        "timestamp_measured": "2020-04-10T06:00:00+00:00",
        "import_log_id": "3886a045-c168-4121-881d-0a6070094877",
        "rating": 4,
        "status": "validated"
    },
    {
        "id": "fb64e07c-36e0-4908-a17e-36b5d590b24b",
        "station_id": "52f44218-4381-4f0c-a43d-9c7061577e1d",
        "component_id": "88afd3d1-6da3-496a-ac81-669a47256d34",
        "value": 39.7,
        "timestamp_measured": "2020-04-10T07:00:00+00:00",
        "import_log_id": "3886a045-c168-4121-881d-0a6070094877",
        "rating": 4,
        "status": "validated"
    },
    {
        "id": "2a758319-a6f2-402d-b176-ede820768d1c",
        "station_id": "52f44218-4381-4f0c-a43d-9c7061577e1d",
        "component_id": "88afd3d1-6da3-496a-ac81-669a47256d34",
        "value": 30.8,
        "timestamp_measured": "2020-04-10T08:00:00+00:00",
        "import_log_id": "3886a045-c168-4121-881d-0a6070094877",
        "rating": 4,
        "status": "validated"
    },
    {
        "id": "653308b5-1c19-4e91-a999-f849a620434b",
        "station_id": "52f44218-4381-4f0c-a43d-9c7061577e1d",
        "component_id": "88afd3d1-6da3-496a-ac81-669a47256d34",
        "value": 26.0,
        "timestamp_measured": "2020-04-10T09:00:00+00:00",
        "import_log_id": "3886a045-c168-4121-881d-0a6070094877",
        "rating": 3,
        "status": "validated"
    },
    {
        "id": "6dc7e61e-5584-4a30-9ccf-df27ecd410b6",
        "station_id": "52f44218-4381-4f0c-a43d-9c7061577e1d",
        "component_id": "88afd3d1-6da3-496a-ac81-669a47256d34",
        "value": -999.0,
        "timestamp_measured": "2020-04-10T10:00:00+00:00",
        "import_log_id": "12f38b68-669d-4709-bf4a-61bd3185544f",
        "rating": -999,
        "status": "unvalidated"
    },
    {
        "id": "1cea2daf-2f68-4210-9703-8a45a04cb4cb",
        "station_id": "52f44218-4381-4f0c-a43d-9c7061577e1d",
        "component_id": "88afd3d1-6da3-496a-ac81-669a47256d34",
        "value": 20.8,
        "timestamp_measured": "2020-04-10T11:00:00+00:00",
        "import_log_id": "3886a045-c168-4121-881d-0a6070094877",
        "rating": 3,
        "status": "validated"
    },
    {
        "id": "5a7458ed-8975-48dd-aaf0-4fcea707993d",
        "station_id": "52f44218-4381-4f0c-a43d-9c7061577e1d",
        "component_id": "88afd3d1-6da3-496a-ac81-669a47256d34",
        "value": 22.2,
        "timestamp_measured": "2020-04-10T12:00:00+00:00",
        "import_log_id": "3886a045-c168-4121-881d-0a6070094877",
        "rating": 3,
        "status": "validated"
    },
    {
        "id": "841a0e02-071d-47d6-8f4f-3b51c9cd1e8a",
        "station_id": "52f44218-4381-4f0c-a43d-9c7061577e1d",
        "component_id": "88afd3d1-6da3-496a-ac81-669a47256d34",
        "value": 16.4,
        "timestamp_measured": "2020-04-10T13:00:00+00:00",
        "import_log_id": "3886a045-c168-4121-881d-0a6070094877",
        "rating": 2,
        "status": "validated"
    },
    {
        "id": "f019533e-9e44-4ed8-88ff-96ad308b9865",
        "station_id": "52f44218-4381-4f0c-a43d-9c7061577e1d",
        "component_id": "88afd3d1-6da3-496a-ac81-669a47256d34",
        "value": 15.7,
        "timestamp_measured": "2020-04-10T14:00:00+00:00",
        "import_log_id": "3886a045-c168-4121-881d-0a6070094877",
        "rating": 2,
        "status": "validated"
    },
    {
        "id": "0edf5784-1b17-4476-9d30-4bc8f20011aa",
        "station_id": "52f44218-4381-4f0c-a43d-9c7061577e1d",
        "component_id": "88afd3d1-6da3-496a-ac81-669a47256d34",
        "value": 15.1,
        "timestamp_measured": "2020-04-10T15:00:00+00:00",
        "import_log_id": "3886a045-c168-4121-881d-0a6070094877",
        "rating": 2,
        "status": "validated"
    },
    {
        "id": "d36305a7-8afa-4d80-abb4-1502bd65b3f9",
        "station_id": "52f44218-4381-4f0c-a43d-9c7061577e1d",
        "component_id": "88afd3d1-6da3-496a-ac81-669a47256d34",
        "value": 17.8,
        "timestamp_measured": "2020-04-10T16:00:00+00:00",
        "import_log_id": "3886a045-c168-4121-881d-0a6070094877",
        "rating": 2,
        "status": "validated"
    },
    {
        "id": "4a7a7d1a-814a-4fcc-abf0-b37aace0ffb9",
        "station_id": "52f44218-4381-4f0c-a43d-9c7061577e1d",
        "component_id": "88afd3d1-6da3-496a-ac81-669a47256d34",
        "value": 14.9,
        "timestamp_measured": "2020-04-10T17:00:00+00:00",
        "import_log_id": "3886a045-c168-4121-881d-0a6070094877",
        "rating": 2,
        "status": "validated"
    },
    {
        "id": "75e651f7-2d9b-4c0d-a9fe-a1adcf573f1d",
        "station_id": "52f44218-4381-4f0c-a43d-9c7061577e1d",
        "component_id": "88afd3d1-6da3-496a-ac81-669a47256d34",
        "value": 22.3,
        "timestamp_measured": "2020-04-10T18:00:00+00:00",
        "import_log_id": "3886a045-c168-4121-881d-0a6070094877",
        "rating": 3,
        "status": "validated"
    },
    {
        "id": "0f2da2e0-6ee6-4b7c-ba1d-aa64e59b2ae0",
        "station_id": "52f44218-4381-4f0c-a43d-9c7061577e1d",
        "component_id": "88afd3d1-6da3-496a-ac81-669a47256d34",
        "value": 22.5,
        "timestamp_measured": "2020-04-10T19:00:00+00:00",
        "import_log_id": "3886a045-c168-4121-881d-0a6070094877",
        "rating": 3,
        "status": "validated"
    },
    {
        "id": "7fac6f02-80bc-4a01-8165-1e892d52866e",
        "station_id": "52f44218-4381-4f0c-a43d-9c7061577e1d",
        "component_id": "88afd3d1-6da3-496a-ac81-669a47256d34",
        "value": 21.8,
        "timestamp_measured": "2020-04-10T20:00:00+00:00",
        "import_log_id": "3886a045-c168-4121-881d-0a6070094877",
        "rating": 3,
        "status": "validated"
    },
    {
        "id": "f8ad8a21-523f-43bf-aebf-6eac73b3cf55",
        "station_id": "52f44218-4381-4f0c-a43d-9c7061577e1d",
        "component_id": "88afd3d1-6da3-496a-ac81-669a47256d34",
        "value": 29.0,
        "timestamp_measured": "2020-04-10T21:00:00+00:00",
        "import_log_id": "3886a045-c168-4121-881d-0a6070094877",
        "rating": 3,
        "status": "validated"
    },
    {
        "id": "558b96d4-688e-4162-ba06-42857dcf92c7",
        "station_id": "52f44218-4381-4f0c-a43d-9c7061577e1d",
        "component_id": "88afd3d1-6da3-496a-ac81-669a47256d34",
        "value": 20.1,
        "timestamp_measured": "2020-04-10T22:00:00+00:00",
        "import_log_id": "3886a045-c168-4121-881d-0a6070094877",
        "rating": 3,
        "status": "validated"
    },
    {
        "id": "138cc703-6964-412c-9d9a-623915d45a25",
        "station_id": "52f44218-4381-4f0c-a43d-9c7061577e1d",
        "component_id": "88afd3d1-6da3-496a-ac81-669a47256d34",
        "value": 14.7,
        "timestamp_measured": "2020-04-10T23:00:00+00:00",
        "import_log_id": "3886a045-c168-4121-881d-0a6070094877",
        "rating": 2,
        "status": "validated"
    },
    {
        "id": "e23bd94f-a5bf-40c4-80d2-d995855731ec",
        "station_id": "52f44218-4381-4f0c-a43d-9c7061577e1d",
        "component_id": "88afd3d1-6da3-496a-ac81-669a47256d34",
        "value": 12.0,
        "timestamp_measured": "2020-04-11T00:00:00+00:00",
        "import_log_id": "031070e7-b5d9-4bb9-9c92-8374f0f80835",
        "rating": 2,
        "status": "validated"
    },
    {
        "id": "4e3a08ca-facc-4f1e-8abe-1905efd62d67",
        "station_id": "52f44218-4381-4f0c-a43d-9c7061577e1d",
        "component_id": "88afd3d1-6da3-496a-ac81-669a47256d34",
        "value": 12.4,
        "timestamp_measured": "2020-04-11T01:00:00+00:00",
        "import_log_id": "031070e7-b5d9-4bb9-9c92-8374f0f80835",
        "rating": 2,
        "status": "validated"
    },
    {
        "id": "9a6e0a9f-a2e5-4cdc-b03e-1dbe754bff6a",
        "station_id": "52f44218-4381-4f0c-a43d-9c7061577e1d",
        "component_id": "88afd3d1-6da3-496a-ac81-669a47256d34",
        "value": 12.6,
        "timestamp_measured": "2020-04-11T02:00:00+00:00",
        "import_log_id": "031070e7-b5d9-4bb9-9c92-8374f0f80835",
        "rating": 2,
        "status": "validated"
    },
    {
        "id": "c4c1380a-e8c7-48eb-a3a2-b4906eb8f280",
        "station_id": "52f44218-4381-4f0c-a43d-9c7061577e1d",
        "component_id": "88afd3d1-6da3-496a-ac81-669a47256d34",
        "value": 17.0,
        "timestamp_measured": "2020-04-11T03:00:00+00:00",
        "import_log_id": "031070e7-b5d9-4bb9-9c92-8374f0f80835",
        "rating": 2,
        "status": "validated"
    },
    {
        "id": "ccf3d39e-3e12-4910-92d3-882afbba0e41",
        "station_id": "52f44218-4381-4f0c-a43d-9c7061577e1d",
        "component_id": "88afd3d1-6da3-496a-ac81-669a47256d34",
        "value": 19.7,
        "timestamp_measured": "2020-04-11T04:00:00+00:00",
        "import_log_id": "031070e7-b5d9-4bb9-9c92-8374f0f80835",
        "rating": 2,
        "status": "validated"
    },
    {
        "id": "c5f78e04-aa09-4f05-ac54-c4239c4a0c14",
        "station_id": "52f44218-4381-4f0c-a43d-9c7061577e1d",
        "component_id": "88afd3d1-6da3-496a-ac81-669a47256d34",
        "value": 23.7,
        "timestamp_measured": "2020-04-11T05:00:00+00:00",
        "import_log_id": "031070e7-b5d9-4bb9-9c92-8374f0f80835",
        "rating": 3,
        "status": "validated"
    },
    {
        "id": "806c6ec8-d1e8-40e4-ae50-5be388df0b70",
        "station_id": "52f44218-4381-4f0c-a43d-9c7061577e1d",
        "component_id": "88afd3d1-6da3-496a-ac81-669a47256d34",
        "value": 30.0,
        "timestamp_measured": "2020-04-11T06:00:00+00:00",
        "import_log_id": "031070e7-b5d9-4bb9-9c92-8374f0f80835",
        "rating": 4,
        "status": "validated"
    },
    {
        "id": "21ef74a3-77d4-40e2-9fb4-574b41e54bd8",
        "station_id": "52f44218-4381-4f0c-a43d-9c7061577e1d",
        "component_id": "88afd3d1-6da3-496a-ac81-669a47256d34",
        "value": 31.3,
        "timestamp_measured": "2020-04-11T07:00:00+00:00",
        "import_log_id": "031070e7-b5d9-4bb9-9c92-8374f0f80835",
        "rating": 4,
        "status": "validated"
    },
    {
        "id": "c08813c0-3466-4247-892b-273119f590f4",
        "station_id": "52f44218-4381-4f0c-a43d-9c7061577e1d",
        "component_id": "88afd3d1-6da3-496a-ac81-669a47256d34",
        "value": 27.5,
        "timestamp_measured": "2020-04-11T08:00:00+00:00",
        "import_log_id": "031070e7-b5d9-4bb9-9c92-8374f0f80835",
        "rating": 3,
        "status": "validated"
    },
    {
        "id": "b093a3bf-0501-41ce-9c82-2653dd3fc535",
        "station_id": "52f44218-4381-4f0c-a43d-9c7061577e1d",
        "component_id": "88afd3d1-6da3-496a-ac81-669a47256d34",
        "value": 19.5,
        "timestamp_measured": "2020-04-11T09:00:00+00:00",
        "import_log_id": "031070e7-b5d9-4bb9-9c92-8374f0f80835",
        "rating": 2,
        "status": "validated"
    },
    {
        "id": "a29ed3de-1e82-44a0-ab2d-d56cd3cb95af",
        "station_id": "52f44218-4381-4f0c-a43d-9c7061577e1d",
        "component_id": "88afd3d1-6da3-496a-ac81-669a47256d34",
        "value": 14.7,
        "timestamp_measured": "2020-04-11T10:00:00+00:00",
        "import_log_id": "031070e7-b5d9-4bb9-9c92-8374f0f80835",
        "rating": 2,
        "status": "validated"
    },
    {
        "id": "9512beed-7714-4d4a-9422-659edc428ec4",
        "station_id": "52f44218-4381-4f0c-a43d-9c7061577e1d",
        "component_id": "88afd3d1-6da3-496a-ac81-669a47256d34",
        "value": 16.0,
        "timestamp_measured": "2020-04-11T11:00:00+00:00",
        "import_log_id": "031070e7-b5d9-4bb9-9c92-8374f0f80835",
        "rating": 2,
        "status": "validated"
    },
    {
        "id": "d171d2ef-f3b5-4ce9-b7cc-872d8c4855e8",
        "station_id": "52f44218-4381-4f0c-a43d-9c7061577e1d",
        "component_id": "88afd3d1-6da3-496a-ac81-669a47256d34",
        "value": 17.2,
        "timestamp_measured": "2020-04-11T12:00:00+00:00",
        "import_log_id": "031070e7-b5d9-4bb9-9c92-8374f0f80835",
        "rating": 2,
        "status": "validated"
    },
    {
        "id": "6d4863d6-cf9e-4a35-a572-0e4b3d77c5ad",
        "station_id": "52f44218-4381-4f0c-a43d-9c7061577e1d",
        "component_id": "88afd3d1-6da3-496a-ac81-669a47256d34",
        "value": 17.4,
        "timestamp_measured": "2020-04-11T13:00:00+00:00",
        "import_log_id": "031070e7-b5d9-4bb9-9c92-8374f0f80835",
        "rating": 2,
        "status": "validated"
    },
    {
        "id": "8144d00f-c1ef-4a7e-bdf5-1ef3d41297c6",
        "station_id": "52f44218-4381-4f0c-a43d-9c7061577e1d",
        "component_id": "88afd3d1-6da3-496a-ac81-669a47256d34",
        "value": 15.3,
        "timestamp_measured": "2020-04-11T14:00:00+00:00",
        "import_log_id": "031070e7-b5d9-4bb9-9c92-8374f0f80835",
        "rating": 2,
        "status": "validated"
    },
    {
        "id": "bb9c0aef-ba8f-4a96-9b34-5627bc120df5",
        "station_id": "52f44218-4381-4f0c-a43d-9c7061577e1d",
        "component_id": "88afd3d1-6da3-496a-ac81-669a47256d34",
        "value": 13.8,
        "timestamp_measured": "2020-04-11T15:00:00+00:00",
        "import_log_id": "031070e7-b5d9-4bb9-9c92-8374f0f80835",
        "rating": 2,
        "status": "validated"
    },
    {
        "id": "e9552b6b-7ee1-472e-bad3-36bb0262407a",
        "station_id": "52f44218-4381-4f0c-a43d-9c7061577e1d",
        "component_id": "88afd3d1-6da3-496a-ac81-669a47256d34",
        "value": 15.9,
        "timestamp_measured": "2020-04-11T16:00:00+00:00",
        "import_log_id": "031070e7-b5d9-4bb9-9c92-8374f0f80835",
        "rating": 2,
        "status": "validated"
    },
    {
        "id": "fbb3d161-858b-4b56-a87d-1333e3522917",
        "station_id": "52f44218-4381-4f0c-a43d-9c7061577e1d",
        "component_id": "88afd3d1-6da3-496a-ac81-669a47256d34",
        "value": 17.6,
        "timestamp_measured": "2020-04-11T17:00:00+00:00",
        "import_log_id": "031070e7-b5d9-4bb9-9c92-8374f0f80835",
        "rating": 2,
        "status": "validated"
    },
    {
        "id": "a4db86ca-4990-4974-a296-ad2577562e19",
        "station_id": "52f44218-4381-4f0c-a43d-9c7061577e1d",
        "component_id": "88afd3d1-6da3-496a-ac81-669a47256d34",
        "value": 23.9,
        "timestamp_measured": "2020-04-11T18:00:00+00:00",
        "import_log_id": "031070e7-b5d9-4bb9-9c92-8374f0f80835",
        "rating": 3,
        "status": "validated"
    },
    {
        "id": "cd9545a2-4a9e-4534-bfac-8f44113e498e",
        "station_id": "52f44218-4381-4f0c-a43d-9c7061577e1d",
        "component_id": "88afd3d1-6da3-496a-ac81-669a47256d34",
        "value": 21.2,
        "timestamp_measured": "2020-04-11T19:00:00+00:00",
        "import_log_id": "031070e7-b5d9-4bb9-9c92-8374f0f80835",
        "rating": 3,
        "status": "validated"
    },
    {
        "id": "090d57cb-f63a-469b-9295-41fe0744ec59",
        "station_id": "52f44218-4381-4f0c-a43d-9c7061577e1d",
        "component_id": "88afd3d1-6da3-496a-ac81-669a47256d34",
        "value": 47.8,
        "timestamp_measured": "2020-04-11T20:00:00+00:00",
        "import_log_id": "031070e7-b5d9-4bb9-9c92-8374f0f80835",
        "rating": 5,
        "status": "validated"
    },
    {
        "id": "e529134b-cad7-4004-96e1-a3515c4b2737",
        "station_id": "52f44218-4381-4f0c-a43d-9c7061577e1d",
        "component_id": "88afd3d1-6da3-496a-ac81-669a47256d34",
        "value": 51.4,
        "timestamp_measured": "2020-04-11T21:00:00+00:00",
        "import_log_id": "031070e7-b5d9-4bb9-9c92-8374f0f80835",
        "rating": 5,
        "status": "validated"
    },
    {
        "id": "00d753ac-cf6d-439a-9499-336432ac9c9c",
        "station_id": "52f44218-4381-4f0c-a43d-9c7061577e1d",
        "component_id": "88afd3d1-6da3-496a-ac81-669a47256d34",
        "value": 58.8,
        "timestamp_measured": "2020-04-11T22:00:00+00:00",
        "import_log_id": "031070e7-b5d9-4bb9-9c92-8374f0f80835",
        "rating": 5,
        "status": "validated"
    },
    {
        "id": "657e13ef-5184-4bf1-a93d-3e3f8317d65b",
        "station_id": "52f44218-4381-4f0c-a43d-9c7061577e1d",
        "component_id": "88afd3d1-6da3-496a-ac81-669a47256d34",
        "value": 71.8,
        "timestamp_measured": "2020-04-11T23:00:00+00:00",
        "import_log_id": "031070e7-b5d9-4bb9-9c92-8374f0f80835",
        "rating": 6,
        "status": "validated"
    },
    {
        "id": "7c96022a-1747-479c-9e0e-ab009ee24cf8",
        "station_id": "52f44218-4381-4f0c-a43d-9c7061577e1d",
        "component_id": "88afd3d1-6da3-496a-ac81-669a47256d34",
        "value": 75.3,
        "timestamp_measured": "2020-04-12T00:00:00+00:00",
        "import_log_id": "6f038afb-09e0-45aa-9c76-c2911feb9843",
        "rating": 7,
        "status": "validated"
    },
    {
        "id": "803c8017-bbd2-45fd-b874-e4ccda282fd3",
        "station_id": "52f44218-4381-4f0c-a43d-9c7061577e1d",
        "component_id": "88afd3d1-6da3-496a-ac81-669a47256d34",
        "value": 70.3,
        "timestamp_measured": "2020-04-12T01:00:00+00:00",
        "import_log_id": "6f038afb-09e0-45aa-9c76-c2911feb9843",
        "rating": 6,
        "status": "validated"
    },
    {
        "id": "b5e85a5c-95cc-4b46-95b8-c07a96d5624e",
        "station_id": "52f44218-4381-4f0c-a43d-9c7061577e1d",
        "component_id": "88afd3d1-6da3-496a-ac81-669a47256d34",
        "value": 65.3,
        "timestamp_measured": "2020-04-12T02:00:00+00:00",
        "import_log_id": "6f038afb-09e0-45aa-9c76-c2911feb9843",
        "rating": 6,
        "status": "validated"
    },
    {
        "id": "491caf23-8f2f-4005-9c1a-2e2c4b5b3c90",
        "station_id": "52f44218-4381-4f0c-a43d-9c7061577e1d",
        "component_id": "88afd3d1-6da3-496a-ac81-669a47256d34",
        "value": 66.7,
        "timestamp_measured": "2020-04-12T03:00:00+00:00",
        "import_log_id": "6f038afb-09e0-45aa-9c76-c2911feb9843",
        "rating": 6,
        "status": "validated"
    },
    {
        "id": "17763432-2d36-4c5c-9096-0d31055419e6",
        "station_id": "52f44218-4381-4f0c-a43d-9c7061577e1d",
        "component_id": "88afd3d1-6da3-496a-ac81-669a47256d34",
        "value": 76.2,
        "timestamp_measured": "2020-04-12T04:00:00+00:00",
        "import_log_id": "6f038afb-09e0-45aa-9c76-c2911feb9843",
        "rating": 7,
        "status": "validated"
    },
    {
        "id": "cd561b49-69a9-40d8-816d-ac6ea99de4cd",
        "station_id": "52f44218-4381-4f0c-a43d-9c7061577e1d",
        "component_id": "88afd3d1-6da3-496a-ac81-669a47256d34",
        "value": 78.7,
        "timestamp_measured": "2020-04-12T05:00:00+00:00",
        "import_log_id": "6f038afb-09e0-45aa-9c76-c2911feb9843",
        "rating": 7,
        "status": "validated"
    },
    {
        "id": "a4f1b477-b4bd-4f41-86f6-a8cda7397fdb",
        "station_id": "52f44218-4381-4f0c-a43d-9c7061577e1d",
        "component_id": "88afd3d1-6da3-496a-ac81-669a47256d34",
        "value": 80.8,
        "timestamp_measured": "2020-04-12T06:00:00+00:00",
        "import_log_id": "6f038afb-09e0-45aa-9c76-c2911feb9843",
        "rating": 7,
        "status": "validated"
    },
    {
        "id": "7106140e-7716-49a2-adde-1d6cc208280d",
        "station_id": "52f44218-4381-4f0c-a43d-9c7061577e1d",
        "component_id": "88afd3d1-6da3-496a-ac81-669a47256d34",
        "value": 72.8,
        "timestamp_measured": "2020-04-12T07:00:00+00:00",
        "import_log_id": "6f038afb-09e0-45aa-9c76-c2911feb9843",
        "rating": 6,
        "status": "validated"
    },
    {
        "id": "c515e4bd-e35a-4275-acd3-c8457e466f2c",
        "station_id": "52f44218-4381-4f0c-a43d-9c7061577e1d",
        "component_id": "88afd3d1-6da3-496a-ac81-669a47256d34",
        "value": 64.6,
        "timestamp_measured": "2020-04-12T08:00:00+00:00",
        "import_log_id": "6f038afb-09e0-45aa-9c76-c2911feb9843",
        "rating": 6,
        "status": "validated"
    },
    {
        "id": "afc32fa1-1f3f-4156-9ece-8f81e54e1ded",
        "station_id": "52f44218-4381-4f0c-a43d-9c7061577e1d",
        "component_id": "88afd3d1-6da3-496a-ac81-669a47256d34",
        "value": 56.9,
        "timestamp_measured": "2020-04-12T09:00:00+00:00",
        "import_log_id": "6f038afb-09e0-45aa-9c76-c2911feb9843",
        "rating": 5,
        "status": "validated"
    },
    {
        "id": "8543d547-f4a7-41ac-82df-4cc8c9f5492b",
        "station_id": "52f44218-4381-4f0c-a43d-9c7061577e1d",
        "component_id": "88afd3d1-6da3-496a-ac81-669a47256d34",
        "value": 48.1,
        "timestamp_measured": "2020-04-12T10:00:00+00:00",
        "import_log_id": "6f038afb-09e0-45aa-9c76-c2911feb9843",
        "rating": 5,
        "status": "validated"
    },
    {
        "id": "fea6d5e7-20b7-43b7-8ade-868c3b469965",
        "station_id": "52f44218-4381-4f0c-a43d-9c7061577e1d",
        "component_id": "88afd3d1-6da3-496a-ac81-669a47256d34",
        "value": 30.9,
        "timestamp_measured": "2020-04-12T11:00:00+00:00",
        "import_log_id": "6f038afb-09e0-45aa-9c76-c2911feb9843",
        "rating": 4,
        "status": "validated"
    },
    {
        "id": "a844d22c-39b0-4cd3-8041-68d78ae7c306",
        "station_id": "52f44218-4381-4f0c-a43d-9c7061577e1d",
        "component_id": "88afd3d1-6da3-496a-ac81-669a47256d34",
        "value": 27.1,
        "timestamp_measured": "2020-04-12T12:00:00+00:00",
        "import_log_id": "6f038afb-09e0-45aa-9c76-c2911feb9843",
        "rating": 3,
        "status": "validated"
    },
    {
        "id": "aaab50f5-8e20-467f-85b0-00c2a93baa43",
        "station_id": "52f44218-4381-4f0c-a43d-9c7061577e1d",
        "component_id": "88afd3d1-6da3-496a-ac81-669a47256d34",
        "value": 18.3,
        "timestamp_measured": "2020-04-12T13:00:00+00:00",
        "import_log_id": "6f038afb-09e0-45aa-9c76-c2911feb9843",
        "rating": 2,
        "status": "validated"
    },
    {
        "id": "45aa9acc-1d38-44a2-a5f3-e8f140810ad3",
        "station_id": "52f44218-4381-4f0c-a43d-9c7061577e1d",
        "component_id": "88afd3d1-6da3-496a-ac81-669a47256d34",
        "value": 19.5,
        "timestamp_measured": "2020-04-12T14:00:00+00:00",
        "import_log_id": "6f038afb-09e0-45aa-9c76-c2911feb9843",
        "rating": 2,
        "status": "validated"
    },
    {
        "id": "6dccfac8-3aee-4ea9-829f-b820b67d2510",
        "station_id": "52f44218-4381-4f0c-a43d-9c7061577e1d",
        "component_id": "88afd3d1-6da3-496a-ac81-669a47256d34",
        "value": 21.2,
        "timestamp_measured": "2020-04-12T15:00:00+00:00",
        "import_log_id": "6f038afb-09e0-45aa-9c76-c2911feb9843",
        "rating": 3,
        "status": "validated"
    },
    {
        "id": "5995be56-f24c-4667-95c2-96b8adaa4b8b",
        "station_id": "52f44218-4381-4f0c-a43d-9c7061577e1d",
        "component_id": "88afd3d1-6da3-496a-ac81-669a47256d34",
        "value": 20.4,
        "timestamp_measured": "2020-04-12T16:00:00+00:00",
        "import_log_id": "6f038afb-09e0-45aa-9c76-c2911feb9843",
        "rating": 3,
        "status": "validated"
    },
    {
        "id": "c56e3ba8-351e-49a2-af80-217333e93f3c",
        "station_id": "52f44218-4381-4f0c-a43d-9c7061577e1d",
        "component_id": "88afd3d1-6da3-496a-ac81-669a47256d34",
        "value": 20.2,
        "timestamp_measured": "2020-04-12T17:00:00+00:00",
        "import_log_id": "6f038afb-09e0-45aa-9c76-c2911feb9843",
        "rating": 3,
        "status": "validated"
    },
    {
        "id": "4043a8fa-aaa6-4031-9bdf-bcdc205d5f11",
        "station_id": "52f44218-4381-4f0c-a43d-9c7061577e1d",
        "component_id": "88afd3d1-6da3-496a-ac81-669a47256d34",
        "value": 32.7,
        "timestamp_measured": "2020-04-12T18:00:00+00:00",
        "import_log_id": "6f038afb-09e0-45aa-9c76-c2911feb9843",
        "rating": 4,
        "status": "validated"
    },
    {
        "id": "b28a8331-d116-4269-aee4-71d5b7ad5299",
        "station_id": "52f44218-4381-4f0c-a43d-9c7061577e1d",
        "component_id": "88afd3d1-6da3-496a-ac81-669a47256d34",
        "value": 31.7,
        "timestamp_measured": "2020-04-12T19:00:00+00:00",
        "import_log_id": "6f038afb-09e0-45aa-9c76-c2911feb9843",
        "rating": 4,
        "status": "validated"
    },
    {
        "id": "7fc31b87-c38b-42e9-a24b-4a6e7723685e",
        "station_id": "52f44218-4381-4f0c-a43d-9c7061577e1d",
        "component_id": "88afd3d1-6da3-496a-ac81-669a47256d34",
        "value": 40.3,
        "timestamp_measured": "2020-04-12T20:00:00+00:00",
        "import_log_id": "6f038afb-09e0-45aa-9c76-c2911feb9843",
        "rating": 4,
        "status": "validated"
    },
    {
        "id": "44cc796f-9290-4353-a550-57b25dccb362",
        "station_id": "52f44218-4381-4f0c-a43d-9c7061577e1d",
        "component_id": "88afd3d1-6da3-496a-ac81-669a47256d34",
        "value": 46.6,
        "timestamp_measured": "2020-04-12T21:00:00+00:00",
        "import_log_id": "6f038afb-09e0-45aa-9c76-c2911feb9843",
        "rating": 5,
        "status": "validated"
    },
    {
        "id": "6dc7e61e-5584-4a30-9ccf-df27ecd410b6",
        "station_id": "52f44218-4381-4f0c-a43d-9c7061577e1d",
        "component_id": "88afd3d1-6da3-496a-ac81-669a47256d34",
        "value": -999.0,
        "timestamp_measured": "2020-04-12T22:00:00+00:00",
        "import_log_id": "12f38b68-669d-4709-bf4a-61bd3185544f",
        "rating": -999,
        "status": "unvalidated"
    }
]