[
    {
        "id": "cd1862d3-df9d-4b93-81cf-a754df2d9818",
        "station_id": "933a8824-5877-419e-84b0-755ec7827ac9",
        "component_id": "88afd3d1-6da3-496a-ac81-669a47256d34",
        "value": 16.73,
        "timestamp_measured": "2019-04-14T22:00:00+00:00",
        "import_log_id": "95adc183-0ebb-468f-8241-374e3e60f785",
        "rating": 2,
        "status": "validated"
    },
    {
        "id": "5efac70a-b7ef-4abf-b799-1df8b78c58c2",
        "station_id": "933a8824-5877-419e-84b0-755ec7827ac9",
        "component_id": "88afd3d1-6da3-496a-ac81-669a47256d34",
        "value": 18.91,
        "timestamp_measured": "2019-04-14T23:00:00+00:00",
        "import_log_id": "95adc183-0ebb-468f-8241-374e3e60f785",
        "rating": 2,
        "status": "validated"
    },
    {
        "id": "21a1199e-8a51-43d5-a8d9-237e57147826",
        "station_id": "933a8824-5877-419e-84b0-755ec7827ac9",
        "component_id": "88afd3d1-6da3-496a-ac81-669a47256d34",
        "value": 20.08,
        "timestamp_measured": "2019-04-15T00:00:00+00:00",
        "import_log_id": "95adc183-0ebb-468f-8241-374e3e60f785",
        "rating": 3,
        "status": "validated"
    },
    {
        "id": "69524a48-1376-4d62-aeb7-cadc3e2720db",
        "station_id": "933a8824-5877-419e-84b0-755ec7827ac9",
        "component_id": "88afd3d1-6da3-496a-ac81-669a47256d34",
        "value": 20.53,
        "timestamp_measured": "2019-04-15T01:00:00+00:00",
        "import_log_id": "95adc183-0ebb-468f-8241-374e3e60f785",
        "rating": 3,
        "status": "validated"
    },
    {
        "id": "9455940f-3e16-46f2-91ca-b19cd6d93e60",
        "station_id": "933a8824-5877-419e-84b0-755ec7827ac9",
        "component_id": "88afd3d1-6da3-496a-ac81-669a47256d34",
        "value": 19.2,
        "timestamp_measured": "2019-04-15T02:00:00+00:00",
        "import_log_id": "95adc183-0ebb-468f-8241-374e3e60f785",
        "rating": 2,
        "status": "validated"
    },
    {
        "id": "1d1c38f2-6959-4a36-ab78-03060d71efa4",
        "station_id": "933a8824-5877-419e-84b0-755ec7827ac9",
        "component_id": "88afd3d1-6da3-496a-ac81-669a47256d34",
        "value": 20.13,
        "timestamp_measured": "2019-04-15T03:00:00+00:00",
        "import_log_id": "95adc183-0ebb-468f-8241-374e3e60f785",
        "rating": 3,
        "status": "validated"
    },
    {
        "id": "e4d6e0b9-64a1-4356-b5ee-cd22b0f7ae54",
        "station_id": "933a8824-5877-419e-84b0-755ec7827ac9",
        "component_id": "88afd3d1-6da3-496a-ac81-669a47256d34",
        "value": 16.9,
        "timestamp_measured": "2019-04-15T04:00:00+00:00",
        "import_log_id": "95adc183-0ebb-468f-8241-374e3e60f785",
        "rating": 2,
        "status": "validated"
    },
    {
        "id": "a51dd913-a241-4a35-8589-1a1f7f1c3001",
        "station_id": "933a8824-5877-419e-84b0-755ec7827ac9",
        "component_id": "88afd3d1-6da3-496a-ac81-669a47256d34",
        "value": 30.3,
        "timestamp_measured": "2019-04-15T05:00:00+00:00",
        "import_log_id": "95adc183-0ebb-468f-8241-374e3e60f785",
        "rating": 4,
        "status": "validated"
    },
    {
        "id": "f11bdd44-b990-4864-9987-bdf96e768436",
        "station_id": "933a8824-5877-419e-84b0-755ec7827ac9",
        "component_id": "88afd3d1-6da3-496a-ac81-669a47256d34",
        "value": 52.4,
        "timestamp_measured": "2019-04-15T06:00:00+00:00",
        "import_log_id": "95adc183-0ebb-468f-8241-374e3e60f785",
        "rating": 5,
        "status": "validated"
    },
    {
        "id": "20816b7f-2272-4e5b-adee-ca365304fbda",
        "station_id": "933a8824-5877-419e-84b0-755ec7827ac9",
        "component_id": "88afd3d1-6da3-496a-ac81-669a47256d34",
        "value": 49.1,
        "timestamp_measured": "2019-04-15T07:00:00+00:00",
        "import_log_id": "95adc183-0ebb-468f-8241-374e3e60f785",
        "rating": 5,
        "status": "validated"
    },
    {
        "id": "703b30b0-3848-4fd1-90a5-59e241b57344",
        "station_id": "933a8824-5877-419e-84b0-755ec7827ac9",
        "component_id": "88afd3d1-6da3-496a-ac81-669a47256d34",
        "value": 30.21,
        "timestamp_measured": "2019-04-15T08:00:00+00:00",
        "import_log_id": "95adc183-0ebb-468f-8241-374e3e60f785",
        "rating": 4,
        "status": "validated"
    },
    {
        "id": "6092c15f-23c1-4c9f-99bd-635bd7499ded",
        "station_id": "933a8824-5877-419e-84b0-755ec7827ac9",
        "component_id": "88afd3d1-6da3-496a-ac81-669a47256d34",
        "value": 24.86,
        "timestamp_measured": "2019-04-15T09:00:00+00:00",
        "import_log_id": "95adc183-0ebb-468f-8241-374e3e60f785",
        "rating": 3,
        "status": "validated"
    },
    {
        "id": "89a4bdf9-de12-4766-8a4f-f8d9564140c9",
        "station_id": "933a8824-5877-419e-84b0-755ec7827ac9",
        "component_id": "88afd3d1-6da3-496a-ac81-669a47256d34",
        "value": 28.44,
        "timestamp_measured": "2019-04-15T10:00:00+00:00",
        "import_log_id": "95adc183-0ebb-468f-8241-374e3e60f785",
        "rating": 3,
        "status": "validated"
    },
    {
        "id": "9d187fda-6d12-46f9-8afb-9b84712c6b04",
        "station_id": "933a8824-5877-419e-84b0-755ec7827ac9",
        "component_id": "88afd3d1-6da3-496a-ac81-669a47256d34",
        "value": 23.85,
        "timestamp_measured": "2019-04-15T11:00:00+00:00",
        "import_log_id": "95adc183-0ebb-468f-8241-374e3e60f785",
        "rating": 3,
        "status": "validated"
    },
    {
        "id": "e836e4c2-7ca9-4a8d-afec-0759aff9a2b4",
        "station_id": "933a8824-5877-419e-84b0-755ec7827ac9",
        "component_id": "88afd3d1-6da3-496a-ac81-669a47256d34",
        "value": 21.49,
        "timestamp_measured": "2019-04-15T12:00:00+00:00",
        "import_log_id": "95adc183-0ebb-468f-8241-374e3e60f785",
        "rating": 3,
        "status": "validated"
    },
    {
        "id": "04461894-9308-4f56-8635-52ea876f6381",
        "station_id": "933a8824-5877-419e-84b0-755ec7827ac9",
        "component_id": "88afd3d1-6da3-496a-ac81-669a47256d34",
        "value": 21.2,
        "timestamp_measured": "2019-04-15T13:00:00+00:00",
        "import_log_id": "95adc183-0ebb-468f-8241-374e3e60f785",
        "rating": 3,
        "status": "validated"
    },
    {
        "id": "afe26109-4871-46b8-bdf5-bfc2a38c56cb",
        "station_id": "933a8824-5877-419e-84b0-755ec7827ac9",
        "component_id": "88afd3d1-6da3-496a-ac81-669a47256d34",
        "value": 23.19,
        "timestamp_measured": "2019-04-15T14:00:00+00:00",
        "import_log_id": "95adc183-0ebb-468f-8241-374e3e60f785",
        "rating": 3,
        "status": "validated"
    },
    {
        "id": "339e3775-9453-4bdc-869d-cffc989888cc",
        "station_id": "933a8824-5877-419e-84b0-755ec7827ac9",
        "component_id": "88afd3d1-6da3-496a-ac81-669a47256d34",
        "value": 26.45,
        "timestamp_measured": "2019-04-15T15:00:00+00:00",
        "import_log_id": "95adc183-0ebb-468f-8241-374e3e60f785",
        "rating": 3,
        "status": "validated"
    },
    {
        "id": "0073505c-37e4-4656-ba2c-e98f035a308a",
        "station_id": "933a8824-5877-419e-84b0-755ec7827ac9",
        "component_id": "88afd3d1-6da3-496a-ac81-669a47256d34",
        "value": 30.59,
        "timestamp_measured": "2019-04-15T16:00:00+00:00",
        "import_log_id": "95adc183-0ebb-468f-8241-374e3e60f785",
        "rating": 4,
        "status": "validated"
    },
    {
        "id": "8ac087a1-c34b-4a18-8a6e-cdfd9057e769",
        "station_id": "933a8824-5877-419e-84b0-755ec7827ac9",
        "component_id": "88afd3d1-6da3-496a-ac81-669a47256d34",
        "value": 28.96,
        "timestamp_measured": "2019-04-15T17:00:00+00:00",
        "import_log_id": "95adc183-0ebb-468f-8241-374e3e60f785",
        "rating": 3,
        "status": "validated"
    },
    {
        "id": "ca2dd98f-6cac-4b67-bacb-365deaa23514",
        "station_id": "933a8824-5877-419e-84b0-755ec7827ac9",
        "component_id": "88afd3d1-6da3-496a-ac81-669a47256d34",
        "value": 30.35,
        "timestamp_measured": "2019-04-15T18:00:00+00:00",
        "import_log_id": "95adc183-0ebb-468f-8241-374e3e60f785",
        "rating": 4,
        "status": "validated"
    },
    {
        "id": "95bcfd8a-6f90-44f8-8b9c-09b902cd0f03",
        "station_id": "933a8824-5877-419e-84b0-755ec7827ac9",
        "component_id": "88afd3d1-6da3-496a-ac81-669a47256d34",
        "value": 41.26,
        "timestamp_measured": "2019-04-15T19:00:00+00:00",
        "import_log_id": "95adc183-0ebb-468f-8241-374e3e60f785",
        "rating": 4,
        "status": "validated"
    },
    {
        "id": "0f13b1c7-fa53-404e-a5d1-008e70008320",
        "station_id": "933a8824-5877-419e-84b0-755ec7827ac9",
        "component_id": "88afd3d1-6da3-496a-ac81-669a47256d34",
        "value": 28.58,
        "timestamp_measured": "2019-04-15T20:00:00+00:00",
        "import_log_id": "95adc183-0ebb-468f-8241-374e3e60f785",
        "rating": 3,
        "status": "validated"
    },
    {
        "id": "295b5638-5231-4e0b-bb1a-224d444b7b31",
        "station_id": "933a8824-5877-419e-84b0-755ec7827ac9",
        "component_id": "88afd3d1-6da3-496a-ac81-669a47256d34",
        "value": 24.23,
        "timestamp_measured": "2019-04-15T21:00:00+00:00",
        "import_log_id": "95adc183-0ebb-468f-8241-374e3e60f785",
        "rating": 3,
        "status": "validated"
    },
    {
        "id": "2107ea42-da7d-423b-ac25-e4dbec7d8e2b",
        "station_id": "933a8824-5877-419e-84b0-755ec7827ac9",
        "component_id": "88afd3d1-6da3-496a-ac81-669a47256d34",
        "value": 27.78,
        "timestamp_measured": "2019-04-15T22:00:00+00:00",
        "import_log_id": "95adc183-0ebb-468f-8241-374e3e60f785",
        "rating": 3,
        "status": "validated"
    },
    {
        "id": "63ee8dac-20d4-4bc5-b3a9-6f579a5e7b21",
        "station_id": "933a8824-5877-419e-84b0-755ec7827ac9",
        "component_id": "88afd3d1-6da3-496a-ac81-669a47256d34",
        "value": 19.88,
        "timestamp_measured": "2019-04-15T23:00:00+00:00",
        "import_log_id": "95adc183-0ebb-468f-8241-374e3e60f785",
        "rating": 2,
        "status": "validated"
    },
    {
        "id": "3808986f-4971-428e-a16e-6b3a1df50ab2",
        "station_id": "933a8824-5877-419e-84b0-755ec7827ac9",
        "component_id": "88afd3d1-6da3-496a-ac81-669a47256d34",
        "value": 32.63,
        "timestamp_measured": "2019-04-16T00:00:00+00:00",
        "import_log_id": "95adc183-0ebb-468f-8241-374e3e60f785",
        "rating": 4,
        "status": "validated"
    },
    {
        "id": "1cd4a810-4eaf-48d5-b0ed-7bcc4b980050",
        "station_id": "933a8824-5877-419e-84b0-755ec7827ac9",
        "component_id": "88afd3d1-6da3-496a-ac81-669a47256d34",
        "value": 25.3,
        "timestamp_measured": "2019-04-16T01:00:00+00:00",
        "import_log_id": "95adc183-0ebb-468f-8241-374e3e60f785",
        "rating": 3,
        "status": "validated"
    },
    {
        "id": "1e35f711-f4b3-4bce-8fb6-c87ba3046991",
        "station_id": "933a8824-5877-419e-84b0-755ec7827ac9",
        "component_id": "88afd3d1-6da3-496a-ac81-669a47256d34",
        "value": 22.5,
        "timestamp_measured": "2019-04-16T02:00:00+00:00",
        "import_log_id": "95adc183-0ebb-468f-8241-374e3e60f785",
        "rating": 3,
        "status": "validated"
    },
    {
        "id": "ac3058f5-27dc-4061-9c7a-c6ec3631aff8",
        "station_id": "933a8824-5877-419e-84b0-755ec7827ac9",
        "component_id": "88afd3d1-6da3-496a-ac81-669a47256d34",
        "value": 26.48,
        "timestamp_measured": "2019-04-16T03:00:00+00:00",
        "import_log_id": "95adc183-0ebb-468f-8241-374e3e60f785",
        "rating": 3,
        "status": "validated"
    },
    {
        "id": "65444549-2982-4984-b33b-1fa7fa10c53f",
        "station_id": "933a8824-5877-419e-84b0-755ec7827ac9",
        "component_id": "88afd3d1-6da3-496a-ac81-669a47256d34",
        "value": 26.16,
        "timestamp_measured": "2019-04-16T04:00:00+00:00",
        "import_log_id": "95adc183-0ebb-468f-8241-374e3e60f785",
        "rating": 3,
        "status": "validated"
    },
    {
        "id": "7ae8339a-42db-424a-9e15-00c2c1681e30",
        "station_id": "933a8824-5877-419e-84b0-755ec7827ac9",
        "component_id": "88afd3d1-6da3-496a-ac81-669a47256d34",
        "value": 36.12,
        "timestamp_measured": "2019-04-16T05:00:00+00:00",
        "import_log_id": "95adc183-0ebb-468f-8241-374e3e60f785",
        "rating": 4,
        "status": "validated"
    },
    {
        "id": "a6c2487b-11f1-4c10-b0e4-52155685cb47",
        "station_id": "933a8824-5877-419e-84b0-755ec7827ac9",
        "component_id": "88afd3d1-6da3-496a-ac81-669a47256d34",
        "value": 60.1,
        "timestamp_measured": "2019-04-16T06:00:00+00:00",
        "import_log_id": "95adc183-0ebb-468f-8241-374e3e60f785",
        "rating": 6,
        "status": "validated"
    },
    {
        "id": "4fee5dbd-20b4-43d8-a391-669874d8691b",
        "station_id": "933a8824-5877-419e-84b0-755ec7827ac9",
        "component_id": "88afd3d1-6da3-496a-ac81-669a47256d34",
        "value": 59.5,
        "timestamp_measured": "2019-04-16T07:00:00+00:00",
        "import_log_id": "95adc183-0ebb-468f-8241-374e3e60f785",
        "rating": 5,
        "status": "validated"
    },
    {
        "id": "c2c08f6d-44a6-4ef9-b3f7-d302c7367bcf",
        "station_id": "933a8824-5877-419e-84b0-755ec7827ac9",
        "component_id": "88afd3d1-6da3-496a-ac81-669a47256d34",
        "value": 43.31,
        "timestamp_measured": "2019-04-16T08:00:00+00:00",
        "import_log_id": "95adc183-0ebb-468f-8241-374e3e60f785",
        "rating": 4,
        "status": "validated"
    },
    {
        "id": "317a0dbc-7a34-41dd-be8a-55b70befd291",
        "station_id": "933a8824-5877-419e-84b0-755ec7827ac9",
        "component_id": "88afd3d1-6da3-496a-ac81-669a47256d34",
        "value": 38.9,
        "timestamp_measured": "2019-04-16T09:00:00+00:00",
        "import_log_id": "95adc183-0ebb-468f-8241-374e3e60f785",
        "rating": 4,
        "status": "validated"
    },
    {
        "id": "378f0c11-85e8-4bae-b717-6f3a0631e671",
        "station_id": "933a8824-5877-419e-84b0-755ec7827ac9",
        "component_id": "88afd3d1-6da3-496a-ac81-669a47256d34",
        "value": 39.32,
        "timestamp_measured": "2019-04-16T10:00:00+00:00",
        "import_log_id": "95adc183-0ebb-468f-8241-374e3e60f785",
        "rating": 4,
        "status": "validated"
    },
    {
        "id": "91928947-1f98-4e97-8313-097a29813290",
        "station_id": "933a8824-5877-419e-84b0-755ec7827ac9",
        "component_id": "88afd3d1-6da3-496a-ac81-669a47256d34",
        "value": 36.66,
        "timestamp_measured": "2019-04-16T11:00:00+00:00",
        "import_log_id": "95adc183-0ebb-468f-8241-374e3e60f785",
        "rating": 4,
        "status": "validated"
    },
    {
        "id": "03eb6de3-ec34-4f9a-be4c-214caa5de8d0",
        "station_id": "933a8824-5877-419e-84b0-755ec7827ac9",
        "component_id": "88afd3d1-6da3-496a-ac81-669a47256d34",
        "value": 33.77,
        "timestamp_measured": "2019-04-16T12:00:00+00:00",
        "import_log_id": "95adc183-0ebb-468f-8241-374e3e60f785",
        "rating": 4,
        "status": "validated"
    },
    {
        "id": "7412df05-8abe-46b1-a41f-2d6a59b5ac86",
        "station_id": "933a8824-5877-419e-84b0-755ec7827ac9",
        "component_id": "88afd3d1-6da3-496a-ac81-669a47256d34",
        "value": 32.29,
        "timestamp_measured": "2019-04-16T13:00:00+00:00",
        "import_log_id": "95adc183-0ebb-468f-8241-374e3e60f785",
        "rating": 4,
        "status": "validated"
    },
    {
        "id": "4632682c-6a49-462f-a76f-82a3e43d8a6a",
        "station_id": "933a8824-5877-419e-84b0-755ec7827ac9",
        "component_id": "88afd3d1-6da3-496a-ac81-669a47256d34",
        "value": 31.8,
        "timestamp_measured": "2019-04-16T14:00:00+00:00",
        "import_log_id": "95adc183-0ebb-468f-8241-374e3e60f785",
        "rating": 4,
        "status": "validated"
    },
    {
        "id": "e922ae11-6dab-485d-b7ec-1cf4ce043b6c",
        "station_id": "933a8824-5877-419e-84b0-755ec7827ac9",
        "component_id": "88afd3d1-6da3-496a-ac81-669a47256d34",
        "value": 29.81,
        "timestamp_measured": "2019-04-16T15:00:00+00:00",
        "import_log_id": "95adc183-0ebb-468f-8241-374e3e60f785",
        "rating": 3,
        "status": "validated"
    },
    {
        "id": "f008b034-3ba8-4dd7-af2f-28bca51f9158",
        "station_id": "933a8824-5877-419e-84b0-755ec7827ac9",
        "component_id": "88afd3d1-6da3-496a-ac81-669a47256d34",
        "value": 30.58,
        "timestamp_measured": "2019-04-16T16:00:00+00:00",
        "import_log_id": "95adc183-0ebb-468f-8241-374e3e60f785",
        "rating": 4,
        "status": "validated"
    },
    {
        "id": "8e9ec1a1-8a9a-46a2-8e61-9e87e71e42e1",
        "station_id": "933a8824-5877-419e-84b0-755ec7827ac9",
        "component_id": "88afd3d1-6da3-496a-ac81-669a47256d34",
        "value": 33.18,
        "timestamp_measured": "2019-04-16T17:00:00+00:00",
        "import_log_id": "95adc183-0ebb-468f-8241-374e3e60f785",
        "rating": 4,
        "status": "validated"
    },
    {
        "id": "64567b5a-8938-41d3-b635-2150c0e89d8f",
        "station_id": "933a8824-5877-419e-84b0-755ec7827ac9",
        "component_id": "88afd3d1-6da3-496a-ac81-669a47256d34",
        "value": 37.89,
        "timestamp_measured": "2019-04-16T18:00:00+00:00",
        "import_log_id": "95adc183-0ebb-468f-8241-374e3e60f785",
        "rating": 4,
        "status": "validated"
    },
    {
        "id": "ef96c408-9d39-4bd9-880e-fed104e8b940",
        "station_id": "933a8824-5877-419e-84b0-755ec7827ac9",
        "component_id": "88afd3d1-6da3-496a-ac81-669a47256d34",
        "value": 52.72,
        "timestamp_measured": "2019-04-16T19:00:00+00:00",
        "import_log_id": "95adc183-0ebb-468f-8241-374e3e60f785",
        "rating": 5,
        "status": "validated"
    },
    {
        "id": "abaed331-ea44-4479-a471-13575bad5c38",
        "station_id": "933a8824-5877-419e-84b0-755ec7827ac9",
        "component_id": "88afd3d1-6da3-496a-ac81-669a47256d34",
        "value": 45.7,
        "timestamp_measured": "2019-04-16T20:00:00+00:00",
        "import_log_id": "95adc183-0ebb-468f-8241-374e3e60f785",
        "rating": 5,
        "status": "validated"
    },
    {
        "id": "88873c73-0c9b-4c30-b872-b270874ed9d4",
        "station_id": "933a8824-5877-419e-84b0-755ec7827ac9",
        "component_id": "88afd3d1-6da3-496a-ac81-669a47256d34",
        "value": 52.03,
        "timestamp_measured": "2019-04-16T21:00:00+00:00",
        "import_log_id": "95adc183-0ebb-468f-8241-374e3e60f785",
        "rating": 5,
        "status": "validated"
    },
    {
        "id": "aab97dab-b992-4923-bbbc-b9d42814913c",
        "station_id": "933a8824-5877-419e-84b0-755ec7827ac9",
        "component_id": "88afd3d1-6da3-496a-ac81-669a47256d34",
        "value": 86.11,
        "timestamp_measured": "2019-04-16T22:00:00+00:00",
        "import_log_id": "95adc183-0ebb-468f-8241-374e3e60f785",
        "rating": 7,
        "status": "validated"
    },
    {
        "id": "fdcaea9b-8798-4a7b-ba5c-50047dff9bf7",
        "station_id": "933a8824-5877-419e-84b0-755ec7827ac9",
        "component_id": "88afd3d1-6da3-496a-ac81-669a47256d34",
        "value": 54.71,
        "timestamp_measured": "2019-04-16T23:00:00+00:00",
        "import_log_id": "95adc183-0ebb-468f-8241-374e3e60f785",
        "rating": 5,
        "status": "validated"
    },
    {
        "id": "72a126e6-34b3-4361-bdb0-e6518702d355",
        "station_id": "933a8824-5877-419e-84b0-755ec7827ac9",
        "component_id": "88afd3d1-6da3-496a-ac81-669a47256d34",
        "value": 29.0,
        "timestamp_measured": "2019-04-17T00:00:00+00:00",
        "import_log_id": "95adc183-0ebb-468f-8241-374e3e60f785",
        "rating": 3,
        "status": "validated"
    },
    {
        "id": "a7ab3d47-f565-4349-a715-6c70527a0804",
        "station_id": "933a8824-5877-419e-84b0-755ec7827ac9",
        "component_id": "88afd3d1-6da3-496a-ac81-669a47256d34",
        "value": 24.8,
        "timestamp_measured": "2019-04-17T01:00:00+00:00",
        "import_log_id": "95adc183-0ebb-468f-8241-374e3e60f785",
        "rating": 3,
        "status": "validated"
    },
    {
        "id": "eba272dd-460f-4821-83e3-89691c8d2300",
        "station_id": "933a8824-5877-419e-84b0-755ec7827ac9",
        "component_id": "88afd3d1-6da3-496a-ac81-669a47256d34",
        "value": 24.86,
        "timestamp_measured": "2019-04-17T02:00:00+00:00",
        "import_log_id": "95adc183-0ebb-468f-8241-374e3e60f785",
        "rating": 3,
        "status": "validated"
    },
    {
        "id": "891955ad-ee8d-43a5-9d59-9b93c4c9ca66",
        "station_id": "933a8824-5877-419e-84b0-755ec7827ac9",
        "component_id": "88afd3d1-6da3-496a-ac81-669a47256d34",
        "value": 26.44,
        "timestamp_measured": "2019-04-17T03:00:00+00:00",
        "import_log_id": "95adc183-0ebb-468f-8241-374e3e60f785",
        "rating": 3,
        "status": "validated"
    },
    {
        "id": "90d8df9e-8596-4d38-b049-f2b7f91e3404",
        "station_id": "933a8824-5877-419e-84b0-755ec7827ac9",
        "component_id": "88afd3d1-6da3-496a-ac81-669a47256d34",
        "value": 37.94,
        "timestamp_measured": "2019-04-17T04:00:00+00:00",
        "import_log_id": "95adc183-0ebb-468f-8241-374e3e60f785",
        "rating": 4,
        "status": "validated"
    },
    {
        "id": "b340f5ac-0d92-42aa-824c-7a2d3024b751",
        "station_id": "933a8824-5877-419e-84b0-755ec7827ac9",
        "component_id": "88afd3d1-6da3-496a-ac81-669a47256d34",
        "value": 51.93,
        "timestamp_measured": "2019-04-17T05:00:00+00:00",
        "import_log_id": "95adc183-0ebb-468f-8241-374e3e60f785",
        "rating": 5,
        "status": "validated"
    },
    {
        "id": "6b9089bf-5a4c-41e9-b438-694da089d9df",
        "station_id": "933a8824-5877-419e-84b0-755ec7827ac9",
        "component_id": "88afd3d1-6da3-496a-ac81-669a47256d34",
        "value": 69.12,
        "timestamp_measured": "2019-04-17T06:00:00+00:00",
        "import_log_id": "95adc183-0ebb-468f-8241-374e3e60f785",
        "rating": 6,
        "status": "validated"
    },
    {
        "id": "42c1b6c3-491e-4461-8c21-df91f25fa0e9",
        "station_id": "933a8824-5877-419e-84b0-755ec7827ac9",
        "component_id": "88afd3d1-6da3-496a-ac81-669a47256d34",
        "value": 62.49,
        "timestamp_measured": "2019-04-17T07:00:00+00:00",
        "import_log_id": "95adc183-0ebb-468f-8241-374e3e60f785",
        "rating": 6,
        "status": "validated"
    },
    {
        "id": "a0d68a92-496b-4831-a063-926439298239",
        "station_id": "933a8824-5877-419e-84b0-755ec7827ac9",
        "component_id": "88afd3d1-6da3-496a-ac81-669a47256d34",
        "value": 54.78,
        "timestamp_measured": "2019-04-17T08:00:00+00:00",
        "import_log_id": "95adc183-0ebb-468f-8241-374e3e60f785",
        "rating": 5,
        "status": "validated"
    },
    {
        "id": "d3c467b8-feae-4bc3-a5c5-d8b44299a3f7",
        "station_id": "933a8824-5877-419e-84b0-755ec7827ac9",
        "component_id": "88afd3d1-6da3-496a-ac81-669a47256d34",
        "value": 44.36,
        "timestamp_measured": "2019-04-17T09:00:00+00:00",
        "import_log_id": "95adc183-0ebb-468f-8241-374e3e60f785",
        "rating": 4,
        "status": "validated"
    },
    {
        "id": "54091c30-31b9-4332-baa3-c7ffa9dd1d54",
        "station_id": "933a8824-5877-419e-84b0-755ec7827ac9",
        "component_id": "88afd3d1-6da3-496a-ac81-669a47256d34",
        "value": 39.74,
        "timestamp_measured": "2019-04-17T10:00:00+00:00",
        "import_log_id": "95adc183-0ebb-468f-8241-374e3e60f785",
        "rating": 4,
        "status": "validated"
    },
    {
        "id": "0887cc31-2f9d-4e84-b362-a396706ed2f5",
        "station_id": "933a8824-5877-419e-84b0-755ec7827ac9",
        "component_id": "88afd3d1-6da3-496a-ac81-669a47256d34",
        "value": 35.57,
        "timestamp_measured": "2019-04-17T11:00:00+00:00",
        "import_log_id": "95adc183-0ebb-468f-8241-374e3e60f785",
        "rating": 4,
        "status": "validated"
    },
    {
        "id": "9550379a-ea90-4f09-b276-8a2c30a67029",
        "station_id": "933a8824-5877-419e-84b0-755ec7827ac9",
        "component_id": "88afd3d1-6da3-496a-ac81-669a47256d34",
        "value": 36.42,
        "timestamp_measured": "2019-04-17T12:00:00+00:00",
        "import_log_id": "95adc183-0ebb-468f-8241-374e3e60f785",
        "rating": 4,
        "status": "validated"
    },
    {
        "id": "974583bb-7067-4a81-b6fe-da37dfdb21c2",
        "station_id": "933a8824-5877-419e-84b0-755ec7827ac9",
        "component_id": "88afd3d1-6da3-496a-ac81-669a47256d34",
        "value": 42.94,
        "timestamp_measured": "2019-04-17T13:00:00+00:00",
        "import_log_id": "95adc183-0ebb-468f-8241-374e3e60f785",
        "rating": 4,
        "status": "validated"
    },
    {
        "id": "9127478e-83a8-44cd-92ca-9b6a4f25258d",
        "station_id": "933a8824-5877-419e-84b0-755ec7827ac9",
        "component_id": "88afd3d1-6da3-496a-ac81-669a47256d34",
        "value": 51.99,
        "timestamp_measured": "2019-04-17T14:00:00+00:00",
        "import_log_id": "95adc183-0ebb-468f-8241-374e3e60f785",
        "rating": 5,
        "status": "validated"
    },
    {
        "id": "aaffb33c-575e-4d0b-901f-68abae19a2e2",
        "station_id": "933a8824-5877-419e-84b0-755ec7827ac9",
        "component_id": "88afd3d1-6da3-496a-ac81-669a47256d34",
        "value": 59.98,
        "timestamp_measured": "2019-04-17T15:00:00+00:00",
        "import_log_id": "95adc183-0ebb-468f-8241-374e3e60f785",
        "rating": 5,
        "status": "validated"
    },
    {
        "id": "994c39bc-ad5b-4a45-8e8e-e4163a6c113d",
        "station_id": "933a8824-5877-419e-84b0-755ec7827ac9",
        "component_id": "88afd3d1-6da3-496a-ac81-669a47256d34",
        "value": 59.28,
        "timestamp_measured": "2019-04-17T16:00:00+00:00",
        "import_log_id": "95adc183-0ebb-468f-8241-374e3e60f785",
        "rating": 5,
        "status": "validated"
    },
    {
        "id": "783a596f-c7fe-4f9f-b983-b2cc93773650",
        "station_id": "933a8824-5877-419e-84b0-755ec7827ac9",
        "component_id": "88afd3d1-6da3-496a-ac81-669a47256d34",
        "value": 48.89,
        "timestamp_measured": "2019-04-17T17:00:00+00:00",
        "import_log_id": "95adc183-0ebb-468f-8241-374e3e60f785",
        "rating": 5,
        "status": "validated"
    },
    {
        "id": "184a82cf-4e61-4173-a77e-666272f9db76",
        "station_id": "933a8824-5877-419e-84b0-755ec7827ac9",
        "component_id": "88afd3d1-6da3-496a-ac81-669a47256d34",
        "value": 55.0,
        "timestamp_measured": "2019-04-17T18:00:00+00:00",
        "import_log_id": "95adc183-0ebb-468f-8241-374e3e60f785",
        "rating": 5,
        "status": "validated"
    },
    {
        "id": "cb095c7e-79fb-4480-8171-e462d65f1414",
        "station_id": "933a8824-5877-419e-84b0-755ec7827ac9",
        "component_id": "88afd3d1-6da3-496a-ac81-669a47256d34",
        "value": 58.78,
        "timestamp_measured": "2019-04-17T19:00:00+00:00",
        "import_log_id": "95adc183-0ebb-468f-8241-374e3e60f785",
        "rating": 5,
        "status": "validated"
    },
    {
        "id": "282b1817-d1bb-4965-9688-3bd77d4b7c69",
        "station_id": "933a8824-5877-419e-84b0-755ec7827ac9",
        "component_id": "88afd3d1-6da3-496a-ac81-669a47256d34",
        "value": 47.89,
        "timestamp_measured": "2019-04-17T20:00:00+00:00",
        "import_log_id": "95adc183-0ebb-468f-8241-374e3e60f785",
        "rating": 5,
        "status": "validated"
    },
    {
        "id": "fe5d421d-010f-4fac-a086-76a03e2cede1",
        "station_id": "933a8824-5877-419e-84b0-755ec7827ac9",
        "component_id": "88afd3d1-6da3-496a-ac81-669a47256d34",
        "value": 44.56,
        "timestamp_measured": "2019-04-17T21:00:00+00:00",
        "import_log_id": "95adc183-0ebb-468f-8241-374e3e60f785",
        "rating": 4,
        "status": "validated"
    },
    {
        "id": "de2e652f-a091-4b5e-a6da-cc14c3d1f37d",
        "station_id": "933a8824-5877-419e-84b0-755ec7827ac9",
        "component_id": "88afd3d1-6da3-496a-ac81-669a47256d34",
        "value": 46.58,
        "timestamp_measured": "2019-04-17T22:00:00+00:00",
        "import_log_id": "95adc183-0ebb-468f-8241-374e3e60f785",
        "rating": 5,
        "status": "validated"
    },
    {
        "id": "46415daa-9e62-44c2-9822-4fb7c9f6e652",
        "station_id": "933a8824-5877-419e-84b0-755ec7827ac9",
        "component_id": "88afd3d1-6da3-496a-ac81-669a47256d34",
        "value": 32.55,
        "timestamp_measured": "2019-04-17T23:00:00+00:00",
        "import_log_id": "95adc183-0ebb-468f-8241-374e3e60f785",
        "rating": 4,
        "status": "validated"
    },
    {
        "id": "72323872-09bd-451b-b0ac-9b11e12dfe2e",
        "station_id": "933a8824-5877-419e-84b0-755ec7827ac9",
        "component_id": "88afd3d1-6da3-496a-ac81-669a47256d34",
        "value": 39.7,
        "timestamp_measured": "2019-04-18T00:00:00+00:00",
        "import_log_id": "95adc183-0ebb-468f-8241-374e3e60f785",
        "rating": 4,
        "status": "validated"
    },
    {
        "id": "c8873fb0-48cd-47c9-ae5e-20c3d4ef63d6",
        "station_id": "933a8824-5877-419e-84b0-755ec7827ac9",
        "component_id": "88afd3d1-6da3-496a-ac81-669a47256d34",
        "value": 28.78,
        "timestamp_measured": "2019-04-18T01:00:00+00:00",
        "import_log_id": "95adc183-0ebb-468f-8241-374e3e60f785",
        "rating": 3,
        "status": "validated"
    },
    {
        "id": "13381ede-45fc-435c-bd7e-72d029d9df1a",
        "station_id": "933a8824-5877-419e-84b0-755ec7827ac9",
        "component_id": "88afd3d1-6da3-496a-ac81-669a47256d34",
        "value": 21.88,
        "timestamp_measured": "2019-04-18T02:00:00+00:00",
        "import_log_id": "95adc183-0ebb-468f-8241-374e3e60f785",
        "rating": 3,
        "status": "validated"
    },
    {
        "id": "b884bab5-aa6a-4e06-b116-c3896240d480",
        "station_id": "933a8824-5877-419e-84b0-755ec7827ac9",
        "component_id": "88afd3d1-6da3-496a-ac81-669a47256d34",
        "value": 22.46,
        "timestamp_measured": "2019-04-18T03:00:00+00:00",
        "import_log_id": "95adc183-0ebb-468f-8241-374e3e60f785",
        "rating": 3,
        "status": "validated"
    },
    {
        "id": "e7d361bb-74b1-406c-a504-a61b3a85610b",
        "station_id": "933a8824-5877-419e-84b0-755ec7827ac9",
        "component_id": "88afd3d1-6da3-496a-ac81-669a47256d34",
        "value": 28.3,
        "timestamp_measured": "2019-04-18T04:00:00+00:00",
        "import_log_id": "95adc183-0ebb-468f-8241-374e3e60f785",
        "rating": 3,
        "status": "validated"
    },
    {
        "id": "99a516f9-110b-4b95-9cc5-6f8d0df334d6",
        "station_id": "933a8824-5877-419e-84b0-755ec7827ac9",
        "component_id": "88afd3d1-6da3-496a-ac81-669a47256d34",
        "value": 39.52,
        "timestamp_measured": "2019-04-18T05:00:00+00:00",
        "import_log_id": "95adc183-0ebb-468f-8241-374e3e60f785",
        "rating": 4,
        "status": "validated"
    },
    {
        "id": "967b5c35-b935-4955-a122-bc3eeb220025",
        "station_id": "933a8824-5877-419e-84b0-755ec7827ac9",
        "component_id": "88afd3d1-6da3-496a-ac81-669a47256d34",
        "value": 57.47,
        "timestamp_measured": "2019-04-18T06:00:00+00:00",
        "import_log_id": "95adc183-0ebb-468f-8241-374e3e60f785",
        "rating": 5,
        "status": "validated"
    },
    {
        "id": "d32e1f08-0d60-41a5-a8e2-655ff8ff7110",
        "station_id": "933a8824-5877-419e-84b0-755ec7827ac9",
        "component_id": "88afd3d1-6da3-496a-ac81-669a47256d34",
        "value": 59.81,
        "timestamp_measured": "2019-04-18T07:00:00+00:00",
        "import_log_id": "95adc183-0ebb-468f-8241-374e3e60f785",
        "rating": 5,
        "status": "validated"
    },
    {
        "id": "db9d9795-d768-44d1-bd4d-04e33ecc7774",
        "station_id": "933a8824-5877-419e-84b0-755ec7827ac9",
        "component_id": "88afd3d1-6da3-496a-ac81-669a47256d34",
        "value": 47.32,
        "timestamp_measured": "2019-04-18T08:00:00+00:00",
        "import_log_id": "95adc183-0ebb-468f-8241-374e3e60f785",
        "rating": 5,
        "status": "validated"
    },
    {
        "id": "8cf52308-21ec-44fc-bf61-7b59121e5c2d",
        "station_id": "933a8824-5877-419e-84b0-755ec7827ac9",
        "component_id": "88afd3d1-6da3-496a-ac81-669a47256d34",
        "value": 39.75,
        "timestamp_measured": "2019-04-18T09:00:00+00:00",
        "import_log_id": "95adc183-0ebb-468f-8241-374e3e60f785",
        "rating": 4,
        "status": "validated"
    },
    {
        "id": "6796b96f-de2a-4faa-968c-8fbdf3e28e63",
        "station_id": "933a8824-5877-419e-84b0-755ec7827ac9",
        "component_id": "88afd3d1-6da3-496a-ac81-669a47256d34",
        "value": 36.79,
        "timestamp_measured": "2019-04-18T10:00:00+00:00",
        "import_log_id": "95adc183-0ebb-468f-8241-374e3e60f785",
        "rating": 4,
        "status": "validated"
    },
    {
        "id": "41b5801d-a9d1-4f3e-897f-f47f8e6894d0",
        "station_id": "933a8824-5877-419e-84b0-755ec7827ac9",
        "component_id": "88afd3d1-6da3-496a-ac81-669a47256d34",
        "value": 33.28,
        "timestamp_measured": "2019-04-18T11:00:00+00:00",
        "import_log_id": "95adc183-0ebb-468f-8241-374e3e60f785",
        "rating": 4,
        "status": "validated"
    },
    {
        "id": "8b0d10e1-0033-4cd7-aa39-77f894740479",
        "station_id": "933a8824-5877-419e-84b0-755ec7827ac9",
        "component_id": "88afd3d1-6da3-496a-ac81-669a47256d34",
        "value": 27.97,
        "timestamp_measured": "2019-04-18T12:00:00+00:00",
        "import_log_id": "95adc183-0ebb-468f-8241-374e3e60f785",
        "rating": 3,
        "status": "validated"
    },
    {
        "id": "cc91d782-951a-4c23-a809-0cc0eee2278e",
        "station_id": "933a8824-5877-419e-84b0-755ec7827ac9",
        "component_id": "88afd3d1-6da3-496a-ac81-669a47256d34",
        "value": 24.44,
        "timestamp_measured": "2019-04-18T13:00:00+00:00",
        "import_log_id": "95adc183-0ebb-468f-8241-374e3e60f785",
        "rating": 3,
        "status": "validated"
    },
    {
        "id": "27006e6f-7427-4fac-ae93-d9898890e823",
        "station_id": "933a8824-5877-419e-84b0-755ec7827ac9",
        "component_id": "88afd3d1-6da3-496a-ac81-669a47256d34",
        "value": 22.39,
        "timestamp_measured": "2019-04-18T14:00:00+00:00",
        "import_log_id": "95adc183-0ebb-468f-8241-374e3e60f785",
        "rating": 3,
        "status": "validated"
    },
    {
        "id": "40812b6f-26d3-424a-b246-9ce4a60ed5e1",
        "station_id": "933a8824-5877-419e-84b0-755ec7827ac9",
        "component_id": "88afd3d1-6da3-496a-ac81-669a47256d34",
        "value": 19.71,
        "timestamp_measured": "2019-04-18T15:00:00+00:00",
        "import_log_id": "95adc183-0ebb-468f-8241-374e3e60f785",
        "rating": 2,
        "status": "validated"
    },
    {
        "id": "481a9ada-2565-44aa-b505-dd63dcaed50c",
        "station_id": "933a8824-5877-419e-84b0-755ec7827ac9",
        "component_id": "88afd3d1-6da3-496a-ac81-669a47256d34",
        "value": 24.95,
        "timestamp_measured": "2019-04-18T16:00:00+00:00",
        "import_log_id": "95adc183-0ebb-468f-8241-374e3e60f785",
        "rating": 3,
        "status": "validated"
    },
    {
        "id": "f203d26f-8e1a-4c5a-84b1-38c56241df30",
        "station_id": "933a8824-5877-419e-84b0-755ec7827ac9",
        "component_id": "88afd3d1-6da3-496a-ac81-669a47256d34",
        "value": 24.91,
        "timestamp_measured": "2019-04-18T17:00:00+00:00",
        "import_log_id": "95adc183-0ebb-468f-8241-374e3e60f785",
        "rating": 3,
        "status": "validated"
    },
    {
        "id": "53031795-f23e-435a-abce-99d77853c60c",
        "station_id": "933a8824-5877-419e-84b0-755ec7827ac9",
        "component_id": "88afd3d1-6da3-496a-ac81-669a47256d34",
        "value": 21.84,
        "timestamp_measured": "2019-04-18T18:00:00+00:00",
        "import_log_id": "95adc183-0ebb-468f-8241-374e3e60f785",
        "rating": 3,
        "status": "validated"
    },
    {
        "id": "b58344ed-34e7-4363-80e0-53be54626aa5",
        "station_id": "933a8824-5877-419e-84b0-755ec7827ac9",
        "component_id": "88afd3d1-6da3-496a-ac81-669a47256d34",
        "value": 25.76,
        "timestamp_measured": "2019-04-18T19:00:00+00:00",
        "import_log_id": "95adc183-0ebb-468f-8241-374e3e60f785",
        "rating": 3,
        "status": "validated"
    },
    {
        "id": "373c8b03-2809-411f-921d-8a1bea9a0e17",
        "station_id": "933a8824-5877-419e-84b0-755ec7827ac9",
        "component_id": "88afd3d1-6da3-496a-ac81-669a47256d34",
        "value": 27.78,
        "timestamp_measured": "2019-04-18T20:00:00+00:00",
        "import_log_id": "95adc183-0ebb-468f-8241-374e3e60f785",
        "rating": 3,
        "status": "validated"
    },
    {
        "id": "70642af1-af45-4257-b510-64c67d2212cb",
        "station_id": "933a8824-5877-419e-84b0-755ec7827ac9",
        "component_id": "88afd3d1-6da3-496a-ac81-669a47256d34",
        "value": 19.97,
        "timestamp_measured": "2019-04-18T21:00:00+00:00",
        "import_log_id": "95adc183-0ebb-468f-8241-374e3e60f785",
        "rating": 2,
        "status": "validated"
    },
    {
        "id": "9c3e2c3b-1e15-4ff3-9680-e4c47e7298f9",
        "station_id": "933a8824-5877-419e-84b0-755ec7827ac9",
        "component_id": "88afd3d1-6da3-496a-ac81-669a47256d34",
        "value": 15.59,
        "timestamp_measured": "2019-04-18T22:00:00+00:00",
        "import_log_id": "95adc183-0ebb-468f-8241-374e3e60f785",
        "rating": 2,
        "status": "validated"
    },
    {
        "id": "fd7e5db9-c934-4062-90aa-885dd67e06fc",
        "station_id": "933a8824-5877-419e-84b0-755ec7827ac9",
        "component_id": "88afd3d1-6da3-496a-ac81-669a47256d34",
        "value": 19.26,
        "timestamp_measured": "2019-04-18T23:00:00+00:00",
        "import_log_id": "95adc183-0ebb-468f-8241-374e3e60f785",
        "rating": 2,
        "status": "validated"
    },
    {
        "id": "424afbaa-211d-4f9b-b22c-b06f4b2cf332",
        "station_id": "933a8824-5877-419e-84b0-755ec7827ac9",
        "component_id": "88afd3d1-6da3-496a-ac81-669a47256d34",
        "value": 19.09,
        "timestamp_measured": "2019-04-19T00:00:00+00:00",
        "import_log_id": "95adc183-0ebb-468f-8241-374e3e60f785",
        "rating": 2,
        "status": "validated"
    },
    {
        "id": "2b5932fe-c730-4c05-9475-6f522c600050",
        "station_id": "933a8824-5877-419e-84b0-755ec7827ac9",
        "component_id": "88afd3d1-6da3-496a-ac81-669a47256d34",
        "value": 16.98,
        "timestamp_measured": "2019-04-19T01:00:00+00:00",
        "import_log_id": "95adc183-0ebb-468f-8241-374e3e60f785",
        "rating": 2,
        "status": "validated"
    },
    {
        "id": "490cb7a8-32f2-4c5b-b7c7-32106e7cdfb8",
        "station_id": "933a8824-5877-419e-84b0-755ec7827ac9",
        "component_id": "88afd3d1-6da3-496a-ac81-669a47256d34",
        "value": 12.19,
        "timestamp_measured": "2019-04-19T02:00:00+00:00",
        "import_log_id": "95adc183-0ebb-468f-8241-374e3e60f785",
        "rating": 2,
        "status": "validated"
    },
    {
        "id": "d296ab01-e4d4-4fe9-b1c2-629fb94b6f3b",
        "station_id": "933a8824-5877-419e-84b0-755ec7827ac9",
        "component_id": "88afd3d1-6da3-496a-ac81-669a47256d34",
        "value": 15.5,
        "timestamp_measured": "2019-04-19T03:00:00+00:00",
        "import_log_id": "95adc183-0ebb-468f-8241-374e3e60f785",
        "rating": 2,
        "status": "validated"
    },
    {
        "id": "e0f906f6-3e3b-4bab-9312-76e6bc44d9eb",
        "station_id": "933a8824-5877-419e-84b0-755ec7827ac9",
        "component_id": "88afd3d1-6da3-496a-ac81-669a47256d34",
        "value": 14.72,
        "timestamp_measured": "2019-04-19T04:00:00+00:00",
        "import_log_id": "95adc183-0ebb-468f-8241-374e3e60f785",
        "rating": 2,
        "status": "validated"
    },
    {
        "id": "ae356005-bbb4-4d6f-9841-3a2aa68e35ad",
        "station_id": "933a8824-5877-419e-84b0-755ec7827ac9",
        "component_id": "88afd3d1-6da3-496a-ac81-669a47256d34",
        "value": 20.07,
        "timestamp_measured": "2019-04-19T05:00:00+00:00",
        "import_log_id": "95adc183-0ebb-468f-8241-374e3e60f785",
        "rating": 3,
        "status": "validated"
    },
    {
        "id": "c012613a-019f-4390-a97a-99bf6e50250e",
        "station_id": "933a8824-5877-419e-84b0-755ec7827ac9",
        "component_id": "88afd3d1-6da3-496a-ac81-669a47256d34",
        "value": 30.77,
        "timestamp_measured": "2019-04-19T06:00:00+00:00",
        "import_log_id": "95adc183-0ebb-468f-8241-374e3e60f785",
        "rating": 4,
        "status": "validated"
    },
    {
        "id": "01ec960a-da31-41d6-b04c-95016f2f5263",
        "station_id": "933a8824-5877-419e-84b0-755ec7827ac9",
        "component_id": "88afd3d1-6da3-496a-ac81-669a47256d34",
        "value": 34.73,
        "timestamp_measured": "2019-04-19T07:00:00+00:00",
        "import_log_id": "95adc183-0ebb-468f-8241-374e3e60f785",
        "rating": 4,
        "status": "validated"
    },
    {
        "id": "ea63a3f5-266b-4496-9402-5bc47b97ec7b",
        "station_id": "933a8824-5877-419e-84b0-755ec7827ac9",
        "component_id": "88afd3d1-6da3-496a-ac81-669a47256d34",
        "value": 38.47,
        "timestamp_measured": "2019-04-19T08:00:00+00:00",
        "import_log_id": "95adc183-0ebb-468f-8241-374e3e60f785",
        "rating": 4,
        "status": "validated"
    },
    {
        "id": "9610ad79-ab75-4793-805c-a0aaa2fd35f1",
        "station_id": "933a8824-5877-419e-84b0-755ec7827ac9",
        "component_id": "88afd3d1-6da3-496a-ac81-669a47256d34",
        "value": 35.75,
        "timestamp_measured": "2019-04-19T09:00:00+00:00",
        "import_log_id": "95adc183-0ebb-468f-8241-374e3e60f785",
        "rating": 4,
        "status": "validated"
    },
    {
        "id": "cc3d2a35-2afb-429e-a6cb-8761b8a006e5",
        "station_id": "933a8824-5877-419e-84b0-755ec7827ac9",
        "component_id": "88afd3d1-6da3-496a-ac81-669a47256d34",
        "value": 33.1,
        "timestamp_measured": "2019-04-19T10:00:00+00:00",
        "import_log_id": "95adc183-0ebb-468f-8241-374e3e60f785",
        "rating": 4,
        "status": "validated"
    },
    {
        "id": "aabdc094-0136-4115-9cd7-6ff20956b541",
        "station_id": "933a8824-5877-419e-84b0-755ec7827ac9",
        "component_id": "88afd3d1-6da3-496a-ac81-669a47256d34",
        "value": 23.0,
        "timestamp_measured": "2019-04-19T11:00:00+00:00",
        "import_log_id": "95adc183-0ebb-468f-8241-374e3e60f785",
        "rating": 3,
        "status": "validated"
    },
    {
        "id": "64887ab2-eab9-41c2-b9aa-b49d088e925e",
        "station_id": "933a8824-5877-419e-84b0-755ec7827ac9",
        "component_id": "88afd3d1-6da3-496a-ac81-669a47256d34",
        "value": 17.29,
        "timestamp_measured": "2019-04-19T12:00:00+00:00",
        "import_log_id": "95adc183-0ebb-468f-8241-374e3e60f785",
        "rating": 2,
        "status": "validated"
    },
    {
        "id": "ece40c55-c795-448a-9f31-785bd0820239",
        "station_id": "933a8824-5877-419e-84b0-755ec7827ac9",
        "component_id": "88afd3d1-6da3-496a-ac81-669a47256d34",
        "value": 19.73,
        "timestamp_measured": "2019-04-19T13:00:00+00:00",
        "import_log_id": "95adc183-0ebb-468f-8241-374e3e60f785",
        "rating": 2,
        "status": "validated"
    },
    {
        "id": "085d29fc-cee9-4c5f-a00e-d7fd7e4fd025",
        "station_id": "933a8824-5877-419e-84b0-755ec7827ac9",
        "component_id": "88afd3d1-6da3-496a-ac81-669a47256d34",
        "value": 27.35,
        "timestamp_measured": "2019-04-19T14:00:00+00:00",
        "import_log_id": "95adc183-0ebb-468f-8241-374e3e60f785",
        "rating": 3,
        "status": "validated"
    },
    {
        "id": "58cb6840-af4f-4450-836e-a0e124283cd9",
        "station_id": "933a8824-5877-419e-84b0-755ec7827ac9",
        "component_id": "88afd3d1-6da3-496a-ac81-669a47256d34",
        "value": 21.98,
        "timestamp_measured": "2019-04-19T15:00:00+00:00",
        "import_log_id": "95adc183-0ebb-468f-8241-374e3e60f785",
        "rating": 3,
        "status": "validated"
    },
    {
        "id": "ea68ec2e-d146-47a9-9305-e35b78dc4747",
        "station_id": "933a8824-5877-419e-84b0-755ec7827ac9",
        "component_id": "88afd3d1-6da3-496a-ac81-669a47256d34",
        "value": 26.12,
        "timestamp_measured": "2019-04-19T16:00:00+00:00",
        "import_log_id": "95adc183-0ebb-468f-8241-374e3e60f785",
        "rating": 3,
        "status": "validated"
    },
    {
        "id": "148ccd2b-5c59-4b85-9b18-aa657725375f",
        "station_id": "933a8824-5877-419e-84b0-755ec7827ac9",
        "component_id": "88afd3d1-6da3-496a-ac81-669a47256d34",
        "value": 31.09,
        "timestamp_measured": "2019-04-19T17:00:00+00:00",
        "import_log_id": "95adc183-0ebb-468f-8241-374e3e60f785",
        "rating": 4,
        "status": "validated"
    },
    {
        "id": "c4ca771c-cfae-4508-b48a-540adc89cdd5",
        "station_id": "933a8824-5877-419e-84b0-755ec7827ac9",
        "component_id": "88afd3d1-6da3-496a-ac81-669a47256d34",
        "value": 22.49,
        "timestamp_measured": "2019-04-19T18:00:00+00:00",
        "import_log_id": "95adc183-0ebb-468f-8241-374e3e60f785",
        "rating": 3,
        "status": "validated"
    },
    {
        "id": "4241114f-dd1b-4d24-9d70-8e40a095be5c",
        "station_id": "933a8824-5877-419e-84b0-755ec7827ac9",
        "component_id": "88afd3d1-6da3-496a-ac81-669a47256d34",
        "value": 23.22,
        "timestamp_measured": "2019-04-19T19:00:00+00:00",
        "import_log_id": "95adc183-0ebb-468f-8241-374e3e60f785",
        "rating": 3,
        "status": "validated"
    },
    {
        "id": "8e627141-2471-4c64-96f4-2f3259abb206",
        "station_id": "933a8824-5877-419e-84b0-755ec7827ac9",
        "component_id": "88afd3d1-6da3-496a-ac81-669a47256d34",
        "value": 27.29,
        "timestamp_measured": "2019-04-19T20:00:00+00:00",
        "import_log_id": "95adc183-0ebb-468f-8241-374e3e60f785",
        "rating": 3,
        "status": "validated"
    },
    {
        "id": "644ef591-4be1-4913-b8fc-d2f3a59c4343",
        "station_id": "933a8824-5877-419e-84b0-755ec7827ac9",
        "component_id": "88afd3d1-6da3-496a-ac81-669a47256d34",
        "value": 27.94,
        "timestamp_measured": "2019-04-19T21:00:00+00:00",
        "import_log_id": "95adc183-0ebb-468f-8241-374e3e60f785",
        "rating": 3,
        "status": "validated"
    },
    {
        "id": "dc1affcf-8e28-4a7e-a273-bd1cce0f0542",
        "station_id": "933a8824-5877-419e-84b0-755ec7827ac9",
        "component_id": "88afd3d1-6da3-496a-ac81-669a47256d34",
        "value": 42.9,
        "timestamp_measured": "2019-04-19T22:00:00+00:00",
        "import_log_id": "95adc183-0ebb-468f-8241-374e3e60f785",
        "rating": 4,
        "status": "validated"
    },
    {
        "id": "0e03c2f8-9853-415c-aed7-599896f63e2e",
        "station_id": "933a8824-5877-419e-84b0-755ec7827ac9",
        "component_id": "88afd3d1-6da3-496a-ac81-669a47256d34",
        "value": 42.15,
        "timestamp_measured": "2019-04-19T23:00:00+00:00",
        "import_log_id": "95adc183-0ebb-468f-8241-374e3e60f785",
        "rating": 4,
        "status": "validated"
    },
    {
        "id": "9a3be622-3f65-44dc-b126-d43b0a197b1d",
        "station_id": "933a8824-5877-419e-84b0-755ec7827ac9",
        "component_id": "88afd3d1-6da3-496a-ac81-669a47256d34",
        "value": 30.09,
        "timestamp_measured": "2019-04-20T00:00:00+00:00",
        "import_log_id": "95adc183-0ebb-468f-8241-374e3e60f785",
        "rating": 4,
        "status": "validated"
    },
    {
        "id": "2484397e-7517-4b71-9d34-2aeed4b12fb4",
        "station_id": "933a8824-5877-419e-84b0-755ec7827ac9",
        "component_id": "88afd3d1-6da3-496a-ac81-669a47256d34",
        "value": 25.35,
        "timestamp_measured": "2019-04-20T01:00:00+00:00",
        "import_log_id": "95adc183-0ebb-468f-8241-374e3e60f785",
        "rating": 3,
        "status": "validated"
    },
    {
        "id": "eacdb44d-139f-4981-b3e5-3e1f9c901dc6",
        "station_id": "933a8824-5877-419e-84b0-755ec7827ac9",
        "component_id": "88afd3d1-6da3-496a-ac81-669a47256d34",
        "value": 20.0,
        "timestamp_measured": "2019-04-20T02:00:00+00:00",
        "import_log_id": "95adc183-0ebb-468f-8241-374e3e60f785",
        "rating": 3,
        "status": "validated"
    },
    {
        "id": "fea97c6a-f7d7-4f8d-a4aa-4c0e9c7339b7",
        "station_id": "933a8824-5877-419e-84b0-755ec7827ac9",
        "component_id": "88afd3d1-6da3-496a-ac81-669a47256d34",
        "value": 17.95,
        "timestamp_measured": "2019-04-20T03:00:00+00:00",
        "import_log_id": "95adc183-0ebb-468f-8241-374e3e60f785",
        "rating": 2,
        "status": "validated"
    },
    {
        "id": "d1e066fa-cf8a-4711-a7bb-15d1943d0342",
        "station_id": "933a8824-5877-419e-84b0-755ec7827ac9",
        "component_id": "88afd3d1-6da3-496a-ac81-669a47256d34",
        "value": 17.27,
        "timestamp_measured": "2019-04-20T04:00:00+00:00",
        "import_log_id": "95adc183-0ebb-468f-8241-374e3e60f785",
        "rating": 2,
        "status": "validated"
    },
    {
        "id": "8c7c2143-337a-4d29-bdef-64bd83a4ff3b",
        "station_id": "933a8824-5877-419e-84b0-755ec7827ac9",
        "component_id": "88afd3d1-6da3-496a-ac81-669a47256d34",
        "value": 18.76,
        "timestamp_measured": "2019-04-20T05:00:00+00:00",
        "import_log_id": "95adc183-0ebb-468f-8241-374e3e60f785",
        "rating": 2,
        "status": "validated"
    },
    {
        "id": "275fac99-97fc-4bfe-8806-c1cce4b49244",
        "station_id": "933a8824-5877-419e-84b0-755ec7827ac9",
        "component_id": "88afd3d1-6da3-496a-ac81-669a47256d34",
        "value": 27.37,
        "timestamp_measured": "2019-04-20T06:00:00+00:00",
        "import_log_id": "95adc183-0ebb-468f-8241-374e3e60f785",
        "rating": 3,
        "status": "validated"
    },
    {
        "id": "e62f8077-dde2-4fff-9098-731b5a09ff31",
        "station_id": "933a8824-5877-419e-84b0-755ec7827ac9",
        "component_id": "88afd3d1-6da3-496a-ac81-669a47256d34",
        "value": 33.57,
        "timestamp_measured": "2019-04-20T07:00:00+00:00",
        "import_log_id": "95adc183-0ebb-468f-8241-374e3e60f785",
        "rating": 4,
        "status": "validated"
    },
    {
        "id": "dcf20b00-19ff-4786-88ac-5e78d96da5a6",
        "station_id": "933a8824-5877-419e-84b0-755ec7827ac9",
        "component_id": "88afd3d1-6da3-496a-ac81-669a47256d34",
        "value": 38.79,
        "timestamp_measured": "2019-04-20T08:00:00+00:00",
        "import_log_id": "95adc183-0ebb-468f-8241-374e3e60f785",
        "rating": 4,
        "status": "validated"
    },
    {
        "id": "a8c3ff9a-c4ea-42d9-82bf-9eef4d27db69",
        "station_id": "933a8824-5877-419e-84b0-755ec7827ac9",
        "component_id": "88afd3d1-6da3-496a-ac81-669a47256d34",
        "value": 33.5,
        "timestamp_measured": "2019-04-20T09:00:00+00:00",
        "import_log_id": "95adc183-0ebb-468f-8241-374e3e60f785",
        "rating": 4,
        "status": "validated"
    },
    {
        "id": "691d6117-8fdd-44e3-9cf9-3bce40f279bc",
        "station_id": "933a8824-5877-419e-84b0-755ec7827ac9",
        "component_id": "88afd3d1-6da3-496a-ac81-669a47256d34",
        "value": 23.58,
        "timestamp_measured": "2019-04-20T10:00:00+00:00",
        "import_log_id": "95adc183-0ebb-468f-8241-374e3e60f785",
        "rating": 3,
        "status": "validated"
    },
    {
        "id": "b49fd52c-1dee-40c2-b62b-5092633793e0",
        "station_id": "933a8824-5877-419e-84b0-755ec7827ac9",
        "component_id": "88afd3d1-6da3-496a-ac81-669a47256d34",
        "value": 21.07,
        "timestamp_measured": "2019-04-20T11:00:00+00:00",
        "import_log_id": "95adc183-0ebb-468f-8241-374e3e60f785",
        "rating": 3,
        "status": "validated"
    },
    {
        "id": "adce8a32-6cd2-4bee-a4c0-dc798ed0cd0e",
        "station_id": "933a8824-5877-419e-84b0-755ec7827ac9",
        "component_id": "88afd3d1-6da3-496a-ac81-669a47256d34",
        "value": 19.77,
        "timestamp_measured": "2019-04-20T12:00:00+00:00",
        "import_log_id": "95adc183-0ebb-468f-8241-374e3e60f785",
        "rating": 2,
        "status": "validated"
    },
    {
        "id": "cdea2eca-7dd7-4dc0-b307-3ebeede4c250",
        "station_id": "933a8824-5877-419e-84b0-755ec7827ac9",
        "component_id": "88afd3d1-6da3-496a-ac81-669a47256d34",
        "value": 14.1,
        "timestamp_measured": "2019-04-20T13:00:00+00:00",
        "import_log_id": "95adc183-0ebb-468f-8241-374e3e60f785",
        "rating": 2,
        "status": "validated"
    },
    {
        "id": "ca039412-bb06-42c4-8f22-eae9c22bcd76",
        "station_id": "933a8824-5877-419e-84b0-755ec7827ac9",
        "component_id": "88afd3d1-6da3-496a-ac81-669a47256d34",
        "value": 15.63,
        "timestamp_measured": "2019-04-20T14:00:00+00:00",
        "import_log_id": "95adc183-0ebb-468f-8241-374e3e60f785",
        "rating": 2,
        "status": "validated"
    },
    {
        "id": "636add0d-d1e8-4f82-bb5f-c41ec210d2bc",
        "station_id": "933a8824-5877-419e-84b0-755ec7827ac9",
        "component_id": "88afd3d1-6da3-496a-ac81-669a47256d34",
        "value": 9.01,
        "timestamp_measured": "2019-04-20T15:00:00+00:00",
        "import_log_id": "95adc183-0ebb-468f-8241-374e3e60f785",
        "rating": 1,
        "status": "validated"
    },
    {
        "id": "1af80fba-521b-45e9-bad9-41a9e3caf011",
        "station_id": "933a8824-5877-419e-84b0-755ec7827ac9",
        "component_id": "88afd3d1-6da3-496a-ac81-669a47256d34",
        "value": 8.96,
        "timestamp_measured": "2019-04-20T16:00:00+00:00",
        "import_log_id": "95adc183-0ebb-468f-8241-374e3e60f785",
        "rating": 1,
        "status": "validated"
    },
    {
        "id": "8a7f4397-6694-467f-aa56-efd4988e599d",
        "station_id": "933a8824-5877-419e-84b0-755ec7827ac9",
        "component_id": "88afd3d1-6da3-496a-ac81-669a47256d34",
        "value": 10.65,
        "timestamp_measured": "2019-04-20T17:00:00+00:00",
        "import_log_id": "95adc183-0ebb-468f-8241-374e3e60f785",
        "rating": 2,
        "status": "validated"
    },
    {
        "id": "cfd273a3-985e-4936-91b1-aa75707c3f2e",
        "station_id": "933a8824-5877-419e-84b0-755ec7827ac9",
        "component_id": "88afd3d1-6da3-496a-ac81-669a47256d34",
        "value": 13.88,
        "timestamp_measured": "2019-04-20T18:00:00+00:00",
        "import_log_id": "95adc183-0ebb-468f-8241-374e3e60f785",
        "rating": 2,
        "status": "validated"
    },
    {
        "id": "e3bfdfb9-4f16-47cc-b6ef-8691d64e9dfb",
        "station_id": "933a8824-5877-419e-84b0-755ec7827ac9",
        "component_id": "88afd3d1-6da3-496a-ac81-669a47256d34",
        "value": 14.37,
        "timestamp_measured": "2019-04-20T19:00:00+00:00",
        "import_log_id": "95adc183-0ebb-468f-8241-374e3e60f785",
        "rating": 2,
        "status": "validated"
    },
    {
        "id": "462e4675-6527-4f50-a5b3-ae1297ba17c8",
        "station_id": "933a8824-5877-419e-84b0-755ec7827ac9",
        "component_id": "88afd3d1-6da3-496a-ac81-669a47256d34",
        "value": 16.45,
        "timestamp_measured": "2019-04-20T20:00:00+00:00",
        "import_log_id": "95adc183-0ebb-468f-8241-374e3e60f785",
        "rating": 2,
        "status": "validated"
    },
    {
        "id": "08f17195-f9f5-4901-9e07-b62d3ec7fc39",
        "station_id": "933a8824-5877-419e-84b0-755ec7827ac9",
        "component_id": "88afd3d1-6da3-496a-ac81-669a47256d34",
        "value": 18.22,
        "timestamp_measured": "2019-04-20T21:00:00+00:00",
        "import_log_id": "95adc183-0ebb-468f-8241-374e3e60f785",
        "rating": 2,
        "status": "validated"
    },
    {
        "id": "5e78ba62-c8f9-4b8c-9b50-bb87bc0e90fa",
        "station_id": "933a8824-5877-419e-84b0-755ec7827ac9",
        "component_id": "88afd3d1-6da3-496a-ac81-669a47256d34",
        "value": 15.63,
        "timestamp_measured": "2019-04-20T22:00:00+00:00",
        "import_log_id": "95adc183-0ebb-468f-8241-374e3e60f785",
        "rating": 2,
        "status": "validated"
    },
    {
        "id": "2dc60477-0a5b-4284-b8fd-b4c1eaf8995b",
        "station_id": "933a8824-5877-419e-84b0-755ec7827ac9",
        "component_id": "88afd3d1-6da3-496a-ac81-669a47256d34",
        "value": 13.45,
        "timestamp_measured": "2019-04-20T23:00:00+00:00",
        "import_log_id": "95adc183-0ebb-468f-8241-374e3e60f785",
        "rating": 2,
        "status": "validated"
    },
    {
        "id": "74b1ad61-85a2-4a84-a691-aa8d81032384",
        "station_id": "933a8824-5877-419e-84b0-755ec7827ac9",
        "component_id": "88afd3d1-6da3-496a-ac81-669a47256d34",
        "value": 18.53,
        "timestamp_measured": "2019-04-21T00:00:00+00:00",
        "import_log_id": "95adc183-0ebb-468f-8241-374e3e60f785",
        "rating": 2,
        "status": "validated"
    },
    {
        "id": "21993a3d-3740-417e-a415-30a2d2b311ff",
        "station_id": "933a8824-5877-419e-84b0-755ec7827ac9",
        "component_id": "88afd3d1-6da3-496a-ac81-669a47256d34",
        "value": 20.14,
        "timestamp_measured": "2019-04-21T01:00:00+00:00",
        "import_log_id": "95adc183-0ebb-468f-8241-374e3e60f785",
        "rating": 3,
        "status": "validated"
    },
    {
        "id": "e8c0d055-785d-48d0-9354-77b3d7e14111",
        "station_id": "933a8824-5877-419e-84b0-755ec7827ac9",
        "component_id": "88afd3d1-6da3-496a-ac81-669a47256d34",
        "value": 16.01,
        "timestamp_measured": "2019-04-21T02:00:00+00:00",
        "import_log_id": "95adc183-0ebb-468f-8241-374e3e60f785",
        "rating": 2,
        "status": "validated"
    },
    {
        "id": "29d20960-9878-4310-9f25-0f0da82608cc",
        "station_id": "933a8824-5877-419e-84b0-755ec7827ac9",
        "component_id": "88afd3d1-6da3-496a-ac81-669a47256d34",
        "value": 17.73,
        "timestamp_measured": "2019-04-21T03:00:00+00:00",
        "import_log_id": "95adc183-0ebb-468f-8241-374e3e60f785",
        "rating": 2,
        "status": "validated"
    },
    {
        "id": "3c320641-20a3-45ec-862d-692592a2ba08",
        "station_id": "933a8824-5877-419e-84b0-755ec7827ac9",
        "component_id": "88afd3d1-6da3-496a-ac81-669a47256d34",
        "value": 18.07,
        "timestamp_measured": "2019-04-21T04:00:00+00:00",
        "import_log_id": "95adc183-0ebb-468f-8241-374e3e60f785",
        "rating": 2,
        "status": "validated"
    },
    {
        "id": "dadf4032-4213-44a7-bd6b-fa105974911f",
        "station_id": "933a8824-5877-419e-84b0-755ec7827ac9",
        "component_id": "88afd3d1-6da3-496a-ac81-669a47256d34",
        "value": 19.45,
        "timestamp_measured": "2019-04-21T05:00:00+00:00",
        "import_log_id": "95adc183-0ebb-468f-8241-374e3e60f785",
        "rating": 2,
        "status": "validated"
    },
    {
        "id": "183ed659-0858-43a3-bd47-3d15b1da9100",
        "station_id": "933a8824-5877-419e-84b0-755ec7827ac9",
        "component_id": "88afd3d1-6da3-496a-ac81-669a47256d34",
        "value": 24.01,
        "timestamp_measured": "2019-04-21T06:00:00+00:00",
        "import_log_id": "95adc183-0ebb-468f-8241-374e3e60f785",
        "rating": 3,
        "status": "validated"
    },
    {
        "id": "a06d2752-5da1-4e05-874a-ebb1833f18f7",
        "station_id": "933a8824-5877-419e-84b0-755ec7827ac9",
        "component_id": "88afd3d1-6da3-496a-ac81-669a47256d34",
        "value": 23.46,
        "timestamp_measured": "2019-04-21T07:00:00+00:00",
        "import_log_id": "95adc183-0ebb-468f-8241-374e3e60f785",
        "rating": 3,
        "status": "validated"
    },
    {
        "id": "41f12110-8545-4060-ac06-6bba30db533c",
        "station_id": "933a8824-5877-419e-84b0-755ec7827ac9",
        "component_id": "88afd3d1-6da3-496a-ac81-669a47256d34",
        "value": 24.74,
        "timestamp_measured": "2019-04-21T08:00:00+00:00",
        "import_log_id": "95adc183-0ebb-468f-8241-374e3e60f785",
        "rating": 3,
        "status": "validated"
    },
    {
        "id": "dc44bb74-52f9-488f-b435-fbc352f5bbcf",
        "station_id": "933a8824-5877-419e-84b0-755ec7827ac9",
        "component_id": "88afd3d1-6da3-496a-ac81-669a47256d34",
        "value": 17.01,
        "timestamp_measured": "2019-04-21T09:00:00+00:00",
        "import_log_id": "95adc183-0ebb-468f-8241-374e3e60f785",
        "rating": 2,
        "status": "validated"
    },
    {
        "id": "94bb8bfe-2f41-4c8b-998a-e8688bff4820",
        "station_id": "933a8824-5877-419e-84b0-755ec7827ac9",
        "component_id": "88afd3d1-6da3-496a-ac81-669a47256d34",
        "value": 18.63,
        "timestamp_measured": "2019-04-21T10:00:00+00:00",
        "import_log_id": "95adc183-0ebb-468f-8241-374e3e60f785",
        "rating": 2,
        "status": "validated"
    },
    {
        "id": "aa8df2ad-ee48-4ecb-990d-0a8490166606",
        "station_id": "933a8824-5877-419e-84b0-755ec7827ac9",
        "component_id": "88afd3d1-6da3-496a-ac81-669a47256d34",
        "value": 18.17,
        "timestamp_measured": "2019-04-21T11:00:00+00:00",
        "import_log_id": "95adc183-0ebb-468f-8241-374e3e60f785",
        "rating": 2,
        "status": "validated"
    },
    {
        "id": "885e4b2d-e6f8-4ff7-853a-2ad24d534683",
        "station_id": "933a8824-5877-419e-84b0-755ec7827ac9",
        "component_id": "88afd3d1-6da3-496a-ac81-669a47256d34",
        "value": 16.07,
        "timestamp_measured": "2019-04-21T12:00:00+00:00",
        "import_log_id": "95adc183-0ebb-468f-8241-374e3e60f785",
        "rating": 2,
        "status": "validated"
    },
    {
        "id": "bf384f14-0652-4bd9-bfaf-e55a29906077",
        "station_id": "933a8824-5877-419e-84b0-755ec7827ac9",
        "component_id": "88afd3d1-6da3-496a-ac81-669a47256d34",
        "value": 16.91,
        "timestamp_measured": "2019-04-21T13:00:00+00:00",
        "import_log_id": "95adc183-0ebb-468f-8241-374e3e60f785",
        "rating": 2,
        "status": "validated"
    },
    {
        "id": "2cdea240-b0e7-41e6-af3d-f8744a39aa51",
        "station_id": "933a8824-5877-419e-84b0-755ec7827ac9",
        "component_id": "88afd3d1-6da3-496a-ac81-669a47256d34",
        "value": 16.81,
        "timestamp_measured": "2019-04-21T14:00:00+00:00",
        "import_log_id": "95adc183-0ebb-468f-8241-374e3e60f785",
        "rating": 2,
        "status": "validated"
    },
    {
        "id": "ea5f4878-2dfc-4bc5-af30-ab7df12dbe7d",
        "station_id": "933a8824-5877-419e-84b0-755ec7827ac9",
        "component_id": "88afd3d1-6da3-496a-ac81-669a47256d34",
        "value": 14.62,
        "timestamp_measured": "2019-04-21T15:00:00+00:00",
        "import_log_id": "95adc183-0ebb-468f-8241-374e3e60f785",
        "rating": 2,
        "status": "validated"
    },
    {
        "id": "19f73927-de55-4ad2-b39a-d288148fe53d",
        "station_id": "933a8824-5877-419e-84b0-755ec7827ac9",
        "component_id": "88afd3d1-6da3-496a-ac81-669a47256d34",
        "value": 21.03,
        "timestamp_measured": "2019-04-21T16:00:00+00:00",
        "import_log_id": "95adc183-0ebb-468f-8241-374e3e60f785",
        "rating": 3,
        "status": "validated"
    },
    {
        "id": "2c15d989-a81e-423e-a5ac-b60669c6f455",
        "station_id": "933a8824-5877-419e-84b0-755ec7827ac9",
        "component_id": "88afd3d1-6da3-496a-ac81-669a47256d34",
        "value": 20.5,
        "timestamp_measured": "2019-04-21T17:00:00+00:00",
        "import_log_id": "95adc183-0ebb-468f-8241-374e3e60f785",
        "rating": 3,
        "status": "validated"
    },
    {
        "id": "508f85e6-024e-44d3-8746-bcef5bebe60c",
        "station_id": "933a8824-5877-419e-84b0-755ec7827ac9",
        "component_id": "88afd3d1-6da3-496a-ac81-669a47256d34",
        "value": 16.41,
        "timestamp_measured": "2019-04-21T18:00:00+00:00",
        "import_log_id": "95adc183-0ebb-468f-8241-374e3e60f785",
        "rating": 2,
        "status": "validated"
    },
    {
        "id": "111228cc-0109-4642-b41b-612930b7851b",
        "station_id": "933a8824-5877-419e-84b0-755ec7827ac9",
        "component_id": "88afd3d1-6da3-496a-ac81-669a47256d34",
        "value": 16.47,
        "timestamp_measured": "2019-04-21T19:00:00+00:00",
        "import_log_id": "95adc183-0ebb-468f-8241-374e3e60f785",
        "rating": 2,
        "status": "validated"
    },
    {
        "id": "a5cb0244-3043-4006-82fa-a5868760fbe0",
        "station_id": "933a8824-5877-419e-84b0-755ec7827ac9",
        "component_id": "88afd3d1-6da3-496a-ac81-669a47256d34",
        "value": 19.22,
        "timestamp_measured": "2019-04-21T20:00:00+00:00",
        "import_log_id": "95adc183-0ebb-468f-8241-374e3e60f785",
        "rating": 2,
        "status": "validated"
    },
    {
        "id": "6bbb3d6f-a318-4879-83a8-22da5128dec5",
        "station_id": "933a8824-5877-419e-84b0-755ec7827ac9",
        "component_id": "88afd3d1-6da3-496a-ac81-669a47256d34",
        "value": 24.36,
        "timestamp_measured": "2019-04-21T21:00:00+00:00",
        "import_log_id": "95adc183-0ebb-468f-8241-374e3e60f785",
        "rating": 3,
        "status": "validated"
    },
    {
        "id": "9533d3ae-fc80-40cb-8560-31e6f25b512b",
        "station_id": "933a8824-5877-419e-84b0-755ec7827ac9",
        "component_id": "88afd3d1-6da3-496a-ac81-669a47256d34",
        "value": -999.0,
        "timestamp_measured": "2019-04-21T22:00:00+00:00",
        "import_log_id": "95adc183-0ebb-468f-8241-374e3e60f785",
        "rating": -999,
        "status": "unvalidated"
    }
]