[
    {
        "id": "2d94bb25-10fa-4342-b231-050c531aba25",
        "station_id": "f88a4cb4-dd0c-4445-8251-7c205076aae0",
        "component_id": "88afd3d1-6da3-496a-ac81-669a47256d34",
        "value": 12.32,
        "timestamp_measured": "2019-04-28T22:00:00+00:00",
        "import_log_id": "024a173d-ea9d-4d3c-94f1-69aa5e39a690",
        "rating": 2,
        "status": "validated"
    },
    {
        "id": "5195b720-72c7-4011-a9e1-8c1bc9665cf1",
        "station_id": "f88a4cb4-dd0c-4445-8251-7c205076aae0",
        "component_id": "88afd3d1-6da3-496a-ac81-669a47256d34",
        "value": 19.68,
        "timestamp_measured": "2019-04-28T23:00:00+00:00",
        "import_log_id": "024a173d-ea9d-4d3c-94f1-69aa5e39a690",
        "rating": 2,
        "status": "validated"
    },
    {
        "id": "1489572a-f4a6-44ee-916e-95af67672acb",
        "station_id": "f88a4cb4-dd0c-4445-8251-7c205076aae0",
        "component_id": "88afd3d1-6da3-496a-ac81-669a47256d34",
        "value": 19.5,
        "timestamp_measured": "2019-04-29T00:00:00+00:00",
        "import_log_id": "024a173d-ea9d-4d3c-94f1-69aa5e39a690",
        "rating": 2,
        "status": "validated"
    },
    {
        "id": "8d53f25e-9961-46b9-8c87-abb48d7cdc54",
        "station_id": "f88a4cb4-dd0c-4445-8251-7c205076aae0",
        "component_id": "88afd3d1-6da3-496a-ac81-669a47256d34",
        "value": 16.46,
        "timestamp_measured": "2019-04-29T01:00:00+00:00",
        "import_log_id": "024a173d-ea9d-4d3c-94f1-69aa5e39a690",
        "rating": 2,
        "status": "validated"
    },
    {
        "id": "b2b70f9c-74df-4db9-9f79-834fff043d3e",
        "station_id": "f88a4cb4-dd0c-4445-8251-7c205076aae0",
        "component_id": "88afd3d1-6da3-496a-ac81-669a47256d34",
        "value": 12.51,
        "timestamp_measured": "2019-04-29T02:00:00+00:00",
        "import_log_id": "024a173d-ea9d-4d3c-94f1-69aa5e39a690",
        "rating": 2,
        "status": "validated"
    },
    {
        "id": "7e7bb36e-8fe5-405d-820d-ab5ff7207653",
        "station_id": "f88a4cb4-dd0c-4445-8251-7c205076aae0",
        "component_id": "88afd3d1-6da3-496a-ac81-669a47256d34",
        "value": 11.89,
        "timestamp_measured": "2019-04-29T03:00:00+00:00",
        "import_log_id": "024a173d-ea9d-4d3c-94f1-69aa5e39a690",
        "rating": 2,
        "status": "validated"
    },
    {
        "id": "3d3a7fde-4140-430f-99a0-5fe878c96b03",
        "station_id": "f88a4cb4-dd0c-4445-8251-7c205076aae0",
        "component_id": "88afd3d1-6da3-496a-ac81-669a47256d34",
        "value": 12.05,
        "timestamp_measured": "2019-04-29T04:00:00+00:00",
        "import_log_id": "024a173d-ea9d-4d3c-94f1-69aa5e39a690",
        "rating": 2,
        "status": "validated"
    },
    {
        "id": "d440da44-ae5d-47c4-b004-33ee10594e21",
        "station_id": "f88a4cb4-dd0c-4445-8251-7c205076aae0",
        "component_id": "88afd3d1-6da3-496a-ac81-669a47256d34",
        "value": 9.78,
        "timestamp_measured": "2019-04-29T05:00:00+00:00",
        "import_log_id": "024a173d-ea9d-4d3c-94f1-69aa5e39a690",
        "rating": 1,
        "status": "validated"
    },
    {
        "id": "d56d4284-fd6d-46cd-a78e-369ce17418a8",
        "station_id": "f88a4cb4-dd0c-4445-8251-7c205076aae0",
        "component_id": "88afd3d1-6da3-496a-ac81-669a47256d34",
        "value": 13.27,
        "timestamp_measured": "2019-04-29T06:00:00+00:00",
        "import_log_id": "024a173d-ea9d-4d3c-94f1-69aa5e39a690",
        "rating": 2,
        "status": "validated"
    },
    {
        "id": "647a3e8d-5848-478c-82f1-a90316b5b67e",
        "station_id": "f88a4cb4-dd0c-4445-8251-7c205076aae0",
        "component_id": "88afd3d1-6da3-496a-ac81-669a47256d34",
        "value": 17.74,
        "timestamp_measured": "2019-04-29T07:00:00+00:00",
        "import_log_id": "024a173d-ea9d-4d3c-94f1-69aa5e39a690",
        "rating": 2,
        "status": "validated"
    },
    {
        "id": "623d1f33-d50b-4a7a-95eb-f5eb2cda742c",
        "station_id": "f88a4cb4-dd0c-4445-8251-7c205076aae0",
        "component_id": "88afd3d1-6da3-496a-ac81-669a47256d34",
        "value": 10.11,
        "timestamp_measured": "2019-04-29T08:00:00+00:00",
        "import_log_id": "024a173d-ea9d-4d3c-94f1-69aa5e39a690",
        "rating": 2,
        "status": "validated"
    },
    {
        "id": "434c4dbc-458f-4a8f-8c85-c565f2f75020",
        "station_id": "f88a4cb4-dd0c-4445-8251-7c205076aae0",
        "component_id": "88afd3d1-6da3-496a-ac81-669a47256d34",
        "value": 4.94,
        "timestamp_measured": "2019-04-29T09:00:00+00:00",
        "import_log_id": "024a173d-ea9d-4d3c-94f1-69aa5e39a690",
        "rating": 1,
        "status": "validated"
    },
    {
        "id": "6c818b87-3f58-40a1-b3e2-45a0ea1850bc",
        "station_id": "f88a4cb4-dd0c-4445-8251-7c205076aae0",
        "component_id": "88afd3d1-6da3-496a-ac81-669a47256d34",
        "value": 4.2,
        "timestamp_measured": "2019-04-29T10:00:00+00:00",
        "import_log_id": "024a173d-ea9d-4d3c-94f1-69aa5e39a690",
        "rating": 1,
        "status": "validated"
    },
    {
        "id": "b7eed86a-7562-4561-bd25-df0821d897e3",
        "station_id": "f88a4cb4-dd0c-4445-8251-7c205076aae0",
        "component_id": "88afd3d1-6da3-496a-ac81-669a47256d34",
        "value": 3.86,
        "timestamp_measured": "2019-04-29T11:00:00+00:00",
        "import_log_id": "024a173d-ea9d-4d3c-94f1-69aa5e39a690",
        "rating": 1,
        "status": "validated"
    },
    {
        "id": "41c02f34-b604-46b2-9c87-9442381f701a",
        "station_id": "f88a4cb4-dd0c-4445-8251-7c205076aae0",
        "component_id": "88afd3d1-6da3-496a-ac81-669a47256d34",
        "value": 4.45,
        "timestamp_measured": "2019-04-29T12:00:00+00:00",
        "import_log_id": "024a173d-ea9d-4d3c-94f1-69aa5e39a690",
        "rating": 1,
        "status": "validated"
    },
    {
        "id": "e397c6a0-8123-4131-9d60-91e2241e3b71",
        "station_id": "f88a4cb4-dd0c-4445-8251-7c205076aae0",
        "component_id": "88afd3d1-6da3-496a-ac81-669a47256d34",
        "value": 5.71,
        "timestamp_measured": "2019-04-29T13:00:00+00:00",
        "import_log_id": "024a173d-ea9d-4d3c-94f1-69aa5e39a690",
        "rating": 1,
        "status": "validated"
    },
    {
        "id": "7669728d-022a-4027-ba1e-837ff1dc1d85",
        "station_id": "f88a4cb4-dd0c-4445-8251-7c205076aae0",
        "component_id": "88afd3d1-6da3-496a-ac81-669a47256d34",
        "value": 3.82,
        "timestamp_measured": "2019-04-29T14:00:00+00:00",
        "import_log_id": "024a173d-ea9d-4d3c-94f1-69aa5e39a690",
        "rating": 1,
        "status": "validated"
    },
    {
        "id": "9cb2e2c0-dbd1-4a9d-9ded-9fa5bcf53dc9",
        "station_id": "f88a4cb4-dd0c-4445-8251-7c205076aae0",
        "component_id": "88afd3d1-6da3-496a-ac81-669a47256d34",
        "value": 4.25,
        "timestamp_measured": "2019-04-29T15:00:00+00:00",
        "import_log_id": "024a173d-ea9d-4d3c-94f1-69aa5e39a690",
        "rating": 1,
        "status": "validated"
    },
    {
        "id": "436219e7-75fa-4ecb-8d84-32679fdde354",
        "station_id": "f88a4cb4-dd0c-4445-8251-7c205076aae0",
        "component_id": "88afd3d1-6da3-496a-ac81-669a47256d34",
        "value": 4.67,
        "timestamp_measured": "2019-04-29T16:00:00+00:00",
        "import_log_id": "024a173d-ea9d-4d3c-94f1-69aa5e39a690",
        "rating": 1,
        "status": "validated"
    },
    {
        "id": "fa3c24db-0918-4e76-a635-1d6635c97482",
        "station_id": "f88a4cb4-dd0c-4445-8251-7c205076aae0",
        "component_id": "88afd3d1-6da3-496a-ac81-669a47256d34",
        "value": 5.51,
        "timestamp_measured": "2019-04-29T17:00:00+00:00",
        "import_log_id": "024a173d-ea9d-4d3c-94f1-69aa5e39a690",
        "rating": 1,
        "status": "validated"
    },
    {
        "id": "0cd415fa-a141-4f3c-bac4-af17cad773c5",
        "station_id": "f88a4cb4-dd0c-4445-8251-7c205076aae0",
        "component_id": "88afd3d1-6da3-496a-ac81-669a47256d34",
        "value": 6.23,
        "timestamp_measured": "2019-04-29T18:00:00+00:00",
        "import_log_id": "024a173d-ea9d-4d3c-94f1-69aa5e39a690",
        "rating": 1,
        "status": "validated"
    },
    {
        "id": "8c02031b-cac4-48c7-bb76-76950783963b",
        "station_id": "f88a4cb4-dd0c-4445-8251-7c205076aae0",
        "component_id": "88afd3d1-6da3-496a-ac81-669a47256d34",
        "value": 5.52,
        "timestamp_measured": "2019-04-29T19:00:00+00:00",
        "import_log_id": "024a173d-ea9d-4d3c-94f1-69aa5e39a690",
        "rating": 1,
        "status": "validated"
    },
    {
        "id": "90bc3eb3-9af0-4331-9655-214558b8cb7d",
        "station_id": "f88a4cb4-dd0c-4445-8251-7c205076aae0",
        "component_id": "88afd3d1-6da3-496a-ac81-669a47256d34",
        "value": 5.57,
        "timestamp_measured": "2019-04-29T20:00:00+00:00",
        "import_log_id": "024a173d-ea9d-4d3c-94f1-69aa5e39a690",
        "rating": 1,
        "status": "validated"
    },
    {
        "id": "44cb4426-6e12-4837-9f80-1a960fd0915b",
        "station_id": "f88a4cb4-dd0c-4445-8251-7c205076aae0",
        "component_id": "88afd3d1-6da3-496a-ac81-669a47256d34",
        "value": 3.85,
        "timestamp_measured": "2019-04-29T21:00:00+00:00",
        "import_log_id": "024a173d-ea9d-4d3c-94f1-69aa5e39a690",
        "rating": 1,
        "status": "validated"
    },
    {
        "id": "1e014ac2-8029-4167-8491-498c94f3b08f",
        "station_id": "f88a4cb4-dd0c-4445-8251-7c205076aae0",
        "component_id": "88afd3d1-6da3-496a-ac81-669a47256d34",
        "value": 2.87,
        "timestamp_measured": "2019-04-29T22:00:00+00:00",
        "import_log_id": "024a173d-ea9d-4d3c-94f1-69aa5e39a690",
        "rating": 1,
        "status": "validated"
    },
    {
        "id": "2f10ad64-4e39-4f07-9e65-f9a94430ca75",
        "station_id": "f88a4cb4-dd0c-4445-8251-7c205076aae0",
        "component_id": "88afd3d1-6da3-496a-ac81-669a47256d34",
        "value": 3.06,
        "timestamp_measured": "2019-04-29T23:00:00+00:00",
        "import_log_id": "024a173d-ea9d-4d3c-94f1-69aa5e39a690",
        "rating": 1,
        "status": "validated"
    },
    {
        "id": "ef263b12-639f-4c8f-8b22-c488f3d3002f",
        "station_id": "f88a4cb4-dd0c-4445-8251-7c205076aae0",
        "component_id": "88afd3d1-6da3-496a-ac81-669a47256d34",
        "value": 4.07,
        "timestamp_measured": "2019-04-30T00:00:00+00:00",
        "import_log_id": "024a173d-ea9d-4d3c-94f1-69aa5e39a690",
        "rating": 1,
        "status": "validated"
    },
    {
        "id": "913adea0-501e-4af1-a8ee-b5c822f6cd38",
        "station_id": "f88a4cb4-dd0c-4445-8251-7c205076aae0",
        "component_id": "88afd3d1-6da3-496a-ac81-669a47256d34",
        "value": 3.32,
        "timestamp_measured": "2019-04-30T01:00:00+00:00",
        "import_log_id": "024a173d-ea9d-4d3c-94f1-69aa5e39a690",
        "rating": 1,
        "status": "validated"
    },
    {
        "id": "9f45e98b-c227-4c34-8e46-115001a27e45",
        "station_id": "f88a4cb4-dd0c-4445-8251-7c205076aae0",
        "component_id": "88afd3d1-6da3-496a-ac81-669a47256d34",
        "value": 3.1,
        "timestamp_measured": "2019-04-30T02:00:00+00:00",
        "import_log_id": "024a173d-ea9d-4d3c-94f1-69aa5e39a690",
        "rating": 1,
        "status": "validated"
    },
    {
        "id": "5ccba614-827d-4581-97a6-3e8dbb0d87db",
        "station_id": "f88a4cb4-dd0c-4445-8251-7c205076aae0",
        "component_id": "88afd3d1-6da3-496a-ac81-669a47256d34",
        "value": 2.33,
        "timestamp_measured": "2019-04-30T03:00:00+00:00",
        "import_log_id": "024a173d-ea9d-4d3c-94f1-69aa5e39a690",
        "rating": 1,
        "status": "validated"
    },
    {
        "id": "30749825-2b54-4653-92fa-47a9948de0a3",
        "station_id": "f88a4cb4-dd0c-4445-8251-7c205076aae0",
        "component_id": "88afd3d1-6da3-496a-ac81-669a47256d34",
        "value": 4.34,
        "timestamp_measured": "2019-04-30T04:00:00+00:00",
        "import_log_id": "024a173d-ea9d-4d3c-94f1-69aa5e39a690",
        "rating": 1,
        "status": "validated"
    },
    {
        "id": "a5805035-1bb2-45f8-95dd-f4b8678ed672",
        "station_id": "f88a4cb4-dd0c-4445-8251-7c205076aae0",
        "component_id": "88afd3d1-6da3-496a-ac81-669a47256d34",
        "value": 5.54,
        "timestamp_measured": "2019-04-30T05:00:00+00:00",
        "import_log_id": "024a173d-ea9d-4d3c-94f1-69aa5e39a690",
        "rating": 1,
        "status": "validated"
    },
    {
        "id": "4e307f2a-6a6c-4f98-bbcf-fb2bceca70bb",
        "station_id": "f88a4cb4-dd0c-4445-8251-7c205076aae0",
        "component_id": "88afd3d1-6da3-496a-ac81-669a47256d34",
        "value": 6.94,
        "timestamp_measured": "2019-04-30T06:00:00+00:00",
        "import_log_id": "024a173d-ea9d-4d3c-94f1-69aa5e39a690",
        "rating": 1,
        "status": "validated"
    },
    {
        "id": "bfef0dec-ac50-4c1c-a5fc-4b376b9c9914",
        "station_id": "f88a4cb4-dd0c-4445-8251-7c205076aae0",
        "component_id": "88afd3d1-6da3-496a-ac81-669a47256d34",
        "value": 5.63,
        "timestamp_measured": "2019-04-30T07:00:00+00:00",
        "import_log_id": "024a173d-ea9d-4d3c-94f1-69aa5e39a690",
        "rating": 1,
        "status": "validated"
    },
    {
        "id": "9f15303a-f219-45b2-8c60-51619d5bcd3a",
        "station_id": "f88a4cb4-dd0c-4445-8251-7c205076aae0",
        "component_id": "88afd3d1-6da3-496a-ac81-669a47256d34",
        "value": 5.85,
        "timestamp_measured": "2019-04-30T08:00:00+00:00",
        "import_log_id": "024a173d-ea9d-4d3c-94f1-69aa5e39a690",
        "rating": 1,
        "status": "validated"
    },
    {
        "id": "7c53acdf-d7f9-4025-ae9d-345b0ece9dbb",
        "station_id": "f88a4cb4-dd0c-4445-8251-7c205076aae0",
        "component_id": "88afd3d1-6da3-496a-ac81-669a47256d34",
        "value": 5.59,
        "timestamp_measured": "2019-04-30T09:00:00+00:00",
        "import_log_id": "024a173d-ea9d-4d3c-94f1-69aa5e39a690",
        "rating": 1,
        "status": "validated"
    },
    {
        "id": "6afcf23e-03d9-4f1c-959b-826c8748b900",
        "station_id": "f88a4cb4-dd0c-4445-8251-7c205076aae0",
        "component_id": "88afd3d1-6da3-496a-ac81-669a47256d34",
        "value": 8.85,
        "timestamp_measured": "2019-04-30T10:00:00+00:00",
        "import_log_id": "024a173d-ea9d-4d3c-94f1-69aa5e39a690",
        "rating": 1,
        "status": "validated"
    },
    {
        "id": "ee6c38e5-10e5-486c-bc7d-aee02907ad8e",
        "station_id": "f88a4cb4-dd0c-4445-8251-7c205076aae0",
        "component_id": "88afd3d1-6da3-496a-ac81-669a47256d34",
        "value": 6.38,
        "timestamp_measured": "2019-04-30T11:00:00+00:00",
        "import_log_id": "024a173d-ea9d-4d3c-94f1-69aa5e39a690",
        "rating": 1,
        "status": "validated"
    },
    {
        "id": "897fc4d1-d7a1-4439-b363-834604df1bb0",
        "station_id": "f88a4cb4-dd0c-4445-8251-7c205076aae0",
        "component_id": "88afd3d1-6da3-496a-ac81-669a47256d34",
        "value": 5.95,
        "timestamp_measured": "2019-04-30T12:00:00+00:00",
        "import_log_id": "024a173d-ea9d-4d3c-94f1-69aa5e39a690",
        "rating": 1,
        "status": "validated"
    },
    {
        "id": "436472a1-f8b1-4c0c-a07a-5bf59f8b2dfe",
        "station_id": "f88a4cb4-dd0c-4445-8251-7c205076aae0",
        "component_id": "88afd3d1-6da3-496a-ac81-669a47256d34",
        "value": 6.82,
        "timestamp_measured": "2019-04-30T13:00:00+00:00",
        "import_log_id": "024a173d-ea9d-4d3c-94f1-69aa5e39a690",
        "rating": 1,
        "status": "validated"
    },
    {
        "id": "a3d291fd-1db5-487d-8aec-e32a80e2085b",
        "station_id": "f88a4cb4-dd0c-4445-8251-7c205076aae0",
        "component_id": "88afd3d1-6da3-496a-ac81-669a47256d34",
        "value": 6.53,
        "timestamp_measured": "2019-04-30T14:00:00+00:00",
        "import_log_id": "024a173d-ea9d-4d3c-94f1-69aa5e39a690",
        "rating": 1,
        "status": "validated"
    },
    {
        "id": "a5ff30d4-e172-478c-b240-65d82806a96f",
        "station_id": "f88a4cb4-dd0c-4445-8251-7c205076aae0",
        "component_id": "88afd3d1-6da3-496a-ac81-669a47256d34",
        "value": 8.84,
        "timestamp_measured": "2019-04-30T15:00:00+00:00",
        "import_log_id": "024a173d-ea9d-4d3c-94f1-69aa5e39a690",
        "rating": 1,
        "status": "validated"
    },
    {
        "id": "34bba239-eb93-49af-b6b2-7a6f0c45eba2",
        "station_id": "f88a4cb4-dd0c-4445-8251-7c205076aae0",
        "component_id": "88afd3d1-6da3-496a-ac81-669a47256d34",
        "value": 6.86,
        "timestamp_measured": "2019-04-30T16:00:00+00:00",
        "import_log_id": "024a173d-ea9d-4d3c-94f1-69aa5e39a690",
        "rating": 1,
        "status": "validated"
    },
    {
        "id": "561ee690-e04c-49a6-8136-28da87bef471",
        "station_id": "f88a4cb4-dd0c-4445-8251-7c205076aae0",
        "component_id": "88afd3d1-6da3-496a-ac81-669a47256d34",
        "value": 7.98,
        "timestamp_measured": "2019-04-30T17:00:00+00:00",
        "import_log_id": "024a173d-ea9d-4d3c-94f1-69aa5e39a690",
        "rating": 1,
        "status": "validated"
    },
    {
        "id": "66bb7362-2362-40fa-9395-b93080404482",
        "station_id": "f88a4cb4-dd0c-4445-8251-7c205076aae0",
        "component_id": "88afd3d1-6da3-496a-ac81-669a47256d34",
        "value": 8.3,
        "timestamp_measured": "2019-04-30T18:00:00+00:00",
        "import_log_id": "024a173d-ea9d-4d3c-94f1-69aa5e39a690",
        "rating": 1,
        "status": "validated"
    },
    {
        "id": "12b09e98-9d3c-40b2-a6fa-4099e716f64c",
        "station_id": "f88a4cb4-dd0c-4445-8251-7c205076aae0",
        "component_id": "88afd3d1-6da3-496a-ac81-669a47256d34",
        "value": 7.59,
        "timestamp_measured": "2019-04-30T19:00:00+00:00",
        "import_log_id": "024a173d-ea9d-4d3c-94f1-69aa5e39a690",
        "rating": 1,
        "status": "validated"
    },
    {
        "id": "6c893e79-78c7-4fde-a95f-0c73d50e4ceb",
        "station_id": "f88a4cb4-dd0c-4445-8251-7c205076aae0",
        "component_id": "88afd3d1-6da3-496a-ac81-669a47256d34",
        "value": 8.05,
        "timestamp_measured": "2019-04-30T20:00:00+00:00",
        "import_log_id": "024a173d-ea9d-4d3c-94f1-69aa5e39a690",
        "rating": 1,
        "status": "validated"
    },
    {
        "id": "67ecfef2-9b25-42e9-a405-9f6fffbe2893",
        "station_id": "f88a4cb4-dd0c-4445-8251-7c205076aae0",
        "component_id": "88afd3d1-6da3-496a-ac81-669a47256d34",
        "value": 12.48,
        "timestamp_measured": "2019-04-30T21:00:00+00:00",
        "import_log_id": "024a173d-ea9d-4d3c-94f1-69aa5e39a690",
        "rating": 2,
        "status": "validated"
    },
    {
        "id": "5bfb349b-cb25-44d6-9749-00039274714d",
        "station_id": "f88a4cb4-dd0c-4445-8251-7c205076aae0",
        "component_id": "88afd3d1-6da3-496a-ac81-669a47256d34",
        "value": -999.0,
        "timestamp_measured": "2019-04-30T22:00:00+00:00",
        "import_log_id": "024a173d-ea9d-4d3c-94f1-69aa5e39a690",
        "rating": -999,
        "status": "unvalidated"
    }
]