[
    {
        "id": "850d6968-27f3-4765-bc66-50c0e2056485",
        "station_id": "da369ee7-fc99-456a-97f6-39467f5e29a1",
        "component_id": "88afd3d1-6da3-496a-ac81-669a47256d34",
        "value": 12.5,
        "timestamp_measured": "2019-04-28T22:00:00+00:00",
        "import_log_id": "57d25836-1a5b-4a98-ac80-cf741190db36",
        "rating": 2,
        "status": "validated"
    },
    {
        "id": "e2921531-ca51-4124-8347-07cc9c8f8581",
        "station_id": "da369ee7-fc99-456a-97f6-39467f5e29a1",
        "component_id": "88afd3d1-6da3-496a-ac81-669a47256d34",
        "value": 12.1,
        "timestamp_measured": "2019-04-28T23:00:00+00:00",
        "import_log_id": "57d25836-1a5b-4a98-ac80-cf741190db36",
        "rating": 2,
        "status": "validated"
    },
    {
        "id": "94080474-36f3-406d-abbf-95c0d7ef3873",
        "station_id": "da369ee7-fc99-456a-97f6-39467f5e29a1",
        "component_id": "88afd3d1-6da3-496a-ac81-669a47256d34",
        "value": 15.9,
        "timestamp_measured": "2019-04-29T00:00:00+00:00",
        "import_log_id": "57d25836-1a5b-4a98-ac80-cf741190db36",
        "rating": 2,
        "status": "validated"
    },
    {
        "id": "0c3aeb02-a27c-4bb2-b7f1-fbc1f28d7f2c",
        "station_id": "da369ee7-fc99-456a-97f6-39467f5e29a1",
        "component_id": "88afd3d1-6da3-496a-ac81-669a47256d34",
        "value": 16.6,
        "timestamp_measured": "2019-04-29T01:00:00+00:00",
        "import_log_id": "57d25836-1a5b-4a98-ac80-cf741190db36",
        "rating": 2,
        "status": "validated"
    },
    {
        "id": "82eebabb-ec0f-49bf-a61d-345dbed09451",
        "station_id": "da369ee7-fc99-456a-97f6-39467f5e29a1",
        "component_id": "88afd3d1-6da3-496a-ac81-669a47256d34",
        "value": 14.3,
        "timestamp_measured": "2019-04-29T02:00:00+00:00",
        "import_log_id": "57d25836-1a5b-4a98-ac80-cf741190db36",
        "rating": 2,
        "status": "validated"
    },
    {
        "id": "50f4d2f4-dcdc-4455-9fdc-2ae45f54954f",
        "station_id": "da369ee7-fc99-456a-97f6-39467f5e29a1",
        "component_id": "88afd3d1-6da3-496a-ac81-669a47256d34",
        "value": 12.3,
        "timestamp_measured": "2019-04-29T03:00:00+00:00",
        "import_log_id": "57d25836-1a5b-4a98-ac80-cf741190db36",
        "rating": 2,
        "status": "validated"
    },
    {
        "id": "12778279-4542-45bf-8b1e-251c92e376f4",
        "station_id": "da369ee7-fc99-456a-97f6-39467f5e29a1",
        "component_id": "88afd3d1-6da3-496a-ac81-669a47256d34",
        "value": 19.2,
        "timestamp_measured": "2019-04-29T04:00:00+00:00",
        "import_log_id": "57d25836-1a5b-4a98-ac80-cf741190db36",
        "rating": 2,
        "status": "validated"
    },
    {
        "id": "2ec418f5-6e2d-456a-bef0-3ea20cefb5b0",
        "station_id": "da369ee7-fc99-456a-97f6-39467f5e29a1",
        "component_id": "88afd3d1-6da3-496a-ac81-669a47256d34",
        "value": 29.3,
        "timestamp_measured": "2019-04-29T05:00:00+00:00",
        "import_log_id": "57d25836-1a5b-4a98-ac80-cf741190db36",
        "rating": 3,
        "status": "validated"
    },
    {
        "id": "ff37dd70-b1ea-48f6-ae9a-10a01568c20b",
        "station_id": "da369ee7-fc99-456a-97f6-39467f5e29a1",
        "component_id": "88afd3d1-6da3-496a-ac81-669a47256d34",
        "value": 55.1,
        "timestamp_measured": "2019-04-29T06:00:00+00:00",
        "import_log_id": "57d25836-1a5b-4a98-ac80-cf741190db36",
        "rating": 5,
        "status": "validated"
    },
    {
        "id": "df73fcea-9da3-400f-afa2-96707dcd82f0",
        "station_id": "da369ee7-fc99-456a-97f6-39467f5e29a1",
        "component_id": "88afd3d1-6da3-496a-ac81-669a47256d34",
        "value": 50.3,
        "timestamp_measured": "2019-04-29T07:00:00+00:00",
        "import_log_id": "57d25836-1a5b-4a98-ac80-cf741190db36",
        "rating": 5,
        "status": "validated"
    },
    {
        "id": "b076ca14-abe6-44c2-bdd4-a27a33aabb94",
        "station_id": "da369ee7-fc99-456a-97f6-39467f5e29a1",
        "component_id": "88afd3d1-6da3-496a-ac81-669a47256d34",
        "value": 18.9,
        "timestamp_measured": "2019-04-29T08:00:00+00:00",
        "import_log_id": "57d25836-1a5b-4a98-ac80-cf741190db36",
        "rating": 2,
        "status": "validated"
    },
    {
        "id": "12d8d0ee-c776-4a0e-af17-dfaad1c2c84c",
        "station_id": "da369ee7-fc99-456a-97f6-39467f5e29a1",
        "component_id": "88afd3d1-6da3-496a-ac81-669a47256d34",
        "value": 13.0,
        "timestamp_measured": "2019-04-29T09:00:00+00:00",
        "import_log_id": "57d25836-1a5b-4a98-ac80-cf741190db36",
        "rating": 2,
        "status": "validated"
    },
    {
        "id": "be87584e-21fd-486c-89c0-4af71f7b5770",
        "station_id": "da369ee7-fc99-456a-97f6-39467f5e29a1",
        "component_id": "88afd3d1-6da3-496a-ac81-669a47256d34",
        "value": 11.9,
        "timestamp_measured": "2019-04-29T10:00:00+00:00",
        "import_log_id": "57d25836-1a5b-4a98-ac80-cf741190db36",
        "rating": 2,
        "status": "validated"
    },
    {
        "id": "85d821a5-3b49-4d01-a245-7cce918a788d",
        "station_id": "da369ee7-fc99-456a-97f6-39467f5e29a1",
        "component_id": "88afd3d1-6da3-496a-ac81-669a47256d34",
        "value": 16.0,
        "timestamp_measured": "2019-04-29T11:00:00+00:00",
        "import_log_id": "57d25836-1a5b-4a98-ac80-cf741190db36",
        "rating": 2,
        "status": "validated"
    },
    {
        "id": "9138f4d4-cef3-4ef7-819e-9bd1014bb95e",
        "station_id": "da369ee7-fc99-456a-97f6-39467f5e29a1",
        "component_id": "88afd3d1-6da3-496a-ac81-669a47256d34",
        "value": 14.2,
        "timestamp_measured": "2019-04-29T12:00:00+00:00",
        "import_log_id": "57d25836-1a5b-4a98-ac80-cf741190db36",
        "rating": 2,
        "status": "validated"
    },
    {
        "id": "0399e766-f4f1-4eef-b31f-5e45a3bd9e24",
        "station_id": "da369ee7-fc99-456a-97f6-39467f5e29a1",
        "component_id": "88afd3d1-6da3-496a-ac81-669a47256d34",
        "value": 11.2,
        "timestamp_measured": "2019-04-29T13:00:00+00:00",
        "import_log_id": "57d25836-1a5b-4a98-ac80-cf741190db36",
        "rating": 2,
        "status": "validated"
    },
    {
        "id": "4fd5a589-a150-452f-8a80-4faa272ecd27",
        "station_id": "da369ee7-fc99-456a-97f6-39467f5e29a1",
        "component_id": "88afd3d1-6da3-496a-ac81-669a47256d34",
        "value": 14.1,
        "timestamp_measured": "2019-04-29T14:00:00+00:00",
        "import_log_id": "57d25836-1a5b-4a98-ac80-cf741190db36",
        "rating": 2,
        "status": "validated"
    },
    {
        "id": "8444182b-5c5d-4310-a123-cb53e468c531",
        "station_id": "da369ee7-fc99-456a-97f6-39467f5e29a1",
        "component_id": "88afd3d1-6da3-496a-ac81-669a47256d34",
        "value": 12.2,
        "timestamp_measured": "2019-04-29T15:00:00+00:00",
        "import_log_id": "57d25836-1a5b-4a98-ac80-cf741190db36",
        "rating": 2,
        "status": "validated"
    },
    {
        "id": "e74e1dea-c147-476d-86da-344b61e2fc7c",
        "station_id": "da369ee7-fc99-456a-97f6-39467f5e29a1",
        "component_id": "88afd3d1-6da3-496a-ac81-669a47256d34",
        "value": 12.7,
        "timestamp_measured": "2019-04-29T16:00:00+00:00",
        "import_log_id": "57d25836-1a5b-4a98-ac80-cf741190db36",
        "rating": 2,
        "status": "validated"
    },
    {
        "id": "b0e21043-78c7-4763-8165-8e74e2bf69c0",
        "station_id": "da369ee7-fc99-456a-97f6-39467f5e29a1",
        "component_id": "88afd3d1-6da3-496a-ac81-669a47256d34",
        "value": 12.0,
        "timestamp_measured": "2019-04-29T17:00:00+00:00",
        "import_log_id": "57d25836-1a5b-4a98-ac80-cf741190db36",
        "rating": 2,
        "status": "validated"
    },
    {
        "id": "a45dd67c-c571-4b23-8ef7-b606961e8551",
        "station_id": "da369ee7-fc99-456a-97f6-39467f5e29a1",
        "component_id": "88afd3d1-6da3-496a-ac81-669a47256d34",
        "value": 12.0,
        "timestamp_measured": "2019-04-29T18:00:00+00:00",
        "import_log_id": "57d25836-1a5b-4a98-ac80-cf741190db36",
        "rating": 2,
        "status": "validated"
    },
    {
        "id": "7bfaf8ed-55af-4605-b59a-472f204c6ec6",
        "station_id": "da369ee7-fc99-456a-97f6-39467f5e29a1",
        "component_id": "88afd3d1-6da3-496a-ac81-669a47256d34",
        "value": 14.1,
        "timestamp_measured": "2019-04-29T19:00:00+00:00",
        "import_log_id": "57d25836-1a5b-4a98-ac80-cf741190db36",
        "rating": 2,
        "status": "validated"
    },
    {
        "id": "b11d09c5-cfc8-47b1-9ba1-bbc2f17d0d5c",
        "station_id": "da369ee7-fc99-456a-97f6-39467f5e29a1",
        "component_id": "88afd3d1-6da3-496a-ac81-669a47256d34",
        "value": 12.4,
        "timestamp_measured": "2019-04-29T20:00:00+00:00",
        "import_log_id": "57d25836-1a5b-4a98-ac80-cf741190db36",
        "rating": 2,
        "status": "validated"
    },
    {
        "id": "bdaa89ad-ff2d-4fc9-9fc3-03b52d77ebe4",
        "station_id": "da369ee7-fc99-456a-97f6-39467f5e29a1",
        "component_id": "88afd3d1-6da3-496a-ac81-669a47256d34",
        "value": 13.0,
        "timestamp_measured": "2019-04-29T21:00:00+00:00",
        "import_log_id": "57d25836-1a5b-4a98-ac80-cf741190db36",
        "rating": 2,
        "status": "validated"
    },
    {
        "id": "f7a2899a-a209-484c-b476-464090bca65c",
        "station_id": "da369ee7-fc99-456a-97f6-39467f5e29a1",
        "component_id": "88afd3d1-6da3-496a-ac81-669a47256d34",
        "value": 15.1,
        "timestamp_measured": "2019-04-29T22:00:00+00:00",
        "import_log_id": "57d25836-1a5b-4a98-ac80-cf741190db36",
        "rating": 2,
        "status": "validated"
    },
    {
        "id": "6bddd6ad-1dfd-4447-92ad-1cc10bfc82cb",
        "station_id": "da369ee7-fc99-456a-97f6-39467f5e29a1",
        "component_id": "88afd3d1-6da3-496a-ac81-669a47256d34",
        "value": 13.5,
        "timestamp_measured": "2019-04-29T23:00:00+00:00",
        "import_log_id": "57d25836-1a5b-4a98-ac80-cf741190db36",
        "rating": 2,
        "status": "validated"
    },
    {
        "id": "9e8f93a5-e96e-4cf5-82df-f33129e6fc88",
        "station_id": "da369ee7-fc99-456a-97f6-39467f5e29a1",
        "component_id": "88afd3d1-6da3-496a-ac81-669a47256d34",
        "value": 8.7,
        "timestamp_measured": "2019-04-30T00:00:00+00:00",
        "import_log_id": "57d25836-1a5b-4a98-ac80-cf741190db36",
        "rating": 1,
        "status": "validated"
    },
    {
        "id": "d6290293-74d3-487a-90ea-c371303de3c4",
        "station_id": "da369ee7-fc99-456a-97f6-39467f5e29a1",
        "component_id": "88afd3d1-6da3-496a-ac81-669a47256d34",
        "value": 8.5,
        "timestamp_measured": "2019-04-30T01:00:00+00:00",
        "import_log_id": "57d25836-1a5b-4a98-ac80-cf741190db36",
        "rating": 1,
        "status": "validated"
    },
    {
        "id": "f058b449-d4b6-4f3a-a504-cf719ef65771",
        "station_id": "da369ee7-fc99-456a-97f6-39467f5e29a1",
        "component_id": "88afd3d1-6da3-496a-ac81-669a47256d34",
        "value": 8.5,
        "timestamp_measured": "2019-04-30T02:00:00+00:00",
        "import_log_id": "57d25836-1a5b-4a98-ac80-cf741190db36",
        "rating": 1,
        "status": "validated"
    },
    {
        "id": "506cd922-b0bf-4eea-bc83-1bf4f622a0a8",
        "station_id": "da369ee7-fc99-456a-97f6-39467f5e29a1",
        "component_id": "88afd3d1-6da3-496a-ac81-669a47256d34",
        "value": 9.4,
        "timestamp_measured": "2019-04-30T03:00:00+00:00",
        "import_log_id": "57d25836-1a5b-4a98-ac80-cf741190db36",
        "rating": 1,
        "status": "validated"
    },
    {
        "id": "f9e861cc-7d12-45cf-8f5d-cc0ce67205fb",
        "station_id": "da369ee7-fc99-456a-97f6-39467f5e29a1",
        "component_id": "88afd3d1-6da3-496a-ac81-669a47256d34",
        "value": 9.0,
        "timestamp_measured": "2019-04-30T04:00:00+00:00",
        "import_log_id": "57d25836-1a5b-4a98-ac80-cf741190db36",
        "rating": 1,
        "status": "validated"
    },
    {
        "id": "dc8f7c40-363e-46d7-8c3e-2fca2c59c43e",
        "station_id": "da369ee7-fc99-456a-97f6-39467f5e29a1",
        "component_id": "88afd3d1-6da3-496a-ac81-669a47256d34",
        "value": 17.1,
        "timestamp_measured": "2019-04-30T05:00:00+00:00",
        "import_log_id": "57d25836-1a5b-4a98-ac80-cf741190db36",
        "rating": 2,
        "status": "validated"
    },
    {
        "id": "21c970be-7495-4159-8fe7-4cac32f865eb",
        "station_id": "da369ee7-fc99-456a-97f6-39467f5e29a1",
        "component_id": "88afd3d1-6da3-496a-ac81-669a47256d34",
        "value": 41.9,
        "timestamp_measured": "2019-04-30T06:00:00+00:00",
        "import_log_id": "57d25836-1a5b-4a98-ac80-cf741190db36",
        "rating": 4,
        "status": "validated"
    },
    {
        "id": "ec55c8d7-0886-4df7-853f-53ae82822b20",
        "station_id": "da369ee7-fc99-456a-97f6-39467f5e29a1",
        "component_id": "88afd3d1-6da3-496a-ac81-669a47256d34",
        "value": 38.5,
        "timestamp_measured": "2019-04-30T07:00:00+00:00",
        "import_log_id": "57d25836-1a5b-4a98-ac80-cf741190db36",
        "rating": 4,
        "status": "validated"
    },
    {
        "id": "8de550cc-5fda-4d9c-bb66-a5cc913d2ffd",
        "station_id": "da369ee7-fc99-456a-97f6-39467f5e29a1",
        "component_id": "88afd3d1-6da3-496a-ac81-669a47256d34",
        "value": 27.1,
        "timestamp_measured": "2019-04-30T08:00:00+00:00",
        "import_log_id": "57d25836-1a5b-4a98-ac80-cf741190db36",
        "rating": 3,
        "status": "validated"
    },
    {
        "id": "fb158897-6c68-4fff-8761-e7446b922cd2",
        "station_id": "da369ee7-fc99-456a-97f6-39467f5e29a1",
        "component_id": "88afd3d1-6da3-496a-ac81-669a47256d34",
        "value": 23.7,
        "timestamp_measured": "2019-04-30T09:00:00+00:00",
        "import_log_id": "57d25836-1a5b-4a98-ac80-cf741190db36",
        "rating": 3,
        "status": "validated"
    },
    {
        "id": "5c403fc1-1475-48d7-95c3-72b722839b61",
        "station_id": "da369ee7-fc99-456a-97f6-39467f5e29a1",
        "component_id": "88afd3d1-6da3-496a-ac81-669a47256d34",
        "value": 27.1,
        "timestamp_measured": "2019-04-30T10:00:00+00:00",
        "import_log_id": "57d25836-1a5b-4a98-ac80-cf741190db36",
        "rating": 3,
        "status": "validated"
    },
    {
        "id": "f626563a-3696-4802-aecc-04ae312ab4ae",
        "station_id": "da369ee7-fc99-456a-97f6-39467f5e29a1",
        "component_id": "88afd3d1-6da3-496a-ac81-669a47256d34",
        "value": 23.3,
        "timestamp_measured": "2019-04-30T11:00:00+00:00",
        "import_log_id": "57d25836-1a5b-4a98-ac80-cf741190db36",
        "rating": 3,
        "status": "validated"
    },
    {
        "id": "63ed182e-17eb-4a47-96a7-f939bda6b973",
        "station_id": "da369ee7-fc99-456a-97f6-39467f5e29a1",
        "component_id": "88afd3d1-6da3-496a-ac81-669a47256d34",
        "value": 19.8,
        "timestamp_measured": "2019-04-30T12:00:00+00:00",
        "import_log_id": "57d25836-1a5b-4a98-ac80-cf741190db36",
        "rating": 2,
        "status": "validated"
    },
    {
        "id": "7755edf0-0b50-4f64-b904-49703cfc85cd",
        "station_id": "da369ee7-fc99-456a-97f6-39467f5e29a1",
        "component_id": "88afd3d1-6da3-496a-ac81-669a47256d34",
        "value": 22.0,
        "timestamp_measured": "2019-04-30T13:00:00+00:00",
        "import_log_id": "57d25836-1a5b-4a98-ac80-cf741190db36",
        "rating": 3,
        "status": "validated"
    },
    {
        "id": "f450c255-f502-4740-82a3-20e1f1ea5636",
        "station_id": "da369ee7-fc99-456a-97f6-39467f5e29a1",
        "component_id": "88afd3d1-6da3-496a-ac81-669a47256d34",
        "value": 18.5,
        "timestamp_measured": "2019-04-30T14:00:00+00:00",
        "import_log_id": "57d25836-1a5b-4a98-ac80-cf741190db36",
        "rating": 2,
        "status": "validated"
    },
    {
        "id": "87e199fd-bbf8-4a07-acf5-b0977cb7f4cd",
        "station_id": "da369ee7-fc99-456a-97f6-39467f5e29a1",
        "component_id": "88afd3d1-6da3-496a-ac81-669a47256d34",
        "value": 21.9,
        "timestamp_measured": "2019-04-30T15:00:00+00:00",
        "import_log_id": "57d25836-1a5b-4a98-ac80-cf741190db36",
        "rating": 3,
        "status": "validated"
    },
    {
        "id": "ea1f15fe-ab45-413d-b3e6-1e5c2e315ce5",
        "station_id": "da369ee7-fc99-456a-97f6-39467f5e29a1",
        "component_id": "88afd3d1-6da3-496a-ac81-669a47256d34",
        "value": 22.6,
        "timestamp_measured": "2019-04-30T16:00:00+00:00",
        "import_log_id": "57d25836-1a5b-4a98-ac80-cf741190db36",
        "rating": 3,
        "status": "validated"
    },
    {
        "id": "11671e10-228e-47bd-8041-400583544e60",
        "station_id": "da369ee7-fc99-456a-97f6-39467f5e29a1",
        "component_id": "88afd3d1-6da3-496a-ac81-669a47256d34",
        "value": 18.1,
        "timestamp_measured": "2019-04-30T17:00:00+00:00",
        "import_log_id": "57d25836-1a5b-4a98-ac80-cf741190db36",
        "rating": 2,
        "status": "validated"
    },
    {
        "id": "0ff9ae3a-2cd1-4d50-bff0-b0c4e10d0c14",
        "station_id": "da369ee7-fc99-456a-97f6-39467f5e29a1",
        "component_id": "88afd3d1-6da3-496a-ac81-669a47256d34",
        "value": 15.7,
        "timestamp_measured": "2019-04-30T18:00:00+00:00",
        "import_log_id": "57d25836-1a5b-4a98-ac80-cf741190db36",
        "rating": 2,
        "status": "validated"
    },
    {
        "id": "ea050192-7eec-47bf-a02b-5d939329169f",
        "station_id": "da369ee7-fc99-456a-97f6-39467f5e29a1",
        "component_id": "88afd3d1-6da3-496a-ac81-669a47256d34",
        "value": 13.4,
        "timestamp_measured": "2019-04-30T19:00:00+00:00",
        "import_log_id": "57d25836-1a5b-4a98-ac80-cf741190db36",
        "rating": 2,
        "status": "validated"
    },
    {
        "id": "de3b27f4-db50-45a5-baae-a74ba5dae753",
        "station_id": "da369ee7-fc99-456a-97f6-39467f5e29a1",
        "component_id": "88afd3d1-6da3-496a-ac81-669a47256d34",
        "value": 12.5,
        "timestamp_measured": "2019-04-30T20:00:00+00:00",
        "import_log_id": "57d25836-1a5b-4a98-ac80-cf741190db36",
        "rating": 2,
        "status": "validated"
    },
    {
        "id": "29474f42-139c-46a1-a225-2edcd838e895",
        "station_id": "da369ee7-fc99-456a-97f6-39467f5e29a1",
        "component_id": "88afd3d1-6da3-496a-ac81-669a47256d34",
        "value": 9.6,
        "timestamp_measured": "2019-04-30T21:00:00+00:00",
        "import_log_id": "57d25836-1a5b-4a98-ac80-cf741190db36",
        "rating": 1,
        "status": "validated"
    },
    {
        "id": "3c6cd0c4-634a-4f5e-9204-f8fa05828a01",
        "station_id": "da369ee7-fc99-456a-97f6-39467f5e29a1",
        "component_id": "88afd3d1-6da3-496a-ac81-669a47256d34",
        "value": -999.0,
        "timestamp_measured": "2019-04-30T22:00:00+00:00",
        "import_log_id": "57d25836-1a5b-4a98-ac80-cf741190db36",
        "rating": -999,
        "status": "unvalidated"
    }
]