[
    {
        "id": "d0fff819-167c-40fc-91fb-3e0c8eef94e9",
        "station_id": "45264fd1-2141-43bb-8bf8-03fa3b172c0e",
        "component_id": "88afd3d1-6da3-496a-ac81-669a47256d34",
        "value": 18.95,
        "timestamp_measured": "2019-04-07T22:00:00+00:00",
        "import_log_id": "a21473cf-de9c-46b2-a1b4-6e10370b509f",
        "rating": 2,
        "status": "validated"
    },
    {
        "id": "271c720a-7b05-4974-9b26-1da2a1f75091",
        "station_id": "45264fd1-2141-43bb-8bf8-03fa3b172c0e",
        "component_id": "88afd3d1-6da3-496a-ac81-669a47256d34",
        "value": 166.62,
        "timestamp_measured": "2019-04-07T23:00:00+00:00",
        "import_log_id": "a21473cf-de9c-46b2-a1b4-6e10370b509f",
        "rating": 10,
        "status": "validated"
    },
    {
        "id": "c87b63e7-ebfc-4cb8-b530-178207f19cac",
        "station_id": "45264fd1-2141-43bb-8bf8-03fa3b172c0e",
        "component_id": "88afd3d1-6da3-496a-ac81-669a47256d34",
        "value": 100.42,
        "timestamp_measured": "2019-04-08T00:00:00+00:00",
        "import_log_id": "a21473cf-de9c-46b2-a1b4-6e10370b509f",
        "rating": 8,
        "status": "validated"
    },
    {
        "id": "6187f1a2-c9ed-4925-9959-02bf6aba3f88",
        "station_id": "45264fd1-2141-43bb-8bf8-03fa3b172c0e",
        "component_id": "88afd3d1-6da3-496a-ac81-669a47256d34",
        "value": 21.5,
        "timestamp_measured": "2019-04-08T01:00:00+00:00",
        "import_log_id": "a21473cf-de9c-46b2-a1b4-6e10370b509f",
        "rating": 3,
        "status": "validated"
    },
    {
        "id": "87a42039-9fc8-45c5-8d60-7b140c80b2e6",
        "station_id": "45264fd1-2141-43bb-8bf8-03fa3b172c0e",
        "component_id": "88afd3d1-6da3-496a-ac81-669a47256d34",
        "value": 106.89,
        "timestamp_measured": "2019-04-08T02:00:00+00:00",
        "import_log_id": "a21473cf-de9c-46b2-a1b4-6e10370b509f",
        "rating": 8,
        "status": "validated"
    },
    {
        "id": "9a3f216c-e7fd-4d9c-b032-1f0e6fa5d8cd",
        "station_id": "45264fd1-2141-43bb-8bf8-03fa3b172c0e",
        "component_id": "88afd3d1-6da3-496a-ac81-669a47256d34",
        "value": 57.29,
        "timestamp_measured": "2019-04-08T03:00:00+00:00",
        "import_log_id": "a21473cf-de9c-46b2-a1b4-6e10370b509f",
        "rating": 5,
        "status": "validated"
    },
    {
        "id": "80a12ed5-aafc-49c4-a498-ef5c45560f02",
        "station_id": "45264fd1-2141-43bb-8bf8-03fa3b172c0e",
        "component_id": "88afd3d1-6da3-496a-ac81-669a47256d34",
        "value": 57.01,
        "timestamp_measured": "2019-04-08T04:00:00+00:00",
        "import_log_id": "a21473cf-de9c-46b2-a1b4-6e10370b509f",
        "rating": 5,
        "status": "validated"
    },
    {
        "id": "2ffa8d83-0a85-487d-b161-ca484135e670",
        "station_id": "45264fd1-2141-43bb-8bf8-03fa3b172c0e",
        "component_id": "88afd3d1-6da3-496a-ac81-669a47256d34",
        "value": 47.59,
        "timestamp_measured": "2019-04-08T05:00:00+00:00",
        "import_log_id": "a21473cf-de9c-46b2-a1b4-6e10370b509f",
        "rating": 5,
        "status": "validated"
    },
    {
        "id": "4f746fe3-ca5f-4828-b159-b83b1b9dd834",
        "station_id": "45264fd1-2141-43bb-8bf8-03fa3b172c0e",
        "component_id": "88afd3d1-6da3-496a-ac81-669a47256d34",
        "value": 39.66,
        "timestamp_measured": "2019-04-08T06:00:00+00:00",
        "import_log_id": "a21473cf-de9c-46b2-a1b4-6e10370b509f",
        "rating": 4,
        "status": "validated"
    },
    {
        "id": "6ed8c224-2a52-4468-9daa-d315e07a32a3",
        "station_id": "45264fd1-2141-43bb-8bf8-03fa3b172c0e",
        "component_id": "88afd3d1-6da3-496a-ac81-669a47256d34",
        "value": 35.6,
        "timestamp_measured": "2019-04-08T07:00:00+00:00",
        "import_log_id": "a21473cf-de9c-46b2-a1b4-6e10370b509f",
        "rating": 4,
        "status": "validated"
    },
    {
        "id": "288ad165-847d-4f4c-9276-6f3e45639b90",
        "station_id": "45264fd1-2141-43bb-8bf8-03fa3b172c0e",
        "component_id": "88afd3d1-6da3-496a-ac81-669a47256d34",
        "value": 35.64,
        "timestamp_measured": "2019-04-08T08:00:00+00:00",
        "import_log_id": "a21473cf-de9c-46b2-a1b4-6e10370b509f",
        "rating": 4,
        "status": "validated"
    },
    {
        "id": "86335bf6-8926-49ff-b17b-146ca4af68c7",
        "station_id": "45264fd1-2141-43bb-8bf8-03fa3b172c0e",
        "component_id": "88afd3d1-6da3-496a-ac81-669a47256d34",
        "value": 32.09,
        "timestamp_measured": "2019-04-08T09:00:00+00:00",
        "import_log_id": "a21473cf-de9c-46b2-a1b4-6e10370b509f",
        "rating": 4,
        "status": "validated"
    },
    {
        "id": "4cd59278-33f1-404a-b363-e9c00a6dd2b3",
        "station_id": "45264fd1-2141-43bb-8bf8-03fa3b172c0e",
        "component_id": "88afd3d1-6da3-496a-ac81-669a47256d34",
        "value": 23.05,
        "timestamp_measured": "2019-04-08T10:00:00+00:00",
        "import_log_id": "a21473cf-de9c-46b2-a1b4-6e10370b509f",
        "rating": 3,
        "status": "validated"
    },
    {
        "id": "257a86a0-56be-442e-815b-5be7d8d44e6f",
        "station_id": "45264fd1-2141-43bb-8bf8-03fa3b172c0e",
        "component_id": "88afd3d1-6da3-496a-ac81-669a47256d34",
        "value": 23.08,
        "timestamp_measured": "2019-04-08T11:00:00+00:00",
        "import_log_id": "a21473cf-de9c-46b2-a1b4-6e10370b509f",
        "rating": 3,
        "status": "validated"
    },
    {
        "id": "af48aab9-d391-484b-94ad-05f985e1f3e6",
        "station_id": "45264fd1-2141-43bb-8bf8-03fa3b172c0e",
        "component_id": "88afd3d1-6da3-496a-ac81-669a47256d34",
        "value": 32.36,
        "timestamp_measured": "2019-04-08T12:00:00+00:00",
        "import_log_id": "a21473cf-de9c-46b2-a1b4-6e10370b509f",
        "rating": 4,
        "status": "validated"
    },
    {
        "id": "20655a5b-c472-42e1-b211-b34e98f14e86",
        "station_id": "45264fd1-2141-43bb-8bf8-03fa3b172c0e",
        "component_id": "88afd3d1-6da3-496a-ac81-669a47256d34",
        "value": 18.81,
        "timestamp_measured": "2019-04-08T13:00:00+00:00",
        "import_log_id": "a21473cf-de9c-46b2-a1b4-6e10370b509f",
        "rating": 2,
        "status": "validated"
    },
    {
        "id": "5b10937d-3e37-4287-9db6-65758a7560ac",
        "station_id": "45264fd1-2141-43bb-8bf8-03fa3b172c0e",
        "component_id": "88afd3d1-6da3-496a-ac81-669a47256d34",
        "value": 19.36,
        "timestamp_measured": "2019-04-08T14:00:00+00:00",
        "import_log_id": "a21473cf-de9c-46b2-a1b4-6e10370b509f",
        "rating": 2,
        "status": "validated"
    },
    {
        "id": "6ba96d31-c27f-4d0e-9cd8-8a18cec99613",
        "station_id": "45264fd1-2141-43bb-8bf8-03fa3b172c0e",
        "component_id": "88afd3d1-6da3-496a-ac81-669a47256d34",
        "value": 19.87,
        "timestamp_measured": "2019-04-08T15:00:00+00:00",
        "import_log_id": "a21473cf-de9c-46b2-a1b4-6e10370b509f",
        "rating": 2,
        "status": "validated"
    },
    {
        "id": "66af3d15-e59c-462e-89e1-08915a7666b1",
        "station_id": "45264fd1-2141-43bb-8bf8-03fa3b172c0e",
        "component_id": "88afd3d1-6da3-496a-ac81-669a47256d34",
        "value": 53.1,
        "timestamp_measured": "2019-04-08T16:00:00+00:00",
        "import_log_id": "a21473cf-de9c-46b2-a1b4-6e10370b509f",
        "rating": 5,
        "status": "validated"
    },
    {
        "id": "c1798784-3885-4a21-9016-20906cf52623",
        "station_id": "45264fd1-2141-43bb-8bf8-03fa3b172c0e",
        "component_id": "88afd3d1-6da3-496a-ac81-669a47256d34",
        "value": 39.5,
        "timestamp_measured": "2019-04-08T17:00:00+00:00",
        "import_log_id": "a21473cf-de9c-46b2-a1b4-6e10370b509f",
        "rating": 4,
        "status": "validated"
    },
    {
        "id": "816590f2-b989-49bb-a02b-efd038308a9b",
        "station_id": "45264fd1-2141-43bb-8bf8-03fa3b172c0e",
        "component_id": "88afd3d1-6da3-496a-ac81-669a47256d34",
        "value": 15.66,
        "timestamp_measured": "2019-04-08T18:00:00+00:00",
        "import_log_id": "a21473cf-de9c-46b2-a1b4-6e10370b509f",
        "rating": 2,
        "status": "validated"
    },
    {
        "id": "d8b23f9a-2a38-4178-b699-06d53636e112",
        "station_id": "45264fd1-2141-43bb-8bf8-03fa3b172c0e",
        "component_id": "88afd3d1-6da3-496a-ac81-669a47256d34",
        "value": 10.11,
        "timestamp_measured": "2019-04-08T19:00:00+00:00",
        "import_log_id": "a21473cf-de9c-46b2-a1b4-6e10370b509f",
        "rating": 2,
        "status": "validated"
    },
    {
        "id": "ef249a3d-fe09-40b7-838c-dc5ff749ef5b",
        "station_id": "45264fd1-2141-43bb-8bf8-03fa3b172c0e",
        "component_id": "88afd3d1-6da3-496a-ac81-669a47256d34",
        "value": 9.28,
        "timestamp_measured": "2019-04-08T20:00:00+00:00",
        "import_log_id": "a21473cf-de9c-46b2-a1b4-6e10370b509f",
        "rating": 1,
        "status": "validated"
    },
    {
        "id": "207ac76f-d8bf-41cb-8d32-372073ae62ae",
        "station_id": "45264fd1-2141-43bb-8bf8-03fa3b172c0e",
        "component_id": "88afd3d1-6da3-496a-ac81-669a47256d34",
        "value": 38.72,
        "timestamp_measured": "2019-04-08T21:00:00+00:00",
        "import_log_id": "a21473cf-de9c-46b2-a1b4-6e10370b509f",
        "rating": 4,
        "status": "validated"
    },
    {
        "id": "53ac07ae-70aa-4be8-95c1-638ccac01325",
        "station_id": "45264fd1-2141-43bb-8bf8-03fa3b172c0e",
        "component_id": "88afd3d1-6da3-496a-ac81-669a47256d34",
        "value": 38.87,
        "timestamp_measured": "2019-04-08T22:00:00+00:00",
        "import_log_id": "a21473cf-de9c-46b2-a1b4-6e10370b509f",
        "rating": 4,
        "status": "validated"
    },
    {
        "id": "eebfce73-6a4c-446d-86bb-49ca63bd0039",
        "station_id": "45264fd1-2141-43bb-8bf8-03fa3b172c0e",
        "component_id": "88afd3d1-6da3-496a-ac81-669a47256d34",
        "value": 26.95,
        "timestamp_measured": "2019-04-08T23:00:00+00:00",
        "import_log_id": "a21473cf-de9c-46b2-a1b4-6e10370b509f",
        "rating": 3,
        "status": "validated"
    },
    {
        "id": "e1ab59cf-0555-42ac-98ac-3c5449a450c4",
        "station_id": "45264fd1-2141-43bb-8bf8-03fa3b172c0e",
        "component_id": "88afd3d1-6da3-496a-ac81-669a47256d34",
        "value": 24.23,
        "timestamp_measured": "2019-04-09T00:00:00+00:00",
        "import_log_id": "a21473cf-de9c-46b2-a1b4-6e10370b509f",
        "rating": 3,
        "status": "validated"
    },
    {
        "id": "6f4d6df3-e1bf-4cea-b30f-ea7a1a40cb2b",
        "station_id": "45264fd1-2141-43bb-8bf8-03fa3b172c0e",
        "component_id": "88afd3d1-6da3-496a-ac81-669a47256d34",
        "value": 25.52,
        "timestamp_measured": "2019-04-09T01:00:00+00:00",
        "import_log_id": "a21473cf-de9c-46b2-a1b4-6e10370b509f",
        "rating": 3,
        "status": "validated"
    },
    {
        "id": "0bb06e60-e798-4f6d-a076-2d07693bab27",
        "station_id": "45264fd1-2141-43bb-8bf8-03fa3b172c0e",
        "component_id": "88afd3d1-6da3-496a-ac81-669a47256d34",
        "value": 31.39,
        "timestamp_measured": "2019-04-09T02:00:00+00:00",
        "import_log_id": "a21473cf-de9c-46b2-a1b4-6e10370b509f",
        "rating": 4,
        "status": "validated"
    },
    {
        "id": "f810e3ff-9ec0-4624-9fd1-af304a5a2471",
        "station_id": "45264fd1-2141-43bb-8bf8-03fa3b172c0e",
        "component_id": "88afd3d1-6da3-496a-ac81-669a47256d34",
        "value": 59.53,
        "timestamp_measured": "2019-04-09T03:00:00+00:00",
        "import_log_id": "a21473cf-de9c-46b2-a1b4-6e10370b509f",
        "rating": 5,
        "status": "validated"
    },
    {
        "id": "7488386f-a9b0-408f-a824-de8764a6e10f",
        "station_id": "45264fd1-2141-43bb-8bf8-03fa3b172c0e",
        "component_id": "88afd3d1-6da3-496a-ac81-669a47256d34",
        "value": 31.79,
        "timestamp_measured": "2019-04-09T04:00:00+00:00",
        "import_log_id": "a21473cf-de9c-46b2-a1b4-6e10370b509f",
        "rating": 4,
        "status": "validated"
    },
    {
        "id": "af73442f-226d-4ae6-86e0-75ca595254de",
        "station_id": "45264fd1-2141-43bb-8bf8-03fa3b172c0e",
        "component_id": "88afd3d1-6da3-496a-ac81-669a47256d34",
        "value": 22.48,
        "timestamp_measured": "2019-04-09T05:00:00+00:00",
        "import_log_id": "a21473cf-de9c-46b2-a1b4-6e10370b509f",
        "rating": 3,
        "status": "validated"
    },
    {
        "id": "c229a2b5-2b84-4016-b5e8-acc3c596a9a2",
        "station_id": "45264fd1-2141-43bb-8bf8-03fa3b172c0e",
        "component_id": "88afd3d1-6da3-496a-ac81-669a47256d34",
        "value": 18.38,
        "timestamp_measured": "2019-04-09T06:00:00+00:00",
        "import_log_id": "a21473cf-de9c-46b2-a1b4-6e10370b509f",
        "rating": 2,
        "status": "validated"
    },
    {
        "id": "985cca54-02e6-484f-9dbb-484d34b1d332",
        "station_id": "45264fd1-2141-43bb-8bf8-03fa3b172c0e",
        "component_id": "88afd3d1-6da3-496a-ac81-669a47256d34",
        "value": 19.25,
        "timestamp_measured": "2019-04-09T07:00:00+00:00",
        "import_log_id": "a21473cf-de9c-46b2-a1b4-6e10370b509f",
        "rating": 2,
        "status": "validated"
    },
    {
        "id": "1a6ae22d-3d2b-4bdf-97f5-f0fba3b4e05c",
        "station_id": "45264fd1-2141-43bb-8bf8-03fa3b172c0e",
        "component_id": "88afd3d1-6da3-496a-ac81-669a47256d34",
        "value": 15.51,
        "timestamp_measured": "2019-04-09T08:00:00+00:00",
        "import_log_id": "a21473cf-de9c-46b2-a1b4-6e10370b509f",
        "rating": 2,
        "status": "validated"
    },
    {
        "id": "ff620c6e-bf68-4ead-b508-45a13ba950b9",
        "station_id": "45264fd1-2141-43bb-8bf8-03fa3b172c0e",
        "component_id": "88afd3d1-6da3-496a-ac81-669a47256d34",
        "value": 15.87,
        "timestamp_measured": "2019-04-09T09:00:00+00:00",
        "import_log_id": "a21473cf-de9c-46b2-a1b4-6e10370b509f",
        "rating": 2,
        "status": "validated"
    },
    {
        "id": "a52b029d-23e0-4ad4-b11e-65e6d95f9ae5",
        "station_id": "45264fd1-2141-43bb-8bf8-03fa3b172c0e",
        "component_id": "88afd3d1-6da3-496a-ac81-669a47256d34",
        "value": 27.93,
        "timestamp_measured": "2019-04-09T10:00:00+00:00",
        "import_log_id": "a21473cf-de9c-46b2-a1b4-6e10370b509f",
        "rating": 3,
        "status": "validated"
    },
    {
        "id": "b4b3072f-cb39-4958-92d7-a5cf97bf25c1",
        "station_id": "45264fd1-2141-43bb-8bf8-03fa3b172c0e",
        "component_id": "88afd3d1-6da3-496a-ac81-669a47256d34",
        "value": 22.04,
        "timestamp_measured": "2019-04-09T11:00:00+00:00",
        "import_log_id": "a21473cf-de9c-46b2-a1b4-6e10370b509f",
        "rating": 3,
        "status": "validated"
    },
    {
        "id": "7f1ae709-340c-4cd3-a8c1-55d196ea6a2c",
        "station_id": "45264fd1-2141-43bb-8bf8-03fa3b172c0e",
        "component_id": "88afd3d1-6da3-496a-ac81-669a47256d34",
        "value": 16.69,
        "timestamp_measured": "2019-04-09T12:00:00+00:00",
        "import_log_id": "a21473cf-de9c-46b2-a1b4-6e10370b509f",
        "rating": 2,
        "status": "validated"
    },
    {
        "id": "bf4eda76-1c01-4fcc-9f0c-c0909a15d14c",
        "station_id": "45264fd1-2141-43bb-8bf8-03fa3b172c0e",
        "component_id": "88afd3d1-6da3-496a-ac81-669a47256d34",
        "value": 17.55,
        "timestamp_measured": "2019-04-09T13:00:00+00:00",
        "import_log_id": "a21473cf-de9c-46b2-a1b4-6e10370b509f",
        "rating": 2,
        "status": "validated"
    },
    {
        "id": "195801da-88de-4a0a-b514-064f116e5fdf",
        "station_id": "45264fd1-2141-43bb-8bf8-03fa3b172c0e",
        "component_id": "88afd3d1-6da3-496a-ac81-669a47256d34",
        "value": 13.98,
        "timestamp_measured": "2019-04-09T14:00:00+00:00",
        "import_log_id": "a21473cf-de9c-46b2-a1b4-6e10370b509f",
        "rating": 2,
        "status": "validated"
    },
    {
        "id": "82668565-a891-4809-8352-e8875174a760",
        "station_id": "45264fd1-2141-43bb-8bf8-03fa3b172c0e",
        "component_id": "88afd3d1-6da3-496a-ac81-669a47256d34",
        "value": 16.0,
        "timestamp_measured": "2019-04-09T15:00:00+00:00",
        "import_log_id": "a21473cf-de9c-46b2-a1b4-6e10370b509f",
        "rating": 2,
        "status": "validated"
    },
    {
        "id": "457bc584-798b-4a65-ace0-5afa48a92c69",
        "station_id": "45264fd1-2141-43bb-8bf8-03fa3b172c0e",
        "component_id": "88afd3d1-6da3-496a-ac81-669a47256d34",
        "value": 18.54,
        "timestamp_measured": "2019-04-09T16:00:00+00:00",
        "import_log_id": "a21473cf-de9c-46b2-a1b4-6e10370b509f",
        "rating": 2,
        "status": "validated"
    },
    {
        "id": "c0fb2f62-738b-41eb-868c-9c697bbcb5ad",
        "station_id": "45264fd1-2141-43bb-8bf8-03fa3b172c0e",
        "component_id": "88afd3d1-6da3-496a-ac81-669a47256d34",
        "value": 14.27,
        "timestamp_measured": "2019-04-09T17:00:00+00:00",
        "import_log_id": "a21473cf-de9c-46b2-a1b4-6e10370b509f",
        "rating": 2,
        "status": "validated"
    },
    {
        "id": "0134e6de-21d8-44e9-ab34-b4eadd8cb667",
        "station_id": "45264fd1-2141-43bb-8bf8-03fa3b172c0e",
        "component_id": "88afd3d1-6da3-496a-ac81-669a47256d34",
        "value": 13.91,
        "timestamp_measured": "2019-04-09T18:00:00+00:00",
        "import_log_id": "a21473cf-de9c-46b2-a1b4-6e10370b509f",
        "rating": 2,
        "status": "validated"
    },
    {
        "id": "038d1e4b-efa1-47ea-9e45-69c8dcc4b5fc",
        "station_id": "45264fd1-2141-43bb-8bf8-03fa3b172c0e",
        "component_id": "88afd3d1-6da3-496a-ac81-669a47256d34",
        "value": 15.41,
        "timestamp_measured": "2019-04-09T19:00:00+00:00",
        "import_log_id": "a21473cf-de9c-46b2-a1b4-6e10370b509f",
        "rating": 2,
        "status": "validated"
    },
    {
        "id": "ed2d0ecb-8c64-4ee2-9c68-95c5db931838",
        "station_id": "45264fd1-2141-43bb-8bf8-03fa3b172c0e",
        "component_id": "88afd3d1-6da3-496a-ac81-669a47256d34",
        "value": 38.99,
        "timestamp_measured": "2019-04-09T20:00:00+00:00",
        "import_log_id": "a21473cf-de9c-46b2-a1b4-6e10370b509f",
        "rating": 4,
        "status": "validated"
    },
    {
        "id": "ef73fba8-656c-498e-905e-c09f51475644",
        "station_id": "45264fd1-2141-43bb-8bf8-03fa3b172c0e",
        "component_id": "88afd3d1-6da3-496a-ac81-669a47256d34",
        "value": 29.98,
        "timestamp_measured": "2019-04-09T21:00:00+00:00",
        "import_log_id": "a21473cf-de9c-46b2-a1b4-6e10370b509f",
        "rating": 3,
        "status": "validated"
    },
    {
        "id": "228da342-0776-4524-ba34-d764c4c92595",
        "station_id": "45264fd1-2141-43bb-8bf8-03fa3b172c0e",
        "component_id": "88afd3d1-6da3-496a-ac81-669a47256d34",
        "value": 48.89,
        "timestamp_measured": "2019-04-09T22:00:00+00:00",
        "import_log_id": "a21473cf-de9c-46b2-a1b4-6e10370b509f",
        "rating": 5,
        "status": "validated"
    },
    {
        "id": "294d6548-8f02-4800-93d0-4721962b8651",
        "station_id": "45264fd1-2141-43bb-8bf8-03fa3b172c0e",
        "component_id": "88afd3d1-6da3-496a-ac81-669a47256d34",
        "value": 17.65,
        "timestamp_measured": "2019-04-09T23:00:00+00:00",
        "import_log_id": "a21473cf-de9c-46b2-a1b4-6e10370b509f",
        "rating": 2,
        "status": "validated"
    },
    {
        "id": "ca9c2463-8ff0-439d-8d35-1839d90b75ca",
        "station_id": "45264fd1-2141-43bb-8bf8-03fa3b172c0e",
        "component_id": "88afd3d1-6da3-496a-ac81-669a47256d34",
        "value": 9.1,
        "timestamp_measured": "2019-04-10T00:00:00+00:00",
        "import_log_id": "a21473cf-de9c-46b2-a1b4-6e10370b509f",
        "rating": 1,
        "status": "validated"
    },
    {
        "id": "89693b6a-648a-449f-96c4-052aee7f388d",
        "station_id": "45264fd1-2141-43bb-8bf8-03fa3b172c0e",
        "component_id": "88afd3d1-6da3-496a-ac81-669a47256d34",
        "value": 8.15,
        "timestamp_measured": "2019-04-10T01:00:00+00:00",
        "import_log_id": "a21473cf-de9c-46b2-a1b4-6e10370b509f",
        "rating": 1,
        "status": "validated"
    },
    {
        "id": "bd71b1b0-31d0-4249-b8a3-07f457a9430c",
        "station_id": "45264fd1-2141-43bb-8bf8-03fa3b172c0e",
        "component_id": "88afd3d1-6da3-496a-ac81-669a47256d34",
        "value": 7.28,
        "timestamp_measured": "2019-04-10T02:00:00+00:00",
        "import_log_id": "a21473cf-de9c-46b2-a1b4-6e10370b509f",
        "rating": 1,
        "status": "validated"
    },
    {
        "id": "12931032-6513-42c8-836a-e81b2cc4730f",
        "station_id": "45264fd1-2141-43bb-8bf8-03fa3b172c0e",
        "component_id": "88afd3d1-6da3-496a-ac81-669a47256d34",
        "value": 8.07,
        "timestamp_measured": "2019-04-10T03:00:00+00:00",
        "import_log_id": "a21473cf-de9c-46b2-a1b4-6e10370b509f",
        "rating": 1,
        "status": "validated"
    },
    {
        "id": "c4961aea-8862-46b4-b8aa-86645ba901eb",
        "station_id": "45264fd1-2141-43bb-8bf8-03fa3b172c0e",
        "component_id": "88afd3d1-6da3-496a-ac81-669a47256d34",
        "value": 13.29,
        "timestamp_measured": "2019-04-10T04:00:00+00:00",
        "import_log_id": "a21473cf-de9c-46b2-a1b4-6e10370b509f",
        "rating": 2,
        "status": "validated"
    },
    {
        "id": "4ed5c8db-e251-4698-b2b9-7615c59755b6",
        "station_id": "45264fd1-2141-43bb-8bf8-03fa3b172c0e",
        "component_id": "88afd3d1-6da3-496a-ac81-669a47256d34",
        "value": 25.94,
        "timestamp_measured": "2019-04-10T05:00:00+00:00",
        "import_log_id": "a21473cf-de9c-46b2-a1b4-6e10370b509f",
        "rating": 3,
        "status": "validated"
    },
    {
        "id": "c3c476b3-7bb6-48a2-b138-12676d9ec037",
        "station_id": "45264fd1-2141-43bb-8bf8-03fa3b172c0e",
        "component_id": "88afd3d1-6da3-496a-ac81-669a47256d34",
        "value": 26.4,
        "timestamp_measured": "2019-04-10T06:00:00+00:00",
        "import_log_id": "a21473cf-de9c-46b2-a1b4-6e10370b509f",
        "rating": 3,
        "status": "validated"
    },
    {
        "id": "7a6cc7e1-a81e-4f93-9735-bf2e5377f3e0",
        "station_id": "45264fd1-2141-43bb-8bf8-03fa3b172c0e",
        "component_id": "88afd3d1-6da3-496a-ac81-669a47256d34",
        "value": 23.05,
        "timestamp_measured": "2019-04-10T07:00:00+00:00",
        "import_log_id": "a21473cf-de9c-46b2-a1b4-6e10370b509f",
        "rating": 3,
        "status": "validated"
    },
    {
        "id": "1cf1c0ff-d631-4ade-a8cf-8c4166038c8c",
        "station_id": "45264fd1-2141-43bb-8bf8-03fa3b172c0e",
        "component_id": "88afd3d1-6da3-496a-ac81-669a47256d34",
        "value": 20.28,
        "timestamp_measured": "2019-04-10T08:00:00+00:00",
        "import_log_id": "a21473cf-de9c-46b2-a1b4-6e10370b509f",
        "rating": 3,
        "status": "validated"
    },
    {
        "id": "97501e40-601f-4a3e-839b-1d2530593e79",
        "station_id": "45264fd1-2141-43bb-8bf8-03fa3b172c0e",
        "component_id": "88afd3d1-6da3-496a-ac81-669a47256d34",
        "value": 23.42,
        "timestamp_measured": "2019-04-10T09:00:00+00:00",
        "import_log_id": "a21473cf-de9c-46b2-a1b4-6e10370b509f",
        "rating": 3,
        "status": "validated"
    },
    {
        "id": "41d1bd71-1a04-4382-93bc-2d8a029e437c",
        "station_id": "45264fd1-2141-43bb-8bf8-03fa3b172c0e",
        "component_id": "88afd3d1-6da3-496a-ac81-669a47256d34",
        "value": 13.17,
        "timestamp_measured": "2019-04-10T10:00:00+00:00",
        "import_log_id": "a21473cf-de9c-46b2-a1b4-6e10370b509f",
        "rating": 2,
        "status": "validated"
    },
    {
        "id": "2239d1fe-6c72-4abe-bba3-aa1d641471eb",
        "station_id": "45264fd1-2141-43bb-8bf8-03fa3b172c0e",
        "component_id": "88afd3d1-6da3-496a-ac81-669a47256d34",
        "value": 10.74,
        "timestamp_measured": "2019-04-10T11:00:00+00:00",
        "import_log_id": "a21473cf-de9c-46b2-a1b4-6e10370b509f",
        "rating": 2,
        "status": "validated"
    },
    {
        "id": "fd9b4716-1f83-46b5-8f69-c4401ca72fb4",
        "station_id": "45264fd1-2141-43bb-8bf8-03fa3b172c0e",
        "component_id": "88afd3d1-6da3-496a-ac81-669a47256d34",
        "value": 12.61,
        "timestamp_measured": "2019-04-10T12:00:00+00:00",
        "import_log_id": "a21473cf-de9c-46b2-a1b4-6e10370b509f",
        "rating": 2,
        "status": "validated"
    },
    {
        "id": "e3bbbc16-5d77-42de-bc6a-9aff30ab0130",
        "station_id": "45264fd1-2141-43bb-8bf8-03fa3b172c0e",
        "component_id": "88afd3d1-6da3-496a-ac81-669a47256d34",
        "value": 18.01,
        "timestamp_measured": "2019-04-10T13:00:00+00:00",
        "import_log_id": "a21473cf-de9c-46b2-a1b4-6e10370b509f",
        "rating": 2,
        "status": "validated"
    },
    {
        "id": "b0e47517-c030-4713-960f-7f3a798642dd",
        "station_id": "45264fd1-2141-43bb-8bf8-03fa3b172c0e",
        "component_id": "88afd3d1-6da3-496a-ac81-669a47256d34",
        "value": 19.32,
        "timestamp_measured": "2019-04-10T14:00:00+00:00",
        "import_log_id": "a21473cf-de9c-46b2-a1b4-6e10370b509f",
        "rating": 2,
        "status": "validated"
    },
    {
        "id": "2a479e67-bee8-4b96-bcf9-6c7d3788fec6",
        "station_id": "45264fd1-2141-43bb-8bf8-03fa3b172c0e",
        "component_id": "88afd3d1-6da3-496a-ac81-669a47256d34",
        "value": 13.71,
        "timestamp_measured": "2019-04-10T15:00:00+00:00",
        "import_log_id": "a21473cf-de9c-46b2-a1b4-6e10370b509f",
        "rating": 2,
        "status": "validated"
    },
    {
        "id": "d42266a9-4520-4309-8e9c-457653cfa325",
        "station_id": "45264fd1-2141-43bb-8bf8-03fa3b172c0e",
        "component_id": "88afd3d1-6da3-496a-ac81-669a47256d34",
        "value": 16.75,
        "timestamp_measured": "2019-04-10T16:00:00+00:00",
        "import_log_id": "a21473cf-de9c-46b2-a1b4-6e10370b509f",
        "rating": 2,
        "status": "validated"
    },
    {
        "id": "ec5be312-212b-487f-9ce1-8aeae671cbbf",
        "station_id": "45264fd1-2141-43bb-8bf8-03fa3b172c0e",
        "component_id": "88afd3d1-6da3-496a-ac81-669a47256d34",
        "value": 15.06,
        "timestamp_measured": "2019-04-10T17:00:00+00:00",
        "import_log_id": "a21473cf-de9c-46b2-a1b4-6e10370b509f",
        "rating": 2,
        "status": "validated"
    },
    {
        "id": "cb789e26-1aee-4a1a-86bc-117880eee871",
        "station_id": "45264fd1-2141-43bb-8bf8-03fa3b172c0e",
        "component_id": "88afd3d1-6da3-496a-ac81-669a47256d34",
        "value": 32.87,
        "timestamp_measured": "2019-04-10T18:00:00+00:00",
        "import_log_id": "a21473cf-de9c-46b2-a1b4-6e10370b509f",
        "rating": 4,
        "status": "validated"
    },
    {
        "id": "43976dcf-bc76-4261-8964-1e2d3c4316ed",
        "station_id": "45264fd1-2141-43bb-8bf8-03fa3b172c0e",
        "component_id": "88afd3d1-6da3-496a-ac81-669a47256d34",
        "value": 29.02,
        "timestamp_measured": "2019-04-10T19:00:00+00:00",
        "import_log_id": "a21473cf-de9c-46b2-a1b4-6e10370b509f",
        "rating": 3,
        "status": "validated"
    },
    {
        "id": "14d0c479-b61c-4226-855a-90ae1320f3f6",
        "station_id": "45264fd1-2141-43bb-8bf8-03fa3b172c0e",
        "component_id": "88afd3d1-6da3-496a-ac81-669a47256d34",
        "value": 33.53,
        "timestamp_measured": "2019-04-10T20:00:00+00:00",
        "import_log_id": "a21473cf-de9c-46b2-a1b4-6e10370b509f",
        "rating": 4,
        "status": "validated"
    },
    {
        "id": "3e5300a8-e113-4868-aaa1-92ff71fd2195",
        "station_id": "45264fd1-2141-43bb-8bf8-03fa3b172c0e",
        "component_id": "88afd3d1-6da3-496a-ac81-669a47256d34",
        "value": 38.06,
        "timestamp_measured": "2019-04-10T21:00:00+00:00",
        "import_log_id": "a21473cf-de9c-46b2-a1b4-6e10370b509f",
        "rating": 4,
        "status": "validated"
    },
    {
        "id": "a819b1b7-52fa-4a3c-b421-bb44381d8ec4",
        "station_id": "45264fd1-2141-43bb-8bf8-03fa3b172c0e",
        "component_id": "88afd3d1-6da3-496a-ac81-669a47256d34",
        "value": 65.19,
        "timestamp_measured": "2019-04-10T22:00:00+00:00",
        "import_log_id": "a21473cf-de9c-46b2-a1b4-6e10370b509f",
        "rating": 6,
        "status": "validated"
    },
    {
        "id": "086ba8a5-d1cc-4f3d-8def-df4b7687bde7",
        "station_id": "45264fd1-2141-43bb-8bf8-03fa3b172c0e",
        "component_id": "88afd3d1-6da3-496a-ac81-669a47256d34",
        "value": 34.02,
        "timestamp_measured": "2019-04-10T23:00:00+00:00",
        "import_log_id": "a21473cf-de9c-46b2-a1b4-6e10370b509f",
        "rating": 4,
        "status": "validated"
    },
    {
        "id": "2a0faa82-1f23-43d4-a437-e9a0d73c321e",
        "station_id": "45264fd1-2141-43bb-8bf8-03fa3b172c0e",
        "component_id": "88afd3d1-6da3-496a-ac81-669a47256d34",
        "value": 56.59,
        "timestamp_measured": "2019-04-11T00:00:00+00:00",
        "import_log_id": "a21473cf-de9c-46b2-a1b4-6e10370b509f",
        "rating": 5,
        "status": "validated"
    },
    {
        "id": "7592b058-a24b-423e-8656-b8cf5dba04ca",
        "station_id": "45264fd1-2141-43bb-8bf8-03fa3b172c0e",
        "component_id": "88afd3d1-6da3-496a-ac81-669a47256d34",
        "value": 65.32,
        "timestamp_measured": "2019-04-11T01:00:00+00:00",
        "import_log_id": "a21473cf-de9c-46b2-a1b4-6e10370b509f",
        "rating": 6,
        "status": "validated"
    },
    {
        "id": "769173fd-14cb-46eb-991a-e5c5863790d4",
        "station_id": "45264fd1-2141-43bb-8bf8-03fa3b172c0e",
        "component_id": "88afd3d1-6da3-496a-ac81-669a47256d34",
        "value": 86.98,
        "timestamp_measured": "2019-04-11T02:00:00+00:00",
        "import_log_id": "a21473cf-de9c-46b2-a1b4-6e10370b509f",
        "rating": 7,
        "status": "validated"
    },
    {
        "id": "d648970f-3a98-4213-90aa-4bfb00ef60f3",
        "station_id": "45264fd1-2141-43bb-8bf8-03fa3b172c0e",
        "component_id": "88afd3d1-6da3-496a-ac81-669a47256d34",
        "value": 96.93,
        "timestamp_measured": "2019-04-11T03:00:00+00:00",
        "import_log_id": "a21473cf-de9c-46b2-a1b4-6e10370b509f",
        "rating": 7,
        "status": "validated"
    },
    {
        "id": "e761913b-a5e8-4ee8-8ed3-ac7655f2e9ae",
        "station_id": "45264fd1-2141-43bb-8bf8-03fa3b172c0e",
        "component_id": "88afd3d1-6da3-496a-ac81-669a47256d34",
        "value": 17.75,
        "timestamp_measured": "2019-04-11T04:00:00+00:00",
        "import_log_id": "a21473cf-de9c-46b2-a1b4-6e10370b509f",
        "rating": 2,
        "status": "validated"
    },
    {
        "id": "e519d17f-17fd-4278-8cb6-a2fe403f24c6",
        "station_id": "45264fd1-2141-43bb-8bf8-03fa3b172c0e",
        "component_id": "88afd3d1-6da3-496a-ac81-669a47256d34",
        "value": 23.67,
        "timestamp_measured": "2019-04-11T05:00:00+00:00",
        "import_log_id": "a21473cf-de9c-46b2-a1b4-6e10370b509f",
        "rating": 3,
        "status": "validated"
    },
    {
        "id": "6cb79880-9e32-4db0-9346-724e14c7a656",
        "station_id": "45264fd1-2141-43bb-8bf8-03fa3b172c0e",
        "component_id": "88afd3d1-6da3-496a-ac81-669a47256d34",
        "value": 35.82,
        "timestamp_measured": "2019-04-11T06:00:00+00:00",
        "import_log_id": "a21473cf-de9c-46b2-a1b4-6e10370b509f",
        "rating": 4,
        "status": "validated"
    },
    {
        "id": "b1f55e2c-46b5-447d-968b-24b046171912",
        "station_id": "45264fd1-2141-43bb-8bf8-03fa3b172c0e",
        "component_id": "88afd3d1-6da3-496a-ac81-669a47256d34",
        "value": 38.21,
        "timestamp_measured": "2019-04-11T07:00:00+00:00",
        "import_log_id": "a21473cf-de9c-46b2-a1b4-6e10370b509f",
        "rating": 4,
        "status": "validated"
    },
    {
        "id": "c9c86108-081d-4e7f-9594-3b095cdb6b26",
        "station_id": "45264fd1-2141-43bb-8bf8-03fa3b172c0e",
        "component_id": "88afd3d1-6da3-496a-ac81-669a47256d34",
        "value": 28.71,
        "timestamp_measured": "2019-04-11T08:00:00+00:00",
        "import_log_id": "a21473cf-de9c-46b2-a1b4-6e10370b509f",
        "rating": 3,
        "status": "validated"
    },
    {
        "id": "b6d7f019-fb19-43e0-b8fb-c0a00c6c05cb",
        "station_id": "45264fd1-2141-43bb-8bf8-03fa3b172c0e",
        "component_id": "88afd3d1-6da3-496a-ac81-669a47256d34",
        "value": 31.71,
        "timestamp_measured": "2019-04-11T09:00:00+00:00",
        "import_log_id": "a21473cf-de9c-46b2-a1b4-6e10370b509f",
        "rating": 4,
        "status": "validated"
    },
    {
        "id": "663d01fa-58bf-4909-988d-a89f7d2be4da",
        "station_id": "45264fd1-2141-43bb-8bf8-03fa3b172c0e",
        "component_id": "88afd3d1-6da3-496a-ac81-669a47256d34",
        "value": 22.05,
        "timestamp_measured": "2019-04-11T10:00:00+00:00",
        "import_log_id": "a21473cf-de9c-46b2-a1b4-6e10370b509f",
        "rating": 3,
        "status": "validated"
    },
    {
        "id": "ed52719b-6452-473d-af95-0fa64f70a95b",
        "station_id": "45264fd1-2141-43bb-8bf8-03fa3b172c0e",
        "component_id": "88afd3d1-6da3-496a-ac81-669a47256d34",
        "value": 13.06,
        "timestamp_measured": "2019-04-11T11:00:00+00:00",
        "import_log_id": "a21473cf-de9c-46b2-a1b4-6e10370b509f",
        "rating": 2,
        "status": "validated"
    },
    {
        "id": "79243b90-d75e-468d-aa42-f1095a79df28",
        "station_id": "45264fd1-2141-43bb-8bf8-03fa3b172c0e",
        "component_id": "88afd3d1-6da3-496a-ac81-669a47256d34",
        "value": 12.1,
        "timestamp_measured": "2019-04-11T12:00:00+00:00",
        "import_log_id": "a21473cf-de9c-46b2-a1b4-6e10370b509f",
        "rating": 2,
        "status": "validated"
    },
    {
        "id": "89eaffe4-d2c2-45aa-a07c-21948b0d369f",
        "station_id": "45264fd1-2141-43bb-8bf8-03fa3b172c0e",
        "component_id": "88afd3d1-6da3-496a-ac81-669a47256d34",
        "value": 12.11,
        "timestamp_measured": "2019-04-11T13:00:00+00:00",
        "import_log_id": "a21473cf-de9c-46b2-a1b4-6e10370b509f",
        "rating": 2,
        "status": "validated"
    },
    {
        "id": "73b2cc37-b8c7-4993-9593-54cf530eba52",
        "station_id": "45264fd1-2141-43bb-8bf8-03fa3b172c0e",
        "component_id": "88afd3d1-6da3-496a-ac81-669a47256d34",
        "value": 10.3,
        "timestamp_measured": "2019-04-11T14:00:00+00:00",
        "import_log_id": "a21473cf-de9c-46b2-a1b4-6e10370b509f",
        "rating": 2,
        "status": "validated"
    },
    {
        "id": "a6eb296b-4879-4395-ad4a-0079885356cb",
        "station_id": "45264fd1-2141-43bb-8bf8-03fa3b172c0e",
        "component_id": "88afd3d1-6da3-496a-ac81-669a47256d34",
        "value": 18.36,
        "timestamp_measured": "2019-04-11T15:00:00+00:00",
        "import_log_id": "a21473cf-de9c-46b2-a1b4-6e10370b509f",
        "rating": 2,
        "status": "validated"
    },
    {
        "id": "0d5c3158-d142-4370-b45c-3653edb03b32",
        "station_id": "45264fd1-2141-43bb-8bf8-03fa3b172c0e",
        "component_id": "88afd3d1-6da3-496a-ac81-669a47256d34",
        "value": 23.11,
        "timestamp_measured": "2019-04-11T16:00:00+00:00",
        "import_log_id": "a21473cf-de9c-46b2-a1b4-6e10370b509f",
        "rating": 3,
        "status": "validated"
    },
    {
        "id": "29d2b73b-f455-4094-84dd-1dec2ce20e5f",
        "station_id": "45264fd1-2141-43bb-8bf8-03fa3b172c0e",
        "component_id": "88afd3d1-6da3-496a-ac81-669a47256d34",
        "value": 25.46,
        "timestamp_measured": "2019-04-11T17:00:00+00:00",
        "import_log_id": "a21473cf-de9c-46b2-a1b4-6e10370b509f",
        "rating": 3,
        "status": "validated"
    },
    {
        "id": "c0945f29-9bb9-4b79-9f60-8d7175b56f62",
        "station_id": "45264fd1-2141-43bb-8bf8-03fa3b172c0e",
        "component_id": "88afd3d1-6da3-496a-ac81-669a47256d34",
        "value": 25.46,
        "timestamp_measured": "2019-04-11T18:00:00+00:00",
        "import_log_id": "a21473cf-de9c-46b2-a1b4-6e10370b509f",
        "rating": 3,
        "status": "validated"
    },
    {
        "id": "f697db06-f571-4124-9d52-42633a817e4a",
        "station_id": "45264fd1-2141-43bb-8bf8-03fa3b172c0e",
        "component_id": "88afd3d1-6da3-496a-ac81-669a47256d34",
        "value": 14.97,
        "timestamp_measured": "2019-04-11T19:00:00+00:00",
        "import_log_id": "a21473cf-de9c-46b2-a1b4-6e10370b509f",
        "rating": 2,
        "status": "validated"
    },
    {
        "id": "b78ec7dd-75c9-4059-a03e-8ea5e2ef0bb1",
        "station_id": "45264fd1-2141-43bb-8bf8-03fa3b172c0e",
        "component_id": "88afd3d1-6da3-496a-ac81-669a47256d34",
        "value": 29.71,
        "timestamp_measured": "2019-04-11T20:00:00+00:00",
        "import_log_id": "a21473cf-de9c-46b2-a1b4-6e10370b509f",
        "rating": 3,
        "status": "validated"
    },
    {
        "id": "8695494a-f1e1-4f28-b12a-b1862dff9aef",
        "station_id": "45264fd1-2141-43bb-8bf8-03fa3b172c0e",
        "component_id": "88afd3d1-6da3-496a-ac81-669a47256d34",
        "value": 30.85,
        "timestamp_measured": "2019-04-11T21:00:00+00:00",
        "import_log_id": "a21473cf-de9c-46b2-a1b4-6e10370b509f",
        "rating": 4,
        "status": "validated"
    },
    {
        "id": "8bcdda9e-4748-4783-939e-fbc703609014",
        "station_id": "45264fd1-2141-43bb-8bf8-03fa3b172c0e",
        "component_id": "88afd3d1-6da3-496a-ac81-669a47256d34",
        "value": 14.85,
        "timestamp_measured": "2019-04-11T22:00:00+00:00",
        "import_log_id": "a21473cf-de9c-46b2-a1b4-6e10370b509f",
        "rating": 2,
        "status": "validated"
    },
    {
        "id": "80ed3ed2-9548-4ab0-a2f1-ed0d508e6329",
        "station_id": "45264fd1-2141-43bb-8bf8-03fa3b172c0e",
        "component_id": "88afd3d1-6da3-496a-ac81-669a47256d34",
        "value": 95.96,
        "timestamp_measured": "2019-04-11T23:00:00+00:00",
        "import_log_id": "a21473cf-de9c-46b2-a1b4-6e10370b509f",
        "rating": 7,
        "status": "validated"
    },
    {
        "id": "5415b6f8-1673-46ef-b6a8-c61a652b7af9",
        "station_id": "45264fd1-2141-43bb-8bf8-03fa3b172c0e",
        "component_id": "88afd3d1-6da3-496a-ac81-669a47256d34",
        "value": 40.19,
        "timestamp_measured": "2019-04-12T00:00:00+00:00",
        "import_log_id": "a21473cf-de9c-46b2-a1b4-6e10370b509f",
        "rating": 4,
        "status": "validated"
    },
    {
        "id": "19aaa47b-cc36-402e-bb35-cf4291fd3405",
        "station_id": "45264fd1-2141-43bb-8bf8-03fa3b172c0e",
        "component_id": "88afd3d1-6da3-496a-ac81-669a47256d34",
        "value": 122.96,
        "timestamp_measured": "2019-04-12T01:00:00+00:00",
        "import_log_id": "a21473cf-de9c-46b2-a1b4-6e10370b509f",
        "rating": 8,
        "status": "validated"
    },
    {
        "id": "ade2400a-7c78-47c3-abe0-98cfd35752a6",
        "station_id": "45264fd1-2141-43bb-8bf8-03fa3b172c0e",
        "component_id": "88afd3d1-6da3-496a-ac81-669a47256d34",
        "value": 36.01,
        "timestamp_measured": "2019-04-12T02:00:00+00:00",
        "import_log_id": "a21473cf-de9c-46b2-a1b4-6e10370b509f",
        "rating": 4,
        "status": "validated"
    },
    {
        "id": "2f6acc35-1d54-49ca-9c0b-3322fa0c7e61",
        "station_id": "45264fd1-2141-43bb-8bf8-03fa3b172c0e",
        "component_id": "88afd3d1-6da3-496a-ac81-669a47256d34",
        "value": 52.38,
        "timestamp_measured": "2019-04-12T03:00:00+00:00",
        "import_log_id": "a21473cf-de9c-46b2-a1b4-6e10370b509f",
        "rating": 5,
        "status": "validated"
    },
    {
        "id": "9b645fbd-3836-4529-ac78-4a3b46b10b31",
        "station_id": "45264fd1-2141-43bb-8bf8-03fa3b172c0e",
        "component_id": "88afd3d1-6da3-496a-ac81-669a47256d34",
        "value": 40.07,
        "timestamp_measured": "2019-04-12T04:00:00+00:00",
        "import_log_id": "a21473cf-de9c-46b2-a1b4-6e10370b509f",
        "rating": 4,
        "status": "validated"
    },
    {
        "id": "010d2d51-830a-4ed7-a1d8-966acf12197e",
        "station_id": "45264fd1-2141-43bb-8bf8-03fa3b172c0e",
        "component_id": "88afd3d1-6da3-496a-ac81-669a47256d34",
        "value": 30.87,
        "timestamp_measured": "2019-04-12T05:00:00+00:00",
        "import_log_id": "a21473cf-de9c-46b2-a1b4-6e10370b509f",
        "rating": 4,
        "status": "validated"
    },
    {
        "id": "04cc237c-2baa-4a84-8ac7-04eb521b092e",
        "station_id": "45264fd1-2141-43bb-8bf8-03fa3b172c0e",
        "component_id": "88afd3d1-6da3-496a-ac81-669a47256d34",
        "value": 43.83,
        "timestamp_measured": "2019-04-12T06:00:00+00:00",
        "import_log_id": "a21473cf-de9c-46b2-a1b4-6e10370b509f",
        "rating": 4,
        "status": "validated"
    },
    {
        "id": "5670ea80-4bef-4d52-bfd7-b6a260be24dc",
        "station_id": "45264fd1-2141-43bb-8bf8-03fa3b172c0e",
        "component_id": "88afd3d1-6da3-496a-ac81-669a47256d34",
        "value": 58.97,
        "timestamp_measured": "2019-04-12T07:00:00+00:00",
        "import_log_id": "a21473cf-de9c-46b2-a1b4-6e10370b509f",
        "rating": 5,
        "status": "validated"
    },
    {
        "id": "747adfa3-9275-4b38-a22b-b0a58e929034",
        "station_id": "45264fd1-2141-43bb-8bf8-03fa3b172c0e",
        "component_id": "88afd3d1-6da3-496a-ac81-669a47256d34",
        "value": 23.69,
        "timestamp_measured": "2019-04-12T08:00:00+00:00",
        "import_log_id": "a21473cf-de9c-46b2-a1b4-6e10370b509f",
        "rating": 3,
        "status": "validated"
    },
    {
        "id": "6b37b088-ef8e-4e85-ac6a-0ef5241a9268",
        "station_id": "45264fd1-2141-43bb-8bf8-03fa3b172c0e",
        "component_id": "88afd3d1-6da3-496a-ac81-669a47256d34",
        "value": 13.58,
        "timestamp_measured": "2019-04-12T09:00:00+00:00",
        "import_log_id": "a21473cf-de9c-46b2-a1b4-6e10370b509f",
        "rating": 2,
        "status": "validated"
    },
    {
        "id": "115fd090-7418-4ef7-a32c-af42e89a4597",
        "station_id": "45264fd1-2141-43bb-8bf8-03fa3b172c0e",
        "component_id": "88afd3d1-6da3-496a-ac81-669a47256d34",
        "value": 12.93,
        "timestamp_measured": "2019-04-12T10:00:00+00:00",
        "import_log_id": "a21473cf-de9c-46b2-a1b4-6e10370b509f",
        "rating": 2,
        "status": "validated"
    },
    {
        "id": "2bd8e647-bb38-42a2-aca1-8c43966ec3a8",
        "station_id": "45264fd1-2141-43bb-8bf8-03fa3b172c0e",
        "component_id": "88afd3d1-6da3-496a-ac81-669a47256d34",
        "value": 17.37,
        "timestamp_measured": "2019-04-12T11:00:00+00:00",
        "import_log_id": "a21473cf-de9c-46b2-a1b4-6e10370b509f",
        "rating": 2,
        "status": "validated"
    },
    {
        "id": "dafffb92-8ca9-41d4-9a41-d5e35908669c",
        "station_id": "45264fd1-2141-43bb-8bf8-03fa3b172c0e",
        "component_id": "88afd3d1-6da3-496a-ac81-669a47256d34",
        "value": 11.11,
        "timestamp_measured": "2019-04-12T12:00:00+00:00",
        "import_log_id": "a21473cf-de9c-46b2-a1b4-6e10370b509f",
        "rating": 2,
        "status": "validated"
    },
    {
        "id": "54f350ee-2312-4b69-9e12-e5bbecde133c",
        "station_id": "45264fd1-2141-43bb-8bf8-03fa3b172c0e",
        "component_id": "88afd3d1-6da3-496a-ac81-669a47256d34",
        "value": 12.9,
        "timestamp_measured": "2019-04-12T13:00:00+00:00",
        "import_log_id": "a21473cf-de9c-46b2-a1b4-6e10370b509f",
        "rating": 2,
        "status": "validated"
    },
    {
        "id": "77376168-b884-41d5-a86d-8f1181150baf",
        "station_id": "45264fd1-2141-43bb-8bf8-03fa3b172c0e",
        "component_id": "88afd3d1-6da3-496a-ac81-669a47256d34",
        "value": 17.99,
        "timestamp_measured": "2019-04-12T14:00:00+00:00",
        "import_log_id": "a21473cf-de9c-46b2-a1b4-6e10370b509f",
        "rating": 2,
        "status": "validated"
    },
    {
        "id": "19e58f3e-3c95-4f50-92dd-396ef6af1852",
        "station_id": "45264fd1-2141-43bb-8bf8-03fa3b172c0e",
        "component_id": "88afd3d1-6da3-496a-ac81-669a47256d34",
        "value": 31.02,
        "timestamp_measured": "2019-04-12T15:00:00+00:00",
        "import_log_id": "a21473cf-de9c-46b2-a1b4-6e10370b509f",
        "rating": 4,
        "status": "validated"
    },
    {
        "id": "3aa3a0b1-c442-47b3-8906-66da49d82b59",
        "station_id": "45264fd1-2141-43bb-8bf8-03fa3b172c0e",
        "component_id": "88afd3d1-6da3-496a-ac81-669a47256d34",
        "value": 17.74,
        "timestamp_measured": "2019-04-12T16:00:00+00:00",
        "import_log_id": "a21473cf-de9c-46b2-a1b4-6e10370b509f",
        "rating": 2,
        "status": "validated"
    },
    {
        "id": "7a0cacf4-25c7-46aa-9e9c-7c4e2b9b8330",
        "station_id": "45264fd1-2141-43bb-8bf8-03fa3b172c0e",
        "component_id": "88afd3d1-6da3-496a-ac81-669a47256d34",
        "value": 13.63,
        "timestamp_measured": "2019-04-12T17:00:00+00:00",
        "import_log_id": "a21473cf-de9c-46b2-a1b4-6e10370b509f",
        "rating": 2,
        "status": "validated"
    },
    {
        "id": "6840d4aa-9e10-4967-a327-39f12248a626",
        "station_id": "45264fd1-2141-43bb-8bf8-03fa3b172c0e",
        "component_id": "88afd3d1-6da3-496a-ac81-669a47256d34",
        "value": 19.13,
        "timestamp_measured": "2019-04-12T18:00:00+00:00",
        "import_log_id": "a21473cf-de9c-46b2-a1b4-6e10370b509f",
        "rating": 2,
        "status": "validated"
    },
    {
        "id": "5f94f8e0-c207-41c1-8727-7bb58595b59e",
        "station_id": "45264fd1-2141-43bb-8bf8-03fa3b172c0e",
        "component_id": "88afd3d1-6da3-496a-ac81-669a47256d34",
        "value": 23.79,
        "timestamp_measured": "2019-04-12T19:00:00+00:00",
        "import_log_id": "a21473cf-de9c-46b2-a1b4-6e10370b509f",
        "rating": 3,
        "status": "validated"
    },
    {
        "id": "8f664eff-a996-4632-ac3f-cf2f964fee80",
        "station_id": "45264fd1-2141-43bb-8bf8-03fa3b172c0e",
        "component_id": "88afd3d1-6da3-496a-ac81-669a47256d34",
        "value": 82.51,
        "timestamp_measured": "2019-04-12T20:00:00+00:00",
        "import_log_id": "a21473cf-de9c-46b2-a1b4-6e10370b509f",
        "rating": 7,
        "status": "validated"
    },
    {
        "id": "88c374b2-3c23-4ead-b709-b78720d63cd9",
        "station_id": "45264fd1-2141-43bb-8bf8-03fa3b172c0e",
        "component_id": "88afd3d1-6da3-496a-ac81-669a47256d34",
        "value": 100.7,
        "timestamp_measured": "2019-04-12T21:00:00+00:00",
        "import_log_id": "a21473cf-de9c-46b2-a1b4-6e10370b509f",
        "rating": 8,
        "status": "validated"
    },
    {
        "id": "ca684de0-a302-453a-b6f6-077ae3e8cf96",
        "station_id": "45264fd1-2141-43bb-8bf8-03fa3b172c0e",
        "component_id": "88afd3d1-6da3-496a-ac81-669a47256d34",
        "value": 112.13,
        "timestamp_measured": "2019-04-12T22:00:00+00:00",
        "import_log_id": "a21473cf-de9c-46b2-a1b4-6e10370b509f",
        "rating": 8,
        "status": "validated"
    },
    {
        "id": "6b0988e5-0076-4753-98a4-bbe3c181d4f2",
        "station_id": "45264fd1-2141-43bb-8bf8-03fa3b172c0e",
        "component_id": "88afd3d1-6da3-496a-ac81-669a47256d34",
        "value": 183.36,
        "timestamp_measured": "2019-04-12T23:00:00+00:00",
        "import_log_id": "a21473cf-de9c-46b2-a1b4-6e10370b509f",
        "rating": 10,
        "status": "validated"
    },
    {
        "id": "cf43475b-2a07-4500-8d6e-98d99f61d417",
        "station_id": "45264fd1-2141-43bb-8bf8-03fa3b172c0e",
        "component_id": "88afd3d1-6da3-496a-ac81-669a47256d34",
        "value": 150.79,
        "timestamp_measured": "2019-04-13T00:00:00+00:00",
        "import_log_id": "a21473cf-de9c-46b2-a1b4-6e10370b509f",
        "rating": 10,
        "status": "validated"
    },
    {
        "id": "a1e1c820-494d-4576-9c59-d860d226cc2a",
        "station_id": "45264fd1-2141-43bb-8bf8-03fa3b172c0e",
        "component_id": "88afd3d1-6da3-496a-ac81-669a47256d34",
        "value": 124.15,
        "timestamp_measured": "2019-04-13T01:00:00+00:00",
        "import_log_id": "a21473cf-de9c-46b2-a1b4-6e10370b509f",
        "rating": 8,
        "status": "validated"
    },
    {
        "id": "7e9f5004-e817-4fff-82b2-42327adc68c5",
        "station_id": "45264fd1-2141-43bb-8bf8-03fa3b172c0e",
        "component_id": "88afd3d1-6da3-496a-ac81-669a47256d34",
        "value": 122.3,
        "timestamp_measured": "2019-04-13T02:00:00+00:00",
        "import_log_id": "a21473cf-de9c-46b2-a1b4-6e10370b509f",
        "rating": 8,
        "status": "validated"
    },
    {
        "id": "7b643d61-02d6-44c2-a5ae-f57a14f08e9f",
        "station_id": "45264fd1-2141-43bb-8bf8-03fa3b172c0e",
        "component_id": "88afd3d1-6da3-496a-ac81-669a47256d34",
        "value": 106.84,
        "timestamp_measured": "2019-04-13T03:00:00+00:00",
        "import_log_id": "a21473cf-de9c-46b2-a1b4-6e10370b509f",
        "rating": 8,
        "status": "validated"
    },
    {
        "id": "6c278786-6171-40b4-bb40-8913d3b6914b",
        "station_id": "45264fd1-2141-43bb-8bf8-03fa3b172c0e",
        "component_id": "88afd3d1-6da3-496a-ac81-669a47256d34",
        "value": 13.91,
        "timestamp_measured": "2019-04-13T04:00:00+00:00",
        "import_log_id": "a21473cf-de9c-46b2-a1b4-6e10370b509f",
        "rating": 2,
        "status": "validated"
    },
    {
        "id": "b0c3b6a3-c7dc-436a-8a5a-dac3704cf65a",
        "station_id": "45264fd1-2141-43bb-8bf8-03fa3b172c0e",
        "component_id": "88afd3d1-6da3-496a-ac81-669a47256d34",
        "value": 18.28,
        "timestamp_measured": "2019-04-13T05:00:00+00:00",
        "import_log_id": "a21473cf-de9c-46b2-a1b4-6e10370b509f",
        "rating": 2,
        "status": "validated"
    },
    {
        "id": "12d0f0c6-dd8e-46b3-8d5d-a6286a0b9433",
        "station_id": "45264fd1-2141-43bb-8bf8-03fa3b172c0e",
        "component_id": "88afd3d1-6da3-496a-ac81-669a47256d34",
        "value": 24.3,
        "timestamp_measured": "2019-04-13T06:00:00+00:00",
        "import_log_id": "a21473cf-de9c-46b2-a1b4-6e10370b509f",
        "rating": 3,
        "status": "validated"
    },
    {
        "id": "43523c1c-fd82-46e6-a38e-2267650f7d69",
        "station_id": "45264fd1-2141-43bb-8bf8-03fa3b172c0e",
        "component_id": "88afd3d1-6da3-496a-ac81-669a47256d34",
        "value": 56.22,
        "timestamp_measured": "2019-04-13T07:00:00+00:00",
        "import_log_id": "a21473cf-de9c-46b2-a1b4-6e10370b509f",
        "rating": 5,
        "status": "validated"
    },
    {
        "id": "10007957-955b-41c3-ad1a-0deb87a2c89f",
        "station_id": "45264fd1-2141-43bb-8bf8-03fa3b172c0e",
        "component_id": "88afd3d1-6da3-496a-ac81-669a47256d34",
        "value": 23.14,
        "timestamp_measured": "2019-04-13T08:00:00+00:00",
        "import_log_id": "a21473cf-de9c-46b2-a1b4-6e10370b509f",
        "rating": 3,
        "status": "validated"
    },
    {
        "id": "568569ed-a69f-4de3-be0a-59c13e5625e9",
        "station_id": "45264fd1-2141-43bb-8bf8-03fa3b172c0e",
        "component_id": "88afd3d1-6da3-496a-ac81-669a47256d34",
        "value": 18.73,
        "timestamp_measured": "2019-04-13T09:00:00+00:00",
        "import_log_id": "a21473cf-de9c-46b2-a1b4-6e10370b509f",
        "rating": 2,
        "status": "validated"
    },
    {
        "id": "2c4b4cf8-8eab-44f2-a072-16262f2daf20",
        "station_id": "45264fd1-2141-43bb-8bf8-03fa3b172c0e",
        "component_id": "88afd3d1-6da3-496a-ac81-669a47256d34",
        "value": 12.43,
        "timestamp_measured": "2019-04-13T10:00:00+00:00",
        "import_log_id": "a21473cf-de9c-46b2-a1b4-6e10370b509f",
        "rating": 2,
        "status": "validated"
    },
    {
        "id": "edb3d89f-17f0-4532-8426-b4252ea3eb2c",
        "station_id": "45264fd1-2141-43bb-8bf8-03fa3b172c0e",
        "component_id": "88afd3d1-6da3-496a-ac81-669a47256d34",
        "value": 10.87,
        "timestamp_measured": "2019-04-13T11:00:00+00:00",
        "import_log_id": "a21473cf-de9c-46b2-a1b4-6e10370b509f",
        "rating": 2,
        "status": "validated"
    },
    {
        "id": "7bf9a069-b1fd-4f26-a0e5-96d94354728b",
        "station_id": "45264fd1-2141-43bb-8bf8-03fa3b172c0e",
        "component_id": "88afd3d1-6da3-496a-ac81-669a47256d34",
        "value": 13.69,
        "timestamp_measured": "2019-04-13T12:00:00+00:00",
        "import_log_id": "a21473cf-de9c-46b2-a1b4-6e10370b509f",
        "rating": 2,
        "status": "validated"
    },
    {
        "id": "7c19fd1d-2544-432c-a483-4878a7ab35e7",
        "station_id": "45264fd1-2141-43bb-8bf8-03fa3b172c0e",
        "component_id": "88afd3d1-6da3-496a-ac81-669a47256d34",
        "value": 18.66,
        "timestamp_measured": "2019-04-13T13:00:00+00:00",
        "import_log_id": "a21473cf-de9c-46b2-a1b4-6e10370b509f",
        "rating": 2,
        "status": "validated"
    },
    {
        "id": "ecf35a1b-a612-440f-8e66-fcdc2280b46e",
        "station_id": "45264fd1-2141-43bb-8bf8-03fa3b172c0e",
        "component_id": "88afd3d1-6da3-496a-ac81-669a47256d34",
        "value": 17.53,
        "timestamp_measured": "2019-04-13T14:00:00+00:00",
        "import_log_id": "a21473cf-de9c-46b2-a1b4-6e10370b509f",
        "rating": 2,
        "status": "validated"
    },
    {
        "id": "908b36d5-e33f-4f55-bba4-539839e6d93e",
        "station_id": "45264fd1-2141-43bb-8bf8-03fa3b172c0e",
        "component_id": "88afd3d1-6da3-496a-ac81-669a47256d34",
        "value": 24.51,
        "timestamp_measured": "2019-04-13T15:00:00+00:00",
        "import_log_id": "a21473cf-de9c-46b2-a1b4-6e10370b509f",
        "rating": 3,
        "status": "validated"
    },
    {
        "id": "bd811465-5607-40db-884a-dae9cd4d73fc",
        "station_id": "45264fd1-2141-43bb-8bf8-03fa3b172c0e",
        "component_id": "88afd3d1-6da3-496a-ac81-669a47256d34",
        "value": 7.67,
        "timestamp_measured": "2019-04-13T16:00:00+00:00",
        "import_log_id": "a21473cf-de9c-46b2-a1b4-6e10370b509f",
        "rating": 1,
        "status": "validated"
    },
    {
        "id": "258f0545-2e0b-4d7f-b93b-678afda9a37d",
        "station_id": "45264fd1-2141-43bb-8bf8-03fa3b172c0e",
        "component_id": "88afd3d1-6da3-496a-ac81-669a47256d34",
        "value": 27.75,
        "timestamp_measured": "2019-04-13T17:00:00+00:00",
        "import_log_id": "a21473cf-de9c-46b2-a1b4-6e10370b509f",
        "rating": 3,
        "status": "validated"
    },
    {
        "id": "f2b12a0c-41b1-4700-a551-823f7aae4fa6",
        "station_id": "45264fd1-2141-43bb-8bf8-03fa3b172c0e",
        "component_id": "88afd3d1-6da3-496a-ac81-669a47256d34",
        "value": 21.15,
        "timestamp_measured": "2019-04-13T18:00:00+00:00",
        "import_log_id": "a21473cf-de9c-46b2-a1b4-6e10370b509f",
        "rating": 3,
        "status": "validated"
    },
    {
        "id": "3978661c-a722-41b2-8057-430988c9532c",
        "station_id": "45264fd1-2141-43bb-8bf8-03fa3b172c0e",
        "component_id": "88afd3d1-6da3-496a-ac81-669a47256d34",
        "value": 42.26,
        "timestamp_measured": "2019-04-13T19:00:00+00:00",
        "import_log_id": "a21473cf-de9c-46b2-a1b4-6e10370b509f",
        "rating": 4,
        "status": "validated"
    },
    {
        "id": "53c17782-229c-48c0-9e9f-39a006ff97fc",
        "station_id": "45264fd1-2141-43bb-8bf8-03fa3b172c0e",
        "component_id": "88afd3d1-6da3-496a-ac81-669a47256d34",
        "value": 78.56,
        "timestamp_measured": "2019-04-13T20:00:00+00:00",
        "import_log_id": "a21473cf-de9c-46b2-a1b4-6e10370b509f",
        "rating": 7,
        "status": "validated"
    },
    {
        "id": "a55f4a39-6998-48eb-aaa5-a1cd7f56520a",
        "station_id": "45264fd1-2141-43bb-8bf8-03fa3b172c0e",
        "component_id": "88afd3d1-6da3-496a-ac81-669a47256d34",
        "value": 104.46,
        "timestamp_measured": "2019-04-13T21:00:00+00:00",
        "import_log_id": "a21473cf-de9c-46b2-a1b4-6e10370b509f",
        "rating": 8,
        "status": "validated"
    },
    {
        "id": "43b00e8c-b5d1-41cc-821b-0ab95b19af81",
        "station_id": "45264fd1-2141-43bb-8bf8-03fa3b172c0e",
        "component_id": "88afd3d1-6da3-496a-ac81-669a47256d34",
        "value": 39.23,
        "timestamp_measured": "2019-04-13T22:00:00+00:00",
        "import_log_id": "a21473cf-de9c-46b2-a1b4-6e10370b509f",
        "rating": 4,
        "status": "validated"
    },
    {
        "id": "95708405-caf8-4b5c-add5-5076c3e2d2ea",
        "station_id": "45264fd1-2141-43bb-8bf8-03fa3b172c0e",
        "component_id": "88afd3d1-6da3-496a-ac81-669a47256d34",
        "value": 58.75,
        "timestamp_measured": "2019-04-13T23:00:00+00:00",
        "import_log_id": "a21473cf-de9c-46b2-a1b4-6e10370b509f",
        "rating": 5,
        "status": "validated"
    },
    {
        "id": "155b5383-1f21-4dfd-af15-aff58c37e674",
        "station_id": "45264fd1-2141-43bb-8bf8-03fa3b172c0e",
        "component_id": "88afd3d1-6da3-496a-ac81-669a47256d34",
        "value": 100.07,
        "timestamp_measured": "2019-04-14T00:00:00+00:00",
        "import_log_id": "a21473cf-de9c-46b2-a1b4-6e10370b509f",
        "rating": 8,
        "status": "validated"
    },
    {
        "id": "44442ff1-76b3-44f1-9d94-ba8d5e29418a",
        "station_id": "45264fd1-2141-43bb-8bf8-03fa3b172c0e",
        "component_id": "88afd3d1-6da3-496a-ac81-669a47256d34",
        "value": 31.95,
        "timestamp_measured": "2019-04-14T01:00:00+00:00",
        "import_log_id": "a21473cf-de9c-46b2-a1b4-6e10370b509f",
        "rating": 4,
        "status": "validated"
    },
    {
        "id": "427e14aa-b7c5-488b-84b5-a45984a68d83",
        "station_id": "45264fd1-2141-43bb-8bf8-03fa3b172c0e",
        "component_id": "88afd3d1-6da3-496a-ac81-669a47256d34",
        "value": 62.0,
        "timestamp_measured": "2019-04-14T02:00:00+00:00",
        "import_log_id": "a21473cf-de9c-46b2-a1b4-6e10370b509f",
        "rating": 6,
        "status": "validated"
    },
    {
        "id": "cec27506-a5c6-4e8a-a9e9-86c8defd46d8",
        "station_id": "45264fd1-2141-43bb-8bf8-03fa3b172c0e",
        "component_id": "88afd3d1-6da3-496a-ac81-669a47256d34",
        "value": 24.3,
        "timestamp_measured": "2019-04-14T03:00:00+00:00",
        "import_log_id": "a21473cf-de9c-46b2-a1b4-6e10370b509f",
        "rating": 3,
        "status": "validated"
    },
    {
        "id": "30c793af-76be-4520-8451-be148be8a8f6",
        "station_id": "45264fd1-2141-43bb-8bf8-03fa3b172c0e",
        "component_id": "88afd3d1-6da3-496a-ac81-669a47256d34",
        "value": 85.64,
        "timestamp_measured": "2019-04-14T04:00:00+00:00",
        "import_log_id": "a21473cf-de9c-46b2-a1b4-6e10370b509f",
        "rating": 7,
        "status": "validated"
    },
    {
        "id": "5df6d883-2c59-45d8-87f0-8f4547de7463",
        "station_id": "45264fd1-2141-43bb-8bf8-03fa3b172c0e",
        "component_id": "88afd3d1-6da3-496a-ac81-669a47256d34",
        "value": 62.16,
        "timestamp_measured": "2019-04-14T05:00:00+00:00",
        "import_log_id": "a21473cf-de9c-46b2-a1b4-6e10370b509f",
        "rating": 6,
        "status": "validated"
    },
    {
        "id": "0b7a05b2-935c-4ea9-b3c0-84d4c5384d4c",
        "station_id": "45264fd1-2141-43bb-8bf8-03fa3b172c0e",
        "component_id": "88afd3d1-6da3-496a-ac81-669a47256d34",
        "value": 89.73,
        "timestamp_measured": "2019-04-14T06:00:00+00:00",
        "import_log_id": "a21473cf-de9c-46b2-a1b4-6e10370b509f",
        "rating": 7,
        "status": "validated"
    },
    {
        "id": "3b6a0c40-d4c9-46c9-95bf-b537a40c51c2",
        "station_id": "45264fd1-2141-43bb-8bf8-03fa3b172c0e",
        "component_id": "88afd3d1-6da3-496a-ac81-669a47256d34",
        "value": 44.18,
        "timestamp_measured": "2019-04-14T07:00:00+00:00",
        "import_log_id": "a21473cf-de9c-46b2-a1b4-6e10370b509f",
        "rating": 4,
        "status": "validated"
    },
    {
        "id": "d3169395-9723-488e-9a8a-279c512f4f5c",
        "station_id": "45264fd1-2141-43bb-8bf8-03fa3b172c0e",
        "component_id": "88afd3d1-6da3-496a-ac81-669a47256d34",
        "value": 15.75,
        "timestamp_measured": "2019-04-14T08:00:00+00:00",
        "import_log_id": "a21473cf-de9c-46b2-a1b4-6e10370b509f",
        "rating": 2,
        "status": "validated"
    },
    {
        "id": "d884b36e-3814-4706-9d18-4e30559e2374",
        "station_id": "45264fd1-2141-43bb-8bf8-03fa3b172c0e",
        "component_id": "88afd3d1-6da3-496a-ac81-669a47256d34",
        "value": 11.73,
        "timestamp_measured": "2019-04-14T09:00:00+00:00",
        "import_log_id": "a21473cf-de9c-46b2-a1b4-6e10370b509f",
        "rating": 2,
        "status": "validated"
    },
    {
        "id": "e6d4cc86-6bfe-4fdb-bd90-c450067c1d8c",
        "station_id": "45264fd1-2141-43bb-8bf8-03fa3b172c0e",
        "component_id": "88afd3d1-6da3-496a-ac81-669a47256d34",
        "value": 12.53,
        "timestamp_measured": "2019-04-14T10:00:00+00:00",
        "import_log_id": "a21473cf-de9c-46b2-a1b4-6e10370b509f",
        "rating": 2,
        "status": "validated"
    },
    {
        "id": "37659198-90ec-4869-90d4-f49c44f9d5b0",
        "station_id": "45264fd1-2141-43bb-8bf8-03fa3b172c0e",
        "component_id": "88afd3d1-6da3-496a-ac81-669a47256d34",
        "value": 15.19,
        "timestamp_measured": "2019-04-14T11:00:00+00:00",
        "import_log_id": "a21473cf-de9c-46b2-a1b4-6e10370b509f",
        "rating": 2,
        "status": "validated"
    },
    {
        "id": "6fc8d5c0-15c9-4c8e-980e-ff4e91df5601",
        "station_id": "45264fd1-2141-43bb-8bf8-03fa3b172c0e",
        "component_id": "88afd3d1-6da3-496a-ac81-669a47256d34",
        "value": 7.76,
        "timestamp_measured": "2019-04-14T12:00:00+00:00",
        "import_log_id": "a21473cf-de9c-46b2-a1b4-6e10370b509f",
        "rating": 1,
        "status": "validated"
    },
    {
        "id": "74751fa5-5b8d-499a-8590-495a9635aeb7",
        "station_id": "45264fd1-2141-43bb-8bf8-03fa3b172c0e",
        "component_id": "88afd3d1-6da3-496a-ac81-669a47256d34",
        "value": 6.99,
        "timestamp_measured": "2019-04-14T13:00:00+00:00",
        "import_log_id": "a21473cf-de9c-46b2-a1b4-6e10370b509f",
        "rating": 1,
        "status": "validated"
    },
    {
        "id": "669a9af8-721a-4c9e-8ffa-147c42041e6d",
        "station_id": "45264fd1-2141-43bb-8bf8-03fa3b172c0e",
        "component_id": "88afd3d1-6da3-496a-ac81-669a47256d34",
        "value": 7.99,
        "timestamp_measured": "2019-04-14T14:00:00+00:00",
        "import_log_id": "a21473cf-de9c-46b2-a1b4-6e10370b509f",
        "rating": 1,
        "status": "validated"
    },
    {
        "id": "cac021eb-09a0-47ba-9977-9d987b8f66c6",
        "station_id": "45264fd1-2141-43bb-8bf8-03fa3b172c0e",
        "component_id": "88afd3d1-6da3-496a-ac81-669a47256d34",
        "value": 8.46,
        "timestamp_measured": "2019-04-14T15:00:00+00:00",
        "import_log_id": "a21473cf-de9c-46b2-a1b4-6e10370b509f",
        "rating": 1,
        "status": "validated"
    },
    {
        "id": "176b9224-d09b-4460-944d-7bb37dab7dbd",
        "station_id": "45264fd1-2141-43bb-8bf8-03fa3b172c0e",
        "component_id": "88afd3d1-6da3-496a-ac81-669a47256d34",
        "value": 10.19,
        "timestamp_measured": "2019-04-14T16:00:00+00:00",
        "import_log_id": "a21473cf-de9c-46b2-a1b4-6e10370b509f",
        "rating": 2,
        "status": "validated"
    },
    {
        "id": "c12d1762-b820-4190-8523-267e4d6f7438",
        "station_id": "45264fd1-2141-43bb-8bf8-03fa3b172c0e",
        "component_id": "88afd3d1-6da3-496a-ac81-669a47256d34",
        "value": 8.07,
        "timestamp_measured": "2019-04-14T17:00:00+00:00",
        "import_log_id": "a21473cf-de9c-46b2-a1b4-6e10370b509f",
        "rating": 1,
        "status": "validated"
    },
    {
        "id": "4141939a-cbdd-4c16-bfad-5416c191f3b6",
        "station_id": "45264fd1-2141-43bb-8bf8-03fa3b172c0e",
        "component_id": "88afd3d1-6da3-496a-ac81-669a47256d34",
        "value": 18.7,
        "timestamp_measured": "2019-04-14T18:00:00+00:00",
        "import_log_id": "a21473cf-de9c-46b2-a1b4-6e10370b509f",
        "rating": 2,
        "status": "validated"
    },
    {
        "id": "218b9ea1-2fd3-4ab9-989d-84995f9998b2",
        "station_id": "45264fd1-2141-43bb-8bf8-03fa3b172c0e",
        "component_id": "88afd3d1-6da3-496a-ac81-669a47256d34",
        "value": 29.82,
        "timestamp_measured": "2019-04-14T19:00:00+00:00",
        "import_log_id": "a21473cf-de9c-46b2-a1b4-6e10370b509f",
        "rating": 3,
        "status": "validated"
    },
    {
        "id": "4296ecc8-2658-4c56-95d7-ddff362d0d26",
        "station_id": "45264fd1-2141-43bb-8bf8-03fa3b172c0e",
        "component_id": "88afd3d1-6da3-496a-ac81-669a47256d34",
        "value": 39.49,
        "timestamp_measured": "2019-04-14T20:00:00+00:00",
        "import_log_id": "a21473cf-de9c-46b2-a1b4-6e10370b509f",
        "rating": 4,
        "status": "validated"
    },
    {
        "id": "7ca176de-2a12-4320-a7ce-fe99639314be",
        "station_id": "45264fd1-2141-43bb-8bf8-03fa3b172c0e",
        "component_id": "88afd3d1-6da3-496a-ac81-669a47256d34",
        "value": 17.49,
        "timestamp_measured": "2019-04-14T21:00:00+00:00",
        "import_log_id": "a21473cf-de9c-46b2-a1b4-6e10370b509f",
        "rating": 2,
        "status": "validated"
    },
    {
        "id": "55f87436-e065-4ada-a3a2-768c93a77f8b",
        "station_id": "45264fd1-2141-43bb-8bf8-03fa3b172c0e",
        "component_id": "88afd3d1-6da3-496a-ac81-669a47256d34",
        "value": -999.0,
        "timestamp_measured": "2019-04-14T22:00:00+00:00",
        "import_log_id": "a21473cf-de9c-46b2-a1b4-6e10370b509f",
        "rating": -999,
        "status": "unvalidated"
    }
]