[
    {
        "id": "2c00a797-1528-4c7c-85a4-8c1ee1785bcc",
        "station_id": "858eb8d4-e6fc-4b30-b370-4ad10e8034ab",
        "component_id": "88afd3d1-6da3-496a-ac81-669a47256d34",
        "value": 22.34,
        "timestamp_measured": "2019-04-07T22:00:00+00:00",
        "import_log_id": "4b9cd323-a32b-4aef-975d-f1db8e0860be",
        "rating": 3,
        "status": "validated"
    },
    {
        "id": "fd7b8486-b04a-4304-833f-39a087acbe0a",
        "station_id": "858eb8d4-e6fc-4b30-b370-4ad10e8034ab",
        "component_id": "88afd3d1-6da3-496a-ac81-669a47256d34",
        "value": 14.61,
        "timestamp_measured": "2019-04-07T23:00:00+00:00",
        "import_log_id": "4b9cd323-a32b-4aef-975d-f1db8e0860be",
        "rating": 2,
        "status": "validated"
    },
    {
        "id": "853acb5e-3e2c-46f4-bcf5-3024a82efe34",
        "station_id": "858eb8d4-e6fc-4b30-b370-4ad10e8034ab",
        "component_id": "88afd3d1-6da3-496a-ac81-669a47256d34",
        "value": 18.51,
        "timestamp_measured": "2019-04-08T00:00:00+00:00",
        "import_log_id": "4b9cd323-a32b-4aef-975d-f1db8e0860be",
        "rating": 2,
        "status": "validated"
    },
    {
        "id": "23cbc2a6-1675-48c5-bb32-63f5556bc317",
        "station_id": "858eb8d4-e6fc-4b30-b370-4ad10e8034ab",
        "component_id": "88afd3d1-6da3-496a-ac81-669a47256d34",
        "value": 9.39,
        "timestamp_measured": "2019-04-08T01:00:00+00:00",
        "import_log_id": "4b9cd323-a32b-4aef-975d-f1db8e0860be",
        "rating": 1,
        "status": "validated"
    },
    {
        "id": "5bc595dc-b441-4439-be30-27d35a8dab4b",
        "station_id": "858eb8d4-e6fc-4b30-b370-4ad10e8034ab",
        "component_id": "88afd3d1-6da3-496a-ac81-669a47256d34",
        "value": 10.71,
        "timestamp_measured": "2019-04-08T02:00:00+00:00",
        "import_log_id": "4b9cd323-a32b-4aef-975d-f1db8e0860be",
        "rating": 2,
        "status": "validated"
    },
    {
        "id": "e1ea01f4-86a0-4dab-b929-a516b0628f33",
        "station_id": "858eb8d4-e6fc-4b30-b370-4ad10e8034ab",
        "component_id": "88afd3d1-6da3-496a-ac81-669a47256d34",
        "value": 13.82,
        "timestamp_measured": "2019-04-08T03:00:00+00:00",
        "import_log_id": "4b9cd323-a32b-4aef-975d-f1db8e0860be",
        "rating": 2,
        "status": "validated"
    },
    {
        "id": "47bdc9ac-6140-4fe0-b893-3b2e161f8c1d",
        "station_id": "858eb8d4-e6fc-4b30-b370-4ad10e8034ab",
        "component_id": "88afd3d1-6da3-496a-ac81-669a47256d34",
        "value": 12.39,
        "timestamp_measured": "2019-04-08T04:00:00+00:00",
        "import_log_id": "4b9cd323-a32b-4aef-975d-f1db8e0860be",
        "rating": 2,
        "status": "validated"
    },
    {
        "id": "aae275ce-eea3-4fe5-8f23-542d75b037e8",
        "station_id": "858eb8d4-e6fc-4b30-b370-4ad10e8034ab",
        "component_id": "88afd3d1-6da3-496a-ac81-669a47256d34",
        "value": 14.1,
        "timestamp_measured": "2019-04-08T05:00:00+00:00",
        "import_log_id": "4b9cd323-a32b-4aef-975d-f1db8e0860be",
        "rating": 2,
        "status": "validated"
    },
    {
        "id": "659968a7-f950-493d-b6ad-37c2cc6c1f63",
        "station_id": "858eb8d4-e6fc-4b30-b370-4ad10e8034ab",
        "component_id": "88afd3d1-6da3-496a-ac81-669a47256d34",
        "value": 28.2,
        "timestamp_measured": "2019-04-08T06:00:00+00:00",
        "import_log_id": "4b9cd323-a32b-4aef-975d-f1db8e0860be",
        "rating": 3,
        "status": "validated"
    },
    {
        "id": "a0fef7ae-532f-4e12-8f87-807259d96ebb",
        "station_id": "858eb8d4-e6fc-4b30-b370-4ad10e8034ab",
        "component_id": "88afd3d1-6da3-496a-ac81-669a47256d34",
        "value": 27.71,
        "timestamp_measured": "2019-04-08T07:00:00+00:00",
        "import_log_id": "4b9cd323-a32b-4aef-975d-f1db8e0860be",
        "rating": 3,
        "status": "validated"
    },
    {
        "id": "c57b32a5-4388-4f16-9ab4-9879e4f1398b",
        "station_id": "858eb8d4-e6fc-4b30-b370-4ad10e8034ab",
        "component_id": "88afd3d1-6da3-496a-ac81-669a47256d34",
        "value": 27.97,
        "timestamp_measured": "2019-04-08T08:00:00+00:00",
        "import_log_id": "4b9cd323-a32b-4aef-975d-f1db8e0860be",
        "rating": 3,
        "status": "validated"
    },
    {
        "id": "868accb8-1b20-4fec-bccc-19555134e8a6",
        "station_id": "858eb8d4-e6fc-4b30-b370-4ad10e8034ab",
        "component_id": "88afd3d1-6da3-496a-ac81-669a47256d34",
        "value": 25.04,
        "timestamp_measured": "2019-04-08T09:00:00+00:00",
        "import_log_id": "4b9cd323-a32b-4aef-975d-f1db8e0860be",
        "rating": 3,
        "status": "validated"
    },
    {
        "id": "9343a8f4-1ed0-4c62-b800-cbe2d2ae46a3",
        "station_id": "858eb8d4-e6fc-4b30-b370-4ad10e8034ab",
        "component_id": "88afd3d1-6da3-496a-ac81-669a47256d34",
        "value": 16.08,
        "timestamp_measured": "2019-04-08T10:00:00+00:00",
        "import_log_id": "4b9cd323-a32b-4aef-975d-f1db8e0860be",
        "rating": 2,
        "status": "validated"
    },
    {
        "id": "a842bcf0-b419-47c5-bbfd-3d427e778645",
        "station_id": "858eb8d4-e6fc-4b30-b370-4ad10e8034ab",
        "component_id": "88afd3d1-6da3-496a-ac81-669a47256d34",
        "value": 6.95,
        "timestamp_measured": "2019-04-08T11:00:00+00:00",
        "import_log_id": "4b9cd323-a32b-4aef-975d-f1db8e0860be",
        "rating": 1,
        "status": "validated"
    },
    {
        "id": "11b40dc8-2e63-41ab-b134-04d68201846b",
        "station_id": "858eb8d4-e6fc-4b30-b370-4ad10e8034ab",
        "component_id": "88afd3d1-6da3-496a-ac81-669a47256d34",
        "value": 14.1,
        "timestamp_measured": "2019-04-08T12:00:00+00:00",
        "import_log_id": "4b9cd323-a32b-4aef-975d-f1db8e0860be",
        "rating": 2,
        "status": "validated"
    },
    {
        "id": "1afdf454-af0b-47de-8268-05fab05da733",
        "station_id": "858eb8d4-e6fc-4b30-b370-4ad10e8034ab",
        "component_id": "88afd3d1-6da3-496a-ac81-669a47256d34",
        "value": 12.26,
        "timestamp_measured": "2019-04-08T13:00:00+00:00",
        "import_log_id": "4b9cd323-a32b-4aef-975d-f1db8e0860be",
        "rating": 2,
        "status": "validated"
    },
    {
        "id": "aa8912a6-27fa-4403-82f7-8fdcc8add997",
        "station_id": "858eb8d4-e6fc-4b30-b370-4ad10e8034ab",
        "component_id": "88afd3d1-6da3-496a-ac81-669a47256d34",
        "value": 9.53,
        "timestamp_measured": "2019-04-08T14:00:00+00:00",
        "import_log_id": "4b9cd323-a32b-4aef-975d-f1db8e0860be",
        "rating": 1,
        "status": "validated"
    },
    {
        "id": "5cfd2583-45a9-47ee-839f-39975c8228ed",
        "station_id": "858eb8d4-e6fc-4b30-b370-4ad10e8034ab",
        "component_id": "88afd3d1-6da3-496a-ac81-669a47256d34",
        "value": 10.97,
        "timestamp_measured": "2019-04-08T15:00:00+00:00",
        "import_log_id": "4b9cd323-a32b-4aef-975d-f1db8e0860be",
        "rating": 2,
        "status": "validated"
    },
    {
        "id": "39c8a09d-d6e2-47e4-a90b-c279ac863a66",
        "station_id": "858eb8d4-e6fc-4b30-b370-4ad10e8034ab",
        "component_id": "88afd3d1-6da3-496a-ac81-669a47256d34",
        "value": 9.69,
        "timestamp_measured": "2019-04-08T16:00:00+00:00",
        "import_log_id": "4b9cd323-a32b-4aef-975d-f1db8e0860be",
        "rating": 1,
        "status": "validated"
    },
    {
        "id": "97dd8e5e-a02b-4e05-954a-d8ec2b91c3f6",
        "station_id": "858eb8d4-e6fc-4b30-b370-4ad10e8034ab",
        "component_id": "88afd3d1-6da3-496a-ac81-669a47256d34",
        "value": 12.17,
        "timestamp_measured": "2019-04-08T17:00:00+00:00",
        "import_log_id": "4b9cd323-a32b-4aef-975d-f1db8e0860be",
        "rating": 2,
        "status": "validated"
    },
    {
        "id": "1eabfd9a-190b-494b-aada-c29ed3ea4fda",
        "station_id": "858eb8d4-e6fc-4b30-b370-4ad10e8034ab",
        "component_id": "88afd3d1-6da3-496a-ac81-669a47256d34",
        "value": 17.49,
        "timestamp_measured": "2019-04-08T18:00:00+00:00",
        "import_log_id": "4b9cd323-a32b-4aef-975d-f1db8e0860be",
        "rating": 2,
        "status": "validated"
    },
    {
        "id": "16e45622-1e98-4074-9140-e131527e4ad4",
        "station_id": "858eb8d4-e6fc-4b30-b370-4ad10e8034ab",
        "component_id": "88afd3d1-6da3-496a-ac81-669a47256d34",
        "value": 23.14,
        "timestamp_measured": "2019-04-08T19:00:00+00:00",
        "import_log_id": "4b9cd323-a32b-4aef-975d-f1db8e0860be",
        "rating": 3,
        "status": "validated"
    },
    {
        "id": "078e81b1-649f-489f-9a08-d4ae8b03c407",
        "station_id": "858eb8d4-e6fc-4b30-b370-4ad10e8034ab",
        "component_id": "88afd3d1-6da3-496a-ac81-669a47256d34",
        "value": 20.92,
        "timestamp_measured": "2019-04-08T20:00:00+00:00",
        "import_log_id": "4b9cd323-a32b-4aef-975d-f1db8e0860be",
        "rating": 3,
        "status": "validated"
    },
    {
        "id": "e48cd05c-2abf-496b-adaa-6248ceec49de",
        "station_id": "858eb8d4-e6fc-4b30-b370-4ad10e8034ab",
        "component_id": "88afd3d1-6da3-496a-ac81-669a47256d34",
        "value": 17.76,
        "timestamp_measured": "2019-04-08T21:00:00+00:00",
        "import_log_id": "4b9cd323-a32b-4aef-975d-f1db8e0860be",
        "rating": 2,
        "status": "validated"
    },
    {
        "id": "08cd39e4-d08c-4ce0-a6a9-69c985e5a029",
        "station_id": "858eb8d4-e6fc-4b30-b370-4ad10e8034ab",
        "component_id": "88afd3d1-6da3-496a-ac81-669a47256d34",
        "value": 20.66,
        "timestamp_measured": "2019-04-08T22:00:00+00:00",
        "import_log_id": "4b9cd323-a32b-4aef-975d-f1db8e0860be",
        "rating": 3,
        "status": "validated"
    },
    {
        "id": "6dd01dbb-5dd5-44ee-8efc-000426f19002",
        "station_id": "858eb8d4-e6fc-4b30-b370-4ad10e8034ab",
        "component_id": "88afd3d1-6da3-496a-ac81-669a47256d34",
        "value": 13.96,
        "timestamp_measured": "2019-04-08T23:00:00+00:00",
        "import_log_id": "4b9cd323-a32b-4aef-975d-f1db8e0860be",
        "rating": 2,
        "status": "validated"
    },
    {
        "id": "ad40433d-8954-45a1-b741-25719a5b6b04",
        "station_id": "858eb8d4-e6fc-4b30-b370-4ad10e8034ab",
        "component_id": "88afd3d1-6da3-496a-ac81-669a47256d34",
        "value": 10.05,
        "timestamp_measured": "2019-04-09T00:00:00+00:00",
        "import_log_id": "4b9cd323-a32b-4aef-975d-f1db8e0860be",
        "rating": 2,
        "status": "validated"
    },
    {
        "id": "8f441fc8-b4fd-4149-aedf-5f6cceaed613",
        "station_id": "858eb8d4-e6fc-4b30-b370-4ad10e8034ab",
        "component_id": "88afd3d1-6da3-496a-ac81-669a47256d34",
        "value": 11.29,
        "timestamp_measured": "2019-04-09T01:00:00+00:00",
        "import_log_id": "4b9cd323-a32b-4aef-975d-f1db8e0860be",
        "rating": 2,
        "status": "validated"
    },
    {
        "id": "9aaf4cbf-2189-47db-9ee7-c3d0319cafca",
        "station_id": "858eb8d4-e6fc-4b30-b370-4ad10e8034ab",
        "component_id": "88afd3d1-6da3-496a-ac81-669a47256d34",
        "value": 7.62,
        "timestamp_measured": "2019-04-09T02:00:00+00:00",
        "import_log_id": "4b9cd323-a32b-4aef-975d-f1db8e0860be",
        "rating": 1,
        "status": "validated"
    },
    {
        "id": "314c1c0a-3bde-43cf-bb25-5ab23af264cd",
        "station_id": "858eb8d4-e6fc-4b30-b370-4ad10e8034ab",
        "component_id": "88afd3d1-6da3-496a-ac81-669a47256d34",
        "value": 6.79,
        "timestamp_measured": "2019-04-09T03:00:00+00:00",
        "import_log_id": "4b9cd323-a32b-4aef-975d-f1db8e0860be",
        "rating": 1,
        "status": "validated"
    },
    {
        "id": "061ccde4-1e41-49ab-a3fb-39969c84e595",
        "station_id": "858eb8d4-e6fc-4b30-b370-4ad10e8034ab",
        "component_id": "88afd3d1-6da3-496a-ac81-669a47256d34",
        "value": 6.41,
        "timestamp_measured": "2019-04-09T04:00:00+00:00",
        "import_log_id": "4b9cd323-a32b-4aef-975d-f1db8e0860be",
        "rating": 1,
        "status": "validated"
    },
    {
        "id": "a9bd2a57-acb8-41d7-8a30-3218cb3264af",
        "station_id": "858eb8d4-e6fc-4b30-b370-4ad10e8034ab",
        "component_id": "88afd3d1-6da3-496a-ac81-669a47256d34",
        "value": 8.34,
        "timestamp_measured": "2019-04-09T05:00:00+00:00",
        "import_log_id": "4b9cd323-a32b-4aef-975d-f1db8e0860be",
        "rating": 1,
        "status": "validated"
    },
    {
        "id": "abc00a96-90a1-4ed0-a6ef-9c3022400a2b",
        "station_id": "858eb8d4-e6fc-4b30-b370-4ad10e8034ab",
        "component_id": "88afd3d1-6da3-496a-ac81-669a47256d34",
        "value": 11.54,
        "timestamp_measured": "2019-04-09T06:00:00+00:00",
        "import_log_id": "4b9cd323-a32b-4aef-975d-f1db8e0860be",
        "rating": 2,
        "status": "validated"
    },
    {
        "id": "df1b2841-8040-4a53-919f-32d87fc51f2b",
        "station_id": "858eb8d4-e6fc-4b30-b370-4ad10e8034ab",
        "component_id": "88afd3d1-6da3-496a-ac81-669a47256d34",
        "value": 10.74,
        "timestamp_measured": "2019-04-09T07:00:00+00:00",
        "import_log_id": "4b9cd323-a32b-4aef-975d-f1db8e0860be",
        "rating": 2,
        "status": "validated"
    },
    {
        "id": "f3a462d7-5bc3-4f93-b067-1e901a1274f2",
        "station_id": "858eb8d4-e6fc-4b30-b370-4ad10e8034ab",
        "component_id": "88afd3d1-6da3-496a-ac81-669a47256d34",
        "value": 10.31,
        "timestamp_measured": "2019-04-09T08:00:00+00:00",
        "import_log_id": "4b9cd323-a32b-4aef-975d-f1db8e0860be",
        "rating": 2,
        "status": "validated"
    },
    {
        "id": "19c6c174-919c-442d-a0fb-00c2567d9535",
        "station_id": "858eb8d4-e6fc-4b30-b370-4ad10e8034ab",
        "component_id": "88afd3d1-6da3-496a-ac81-669a47256d34",
        "value": 9.95,
        "timestamp_measured": "2019-04-09T09:00:00+00:00",
        "import_log_id": "4b9cd323-a32b-4aef-975d-f1db8e0860be",
        "rating": 1,
        "status": "validated"
    },
    {
        "id": "d542e916-f0ba-4bec-b246-f732b338728d",
        "station_id": "858eb8d4-e6fc-4b30-b370-4ad10e8034ab",
        "component_id": "88afd3d1-6da3-496a-ac81-669a47256d34",
        "value": 9.64,
        "timestamp_measured": "2019-04-09T10:00:00+00:00",
        "import_log_id": "4b9cd323-a32b-4aef-975d-f1db8e0860be",
        "rating": 1,
        "status": "validated"
    },
    {
        "id": "ce0626ee-ed6f-4ce3-92d1-eb4c6099033c",
        "station_id": "858eb8d4-e6fc-4b30-b370-4ad10e8034ab",
        "component_id": "88afd3d1-6da3-496a-ac81-669a47256d34",
        "value": 8.19,
        "timestamp_measured": "2019-04-09T11:00:00+00:00",
        "import_log_id": "4b9cd323-a32b-4aef-975d-f1db8e0860be",
        "rating": 1,
        "status": "validated"
    },
    {
        "id": "6488a4a3-f954-4075-b49c-a5a387b14561",
        "station_id": "858eb8d4-e6fc-4b30-b370-4ad10e8034ab",
        "component_id": "88afd3d1-6da3-496a-ac81-669a47256d34",
        "value": 7.74,
        "timestamp_measured": "2019-04-09T12:00:00+00:00",
        "import_log_id": "4b9cd323-a32b-4aef-975d-f1db8e0860be",
        "rating": 1,
        "status": "validated"
    },
    {
        "id": "ef575949-c4c9-4337-b4e9-5ea72d9a5fe5",
        "station_id": "858eb8d4-e6fc-4b30-b370-4ad10e8034ab",
        "component_id": "88afd3d1-6da3-496a-ac81-669a47256d34",
        "value": 7.29,
        "timestamp_measured": "2019-04-09T13:00:00+00:00",
        "import_log_id": "4b9cd323-a32b-4aef-975d-f1db8e0860be",
        "rating": 1,
        "status": "validated"
    },
    {
        "id": "e65f34e5-5a39-462b-bfa0-c1f801c018cf",
        "station_id": "858eb8d4-e6fc-4b30-b370-4ad10e8034ab",
        "component_id": "88afd3d1-6da3-496a-ac81-669a47256d34",
        "value": 7.79,
        "timestamp_measured": "2019-04-09T14:00:00+00:00",
        "import_log_id": "4b9cd323-a32b-4aef-975d-f1db8e0860be",
        "rating": 1,
        "status": "validated"
    },
    {
        "id": "b74163cd-c058-47d5-bdc4-b5a6027da423",
        "station_id": "858eb8d4-e6fc-4b30-b370-4ad10e8034ab",
        "component_id": "88afd3d1-6da3-496a-ac81-669a47256d34",
        "value": 9.16,
        "timestamp_measured": "2019-04-09T15:00:00+00:00",
        "import_log_id": "4b9cd323-a32b-4aef-975d-f1db8e0860be",
        "rating": 1,
        "status": "validated"
    },
    {
        "id": "589cb7b0-a287-4e1c-82bf-89f5a0740880",
        "station_id": "858eb8d4-e6fc-4b30-b370-4ad10e8034ab",
        "component_id": "88afd3d1-6da3-496a-ac81-669a47256d34",
        "value": 10.04,
        "timestamp_measured": "2019-04-09T16:00:00+00:00",
        "import_log_id": "4b9cd323-a32b-4aef-975d-f1db8e0860be",
        "rating": 2,
        "status": "validated"
    },
    {
        "id": "d7d8d711-cc80-4c76-8f72-80550fe58d04",
        "station_id": "858eb8d4-e6fc-4b30-b370-4ad10e8034ab",
        "component_id": "88afd3d1-6da3-496a-ac81-669a47256d34",
        "value": 8.75,
        "timestamp_measured": "2019-04-09T17:00:00+00:00",
        "import_log_id": "4b9cd323-a32b-4aef-975d-f1db8e0860be",
        "rating": 1,
        "status": "validated"
    },
    {
        "id": "cb0ce261-c882-4f5e-8214-ecd50019f419",
        "station_id": "858eb8d4-e6fc-4b30-b370-4ad10e8034ab",
        "component_id": "88afd3d1-6da3-496a-ac81-669a47256d34",
        "value": 10.45,
        "timestamp_measured": "2019-04-09T18:00:00+00:00",
        "import_log_id": "4b9cd323-a32b-4aef-975d-f1db8e0860be",
        "rating": 2,
        "status": "validated"
    },
    {
        "id": "e3ff7633-de14-45a2-90ff-aa8f67234962",
        "station_id": "858eb8d4-e6fc-4b30-b370-4ad10e8034ab",
        "component_id": "88afd3d1-6da3-496a-ac81-669a47256d34",
        "value": 12.1,
        "timestamp_measured": "2019-04-09T19:00:00+00:00",
        "import_log_id": "4b9cd323-a32b-4aef-975d-f1db8e0860be",
        "rating": 2,
        "status": "validated"
    },
    {
        "id": "49dbfe72-5fa7-4fed-965d-21bba4cf74d6",
        "station_id": "858eb8d4-e6fc-4b30-b370-4ad10e8034ab",
        "component_id": "88afd3d1-6da3-496a-ac81-669a47256d34",
        "value": 11.75,
        "timestamp_measured": "2019-04-09T20:00:00+00:00",
        "import_log_id": "4b9cd323-a32b-4aef-975d-f1db8e0860be",
        "rating": 2,
        "status": "validated"
    },
    {
        "id": "9afabeb1-0256-442b-b80c-1e1eb0829352",
        "station_id": "858eb8d4-e6fc-4b30-b370-4ad10e8034ab",
        "component_id": "88afd3d1-6da3-496a-ac81-669a47256d34",
        "value": 9.98,
        "timestamp_measured": "2019-04-09T21:00:00+00:00",
        "import_log_id": "4b9cd323-a32b-4aef-975d-f1db8e0860be",
        "rating": 1,
        "status": "validated"
    },
    {
        "id": "276fa79b-c2ed-4484-8160-ee1ce172c3d4",
        "station_id": "858eb8d4-e6fc-4b30-b370-4ad10e8034ab",
        "component_id": "88afd3d1-6da3-496a-ac81-669a47256d34",
        "value": 9.81,
        "timestamp_measured": "2019-04-09T22:00:00+00:00",
        "import_log_id": "4b9cd323-a32b-4aef-975d-f1db8e0860be",
        "rating": 1,
        "status": "validated"
    },
    {
        "id": "bf0229f9-05c4-4fc1-8673-d2fb16c99507",
        "station_id": "858eb8d4-e6fc-4b30-b370-4ad10e8034ab",
        "component_id": "88afd3d1-6da3-496a-ac81-669a47256d34",
        "value": 7.72,
        "timestamp_measured": "2019-04-09T23:00:00+00:00",
        "import_log_id": "4b9cd323-a32b-4aef-975d-f1db8e0860be",
        "rating": 1,
        "status": "validated"
    },
    {
        "id": "c0e1046b-6616-4481-8095-572ad24db37b",
        "station_id": "858eb8d4-e6fc-4b30-b370-4ad10e8034ab",
        "component_id": "88afd3d1-6da3-496a-ac81-669a47256d34",
        "value": 7.38,
        "timestamp_measured": "2019-04-10T00:00:00+00:00",
        "import_log_id": "4b9cd323-a32b-4aef-975d-f1db8e0860be",
        "rating": 1,
        "status": "validated"
    },
    {
        "id": "508dc215-0764-497e-b936-840513f5b011",
        "station_id": "858eb8d4-e6fc-4b30-b370-4ad10e8034ab",
        "component_id": "88afd3d1-6da3-496a-ac81-669a47256d34",
        "value": 5.15,
        "timestamp_measured": "2019-04-10T01:00:00+00:00",
        "import_log_id": "4b9cd323-a32b-4aef-975d-f1db8e0860be",
        "rating": 1,
        "status": "validated"
    },
    {
        "id": "3ff02aaa-26ce-4245-81e5-f64e4220b289",
        "station_id": "858eb8d4-e6fc-4b30-b370-4ad10e8034ab",
        "component_id": "88afd3d1-6da3-496a-ac81-669a47256d34",
        "value": 5.54,
        "timestamp_measured": "2019-04-10T02:00:00+00:00",
        "import_log_id": "4b9cd323-a32b-4aef-975d-f1db8e0860be",
        "rating": 1,
        "status": "validated"
    },
    {
        "id": "46c0f303-731a-454b-97b1-e64241ab9f0c",
        "station_id": "858eb8d4-e6fc-4b30-b370-4ad10e8034ab",
        "component_id": "88afd3d1-6da3-496a-ac81-669a47256d34",
        "value": 7.44,
        "timestamp_measured": "2019-04-10T03:00:00+00:00",
        "import_log_id": "4b9cd323-a32b-4aef-975d-f1db8e0860be",
        "rating": 1,
        "status": "validated"
    },
    {
        "id": "6cacc5b7-ae44-4bb3-aeaf-015b01a8c6e1",
        "station_id": "858eb8d4-e6fc-4b30-b370-4ad10e8034ab",
        "component_id": "88afd3d1-6da3-496a-ac81-669a47256d34",
        "value": 9.82,
        "timestamp_measured": "2019-04-10T04:00:00+00:00",
        "import_log_id": "4b9cd323-a32b-4aef-975d-f1db8e0860be",
        "rating": 1,
        "status": "validated"
    },
    {
        "id": "2fc8affe-63da-447e-a6d7-f4a0028fffd5",
        "station_id": "858eb8d4-e6fc-4b30-b370-4ad10e8034ab",
        "component_id": "88afd3d1-6da3-496a-ac81-669a47256d34",
        "value": 8.82,
        "timestamp_measured": "2019-04-10T05:00:00+00:00",
        "import_log_id": "4b9cd323-a32b-4aef-975d-f1db8e0860be",
        "rating": 1,
        "status": "validated"
    },
    {
        "id": "cb7c7be9-ff80-42e9-abf3-86c3ae1d3ceb",
        "station_id": "858eb8d4-e6fc-4b30-b370-4ad10e8034ab",
        "component_id": "88afd3d1-6da3-496a-ac81-669a47256d34",
        "value": 10.85,
        "timestamp_measured": "2019-04-10T06:00:00+00:00",
        "import_log_id": "4b9cd323-a32b-4aef-975d-f1db8e0860be",
        "rating": 2,
        "status": "validated"
    },
    {
        "id": "b084ca39-209e-4b6a-b8a6-8fcfa46f9330",
        "station_id": "858eb8d4-e6fc-4b30-b370-4ad10e8034ab",
        "component_id": "88afd3d1-6da3-496a-ac81-669a47256d34",
        "value": 9.73,
        "timestamp_measured": "2019-04-10T07:00:00+00:00",
        "import_log_id": "4b9cd323-a32b-4aef-975d-f1db8e0860be",
        "rating": 1,
        "status": "validated"
    },
    {
        "id": "d99740dd-0bff-461a-9939-f2535b7d120a",
        "station_id": "858eb8d4-e6fc-4b30-b370-4ad10e8034ab",
        "component_id": "88afd3d1-6da3-496a-ac81-669a47256d34",
        "value": 7.61,
        "timestamp_measured": "2019-04-10T08:00:00+00:00",
        "import_log_id": "4b9cd323-a32b-4aef-975d-f1db8e0860be",
        "rating": 1,
        "status": "validated"
    },
    {
        "id": "13d36525-f21c-4a26-ae11-e1ec1022b1c9",
        "station_id": "858eb8d4-e6fc-4b30-b370-4ad10e8034ab",
        "component_id": "88afd3d1-6da3-496a-ac81-669a47256d34",
        "value": 7.31,
        "timestamp_measured": "2019-04-10T09:00:00+00:00",
        "import_log_id": "4b9cd323-a32b-4aef-975d-f1db8e0860be",
        "rating": 1,
        "status": "validated"
    },
    {
        "id": "402faea3-a92d-40ff-8e28-16956900150d",
        "station_id": "858eb8d4-e6fc-4b30-b370-4ad10e8034ab",
        "component_id": "88afd3d1-6da3-496a-ac81-669a47256d34",
        "value": 6.39,
        "timestamp_measured": "2019-04-10T10:00:00+00:00",
        "import_log_id": "4b9cd323-a32b-4aef-975d-f1db8e0860be",
        "rating": 1,
        "status": "validated"
    },
    {
        "id": "b745ebb7-9ef4-4e2c-88be-56512a25a139",
        "station_id": "858eb8d4-e6fc-4b30-b370-4ad10e8034ab",
        "component_id": "88afd3d1-6da3-496a-ac81-669a47256d34",
        "value": 6.01,
        "timestamp_measured": "2019-04-10T11:00:00+00:00",
        "import_log_id": "4b9cd323-a32b-4aef-975d-f1db8e0860be",
        "rating": 1,
        "status": "validated"
    },
    {
        "id": "dc46bc93-40bd-4ebe-be19-6deb191e9bcb",
        "station_id": "858eb8d4-e6fc-4b30-b370-4ad10e8034ab",
        "component_id": "88afd3d1-6da3-496a-ac81-669a47256d34",
        "value": 5.14,
        "timestamp_measured": "2019-04-10T12:00:00+00:00",
        "import_log_id": "4b9cd323-a32b-4aef-975d-f1db8e0860be",
        "rating": 1,
        "status": "validated"
    },
    {
        "id": "670de418-1f0a-4700-a8a3-ef5c905c7cd1",
        "station_id": "858eb8d4-e6fc-4b30-b370-4ad10e8034ab",
        "component_id": "88afd3d1-6da3-496a-ac81-669a47256d34",
        "value": 4.72,
        "timestamp_measured": "2019-04-10T13:00:00+00:00",
        "import_log_id": "4b9cd323-a32b-4aef-975d-f1db8e0860be",
        "rating": 1,
        "status": "validated"
    },
    {
        "id": "a2bbfe97-1586-4bbc-ba79-0fee6ddcf2c0",
        "station_id": "858eb8d4-e6fc-4b30-b370-4ad10e8034ab",
        "component_id": "88afd3d1-6da3-496a-ac81-669a47256d34",
        "value": 5.66,
        "timestamp_measured": "2019-04-10T14:00:00+00:00",
        "import_log_id": "4b9cd323-a32b-4aef-975d-f1db8e0860be",
        "rating": 1,
        "status": "validated"
    },
    {
        "id": "6cbd5a46-4d1b-41a8-b1c1-26edf0c02b57",
        "station_id": "858eb8d4-e6fc-4b30-b370-4ad10e8034ab",
        "component_id": "88afd3d1-6da3-496a-ac81-669a47256d34",
        "value": 5.57,
        "timestamp_measured": "2019-04-10T15:00:00+00:00",
        "import_log_id": "4b9cd323-a32b-4aef-975d-f1db8e0860be",
        "rating": 1,
        "status": "validated"
    },
    {
        "id": "6623c1fa-8782-4c44-8623-2426902b24c5",
        "station_id": "858eb8d4-e6fc-4b30-b370-4ad10e8034ab",
        "component_id": "88afd3d1-6da3-496a-ac81-669a47256d34",
        "value": 5.47,
        "timestamp_measured": "2019-04-10T16:00:00+00:00",
        "import_log_id": "4b9cd323-a32b-4aef-975d-f1db8e0860be",
        "rating": 1,
        "status": "validated"
    },
    {
        "id": "600c0f8e-3a6b-422d-a6de-57057d3e62d0",
        "station_id": "858eb8d4-e6fc-4b30-b370-4ad10e8034ab",
        "component_id": "88afd3d1-6da3-496a-ac81-669a47256d34",
        "value": 6.29,
        "timestamp_measured": "2019-04-10T17:00:00+00:00",
        "import_log_id": "4b9cd323-a32b-4aef-975d-f1db8e0860be",
        "rating": 1,
        "status": "validated"
    },
    {
        "id": "06e278e7-663b-4c9f-ad69-7f32b6d49892",
        "station_id": "858eb8d4-e6fc-4b30-b370-4ad10e8034ab",
        "component_id": "88afd3d1-6da3-496a-ac81-669a47256d34",
        "value": 8.08,
        "timestamp_measured": "2019-04-10T18:00:00+00:00",
        "import_log_id": "4b9cd323-a32b-4aef-975d-f1db8e0860be",
        "rating": 1,
        "status": "validated"
    },
    {
        "id": "b369ffcf-945a-4528-91d4-fd44b9d1884a",
        "station_id": "858eb8d4-e6fc-4b30-b370-4ad10e8034ab",
        "component_id": "88afd3d1-6da3-496a-ac81-669a47256d34",
        "value": 9.86,
        "timestamp_measured": "2019-04-10T19:00:00+00:00",
        "import_log_id": "4b9cd323-a32b-4aef-975d-f1db8e0860be",
        "rating": 1,
        "status": "validated"
    },
    {
        "id": "15d28662-f248-4ec8-b312-c547e079630a",
        "station_id": "858eb8d4-e6fc-4b30-b370-4ad10e8034ab",
        "component_id": "88afd3d1-6da3-496a-ac81-669a47256d34",
        "value": 11.88,
        "timestamp_measured": "2019-04-10T20:00:00+00:00",
        "import_log_id": "4b9cd323-a32b-4aef-975d-f1db8e0860be",
        "rating": 2,
        "status": "validated"
    },
    {
        "id": "0672bae8-38d4-4b0d-82bd-84a79d76fd19",
        "station_id": "858eb8d4-e6fc-4b30-b370-4ad10e8034ab",
        "component_id": "88afd3d1-6da3-496a-ac81-669a47256d34",
        "value": 8.15,
        "timestamp_measured": "2019-04-10T21:00:00+00:00",
        "import_log_id": "4b9cd323-a32b-4aef-975d-f1db8e0860be",
        "rating": 1,
        "status": "validated"
    },
    {
        "id": "f80f784b-e0b8-452d-8b58-d57dd0f8dc50",
        "station_id": "858eb8d4-e6fc-4b30-b370-4ad10e8034ab",
        "component_id": "88afd3d1-6da3-496a-ac81-669a47256d34",
        "value": 7.65,
        "timestamp_measured": "2019-04-10T22:00:00+00:00",
        "import_log_id": "4b9cd323-a32b-4aef-975d-f1db8e0860be",
        "rating": 1,
        "status": "validated"
    },
    {
        "id": "9a5a84a7-feab-4125-9e29-e25083bf21f6",
        "station_id": "858eb8d4-e6fc-4b30-b370-4ad10e8034ab",
        "component_id": "88afd3d1-6da3-496a-ac81-669a47256d34",
        "value": 7.4,
        "timestamp_measured": "2019-04-10T23:00:00+00:00",
        "import_log_id": "4b9cd323-a32b-4aef-975d-f1db8e0860be",
        "rating": 1,
        "status": "validated"
    },
    {
        "id": "eb861e11-8c65-43fe-b73e-f3095a9c430f",
        "station_id": "858eb8d4-e6fc-4b30-b370-4ad10e8034ab",
        "component_id": "88afd3d1-6da3-496a-ac81-669a47256d34",
        "value": 6.95,
        "timestamp_measured": "2019-04-11T00:00:00+00:00",
        "import_log_id": "4b9cd323-a32b-4aef-975d-f1db8e0860be",
        "rating": 1,
        "status": "validated"
    },
    {
        "id": "0c15c58f-8e3c-4c74-b1d6-97a86ec71177",
        "station_id": "858eb8d4-e6fc-4b30-b370-4ad10e8034ab",
        "component_id": "88afd3d1-6da3-496a-ac81-669a47256d34",
        "value": 11.04,
        "timestamp_measured": "2019-04-11T01:00:00+00:00",
        "import_log_id": "4b9cd323-a32b-4aef-975d-f1db8e0860be",
        "rating": 2,
        "status": "validated"
    },
    {
        "id": "3bba3f57-d963-4c7b-8766-eacafe3a99ea",
        "station_id": "858eb8d4-e6fc-4b30-b370-4ad10e8034ab",
        "component_id": "88afd3d1-6da3-496a-ac81-669a47256d34",
        "value": 8.97,
        "timestamp_measured": "2019-04-11T02:00:00+00:00",
        "import_log_id": "4b9cd323-a32b-4aef-975d-f1db8e0860be",
        "rating": 1,
        "status": "validated"
    },
    {
        "id": "ad491959-7d6f-45ff-a8e9-530323873ebf",
        "station_id": "858eb8d4-e6fc-4b30-b370-4ad10e8034ab",
        "component_id": "88afd3d1-6da3-496a-ac81-669a47256d34",
        "value": 5.98,
        "timestamp_measured": "2019-04-11T03:00:00+00:00",
        "import_log_id": "4b9cd323-a32b-4aef-975d-f1db8e0860be",
        "rating": 1,
        "status": "validated"
    },
    {
        "id": "8a80f2ff-7b1f-4117-836c-6f4cbaf2c1e6",
        "station_id": "858eb8d4-e6fc-4b30-b370-4ad10e8034ab",
        "component_id": "88afd3d1-6da3-496a-ac81-669a47256d34",
        "value": 7.92,
        "timestamp_measured": "2019-04-11T04:00:00+00:00",
        "import_log_id": "4b9cd323-a32b-4aef-975d-f1db8e0860be",
        "rating": 1,
        "status": "validated"
    },
    {
        "id": "4c091ea7-8747-4dfa-869d-ef74d883d505",
        "station_id": "858eb8d4-e6fc-4b30-b370-4ad10e8034ab",
        "component_id": "88afd3d1-6da3-496a-ac81-669a47256d34",
        "value": 11.72,
        "timestamp_measured": "2019-04-11T05:00:00+00:00",
        "import_log_id": "4b9cd323-a32b-4aef-975d-f1db8e0860be",
        "rating": 2,
        "status": "validated"
    },
    {
        "id": "517de48f-2103-4c39-bdaf-889d935c1b6b",
        "station_id": "858eb8d4-e6fc-4b30-b370-4ad10e8034ab",
        "component_id": "88afd3d1-6da3-496a-ac81-669a47256d34",
        "value": 12.27,
        "timestamp_measured": "2019-04-11T06:00:00+00:00",
        "import_log_id": "4b9cd323-a32b-4aef-975d-f1db8e0860be",
        "rating": 2,
        "status": "validated"
    },
    {
        "id": "8f2f6700-3f26-446b-9806-a32d687c697c",
        "station_id": "858eb8d4-e6fc-4b30-b370-4ad10e8034ab",
        "component_id": "88afd3d1-6da3-496a-ac81-669a47256d34",
        "value": 10.61,
        "timestamp_measured": "2019-04-11T07:00:00+00:00",
        "import_log_id": "4b9cd323-a32b-4aef-975d-f1db8e0860be",
        "rating": 2,
        "status": "validated"
    },
    {
        "id": "c35407fe-77a9-459f-98f5-8655dbc47706",
        "station_id": "858eb8d4-e6fc-4b30-b370-4ad10e8034ab",
        "component_id": "88afd3d1-6da3-496a-ac81-669a47256d34",
        "value": 9.65,
        "timestamp_measured": "2019-04-11T08:00:00+00:00",
        "import_log_id": "4b9cd323-a32b-4aef-975d-f1db8e0860be",
        "rating": 1,
        "status": "validated"
    },
    {
        "id": "847523e3-0fc9-4c6d-8c94-94c5af710442",
        "station_id": "858eb8d4-e6fc-4b30-b370-4ad10e8034ab",
        "component_id": "88afd3d1-6da3-496a-ac81-669a47256d34",
        "value": 7.38,
        "timestamp_measured": "2019-04-11T09:00:00+00:00",
        "import_log_id": "4b9cd323-a32b-4aef-975d-f1db8e0860be",
        "rating": 1,
        "status": "validated"
    },
    {
        "id": "05f75776-76f2-406b-a6c7-6f5099c06742",
        "station_id": "858eb8d4-e6fc-4b30-b370-4ad10e8034ab",
        "component_id": "88afd3d1-6da3-496a-ac81-669a47256d34",
        "value": 5.32,
        "timestamp_measured": "2019-04-11T10:00:00+00:00",
        "import_log_id": "4b9cd323-a32b-4aef-975d-f1db8e0860be",
        "rating": 1,
        "status": "validated"
    },
    {
        "id": "812412b5-0908-4fd6-baf6-fbf94cd24ec7",
        "station_id": "858eb8d4-e6fc-4b30-b370-4ad10e8034ab",
        "component_id": "88afd3d1-6da3-496a-ac81-669a47256d34",
        "value": 5.07,
        "timestamp_measured": "2019-04-11T11:00:00+00:00",
        "import_log_id": "4b9cd323-a32b-4aef-975d-f1db8e0860be",
        "rating": 1,
        "status": "validated"
    },
    {
        "id": "ddff984a-b2bb-4f9e-bca8-c6bd9bc0d7ce",
        "station_id": "858eb8d4-e6fc-4b30-b370-4ad10e8034ab",
        "component_id": "88afd3d1-6da3-496a-ac81-669a47256d34",
        "value": 7.46,
        "timestamp_measured": "2019-04-11T12:00:00+00:00",
        "import_log_id": "4b9cd323-a32b-4aef-975d-f1db8e0860be",
        "rating": 1,
        "status": "validated"
    },
    {
        "id": "8d86a2b7-c56b-4ce0-8994-2ff6527264e3",
        "station_id": "858eb8d4-e6fc-4b30-b370-4ad10e8034ab",
        "component_id": "88afd3d1-6da3-496a-ac81-669a47256d34",
        "value": 5.73,
        "timestamp_measured": "2019-04-11T13:00:00+00:00",
        "import_log_id": "4b9cd323-a32b-4aef-975d-f1db8e0860be",
        "rating": 1,
        "status": "validated"
    },
    {
        "id": "83df8432-d984-4371-8c83-8e6dadc63fdf",
        "station_id": "858eb8d4-e6fc-4b30-b370-4ad10e8034ab",
        "component_id": "88afd3d1-6da3-496a-ac81-669a47256d34",
        "value": 9.31,
        "timestamp_measured": "2019-04-11T14:00:00+00:00",
        "import_log_id": "4b9cd323-a32b-4aef-975d-f1db8e0860be",
        "rating": 1,
        "status": "validated"
    },
    {
        "id": "aded9343-69b7-474a-ab4f-ea79b8a46b1e",
        "station_id": "858eb8d4-e6fc-4b30-b370-4ad10e8034ab",
        "component_id": "88afd3d1-6da3-496a-ac81-669a47256d34",
        "value": 8.47,
        "timestamp_measured": "2019-04-11T15:00:00+00:00",
        "import_log_id": "4b9cd323-a32b-4aef-975d-f1db8e0860be",
        "rating": 1,
        "status": "validated"
    },
    {
        "id": "3dc8a13c-0614-4e8c-893e-f494aa16fa94",
        "station_id": "858eb8d4-e6fc-4b30-b370-4ad10e8034ab",
        "component_id": "88afd3d1-6da3-496a-ac81-669a47256d34",
        "value": 11.79,
        "timestamp_measured": "2019-04-11T16:00:00+00:00",
        "import_log_id": "4b9cd323-a32b-4aef-975d-f1db8e0860be",
        "rating": 2,
        "status": "validated"
    },
    {
        "id": "ce63d947-7407-4be7-b252-aa041d904665",
        "station_id": "858eb8d4-e6fc-4b30-b370-4ad10e8034ab",
        "component_id": "88afd3d1-6da3-496a-ac81-669a47256d34",
        "value": 8.11,
        "timestamp_measured": "2019-04-11T17:00:00+00:00",
        "import_log_id": "4b9cd323-a32b-4aef-975d-f1db8e0860be",
        "rating": 1,
        "status": "validated"
    },
    {
        "id": "776c3d4a-95a5-4737-a306-1710159677ca",
        "station_id": "858eb8d4-e6fc-4b30-b370-4ad10e8034ab",
        "component_id": "88afd3d1-6da3-496a-ac81-669a47256d34",
        "value": 10.56,
        "timestamp_measured": "2019-04-11T18:00:00+00:00",
        "import_log_id": "4b9cd323-a32b-4aef-975d-f1db8e0860be",
        "rating": 2,
        "status": "validated"
    },
    {
        "id": "e32a00c7-c8c8-4df8-a82a-784838c788ea",
        "station_id": "858eb8d4-e6fc-4b30-b370-4ad10e8034ab",
        "component_id": "88afd3d1-6da3-496a-ac81-669a47256d34",
        "value": 10.31,
        "timestamp_measured": "2019-04-11T19:00:00+00:00",
        "import_log_id": "4b9cd323-a32b-4aef-975d-f1db8e0860be",
        "rating": 2,
        "status": "validated"
    },
    {
        "id": "2271b198-f5ce-40ba-b221-078c03cab790",
        "station_id": "858eb8d4-e6fc-4b30-b370-4ad10e8034ab",
        "component_id": "88afd3d1-6da3-496a-ac81-669a47256d34",
        "value": 11.72,
        "timestamp_measured": "2019-04-11T20:00:00+00:00",
        "import_log_id": "4b9cd323-a32b-4aef-975d-f1db8e0860be",
        "rating": 2,
        "status": "validated"
    },
    {
        "id": "13a4aab6-4119-4e04-909e-3ceeead400a3",
        "station_id": "858eb8d4-e6fc-4b30-b370-4ad10e8034ab",
        "component_id": "88afd3d1-6da3-496a-ac81-669a47256d34",
        "value": 9.85,
        "timestamp_measured": "2019-04-11T21:00:00+00:00",
        "import_log_id": "4b9cd323-a32b-4aef-975d-f1db8e0860be",
        "rating": 1,
        "status": "validated"
    },
    {
        "id": "0078a40a-ec56-424a-8828-c0118a57f0c6",
        "station_id": "858eb8d4-e6fc-4b30-b370-4ad10e8034ab",
        "component_id": "88afd3d1-6da3-496a-ac81-669a47256d34",
        "value": 10.71,
        "timestamp_measured": "2019-04-11T22:00:00+00:00",
        "import_log_id": "4b9cd323-a32b-4aef-975d-f1db8e0860be",
        "rating": 2,
        "status": "validated"
    },
    {
        "id": "4008cddd-5b0e-4f60-a674-d172d38db344",
        "station_id": "858eb8d4-e6fc-4b30-b370-4ad10e8034ab",
        "component_id": "88afd3d1-6da3-496a-ac81-669a47256d34",
        "value": 9.79,
        "timestamp_measured": "2019-04-11T23:00:00+00:00",
        "import_log_id": "4b9cd323-a32b-4aef-975d-f1db8e0860be",
        "rating": 1,
        "status": "validated"
    },
    {
        "id": "676ed083-1191-4ffe-8f11-b56e41c3e822",
        "station_id": "858eb8d4-e6fc-4b30-b370-4ad10e8034ab",
        "component_id": "88afd3d1-6da3-496a-ac81-669a47256d34",
        "value": 12.29,
        "timestamp_measured": "2019-04-12T00:00:00+00:00",
        "import_log_id": "4b9cd323-a32b-4aef-975d-f1db8e0860be",
        "rating": 2,
        "status": "validated"
    },
    {
        "id": "6feed341-e89a-4614-a1ea-d1da09541dbc",
        "station_id": "858eb8d4-e6fc-4b30-b370-4ad10e8034ab",
        "component_id": "88afd3d1-6da3-496a-ac81-669a47256d34",
        "value": 10.53,
        "timestamp_measured": "2019-04-12T01:00:00+00:00",
        "import_log_id": "4b9cd323-a32b-4aef-975d-f1db8e0860be",
        "rating": 2,
        "status": "validated"
    },
    {
        "id": "b19ba233-07d3-45d6-a6d9-fe601e3b67d0",
        "station_id": "858eb8d4-e6fc-4b30-b370-4ad10e8034ab",
        "component_id": "88afd3d1-6da3-496a-ac81-669a47256d34",
        "value": 8.54,
        "timestamp_measured": "2019-04-12T02:00:00+00:00",
        "import_log_id": "4b9cd323-a32b-4aef-975d-f1db8e0860be",
        "rating": 1,
        "status": "validated"
    },
    {
        "id": "df587095-3df2-44e0-b9ef-ee95f6ef2f3e",
        "station_id": "858eb8d4-e6fc-4b30-b370-4ad10e8034ab",
        "component_id": "88afd3d1-6da3-496a-ac81-669a47256d34",
        "value": 8.84,
        "timestamp_measured": "2019-04-12T03:00:00+00:00",
        "import_log_id": "4b9cd323-a32b-4aef-975d-f1db8e0860be",
        "rating": 1,
        "status": "validated"
    },
    {
        "id": "947ae527-011a-4b97-86a9-82b3da53ceb7",
        "station_id": "858eb8d4-e6fc-4b30-b370-4ad10e8034ab",
        "component_id": "88afd3d1-6da3-496a-ac81-669a47256d34",
        "value": 8.25,
        "timestamp_measured": "2019-04-12T04:00:00+00:00",
        "import_log_id": "4b9cd323-a32b-4aef-975d-f1db8e0860be",
        "rating": 1,
        "status": "validated"
    },
    {
        "id": "5857b5b8-c50c-42eb-9966-f943463dbede",
        "station_id": "858eb8d4-e6fc-4b30-b370-4ad10e8034ab",
        "component_id": "88afd3d1-6da3-496a-ac81-669a47256d34",
        "value": 15.85,
        "timestamp_measured": "2019-04-12T05:00:00+00:00",
        "import_log_id": "4b9cd323-a32b-4aef-975d-f1db8e0860be",
        "rating": 2,
        "status": "validated"
    },
    {
        "id": "9e15f5f9-65ab-44ff-9699-d5747522c925",
        "station_id": "858eb8d4-e6fc-4b30-b370-4ad10e8034ab",
        "component_id": "88afd3d1-6da3-496a-ac81-669a47256d34",
        "value": 19.44,
        "timestamp_measured": "2019-04-12T06:00:00+00:00",
        "import_log_id": "4b9cd323-a32b-4aef-975d-f1db8e0860be",
        "rating": 2,
        "status": "validated"
    },
    {
        "id": "5d5e7653-97de-4a13-bfc3-6fca2b33de1d",
        "station_id": "858eb8d4-e6fc-4b30-b370-4ad10e8034ab",
        "component_id": "88afd3d1-6da3-496a-ac81-669a47256d34",
        "value": 16.94,
        "timestamp_measured": "2019-04-12T07:00:00+00:00",
        "import_log_id": "4b9cd323-a32b-4aef-975d-f1db8e0860be",
        "rating": 2,
        "status": "validated"
    },
    {
        "id": "f7faad0a-9fde-4b59-9ed6-c738210fbdd1",
        "station_id": "858eb8d4-e6fc-4b30-b370-4ad10e8034ab",
        "component_id": "88afd3d1-6da3-496a-ac81-669a47256d34",
        "value": 9.36,
        "timestamp_measured": "2019-04-12T08:00:00+00:00",
        "import_log_id": "4b9cd323-a32b-4aef-975d-f1db8e0860be",
        "rating": 1,
        "status": "validated"
    },
    {
        "id": "ec8d7016-5db6-4d68-b410-c6d11f67ce12",
        "station_id": "858eb8d4-e6fc-4b30-b370-4ad10e8034ab",
        "component_id": "88afd3d1-6da3-496a-ac81-669a47256d34",
        "value": 6.47,
        "timestamp_measured": "2019-04-12T09:00:00+00:00",
        "import_log_id": "4b9cd323-a32b-4aef-975d-f1db8e0860be",
        "rating": 1,
        "status": "validated"
    },
    {
        "id": "20c31dd3-151c-48e6-97cf-48a52a985bec",
        "station_id": "858eb8d4-e6fc-4b30-b370-4ad10e8034ab",
        "component_id": "88afd3d1-6da3-496a-ac81-669a47256d34",
        "value": 6.93,
        "timestamp_measured": "2019-04-12T10:00:00+00:00",
        "import_log_id": "4b9cd323-a32b-4aef-975d-f1db8e0860be",
        "rating": 1,
        "status": "validated"
    },
    {
        "id": "a2a6ca03-4e7e-44bc-a54e-19a27f4992b8",
        "station_id": "858eb8d4-e6fc-4b30-b370-4ad10e8034ab",
        "component_id": "88afd3d1-6da3-496a-ac81-669a47256d34",
        "value": 5.0,
        "timestamp_measured": "2019-04-12T11:00:00+00:00",
        "import_log_id": "4b9cd323-a32b-4aef-975d-f1db8e0860be",
        "rating": 1,
        "status": "validated"
    },
    {
        "id": "d7392ade-0143-45f5-9064-347b258ab21e",
        "station_id": "858eb8d4-e6fc-4b30-b370-4ad10e8034ab",
        "component_id": "88afd3d1-6da3-496a-ac81-669a47256d34",
        "value": 6.65,
        "timestamp_measured": "2019-04-12T12:00:00+00:00",
        "import_log_id": "4b9cd323-a32b-4aef-975d-f1db8e0860be",
        "rating": 1,
        "status": "validated"
    },
    {
        "id": "9dcccd18-5eda-4535-9b7f-7a1f518c9fea",
        "station_id": "858eb8d4-e6fc-4b30-b370-4ad10e8034ab",
        "component_id": "88afd3d1-6da3-496a-ac81-669a47256d34",
        "value": 6.21,
        "timestamp_measured": "2019-04-12T13:00:00+00:00",
        "import_log_id": "4b9cd323-a32b-4aef-975d-f1db8e0860be",
        "rating": 1,
        "status": "validated"
    },
    {
        "id": "b1fc62e6-4528-4681-90d0-057fa947815e",
        "station_id": "858eb8d4-e6fc-4b30-b370-4ad10e8034ab",
        "component_id": "88afd3d1-6da3-496a-ac81-669a47256d34",
        "value": 6.0,
        "timestamp_measured": "2019-04-12T14:00:00+00:00",
        "import_log_id": "4b9cd323-a32b-4aef-975d-f1db8e0860be",
        "rating": 1,
        "status": "validated"
    },
    {
        "id": "a440eb53-8333-4ac2-aac1-1a4309c8eac6",
        "station_id": "858eb8d4-e6fc-4b30-b370-4ad10e8034ab",
        "component_id": "88afd3d1-6da3-496a-ac81-669a47256d34",
        "value": 6.73,
        "timestamp_measured": "2019-04-12T15:00:00+00:00",
        "import_log_id": "4b9cd323-a32b-4aef-975d-f1db8e0860be",
        "rating": 1,
        "status": "validated"
    },
    {
        "id": "186630c5-ed23-419a-b922-a8381c9a430a",
        "station_id": "858eb8d4-e6fc-4b30-b370-4ad10e8034ab",
        "component_id": "88afd3d1-6da3-496a-ac81-669a47256d34",
        "value": 7.05,
        "timestamp_measured": "2019-04-12T16:00:00+00:00",
        "import_log_id": "4b9cd323-a32b-4aef-975d-f1db8e0860be",
        "rating": 1,
        "status": "validated"
    },
    {
        "id": "3d8beebd-5ba6-458e-8339-735fd0920c73",
        "station_id": "858eb8d4-e6fc-4b30-b370-4ad10e8034ab",
        "component_id": "88afd3d1-6da3-496a-ac81-669a47256d34",
        "value": 8.64,
        "timestamp_measured": "2019-04-12T17:00:00+00:00",
        "import_log_id": "4b9cd323-a32b-4aef-975d-f1db8e0860be",
        "rating": 1,
        "status": "validated"
    },
    {
        "id": "6dcfcbc1-13bc-4c74-ab2a-429a525f5f60",
        "station_id": "858eb8d4-e6fc-4b30-b370-4ad10e8034ab",
        "component_id": "88afd3d1-6da3-496a-ac81-669a47256d34",
        "value": 10.28,
        "timestamp_measured": "2019-04-12T18:00:00+00:00",
        "import_log_id": "4b9cd323-a32b-4aef-975d-f1db8e0860be",
        "rating": 2,
        "status": "validated"
    },
    {
        "id": "bc404054-c59a-477c-be9c-fa917434c63f",
        "station_id": "858eb8d4-e6fc-4b30-b370-4ad10e8034ab",
        "component_id": "88afd3d1-6da3-496a-ac81-669a47256d34",
        "value": 13.09,
        "timestamp_measured": "2019-04-12T19:00:00+00:00",
        "import_log_id": "4b9cd323-a32b-4aef-975d-f1db8e0860be",
        "rating": 2,
        "status": "validated"
    },
    {
        "id": "1cda82a1-a59d-4479-8a9d-f27682351d64",
        "station_id": "858eb8d4-e6fc-4b30-b370-4ad10e8034ab",
        "component_id": "88afd3d1-6da3-496a-ac81-669a47256d34",
        "value": 11.58,
        "timestamp_measured": "2019-04-12T20:00:00+00:00",
        "import_log_id": "4b9cd323-a32b-4aef-975d-f1db8e0860be",
        "rating": 2,
        "status": "validated"
    },
    {
        "id": "c6252255-0cc2-4ac7-9f01-b3d71a9b93c0",
        "station_id": "858eb8d4-e6fc-4b30-b370-4ad10e8034ab",
        "component_id": "88afd3d1-6da3-496a-ac81-669a47256d34",
        "value": 15.12,
        "timestamp_measured": "2019-04-12T21:00:00+00:00",
        "import_log_id": "4b9cd323-a32b-4aef-975d-f1db8e0860be",
        "rating": 2,
        "status": "validated"
    },
    {
        "id": "f97c673a-6cfb-485c-8bc3-f0368e5c1be5",
        "station_id": "858eb8d4-e6fc-4b30-b370-4ad10e8034ab",
        "component_id": "88afd3d1-6da3-496a-ac81-669a47256d34",
        "value": 10.17,
        "timestamp_measured": "2019-04-12T22:00:00+00:00",
        "import_log_id": "4b9cd323-a32b-4aef-975d-f1db8e0860be",
        "rating": 2,
        "status": "validated"
    },
    {
        "id": "e4e896c4-15ff-40b2-9f83-51e484725ca2",
        "station_id": "858eb8d4-e6fc-4b30-b370-4ad10e8034ab",
        "component_id": "88afd3d1-6da3-496a-ac81-669a47256d34",
        "value": 17.26,
        "timestamp_measured": "2019-04-12T23:00:00+00:00",
        "import_log_id": "4b9cd323-a32b-4aef-975d-f1db8e0860be",
        "rating": 2,
        "status": "validated"
    },
    {
        "id": "3b01cb55-0e4b-417b-a085-6117f41b3b5f",
        "station_id": "858eb8d4-e6fc-4b30-b370-4ad10e8034ab",
        "component_id": "88afd3d1-6da3-496a-ac81-669a47256d34",
        "value": 19.89,
        "timestamp_measured": "2019-04-13T00:00:00+00:00",
        "import_log_id": "4b9cd323-a32b-4aef-975d-f1db8e0860be",
        "rating": 2,
        "status": "validated"
    },
    {
        "id": "67a0b822-95d9-4edb-8f96-d395c4f2330a",
        "station_id": "858eb8d4-e6fc-4b30-b370-4ad10e8034ab",
        "component_id": "88afd3d1-6da3-496a-ac81-669a47256d34",
        "value": 14.36,
        "timestamp_measured": "2019-04-13T01:00:00+00:00",
        "import_log_id": "4b9cd323-a32b-4aef-975d-f1db8e0860be",
        "rating": 2,
        "status": "validated"
    },
    {
        "id": "6995cd85-c894-44a0-9656-e27142fcf8f9",
        "station_id": "858eb8d4-e6fc-4b30-b370-4ad10e8034ab",
        "component_id": "88afd3d1-6da3-496a-ac81-669a47256d34",
        "value": 12.27,
        "timestamp_measured": "2019-04-13T02:00:00+00:00",
        "import_log_id": "4b9cd323-a32b-4aef-975d-f1db8e0860be",
        "rating": 2,
        "status": "validated"
    },
    {
        "id": "cb3403f4-1424-4685-ae14-721ed98e322e",
        "station_id": "858eb8d4-e6fc-4b30-b370-4ad10e8034ab",
        "component_id": "88afd3d1-6da3-496a-ac81-669a47256d34",
        "value": 9.62,
        "timestamp_measured": "2019-04-13T03:00:00+00:00",
        "import_log_id": "4b9cd323-a32b-4aef-975d-f1db8e0860be",
        "rating": 1,
        "status": "validated"
    },
    {
        "id": "3d085a20-340e-4b3e-a017-633102ac8c87",
        "station_id": "858eb8d4-e6fc-4b30-b370-4ad10e8034ab",
        "component_id": "88afd3d1-6da3-496a-ac81-669a47256d34",
        "value": 7.77,
        "timestamp_measured": "2019-04-13T04:00:00+00:00",
        "import_log_id": "4b9cd323-a32b-4aef-975d-f1db8e0860be",
        "rating": 1,
        "status": "validated"
    },
    {
        "id": "8ef692a5-8ce5-400a-b0af-f9545ae09865",
        "station_id": "858eb8d4-e6fc-4b30-b370-4ad10e8034ab",
        "component_id": "88afd3d1-6da3-496a-ac81-669a47256d34",
        "value": 9.89,
        "timestamp_measured": "2019-04-13T05:00:00+00:00",
        "import_log_id": "4b9cd323-a32b-4aef-975d-f1db8e0860be",
        "rating": 1,
        "status": "validated"
    },
    {
        "id": "3368807a-6592-44c4-bc62-7519a6340383",
        "station_id": "858eb8d4-e6fc-4b30-b370-4ad10e8034ab",
        "component_id": "88afd3d1-6da3-496a-ac81-669a47256d34",
        "value": 18.71,
        "timestamp_measured": "2019-04-13T06:00:00+00:00",
        "import_log_id": "4b9cd323-a32b-4aef-975d-f1db8e0860be",
        "rating": 2,
        "status": "validated"
    },
    {
        "id": "d78ff462-3475-4165-867e-1759089e990d",
        "station_id": "858eb8d4-e6fc-4b30-b370-4ad10e8034ab",
        "component_id": "88afd3d1-6da3-496a-ac81-669a47256d34",
        "value": 10.99,
        "timestamp_measured": "2019-04-13T07:00:00+00:00",
        "import_log_id": "4b9cd323-a32b-4aef-975d-f1db8e0860be",
        "rating": 2,
        "status": "validated"
    },
    {
        "id": "1efa55ce-8ca8-41cb-b700-f738c229a6ec",
        "station_id": "858eb8d4-e6fc-4b30-b370-4ad10e8034ab",
        "component_id": "88afd3d1-6da3-496a-ac81-669a47256d34",
        "value": 6.79,
        "timestamp_measured": "2019-04-13T08:00:00+00:00",
        "import_log_id": "4b9cd323-a32b-4aef-975d-f1db8e0860be",
        "rating": 1,
        "status": "validated"
    },
    {
        "id": "cf26dbc0-119c-4292-875a-166a26efa2c8",
        "station_id": "858eb8d4-e6fc-4b30-b370-4ad10e8034ab",
        "component_id": "88afd3d1-6da3-496a-ac81-669a47256d34",
        "value": 5.17,
        "timestamp_measured": "2019-04-13T09:00:00+00:00",
        "import_log_id": "4b9cd323-a32b-4aef-975d-f1db8e0860be",
        "rating": 1,
        "status": "validated"
    },
    {
        "id": "eade6a20-5d61-49cd-877f-feb32cfb0e7b",
        "station_id": "858eb8d4-e6fc-4b30-b370-4ad10e8034ab",
        "component_id": "88afd3d1-6da3-496a-ac81-669a47256d34",
        "value": 4.55,
        "timestamp_measured": "2019-04-13T10:00:00+00:00",
        "import_log_id": "4b9cd323-a32b-4aef-975d-f1db8e0860be",
        "rating": 1,
        "status": "validated"
    },
    {
        "id": "38c0873b-3c07-4f54-bbb9-57d8507f669c",
        "station_id": "858eb8d4-e6fc-4b30-b370-4ad10e8034ab",
        "component_id": "88afd3d1-6da3-496a-ac81-669a47256d34",
        "value": 4.84,
        "timestamp_measured": "2019-04-13T11:00:00+00:00",
        "import_log_id": "4b9cd323-a32b-4aef-975d-f1db8e0860be",
        "rating": 1,
        "status": "validated"
    },
    {
        "id": "0de900f1-9ac3-49e3-9927-044791939bd3",
        "station_id": "858eb8d4-e6fc-4b30-b370-4ad10e8034ab",
        "component_id": "88afd3d1-6da3-496a-ac81-669a47256d34",
        "value": 4.55,
        "timestamp_measured": "2019-04-13T12:00:00+00:00",
        "import_log_id": "4b9cd323-a32b-4aef-975d-f1db8e0860be",
        "rating": 1,
        "status": "validated"
    },
    {
        "id": "2b2f20c2-922b-44b6-87e6-52247cc4a2ff",
        "station_id": "858eb8d4-e6fc-4b30-b370-4ad10e8034ab",
        "component_id": "88afd3d1-6da3-496a-ac81-669a47256d34",
        "value": 4.58,
        "timestamp_measured": "2019-04-13T13:00:00+00:00",
        "import_log_id": "4b9cd323-a32b-4aef-975d-f1db8e0860be",
        "rating": 1,
        "status": "validated"
    },
    {
        "id": "7caa8d0c-f8bd-473f-b044-8da2953c9f16",
        "station_id": "858eb8d4-e6fc-4b30-b370-4ad10e8034ab",
        "component_id": "88afd3d1-6da3-496a-ac81-669a47256d34",
        "value": 4.8,
        "timestamp_measured": "2019-04-13T14:00:00+00:00",
        "import_log_id": "4b9cd323-a32b-4aef-975d-f1db8e0860be",
        "rating": 1,
        "status": "validated"
    },
    {
        "id": "2bc427e9-c331-4c40-82fc-974b9e4f8c73",
        "station_id": "858eb8d4-e6fc-4b30-b370-4ad10e8034ab",
        "component_id": "88afd3d1-6da3-496a-ac81-669a47256d34",
        "value": 7.26,
        "timestamp_measured": "2019-04-13T15:00:00+00:00",
        "import_log_id": "4b9cd323-a32b-4aef-975d-f1db8e0860be",
        "rating": 1,
        "status": "validated"
    },
    {
        "id": "de022f79-5fcb-468c-893e-3e09535ec4c9",
        "station_id": "858eb8d4-e6fc-4b30-b370-4ad10e8034ab",
        "component_id": "88afd3d1-6da3-496a-ac81-669a47256d34",
        "value": 5.16,
        "timestamp_measured": "2019-04-13T16:00:00+00:00",
        "import_log_id": "4b9cd323-a32b-4aef-975d-f1db8e0860be",
        "rating": 1,
        "status": "validated"
    },
    {
        "id": "bd9f4e95-59fc-4a8f-bbf9-c262e1ec95b2",
        "station_id": "858eb8d4-e6fc-4b30-b370-4ad10e8034ab",
        "component_id": "88afd3d1-6da3-496a-ac81-669a47256d34",
        "value": 5.37,
        "timestamp_measured": "2019-04-13T17:00:00+00:00",
        "import_log_id": "4b9cd323-a32b-4aef-975d-f1db8e0860be",
        "rating": 1,
        "status": "validated"
    },
    {
        "id": "408ca167-9a0d-4277-91bf-9aa970a9bd95",
        "station_id": "858eb8d4-e6fc-4b30-b370-4ad10e8034ab",
        "component_id": "88afd3d1-6da3-496a-ac81-669a47256d34",
        "value": 8.52,
        "timestamp_measured": "2019-04-13T18:00:00+00:00",
        "import_log_id": "4b9cd323-a32b-4aef-975d-f1db8e0860be",
        "rating": 1,
        "status": "validated"
    },
    {
        "id": "8ad93be7-d417-4cf8-8b9a-4b5cdfe21b8b",
        "station_id": "858eb8d4-e6fc-4b30-b370-4ad10e8034ab",
        "component_id": "88afd3d1-6da3-496a-ac81-669a47256d34",
        "value": 8.34,
        "timestamp_measured": "2019-04-13T19:00:00+00:00",
        "import_log_id": "4b9cd323-a32b-4aef-975d-f1db8e0860be",
        "rating": 1,
        "status": "validated"
    },
    {
        "id": "504e6b8c-76d3-43b3-bbe5-83beb564a712",
        "station_id": "858eb8d4-e6fc-4b30-b370-4ad10e8034ab",
        "component_id": "88afd3d1-6da3-496a-ac81-669a47256d34",
        "value": 8.98,
        "timestamp_measured": "2019-04-13T20:00:00+00:00",
        "import_log_id": "4b9cd323-a32b-4aef-975d-f1db8e0860be",
        "rating": 1,
        "status": "validated"
    },
    {
        "id": "c136ba65-2aed-4b7a-98f7-7e411f104ef9",
        "station_id": "858eb8d4-e6fc-4b30-b370-4ad10e8034ab",
        "component_id": "88afd3d1-6da3-496a-ac81-669a47256d34",
        "value": 10.07,
        "timestamp_measured": "2019-04-13T21:00:00+00:00",
        "import_log_id": "4b9cd323-a32b-4aef-975d-f1db8e0860be",
        "rating": 2,
        "status": "validated"
    },
    {
        "id": "233d9eb1-ba32-49b8-9701-a97ddd3817b9",
        "station_id": "858eb8d4-e6fc-4b30-b370-4ad10e8034ab",
        "component_id": "88afd3d1-6da3-496a-ac81-669a47256d34",
        "value": 9.09,
        "timestamp_measured": "2019-04-13T22:00:00+00:00",
        "import_log_id": "4b9cd323-a32b-4aef-975d-f1db8e0860be",
        "rating": 1,
        "status": "validated"
    },
    {
        "id": "4a17abb2-787d-4947-acc8-93b43b6c3a38",
        "station_id": "858eb8d4-e6fc-4b30-b370-4ad10e8034ab",
        "component_id": "88afd3d1-6da3-496a-ac81-669a47256d34",
        "value": 8.71,
        "timestamp_measured": "2019-04-13T23:00:00+00:00",
        "import_log_id": "4b9cd323-a32b-4aef-975d-f1db8e0860be",
        "rating": 1,
        "status": "validated"
    },
    {
        "id": "31a11164-ad91-429c-8e51-d14cd78da6f5",
        "station_id": "858eb8d4-e6fc-4b30-b370-4ad10e8034ab",
        "component_id": "88afd3d1-6da3-496a-ac81-669a47256d34",
        "value": 12.5,
        "timestamp_measured": "2019-04-14T00:00:00+00:00",
        "import_log_id": "4b9cd323-a32b-4aef-975d-f1db8e0860be",
        "rating": 2,
        "status": "validated"
    },
    {
        "id": "6e47bb86-dc31-4204-8114-b0e77932cc92",
        "station_id": "858eb8d4-e6fc-4b30-b370-4ad10e8034ab",
        "component_id": "88afd3d1-6da3-496a-ac81-669a47256d34",
        "value": 8.82,
        "timestamp_measured": "2019-04-14T01:00:00+00:00",
        "import_log_id": "4b9cd323-a32b-4aef-975d-f1db8e0860be",
        "rating": 1,
        "status": "validated"
    },
    {
        "id": "3f38e116-e60e-4d0b-b606-7a58b01b95df",
        "station_id": "858eb8d4-e6fc-4b30-b370-4ad10e8034ab",
        "component_id": "88afd3d1-6da3-496a-ac81-669a47256d34",
        "value": 7.84,
        "timestamp_measured": "2019-04-14T02:00:00+00:00",
        "import_log_id": "4b9cd323-a32b-4aef-975d-f1db8e0860be",
        "rating": 1,
        "status": "validated"
    },
    {
        "id": "91b3639f-835c-4555-8c47-22e5e2b049c6",
        "station_id": "858eb8d4-e6fc-4b30-b370-4ad10e8034ab",
        "component_id": "88afd3d1-6da3-496a-ac81-669a47256d34",
        "value": 8.86,
        "timestamp_measured": "2019-04-14T03:00:00+00:00",
        "import_log_id": "4b9cd323-a32b-4aef-975d-f1db8e0860be",
        "rating": 1,
        "status": "validated"
    },
    {
        "id": "d7ef1443-402d-49cd-82c0-bc7a9a34d3e4",
        "station_id": "858eb8d4-e6fc-4b30-b370-4ad10e8034ab",
        "component_id": "88afd3d1-6da3-496a-ac81-669a47256d34",
        "value": 19.97,
        "timestamp_measured": "2019-04-14T04:00:00+00:00",
        "import_log_id": "4b9cd323-a32b-4aef-975d-f1db8e0860be",
        "rating": 2,
        "status": "validated"
    },
    {
        "id": "1c079148-ad28-492f-9beb-ac6ea63804ee",
        "station_id": "858eb8d4-e6fc-4b30-b370-4ad10e8034ab",
        "component_id": "88afd3d1-6da3-496a-ac81-669a47256d34",
        "value": 9.96,
        "timestamp_measured": "2019-04-14T05:00:00+00:00",
        "import_log_id": "4b9cd323-a32b-4aef-975d-f1db8e0860be",
        "rating": 1,
        "status": "validated"
    },
    {
        "id": "2f463ae2-8eb7-475d-9b39-e015c0d27eb5",
        "station_id": "858eb8d4-e6fc-4b30-b370-4ad10e8034ab",
        "component_id": "88afd3d1-6da3-496a-ac81-669a47256d34",
        "value": 11.17,
        "timestamp_measured": "2019-04-14T06:00:00+00:00",
        "import_log_id": "4b9cd323-a32b-4aef-975d-f1db8e0860be",
        "rating": 2,
        "status": "validated"
    },
    {
        "id": "cf7dc8d0-7902-46f2-884c-f8858a764342",
        "station_id": "858eb8d4-e6fc-4b30-b370-4ad10e8034ab",
        "component_id": "88afd3d1-6da3-496a-ac81-669a47256d34",
        "value": 8.4,
        "timestamp_measured": "2019-04-14T07:00:00+00:00",
        "import_log_id": "4b9cd323-a32b-4aef-975d-f1db8e0860be",
        "rating": 1,
        "status": "validated"
    },
    {
        "id": "cd4531e2-42f7-4e1e-8f58-a7a731f73f0b",
        "station_id": "858eb8d4-e6fc-4b30-b370-4ad10e8034ab",
        "component_id": "88afd3d1-6da3-496a-ac81-669a47256d34",
        "value": 7.29,
        "timestamp_measured": "2019-04-14T08:00:00+00:00",
        "import_log_id": "4b9cd323-a32b-4aef-975d-f1db8e0860be",
        "rating": 1,
        "status": "validated"
    },
    {
        "id": "d0179136-8383-4e1a-ab61-f7818b45601e",
        "station_id": "858eb8d4-e6fc-4b30-b370-4ad10e8034ab",
        "component_id": "88afd3d1-6da3-496a-ac81-669a47256d34",
        "value": 6.81,
        "timestamp_measured": "2019-04-14T09:00:00+00:00",
        "import_log_id": "4b9cd323-a32b-4aef-975d-f1db8e0860be",
        "rating": 1,
        "status": "validated"
    },
    {
        "id": "fd33d1ad-13c1-4038-98b3-9a3ce2b48f48",
        "station_id": "858eb8d4-e6fc-4b30-b370-4ad10e8034ab",
        "component_id": "88afd3d1-6da3-496a-ac81-669a47256d34",
        "value": 5.68,
        "timestamp_measured": "2019-04-14T10:00:00+00:00",
        "import_log_id": "4b9cd323-a32b-4aef-975d-f1db8e0860be",
        "rating": 1,
        "status": "validated"
    },
    {
        "id": "4abd7fc1-3329-471e-b0a0-b71f830704f0",
        "station_id": "858eb8d4-e6fc-4b30-b370-4ad10e8034ab",
        "component_id": "88afd3d1-6da3-496a-ac81-669a47256d34",
        "value": 5.14,
        "timestamp_measured": "2019-04-14T11:00:00+00:00",
        "import_log_id": "4b9cd323-a32b-4aef-975d-f1db8e0860be",
        "rating": 1,
        "status": "validated"
    },
    {
        "id": "34e696ef-8a7d-46c6-b279-0fb68bbe04d8",
        "station_id": "858eb8d4-e6fc-4b30-b370-4ad10e8034ab",
        "component_id": "88afd3d1-6da3-496a-ac81-669a47256d34",
        "value": 4.65,
        "timestamp_measured": "2019-04-14T12:00:00+00:00",
        "import_log_id": "4b9cd323-a32b-4aef-975d-f1db8e0860be",
        "rating": 1,
        "status": "validated"
    },
    {
        "id": "b1aaeb93-b27c-4e0b-aaac-0fd291bd4493",
        "station_id": "858eb8d4-e6fc-4b30-b370-4ad10e8034ab",
        "component_id": "88afd3d1-6da3-496a-ac81-669a47256d34",
        "value": 4.1,
        "timestamp_measured": "2019-04-14T13:00:00+00:00",
        "import_log_id": "4b9cd323-a32b-4aef-975d-f1db8e0860be",
        "rating": 1,
        "status": "validated"
    },
    {
        "id": "7144de8d-9700-44e2-8e60-378554d14033",
        "station_id": "858eb8d4-e6fc-4b30-b370-4ad10e8034ab",
        "component_id": "88afd3d1-6da3-496a-ac81-669a47256d34",
        "value": 4.67,
        "timestamp_measured": "2019-04-14T14:00:00+00:00",
        "import_log_id": "4b9cd323-a32b-4aef-975d-f1db8e0860be",
        "rating": 1,
        "status": "validated"
    },
    {
        "id": "10db7a79-a35b-48f6-80a2-5d743a905df7",
        "station_id": "858eb8d4-e6fc-4b30-b370-4ad10e8034ab",
        "component_id": "88afd3d1-6da3-496a-ac81-669a47256d34",
        "value": 5.01,
        "timestamp_measured": "2019-04-14T15:00:00+00:00",
        "import_log_id": "4b9cd323-a32b-4aef-975d-f1db8e0860be",
        "rating": 1,
        "status": "validated"
    },
    {
        "id": "336a8f05-2cde-48bf-b130-67e388721a20",
        "station_id": "858eb8d4-e6fc-4b30-b370-4ad10e8034ab",
        "component_id": "88afd3d1-6da3-496a-ac81-669a47256d34",
        "value": 5.23,
        "timestamp_measured": "2019-04-14T16:00:00+00:00",
        "import_log_id": "4b9cd323-a32b-4aef-975d-f1db8e0860be",
        "rating": 1,
        "status": "validated"
    },
    {
        "id": "569853e8-c787-459f-86cd-2faa1c194d0c",
        "station_id": "858eb8d4-e6fc-4b30-b370-4ad10e8034ab",
        "component_id": "88afd3d1-6da3-496a-ac81-669a47256d34",
        "value": 6.66,
        "timestamp_measured": "2019-04-14T17:00:00+00:00",
        "import_log_id": "4b9cd323-a32b-4aef-975d-f1db8e0860be",
        "rating": 1,
        "status": "validated"
    },
    {
        "id": "35b5d993-7d94-42d3-b554-ce0143356677",
        "station_id": "858eb8d4-e6fc-4b30-b370-4ad10e8034ab",
        "component_id": "88afd3d1-6da3-496a-ac81-669a47256d34",
        "value": 6.23,
        "timestamp_measured": "2019-04-14T18:00:00+00:00",
        "import_log_id": "4b9cd323-a32b-4aef-975d-f1db8e0860be",
        "rating": 1,
        "status": "validated"
    },
    {
        "id": "7006bb8b-00d2-4b5b-a269-adb315bfa4d4",
        "station_id": "858eb8d4-e6fc-4b30-b370-4ad10e8034ab",
        "component_id": "88afd3d1-6da3-496a-ac81-669a47256d34",
        "value": 9.52,
        "timestamp_measured": "2019-04-14T19:00:00+00:00",
        "import_log_id": "4b9cd323-a32b-4aef-975d-f1db8e0860be",
        "rating": 1,
        "status": "validated"
    },
    {
        "id": "799c8831-910e-435c-ba4f-f678550969bf",
        "station_id": "858eb8d4-e6fc-4b30-b370-4ad10e8034ab",
        "component_id": "88afd3d1-6da3-496a-ac81-669a47256d34",
        "value": 9.37,
        "timestamp_measured": "2019-04-14T20:00:00+00:00",
        "import_log_id": "4b9cd323-a32b-4aef-975d-f1db8e0860be",
        "rating": 1,
        "status": "validated"
    },
    {
        "id": "fff61bd9-cfe4-4563-a489-0db198820b4f",
        "station_id": "858eb8d4-e6fc-4b30-b370-4ad10e8034ab",
        "component_id": "88afd3d1-6da3-496a-ac81-669a47256d34",
        "value": 10.51,
        "timestamp_measured": "2019-04-14T21:00:00+00:00",
        "import_log_id": "4b9cd323-a32b-4aef-975d-f1db8e0860be",
        "rating": 2,
        "status": "validated"
    },
    {
        "id": "04e0e83c-c753-4074-a5e9-104e53b4b6ce",
        "station_id": "858eb8d4-e6fc-4b30-b370-4ad10e8034ab",
        "component_id": "88afd3d1-6da3-496a-ac81-669a47256d34",
        "value": -999.0,
        "timestamp_measured": "2019-04-14T22:00:00+00:00",
        "import_log_id": "4b9cd323-a32b-4aef-975d-f1db8e0860be",
        "rating": -999,
        "status": "unvalidated"
    }
]