[
    {
        "id": "486ebbdc-f37b-40de-8bf6-0870663ca68f",
        "station_id": "9338fe63-383d-4e95-b7c3-c9eeeccee48c",
        "component_id": "88afd3d1-6da3-496a-ac81-669a47256d34",
        "value": 10.89,
        "timestamp_measured": "2019-04-14T22:00:00+00:00",
        "import_log_id": "412ac820-8b13-4330-84a5-fdf19e8f0cc8",
        "rating": 2,
        "status": "validated"
    },
    {
        "id": "ebdbb91c-1589-4698-95ee-d3860d210a23",
        "station_id": "9338fe63-383d-4e95-b7c3-c9eeeccee48c",
        "component_id": "88afd3d1-6da3-496a-ac81-669a47256d34",
        "value": 8.59,
        "timestamp_measured": "2019-04-14T23:00:00+00:00",
        "import_log_id": "412ac820-8b13-4330-84a5-fdf19e8f0cc8",
        "rating": 1,
        "status": "validated"
    },
    {
        "id": "955c4738-f6c2-4100-8357-540e85a8961b",
        "station_id": "9338fe63-383d-4e95-b7c3-c9eeeccee48c",
        "component_id": "88afd3d1-6da3-496a-ac81-669a47256d34",
        "value": 13.58,
        "timestamp_measured": "2019-04-15T00:00:00+00:00",
        "import_log_id": "412ac820-8b13-4330-84a5-fdf19e8f0cc8",
        "rating": 2,
        "status": "validated"
    },
    {
        "id": "e11bd870-7b3c-458f-80a9-e116a044b9c0",
        "station_id": "9338fe63-383d-4e95-b7c3-c9eeeccee48c",
        "component_id": "88afd3d1-6da3-496a-ac81-669a47256d34",
        "value": 13.35,
        "timestamp_measured": "2019-04-15T01:00:00+00:00",
        "import_log_id": "412ac820-8b13-4330-84a5-fdf19e8f0cc8",
        "rating": 2,
        "status": "validated"
    },
    {
        "id": "6f03c9be-554e-4fb5-8840-4feac960d9ee",
        "station_id": "9338fe63-383d-4e95-b7c3-c9eeeccee48c",
        "component_id": "88afd3d1-6da3-496a-ac81-669a47256d34",
        "value": 8.87,
        "timestamp_measured": "2019-04-15T02:00:00+00:00",
        "import_log_id": "412ac820-8b13-4330-84a5-fdf19e8f0cc8",
        "rating": 1,
        "status": "validated"
    },
    {
        "id": "6a81beda-bb09-4d09-b575-c73286ad39ee",
        "station_id": "9338fe63-383d-4e95-b7c3-c9eeeccee48c",
        "component_id": "88afd3d1-6da3-496a-ac81-669a47256d34",
        "value": 9.17,
        "timestamp_measured": "2019-04-15T03:00:00+00:00",
        "import_log_id": "412ac820-8b13-4330-84a5-fdf19e8f0cc8",
        "rating": 1,
        "status": "validated"
    },
    {
        "id": "badd9c4c-07ae-416c-98c6-032254a64492",
        "station_id": "9338fe63-383d-4e95-b7c3-c9eeeccee48c",
        "component_id": "88afd3d1-6da3-496a-ac81-669a47256d34",
        "value": 10.46,
        "timestamp_measured": "2019-04-15T04:00:00+00:00",
        "import_log_id": "412ac820-8b13-4330-84a5-fdf19e8f0cc8",
        "rating": 2,
        "status": "validated"
    },
    {
        "id": "68a94e8c-f4d8-4f91-91c2-4410021f818f",
        "station_id": "9338fe63-383d-4e95-b7c3-c9eeeccee48c",
        "component_id": "88afd3d1-6da3-496a-ac81-669a47256d34",
        "value": 15.59,
        "timestamp_measured": "2019-04-15T05:00:00+00:00",
        "import_log_id": "412ac820-8b13-4330-84a5-fdf19e8f0cc8",
        "rating": 2,
        "status": "validated"
    },
    {
        "id": "939aa72a-145e-4977-90f3-cb099eabed34",
        "station_id": "9338fe63-383d-4e95-b7c3-c9eeeccee48c",
        "component_id": "88afd3d1-6da3-496a-ac81-669a47256d34",
        "value": 17.36,
        "timestamp_measured": "2019-04-15T06:00:00+00:00",
        "import_log_id": "412ac820-8b13-4330-84a5-fdf19e8f0cc8",
        "rating": 2,
        "status": "validated"
    },
    {
        "id": "5175f2db-f6ce-4e60-9841-46f92f1087a6",
        "station_id": "9338fe63-383d-4e95-b7c3-c9eeeccee48c",
        "component_id": "88afd3d1-6da3-496a-ac81-669a47256d34",
        "value": 20.92,
        "timestamp_measured": "2019-04-15T07:00:00+00:00",
        "import_log_id": "412ac820-8b13-4330-84a5-fdf19e8f0cc8",
        "rating": 3,
        "status": "validated"
    },
    {
        "id": "3d954d5f-9576-4c4f-bb0e-855c541c12cf",
        "station_id": "9338fe63-383d-4e95-b7c3-c9eeeccee48c",
        "component_id": "88afd3d1-6da3-496a-ac81-669a47256d34",
        "value": 26.08,
        "timestamp_measured": "2019-04-15T08:00:00+00:00",
        "import_log_id": "412ac820-8b13-4330-84a5-fdf19e8f0cc8",
        "rating": 3,
        "status": "validated"
    },
    {
        "id": "c26cf672-d74c-43f0-93fd-4957ad3ead49",
        "station_id": "9338fe63-383d-4e95-b7c3-c9eeeccee48c",
        "component_id": "88afd3d1-6da3-496a-ac81-669a47256d34",
        "value": 20.53,
        "timestamp_measured": "2019-04-15T09:00:00+00:00",
        "import_log_id": "412ac820-8b13-4330-84a5-fdf19e8f0cc8",
        "rating": 3,
        "status": "validated"
    },
    {
        "id": "d3da0b6d-5612-42dd-957d-8766796a318c",
        "station_id": "9338fe63-383d-4e95-b7c3-c9eeeccee48c",
        "component_id": "88afd3d1-6da3-496a-ac81-669a47256d34",
        "value": 15.77,
        "timestamp_measured": "2019-04-15T10:00:00+00:00",
        "import_log_id": "412ac820-8b13-4330-84a5-fdf19e8f0cc8",
        "rating": 2,
        "status": "validated"
    },
    {
        "id": "ea34a324-ca94-48fa-81d8-2889a3cb4863",
        "station_id": "9338fe63-383d-4e95-b7c3-c9eeeccee48c",
        "component_id": "88afd3d1-6da3-496a-ac81-669a47256d34",
        "value": 21.85,
        "timestamp_measured": "2019-04-15T11:00:00+00:00",
        "import_log_id": "412ac820-8b13-4330-84a5-fdf19e8f0cc8",
        "rating": 3,
        "status": "validated"
    },
    {
        "id": "d7015ca9-66f0-4383-89c3-f87f37f00bb2",
        "station_id": "9338fe63-383d-4e95-b7c3-c9eeeccee48c",
        "component_id": "88afd3d1-6da3-496a-ac81-669a47256d34",
        "value": 22.53,
        "timestamp_measured": "2019-04-15T12:00:00+00:00",
        "import_log_id": "412ac820-8b13-4330-84a5-fdf19e8f0cc8",
        "rating": 3,
        "status": "validated"
    },
    {
        "id": "742bf7af-a4b2-4566-acb7-c9a179a24374",
        "station_id": "9338fe63-383d-4e95-b7c3-c9eeeccee48c",
        "component_id": "88afd3d1-6da3-496a-ac81-669a47256d34",
        "value": 21.99,
        "timestamp_measured": "2019-04-15T13:00:00+00:00",
        "import_log_id": "412ac820-8b13-4330-84a5-fdf19e8f0cc8",
        "rating": 3,
        "status": "validated"
    },
    {
        "id": "cc40757a-224c-400b-a082-b24076a518a5",
        "station_id": "9338fe63-383d-4e95-b7c3-c9eeeccee48c",
        "component_id": "88afd3d1-6da3-496a-ac81-669a47256d34",
        "value": 20.75,
        "timestamp_measured": "2019-04-15T14:00:00+00:00",
        "import_log_id": "412ac820-8b13-4330-84a5-fdf19e8f0cc8",
        "rating": 3,
        "status": "validated"
    },
    {
        "id": "1facac9e-c970-440a-9258-0f9b7a0e37bd",
        "station_id": "9338fe63-383d-4e95-b7c3-c9eeeccee48c",
        "component_id": "88afd3d1-6da3-496a-ac81-669a47256d34",
        "value": 16.29,
        "timestamp_measured": "2019-04-15T15:00:00+00:00",
        "import_log_id": "412ac820-8b13-4330-84a5-fdf19e8f0cc8",
        "rating": 2,
        "status": "validated"
    },
    {
        "id": "b7b18dd0-caed-4f54-b200-71b323e5cdfc",
        "station_id": "9338fe63-383d-4e95-b7c3-c9eeeccee48c",
        "component_id": "88afd3d1-6da3-496a-ac81-669a47256d34",
        "value": 16.03,
        "timestamp_measured": "2019-04-15T16:00:00+00:00",
        "import_log_id": "412ac820-8b13-4330-84a5-fdf19e8f0cc8",
        "rating": 2,
        "status": "validated"
    },
    {
        "id": "5979ea2a-2da4-4b89-82de-fadf79136961",
        "station_id": "9338fe63-383d-4e95-b7c3-c9eeeccee48c",
        "component_id": "88afd3d1-6da3-496a-ac81-669a47256d34",
        "value": 14.19,
        "timestamp_measured": "2019-04-15T17:00:00+00:00",
        "import_log_id": "412ac820-8b13-4330-84a5-fdf19e8f0cc8",
        "rating": 2,
        "status": "validated"
    },
    {
        "id": "0616327c-3d49-4ace-8b65-266ec2e37e8a",
        "station_id": "9338fe63-383d-4e95-b7c3-c9eeeccee48c",
        "component_id": "88afd3d1-6da3-496a-ac81-669a47256d34",
        "value": 17.48,
        "timestamp_measured": "2019-04-15T18:00:00+00:00",
        "import_log_id": "412ac820-8b13-4330-84a5-fdf19e8f0cc8",
        "rating": 2,
        "status": "validated"
    },
    {
        "id": "b92e7870-74ee-4aac-a012-a98f71779417",
        "station_id": "9338fe63-383d-4e95-b7c3-c9eeeccee48c",
        "component_id": "88afd3d1-6da3-496a-ac81-669a47256d34",
        "value": 18.54,
        "timestamp_measured": "2019-04-15T19:00:00+00:00",
        "import_log_id": "412ac820-8b13-4330-84a5-fdf19e8f0cc8",
        "rating": 2,
        "status": "validated"
    },
    {
        "id": "dfeb7866-85f0-41a7-9dab-e11891aa8da4",
        "station_id": "9338fe63-383d-4e95-b7c3-c9eeeccee48c",
        "component_id": "88afd3d1-6da3-496a-ac81-669a47256d34",
        "value": 14.68,
        "timestamp_measured": "2019-04-15T20:00:00+00:00",
        "import_log_id": "412ac820-8b13-4330-84a5-fdf19e8f0cc8",
        "rating": 2,
        "status": "validated"
    },
    {
        "id": "4ecafab3-013a-47db-bd27-0ac2a793fc7a",
        "station_id": "9338fe63-383d-4e95-b7c3-c9eeeccee48c",
        "component_id": "88afd3d1-6da3-496a-ac81-669a47256d34",
        "value": 15.08,
        "timestamp_measured": "2019-04-15T21:00:00+00:00",
        "import_log_id": "412ac820-8b13-4330-84a5-fdf19e8f0cc8",
        "rating": 2,
        "status": "validated"
    },
    {
        "id": "d5d802c5-799f-4740-a91e-def02332083c",
        "station_id": "9338fe63-383d-4e95-b7c3-c9eeeccee48c",
        "component_id": "88afd3d1-6da3-496a-ac81-669a47256d34",
        "value": 11.14,
        "timestamp_measured": "2019-04-15T22:00:00+00:00",
        "import_log_id": "412ac820-8b13-4330-84a5-fdf19e8f0cc8",
        "rating": 2,
        "status": "validated"
    },
    {
        "id": "241f475f-4d2a-4c11-9d03-1964911f4377",
        "station_id": "9338fe63-383d-4e95-b7c3-c9eeeccee48c",
        "component_id": "88afd3d1-6da3-496a-ac81-669a47256d34",
        "value": 8.75,
        "timestamp_measured": "2019-04-15T23:00:00+00:00",
        "import_log_id": "412ac820-8b13-4330-84a5-fdf19e8f0cc8",
        "rating": 1,
        "status": "validated"
    },
    {
        "id": "24261af0-fa5b-4552-a8ff-8af5f1934f19",
        "station_id": "9338fe63-383d-4e95-b7c3-c9eeeccee48c",
        "component_id": "88afd3d1-6da3-496a-ac81-669a47256d34",
        "value": 8.39,
        "timestamp_measured": "2019-04-16T00:00:00+00:00",
        "import_log_id": "412ac820-8b13-4330-84a5-fdf19e8f0cc8",
        "rating": 1,
        "status": "validated"
    },
    {
        "id": "e296d556-c05b-4df9-84eb-b5b32aa183c0",
        "station_id": "9338fe63-383d-4e95-b7c3-c9eeeccee48c",
        "component_id": "88afd3d1-6da3-496a-ac81-669a47256d34",
        "value": 8.15,
        "timestamp_measured": "2019-04-16T01:00:00+00:00",
        "import_log_id": "412ac820-8b13-4330-84a5-fdf19e8f0cc8",
        "rating": 1,
        "status": "validated"
    },
    {
        "id": "d9e9aa1f-b252-4b17-8548-a6ae22f81b2a",
        "station_id": "9338fe63-383d-4e95-b7c3-c9eeeccee48c",
        "component_id": "88afd3d1-6da3-496a-ac81-669a47256d34",
        "value": 7.49,
        "timestamp_measured": "2019-04-16T02:00:00+00:00",
        "import_log_id": "412ac820-8b13-4330-84a5-fdf19e8f0cc8",
        "rating": 1,
        "status": "validated"
    },
    {
        "id": "3911eecc-16f7-4189-a392-ae6085c5470d",
        "station_id": "9338fe63-383d-4e95-b7c3-c9eeeccee48c",
        "component_id": "88afd3d1-6da3-496a-ac81-669a47256d34",
        "value": 7.59,
        "timestamp_measured": "2019-04-16T03:00:00+00:00",
        "import_log_id": "412ac820-8b13-4330-84a5-fdf19e8f0cc8",
        "rating": 1,
        "status": "validated"
    },
    {
        "id": "1670d2e1-0884-4503-a474-f338066a1d4b",
        "station_id": "9338fe63-383d-4e95-b7c3-c9eeeccee48c",
        "component_id": "88afd3d1-6da3-496a-ac81-669a47256d34",
        "value": 7.64,
        "timestamp_measured": "2019-04-16T04:00:00+00:00",
        "import_log_id": "412ac820-8b13-4330-84a5-fdf19e8f0cc8",
        "rating": 1,
        "status": "validated"
    },
    {
        "id": "a7f78fa3-2246-41e9-8d1e-669c5af2ea97",
        "station_id": "9338fe63-383d-4e95-b7c3-c9eeeccee48c",
        "component_id": "88afd3d1-6da3-496a-ac81-669a47256d34",
        "value": 14.0,
        "timestamp_measured": "2019-04-16T05:00:00+00:00",
        "import_log_id": "412ac820-8b13-4330-84a5-fdf19e8f0cc8",
        "rating": 2,
        "status": "validated"
    },
    {
        "id": "1e1dd06a-6e15-4b56-82e2-009bfc689c1d",
        "station_id": "9338fe63-383d-4e95-b7c3-c9eeeccee48c",
        "component_id": "88afd3d1-6da3-496a-ac81-669a47256d34",
        "value": 19.95,
        "timestamp_measured": "2019-04-16T06:00:00+00:00",
        "import_log_id": "412ac820-8b13-4330-84a5-fdf19e8f0cc8",
        "rating": 2,
        "status": "validated"
    },
    {
        "id": "6b40c845-2c6c-49c5-bf10-c183aba38769",
        "station_id": "9338fe63-383d-4e95-b7c3-c9eeeccee48c",
        "component_id": "88afd3d1-6da3-496a-ac81-669a47256d34",
        "value": 19.25,
        "timestamp_measured": "2019-04-16T07:00:00+00:00",
        "import_log_id": "412ac820-8b13-4330-84a5-fdf19e8f0cc8",
        "rating": 2,
        "status": "validated"
    },
    {
        "id": "752affda-92f1-4a72-b59d-189de1935437",
        "station_id": "9338fe63-383d-4e95-b7c3-c9eeeccee48c",
        "component_id": "88afd3d1-6da3-496a-ac81-669a47256d34",
        "value": 20.25,
        "timestamp_measured": "2019-04-16T08:00:00+00:00",
        "import_log_id": "412ac820-8b13-4330-84a5-fdf19e8f0cc8",
        "rating": 3,
        "status": "validated"
    },
    {
        "id": "730a0b2b-92ee-4984-a36a-7a538cd38f5e",
        "station_id": "9338fe63-383d-4e95-b7c3-c9eeeccee48c",
        "component_id": "88afd3d1-6da3-496a-ac81-669a47256d34",
        "value": 28.26,
        "timestamp_measured": "2019-04-16T09:00:00+00:00",
        "import_log_id": "412ac820-8b13-4330-84a5-fdf19e8f0cc8",
        "rating": 3,
        "status": "validated"
    },
    {
        "id": "ccb082c8-ca33-4103-8943-71be7e6ce6d4",
        "station_id": "9338fe63-383d-4e95-b7c3-c9eeeccee48c",
        "component_id": "88afd3d1-6da3-496a-ac81-669a47256d34",
        "value": 23.34,
        "timestamp_measured": "2019-04-16T10:00:00+00:00",
        "import_log_id": "412ac820-8b13-4330-84a5-fdf19e8f0cc8",
        "rating": 3,
        "status": "validated"
    },
    {
        "id": "965c3cbb-0006-4803-97a2-96aaa59079b4",
        "station_id": "9338fe63-383d-4e95-b7c3-c9eeeccee48c",
        "component_id": "88afd3d1-6da3-496a-ac81-669a47256d34",
        "value": 20.56,
        "timestamp_measured": "2019-04-16T11:00:00+00:00",
        "import_log_id": "412ac820-8b13-4330-84a5-fdf19e8f0cc8",
        "rating": 3,
        "status": "validated"
    },
    {
        "id": "a9513fb9-d06a-4efb-b3fe-0e86dd33d6a6",
        "station_id": "9338fe63-383d-4e95-b7c3-c9eeeccee48c",
        "component_id": "88afd3d1-6da3-496a-ac81-669a47256d34",
        "value": 21.81,
        "timestamp_measured": "2019-04-16T12:00:00+00:00",
        "import_log_id": "412ac820-8b13-4330-84a5-fdf19e8f0cc8",
        "rating": 3,
        "status": "validated"
    },
    {
        "id": "b4fcf065-02b7-4f94-9ec5-00d8b2d4fba3",
        "station_id": "9338fe63-383d-4e95-b7c3-c9eeeccee48c",
        "component_id": "88afd3d1-6da3-496a-ac81-669a47256d34",
        "value": 21.45,
        "timestamp_measured": "2019-04-16T13:00:00+00:00",
        "import_log_id": "412ac820-8b13-4330-84a5-fdf19e8f0cc8",
        "rating": 3,
        "status": "validated"
    },
    {
        "id": "840fc671-0443-41e6-92e4-99181ff2f202",
        "station_id": "9338fe63-383d-4e95-b7c3-c9eeeccee48c",
        "component_id": "88afd3d1-6da3-496a-ac81-669a47256d34",
        "value": 22.33,
        "timestamp_measured": "2019-04-16T14:00:00+00:00",
        "import_log_id": "412ac820-8b13-4330-84a5-fdf19e8f0cc8",
        "rating": 3,
        "status": "validated"
    },
    {
        "id": "d08dfc1f-1aee-4f25-bfcd-b244ef1119fe",
        "station_id": "9338fe63-383d-4e95-b7c3-c9eeeccee48c",
        "component_id": "88afd3d1-6da3-496a-ac81-669a47256d34",
        "value": 17.15,
        "timestamp_measured": "2019-04-16T15:00:00+00:00",
        "import_log_id": "412ac820-8b13-4330-84a5-fdf19e8f0cc8",
        "rating": 2,
        "status": "validated"
    },
    {
        "id": "e7c1bb44-f7f8-47a2-9401-d0f9fb99583c",
        "station_id": "9338fe63-383d-4e95-b7c3-c9eeeccee48c",
        "component_id": "88afd3d1-6da3-496a-ac81-669a47256d34",
        "value": 17.2,
        "timestamp_measured": "2019-04-16T16:00:00+00:00",
        "import_log_id": "412ac820-8b13-4330-84a5-fdf19e8f0cc8",
        "rating": 2,
        "status": "validated"
    },
    {
        "id": "ec7c217b-682c-4aaf-97be-8fae39f796b9",
        "station_id": "9338fe63-383d-4e95-b7c3-c9eeeccee48c",
        "component_id": "88afd3d1-6da3-496a-ac81-669a47256d34",
        "value": 15.61,
        "timestamp_measured": "2019-04-16T17:00:00+00:00",
        "import_log_id": "412ac820-8b13-4330-84a5-fdf19e8f0cc8",
        "rating": 2,
        "status": "validated"
    },
    {
        "id": "4cff4153-9c7d-40ac-abfc-0e0369174604",
        "station_id": "9338fe63-383d-4e95-b7c3-c9eeeccee48c",
        "component_id": "88afd3d1-6da3-496a-ac81-669a47256d34",
        "value": 23.68,
        "timestamp_measured": "2019-04-16T18:00:00+00:00",
        "import_log_id": "412ac820-8b13-4330-84a5-fdf19e8f0cc8",
        "rating": 3,
        "status": "validated"
    },
    {
        "id": "e89a04ed-370f-4605-9d1a-d67855e5f0e5",
        "station_id": "9338fe63-383d-4e95-b7c3-c9eeeccee48c",
        "component_id": "88afd3d1-6da3-496a-ac81-669a47256d34",
        "value": 28.21,
        "timestamp_measured": "2019-04-16T19:00:00+00:00",
        "import_log_id": "412ac820-8b13-4330-84a5-fdf19e8f0cc8",
        "rating": 3,
        "status": "validated"
    },
    {
        "id": "ff7895e4-425c-4ff3-85e4-994e55726672",
        "station_id": "9338fe63-383d-4e95-b7c3-c9eeeccee48c",
        "component_id": "88afd3d1-6da3-496a-ac81-669a47256d34",
        "value": 22.71,
        "timestamp_measured": "2019-04-16T20:00:00+00:00",
        "import_log_id": "412ac820-8b13-4330-84a5-fdf19e8f0cc8",
        "rating": 3,
        "status": "validated"
    },
    {
        "id": "35f375e1-837b-48a4-ae4b-730f403aa4b5",
        "station_id": "9338fe63-383d-4e95-b7c3-c9eeeccee48c",
        "component_id": "88afd3d1-6da3-496a-ac81-669a47256d34",
        "value": 16.79,
        "timestamp_measured": "2019-04-16T21:00:00+00:00",
        "import_log_id": "412ac820-8b13-4330-84a5-fdf19e8f0cc8",
        "rating": 2,
        "status": "validated"
    },
    {
        "id": "6866c75a-ecc9-4213-8097-087ab1271910",
        "station_id": "9338fe63-383d-4e95-b7c3-c9eeeccee48c",
        "component_id": "88afd3d1-6da3-496a-ac81-669a47256d34",
        "value": 14.62,
        "timestamp_measured": "2019-04-16T22:00:00+00:00",
        "import_log_id": "412ac820-8b13-4330-84a5-fdf19e8f0cc8",
        "rating": 2,
        "status": "validated"
    },
    {
        "id": "45fda855-5c7e-4184-8a81-4132250139a5",
        "station_id": "9338fe63-383d-4e95-b7c3-c9eeeccee48c",
        "component_id": "88afd3d1-6da3-496a-ac81-669a47256d34",
        "value": 10.68,
        "timestamp_measured": "2019-04-16T23:00:00+00:00",
        "import_log_id": "412ac820-8b13-4330-84a5-fdf19e8f0cc8",
        "rating": 2,
        "status": "validated"
    },
    {
        "id": "070371d5-9ff3-4900-9ad3-f2ef2159d5d3",
        "station_id": "9338fe63-383d-4e95-b7c3-c9eeeccee48c",
        "component_id": "88afd3d1-6da3-496a-ac81-669a47256d34",
        "value": 11.42,
        "timestamp_measured": "2019-04-17T00:00:00+00:00",
        "import_log_id": "412ac820-8b13-4330-84a5-fdf19e8f0cc8",
        "rating": 2,
        "status": "validated"
    },
    {
        "id": "7bf1b71f-c6c0-42f6-a9a9-dc4b10fe1fe7",
        "station_id": "9338fe63-383d-4e95-b7c3-c9eeeccee48c",
        "component_id": "88afd3d1-6da3-496a-ac81-669a47256d34",
        "value": 13.06,
        "timestamp_measured": "2019-04-17T01:00:00+00:00",
        "import_log_id": "412ac820-8b13-4330-84a5-fdf19e8f0cc8",
        "rating": 2,
        "status": "validated"
    },
    {
        "id": "02557844-a7db-456c-9933-4433c31f7de8",
        "station_id": "9338fe63-383d-4e95-b7c3-c9eeeccee48c",
        "component_id": "88afd3d1-6da3-496a-ac81-669a47256d34",
        "value": 12.2,
        "timestamp_measured": "2019-04-17T02:00:00+00:00",
        "import_log_id": "412ac820-8b13-4330-84a5-fdf19e8f0cc8",
        "rating": 2,
        "status": "validated"
    },
    {
        "id": "d66b161f-903c-4e50-bd11-feaa0065f4f5",
        "station_id": "9338fe63-383d-4e95-b7c3-c9eeeccee48c",
        "component_id": "88afd3d1-6da3-496a-ac81-669a47256d34",
        "value": 13.28,
        "timestamp_measured": "2019-04-17T03:00:00+00:00",
        "import_log_id": "412ac820-8b13-4330-84a5-fdf19e8f0cc8",
        "rating": 2,
        "status": "validated"
    },
    {
        "id": "074200a7-abab-41db-9f20-0b331c45ac0a",
        "station_id": "9338fe63-383d-4e95-b7c3-c9eeeccee48c",
        "component_id": "88afd3d1-6da3-496a-ac81-669a47256d34",
        "value": 14.66,
        "timestamp_measured": "2019-04-17T04:00:00+00:00",
        "import_log_id": "412ac820-8b13-4330-84a5-fdf19e8f0cc8",
        "rating": 2,
        "status": "validated"
    },
    {
        "id": "b2690fdb-a8cb-42e2-9869-b27d524cc610",
        "station_id": "9338fe63-383d-4e95-b7c3-c9eeeccee48c",
        "component_id": "88afd3d1-6da3-496a-ac81-669a47256d34",
        "value": 38.67,
        "timestamp_measured": "2019-04-17T05:00:00+00:00",
        "import_log_id": "412ac820-8b13-4330-84a5-fdf19e8f0cc8",
        "rating": 4,
        "status": "validated"
    },
    {
        "id": "eae8e333-33d1-4695-9690-03b306bd9bd4",
        "station_id": "9338fe63-383d-4e95-b7c3-c9eeeccee48c",
        "component_id": "88afd3d1-6da3-496a-ac81-669a47256d34",
        "value": 63.71,
        "timestamp_measured": "2019-04-17T06:00:00+00:00",
        "import_log_id": "412ac820-8b13-4330-84a5-fdf19e8f0cc8",
        "rating": 6,
        "status": "validated"
    },
    {
        "id": "2930c7b3-f0c1-4436-bd91-6b4151936208",
        "station_id": "9338fe63-383d-4e95-b7c3-c9eeeccee48c",
        "component_id": "88afd3d1-6da3-496a-ac81-669a47256d34",
        "value": 47.59,
        "timestamp_measured": "2019-04-17T07:00:00+00:00",
        "import_log_id": "412ac820-8b13-4330-84a5-fdf19e8f0cc8",
        "rating": 5,
        "status": "validated"
    },
    {
        "id": "833564e0-6a97-4da0-846c-3e3325b20225",
        "station_id": "9338fe63-383d-4e95-b7c3-c9eeeccee48c",
        "component_id": "88afd3d1-6da3-496a-ac81-669a47256d34",
        "value": 34.52,
        "timestamp_measured": "2019-04-17T08:00:00+00:00",
        "import_log_id": "412ac820-8b13-4330-84a5-fdf19e8f0cc8",
        "rating": 4,
        "status": "validated"
    },
    {
        "id": "9a18a833-eec8-48a6-8b8a-b1f7ba13178c",
        "station_id": "9338fe63-383d-4e95-b7c3-c9eeeccee48c",
        "component_id": "88afd3d1-6da3-496a-ac81-669a47256d34",
        "value": 29.1,
        "timestamp_measured": "2019-04-17T09:00:00+00:00",
        "import_log_id": "412ac820-8b13-4330-84a5-fdf19e8f0cc8",
        "rating": 3,
        "status": "validated"
    },
    {
        "id": "9f4dcc5a-924e-43e3-a615-ba727f138d12",
        "station_id": "9338fe63-383d-4e95-b7c3-c9eeeccee48c",
        "component_id": "88afd3d1-6da3-496a-ac81-669a47256d34",
        "value": 33.53,
        "timestamp_measured": "2019-04-17T10:00:00+00:00",
        "import_log_id": "412ac820-8b13-4330-84a5-fdf19e8f0cc8",
        "rating": 4,
        "status": "validated"
    },
    {
        "id": "2d7f1d18-c55a-4c93-a497-8dc858fcd5b4",
        "station_id": "9338fe63-383d-4e95-b7c3-c9eeeccee48c",
        "component_id": "88afd3d1-6da3-496a-ac81-669a47256d34",
        "value": 26.58,
        "timestamp_measured": "2019-04-17T11:00:00+00:00",
        "import_log_id": "412ac820-8b13-4330-84a5-fdf19e8f0cc8",
        "rating": 3,
        "status": "validated"
    },
    {
        "id": "6e3b8a05-1d11-43da-bfd7-f4ac717044a9",
        "station_id": "9338fe63-383d-4e95-b7c3-c9eeeccee48c",
        "component_id": "88afd3d1-6da3-496a-ac81-669a47256d34",
        "value": 24.27,
        "timestamp_measured": "2019-04-17T12:00:00+00:00",
        "import_log_id": "412ac820-8b13-4330-84a5-fdf19e8f0cc8",
        "rating": 3,
        "status": "validated"
    },
    {
        "id": "bf3ceb1d-4a88-49b7-92f6-61a1abce2df3",
        "station_id": "9338fe63-383d-4e95-b7c3-c9eeeccee48c",
        "component_id": "88afd3d1-6da3-496a-ac81-669a47256d34",
        "value": 28.7,
        "timestamp_measured": "2019-04-17T13:00:00+00:00",
        "import_log_id": "412ac820-8b13-4330-84a5-fdf19e8f0cc8",
        "rating": 3,
        "status": "validated"
    },
    {
        "id": "e4c91aae-b58a-4604-baea-1be29d789feb",
        "station_id": "9338fe63-383d-4e95-b7c3-c9eeeccee48c",
        "component_id": "88afd3d1-6da3-496a-ac81-669a47256d34",
        "value": 29.91,
        "timestamp_measured": "2019-04-17T14:00:00+00:00",
        "import_log_id": "412ac820-8b13-4330-84a5-fdf19e8f0cc8",
        "rating": 3,
        "status": "validated"
    },
    {
        "id": "a41a497e-04b2-4e5a-94c0-8d5ad736f6c6",
        "station_id": "9338fe63-383d-4e95-b7c3-c9eeeccee48c",
        "component_id": "88afd3d1-6da3-496a-ac81-669a47256d34",
        "value": 19.96,
        "timestamp_measured": "2019-04-17T15:00:00+00:00",
        "import_log_id": "412ac820-8b13-4330-84a5-fdf19e8f0cc8",
        "rating": 2,
        "status": "validated"
    },
    {
        "id": "dea22c73-85a6-4b19-b048-7380f689850d",
        "station_id": "9338fe63-383d-4e95-b7c3-c9eeeccee48c",
        "component_id": "88afd3d1-6da3-496a-ac81-669a47256d34",
        "value": 20.04,
        "timestamp_measured": "2019-04-17T16:00:00+00:00",
        "import_log_id": "412ac820-8b13-4330-84a5-fdf19e8f0cc8",
        "rating": 3,
        "status": "validated"
    },
    {
        "id": "0acf676d-3812-4da4-9bd1-789801e805b5",
        "station_id": "9338fe63-383d-4e95-b7c3-c9eeeccee48c",
        "component_id": "88afd3d1-6da3-496a-ac81-669a47256d34",
        "value": 20.48,
        "timestamp_measured": "2019-04-17T17:00:00+00:00",
        "import_log_id": "412ac820-8b13-4330-84a5-fdf19e8f0cc8",
        "rating": 3,
        "status": "validated"
    },
    {
        "id": "2fbfbd13-c640-42c8-a935-c4475f460fe8",
        "station_id": "9338fe63-383d-4e95-b7c3-c9eeeccee48c",
        "component_id": "88afd3d1-6da3-496a-ac81-669a47256d34",
        "value": 20.08,
        "timestamp_measured": "2019-04-17T18:00:00+00:00",
        "import_log_id": "412ac820-8b13-4330-84a5-fdf19e8f0cc8",
        "rating": 3,
        "status": "validated"
    },
    {
        "id": "17b657a7-4992-4813-a7b9-7c81c5a9bf36",
        "station_id": "9338fe63-383d-4e95-b7c3-c9eeeccee48c",
        "component_id": "88afd3d1-6da3-496a-ac81-669a47256d34",
        "value": 26.06,
        "timestamp_measured": "2019-04-17T19:00:00+00:00",
        "import_log_id": "412ac820-8b13-4330-84a5-fdf19e8f0cc8",
        "rating": 3,
        "status": "validated"
    },
    {
        "id": "a4a7e1a3-c842-4d48-8139-be991c9baeda",
        "station_id": "9338fe63-383d-4e95-b7c3-c9eeeccee48c",
        "component_id": "88afd3d1-6da3-496a-ac81-669a47256d34",
        "value": 23.6,
        "timestamp_measured": "2019-04-17T20:00:00+00:00",
        "import_log_id": "412ac820-8b13-4330-84a5-fdf19e8f0cc8",
        "rating": 3,
        "status": "validated"
    },
    {
        "id": "1b489818-88f3-4da5-8f02-8805ef612390",
        "station_id": "9338fe63-383d-4e95-b7c3-c9eeeccee48c",
        "component_id": "88afd3d1-6da3-496a-ac81-669a47256d34",
        "value": 23.63,
        "timestamp_measured": "2019-04-17T21:00:00+00:00",
        "import_log_id": "412ac820-8b13-4330-84a5-fdf19e8f0cc8",
        "rating": 3,
        "status": "validated"
    },
    {
        "id": "08ff1968-3716-4680-83ea-42e23c0e4e19",
        "station_id": "9338fe63-383d-4e95-b7c3-c9eeeccee48c",
        "component_id": "88afd3d1-6da3-496a-ac81-669a47256d34",
        "value": 14.39,
        "timestamp_measured": "2019-04-17T22:00:00+00:00",
        "import_log_id": "412ac820-8b13-4330-84a5-fdf19e8f0cc8",
        "rating": 2,
        "status": "validated"
    },
    {
        "id": "2370727c-9a05-4ddd-8917-81e04477c055",
        "station_id": "9338fe63-383d-4e95-b7c3-c9eeeccee48c",
        "component_id": "88afd3d1-6da3-496a-ac81-669a47256d34",
        "value": 13.46,
        "timestamp_measured": "2019-04-17T23:00:00+00:00",
        "import_log_id": "412ac820-8b13-4330-84a5-fdf19e8f0cc8",
        "rating": 2,
        "status": "validated"
    },
    {
        "id": "12dcc4ef-d35d-4497-b8fd-7cf566a9e28d",
        "station_id": "9338fe63-383d-4e95-b7c3-c9eeeccee48c",
        "component_id": "88afd3d1-6da3-496a-ac81-669a47256d34",
        "value": 11.9,
        "timestamp_measured": "2019-04-18T00:00:00+00:00",
        "import_log_id": "412ac820-8b13-4330-84a5-fdf19e8f0cc8",
        "rating": 2,
        "status": "validated"
    },
    {
        "id": "d1f1f4fc-bf4e-4159-a624-999955accf4e",
        "station_id": "9338fe63-383d-4e95-b7c3-c9eeeccee48c",
        "component_id": "88afd3d1-6da3-496a-ac81-669a47256d34",
        "value": 11.23,
        "timestamp_measured": "2019-04-18T01:00:00+00:00",
        "import_log_id": "412ac820-8b13-4330-84a5-fdf19e8f0cc8",
        "rating": 2,
        "status": "validated"
    },
    {
        "id": "773b307e-5133-40d0-a9db-c8aae940f3bd",
        "station_id": "9338fe63-383d-4e95-b7c3-c9eeeccee48c",
        "component_id": "88afd3d1-6da3-496a-ac81-669a47256d34",
        "value": 10.33,
        "timestamp_measured": "2019-04-18T02:00:00+00:00",
        "import_log_id": "412ac820-8b13-4330-84a5-fdf19e8f0cc8",
        "rating": 2,
        "status": "validated"
    },
    {
        "id": "231391f6-ce04-408d-b40d-b58b5413a370",
        "station_id": "9338fe63-383d-4e95-b7c3-c9eeeccee48c",
        "component_id": "88afd3d1-6da3-496a-ac81-669a47256d34",
        "value": 12.01,
        "timestamp_measured": "2019-04-18T03:00:00+00:00",
        "import_log_id": "412ac820-8b13-4330-84a5-fdf19e8f0cc8",
        "rating": 2,
        "status": "validated"
    },
    {
        "id": "d4e56959-ed52-4945-90b5-f4ac5545c94e",
        "station_id": "9338fe63-383d-4e95-b7c3-c9eeeccee48c",
        "component_id": "88afd3d1-6da3-496a-ac81-669a47256d34",
        "value": 14.55,
        "timestamp_measured": "2019-04-18T04:00:00+00:00",
        "import_log_id": "412ac820-8b13-4330-84a5-fdf19e8f0cc8",
        "rating": 2,
        "status": "validated"
    },
    {
        "id": "c3a8e89b-fffc-4773-8014-883f93d0a966",
        "station_id": "9338fe63-383d-4e95-b7c3-c9eeeccee48c",
        "component_id": "88afd3d1-6da3-496a-ac81-669a47256d34",
        "value": 24.97,
        "timestamp_measured": "2019-04-18T05:00:00+00:00",
        "import_log_id": "412ac820-8b13-4330-84a5-fdf19e8f0cc8",
        "rating": 3,
        "status": "validated"
    },
    {
        "id": "6708d083-2a3b-4d26-8760-e12642cb3fc1",
        "station_id": "9338fe63-383d-4e95-b7c3-c9eeeccee48c",
        "component_id": "88afd3d1-6da3-496a-ac81-669a47256d34",
        "value": 33.98,
        "timestamp_measured": "2019-04-18T06:00:00+00:00",
        "import_log_id": "412ac820-8b13-4330-84a5-fdf19e8f0cc8",
        "rating": 4,
        "status": "validated"
    },
    {
        "id": "5d647dcd-f7bc-42cb-9912-2c6468ed0d4f",
        "station_id": "9338fe63-383d-4e95-b7c3-c9eeeccee48c",
        "component_id": "88afd3d1-6da3-496a-ac81-669a47256d34",
        "value": 29.18,
        "timestamp_measured": "2019-04-18T07:00:00+00:00",
        "import_log_id": "412ac820-8b13-4330-84a5-fdf19e8f0cc8",
        "rating": 3,
        "status": "validated"
    },
    {
        "id": "b16adc11-0547-4379-a475-c750a12628a5",
        "station_id": "9338fe63-383d-4e95-b7c3-c9eeeccee48c",
        "component_id": "88afd3d1-6da3-496a-ac81-669a47256d34",
        "value": 20.79,
        "timestamp_measured": "2019-04-18T08:00:00+00:00",
        "import_log_id": "412ac820-8b13-4330-84a5-fdf19e8f0cc8",
        "rating": 3,
        "status": "validated"
    },
    {
        "id": "74cc3f87-5e87-4370-b041-b00c51f17dde",
        "station_id": "9338fe63-383d-4e95-b7c3-c9eeeccee48c",
        "component_id": "88afd3d1-6da3-496a-ac81-669a47256d34",
        "value": 22.46,
        "timestamp_measured": "2019-04-18T09:00:00+00:00",
        "import_log_id": "412ac820-8b13-4330-84a5-fdf19e8f0cc8",
        "rating": 3,
        "status": "validated"
    },
    {
        "id": "3debd1c5-0ca0-49ee-8843-f516be0d05e8",
        "station_id": "9338fe63-383d-4e95-b7c3-c9eeeccee48c",
        "component_id": "88afd3d1-6da3-496a-ac81-669a47256d34",
        "value": 26.26,
        "timestamp_measured": "2019-04-18T10:00:00+00:00",
        "import_log_id": "412ac820-8b13-4330-84a5-fdf19e8f0cc8",
        "rating": 3,
        "status": "validated"
    },
    {
        "id": "e4d35da5-65f2-4d44-86ec-3b37f4a791aa",
        "station_id": "9338fe63-383d-4e95-b7c3-c9eeeccee48c",
        "component_id": "88afd3d1-6da3-496a-ac81-669a47256d34",
        "value": 24.66,
        "timestamp_measured": "2019-04-18T11:00:00+00:00",
        "import_log_id": "412ac820-8b13-4330-84a5-fdf19e8f0cc8",
        "rating": 3,
        "status": "validated"
    },
    {
        "id": "6012d79d-28a8-475d-89bd-906690fb41df",
        "station_id": "9338fe63-383d-4e95-b7c3-c9eeeccee48c",
        "component_id": "88afd3d1-6da3-496a-ac81-669a47256d34",
        "value": 25.16,
        "timestamp_measured": "2019-04-18T12:00:00+00:00",
        "import_log_id": "412ac820-8b13-4330-84a5-fdf19e8f0cc8",
        "rating": 3,
        "status": "validated"
    },
    {
        "id": "0fe3a0a2-4d6f-48e9-a58b-e224bcbda404",
        "station_id": "9338fe63-383d-4e95-b7c3-c9eeeccee48c",
        "component_id": "88afd3d1-6da3-496a-ac81-669a47256d34",
        "value": 22.01,
        "timestamp_measured": "2019-04-18T13:00:00+00:00",
        "import_log_id": "412ac820-8b13-4330-84a5-fdf19e8f0cc8",
        "rating": 3,
        "status": "validated"
    },
    {
        "id": "5df6764d-b276-4a5c-8bd7-1835faa5039f",
        "station_id": "9338fe63-383d-4e95-b7c3-c9eeeccee48c",
        "component_id": "88afd3d1-6da3-496a-ac81-669a47256d34",
        "value": 24.44,
        "timestamp_measured": "2019-04-18T14:00:00+00:00",
        "import_log_id": "412ac820-8b13-4330-84a5-fdf19e8f0cc8",
        "rating": 3,
        "status": "validated"
    },
    {
        "id": "abf4644f-713d-4418-a0be-0f85a6844925",
        "station_id": "9338fe63-383d-4e95-b7c3-c9eeeccee48c",
        "component_id": "88afd3d1-6da3-496a-ac81-669a47256d34",
        "value": 18.51,
        "timestamp_measured": "2019-04-18T15:00:00+00:00",
        "import_log_id": "412ac820-8b13-4330-84a5-fdf19e8f0cc8",
        "rating": 2,
        "status": "validated"
    },
    {
        "id": "6f08488e-94b7-45ca-8675-9c1d87c8ae94",
        "station_id": "9338fe63-383d-4e95-b7c3-c9eeeccee48c",
        "component_id": "88afd3d1-6da3-496a-ac81-669a47256d34",
        "value": 20.43,
        "timestamp_measured": "2019-04-18T16:00:00+00:00",
        "import_log_id": "412ac820-8b13-4330-84a5-fdf19e8f0cc8",
        "rating": 3,
        "status": "validated"
    },
    {
        "id": "c24af595-8081-49f4-92e2-77105c77e318",
        "station_id": "9338fe63-383d-4e95-b7c3-c9eeeccee48c",
        "component_id": "88afd3d1-6da3-496a-ac81-669a47256d34",
        "value": 18.51,
        "timestamp_measured": "2019-04-18T17:00:00+00:00",
        "import_log_id": "412ac820-8b13-4330-84a5-fdf19e8f0cc8",
        "rating": 2,
        "status": "validated"
    },
    {
        "id": "cab6e42c-39ea-4274-8786-974785e1ca04",
        "station_id": "9338fe63-383d-4e95-b7c3-c9eeeccee48c",
        "component_id": "88afd3d1-6da3-496a-ac81-669a47256d34",
        "value": 21.5,
        "timestamp_measured": "2019-04-18T18:00:00+00:00",
        "import_log_id": "412ac820-8b13-4330-84a5-fdf19e8f0cc8",
        "rating": 3,
        "status": "validated"
    },
    {
        "id": "32bcf822-3ee4-47fa-9b22-f08efe02b665",
        "station_id": "9338fe63-383d-4e95-b7c3-c9eeeccee48c",
        "component_id": "88afd3d1-6da3-496a-ac81-669a47256d34",
        "value": 33.44,
        "timestamp_measured": "2019-04-18T19:00:00+00:00",
        "import_log_id": "412ac820-8b13-4330-84a5-fdf19e8f0cc8",
        "rating": 4,
        "status": "validated"
    },
    {
        "id": "254f3de3-1445-4d34-ad37-76f27c5c6914",
        "station_id": "9338fe63-383d-4e95-b7c3-c9eeeccee48c",
        "component_id": "88afd3d1-6da3-496a-ac81-669a47256d34",
        "value": 27.64,
        "timestamp_measured": "2019-04-18T20:00:00+00:00",
        "import_log_id": "412ac820-8b13-4330-84a5-fdf19e8f0cc8",
        "rating": 3,
        "status": "validated"
    },
    {
        "id": "65ca7f18-baec-49b9-985f-df0b8da627b4",
        "station_id": "9338fe63-383d-4e95-b7c3-c9eeeccee48c",
        "component_id": "88afd3d1-6da3-496a-ac81-669a47256d34",
        "value": 32.27,
        "timestamp_measured": "2019-04-18T21:00:00+00:00",
        "import_log_id": "412ac820-8b13-4330-84a5-fdf19e8f0cc8",
        "rating": 4,
        "status": "validated"
    },
    {
        "id": "e7241f94-0f69-4050-b04c-3b98e13c8c5d",
        "station_id": "9338fe63-383d-4e95-b7c3-c9eeeccee48c",
        "component_id": "88afd3d1-6da3-496a-ac81-669a47256d34",
        "value": 23.58,
        "timestamp_measured": "2019-04-18T22:00:00+00:00",
        "import_log_id": "412ac820-8b13-4330-84a5-fdf19e8f0cc8",
        "rating": 3,
        "status": "validated"
    },
    {
        "id": "bd7c8ff2-67f6-44de-b0f2-f7c60a48c9a2",
        "station_id": "9338fe63-383d-4e95-b7c3-c9eeeccee48c",
        "component_id": "88afd3d1-6da3-496a-ac81-669a47256d34",
        "value": 15.2,
        "timestamp_measured": "2019-04-18T23:00:00+00:00",
        "import_log_id": "412ac820-8b13-4330-84a5-fdf19e8f0cc8",
        "rating": 2,
        "status": "validated"
    },
    {
        "id": "f9ac28ed-bd73-41e3-8d34-c74225a0e772",
        "station_id": "9338fe63-383d-4e95-b7c3-c9eeeccee48c",
        "component_id": "88afd3d1-6da3-496a-ac81-669a47256d34",
        "value": 11.37,
        "timestamp_measured": "2019-04-19T00:00:00+00:00",
        "import_log_id": "412ac820-8b13-4330-84a5-fdf19e8f0cc8",
        "rating": 2,
        "status": "validated"
    },
    {
        "id": "536a5434-ecf7-47fd-8174-9e5da6714b97",
        "station_id": "9338fe63-383d-4e95-b7c3-c9eeeccee48c",
        "component_id": "88afd3d1-6da3-496a-ac81-669a47256d34",
        "value": 13.02,
        "timestamp_measured": "2019-04-19T01:00:00+00:00",
        "import_log_id": "412ac820-8b13-4330-84a5-fdf19e8f0cc8",
        "rating": 2,
        "status": "validated"
    },
    {
        "id": "df092026-84e7-47bf-b8f7-36c79712b1c5",
        "station_id": "9338fe63-383d-4e95-b7c3-c9eeeccee48c",
        "component_id": "88afd3d1-6da3-496a-ac81-669a47256d34",
        "value": 11.66,
        "timestamp_measured": "2019-04-19T02:00:00+00:00",
        "import_log_id": "412ac820-8b13-4330-84a5-fdf19e8f0cc8",
        "rating": 2,
        "status": "validated"
    },
    {
        "id": "f817450c-f9cf-4e3e-8214-d005536b40d2",
        "station_id": "9338fe63-383d-4e95-b7c3-c9eeeccee48c",
        "component_id": "88afd3d1-6da3-496a-ac81-669a47256d34",
        "value": 11.56,
        "timestamp_measured": "2019-04-19T03:00:00+00:00",
        "import_log_id": "412ac820-8b13-4330-84a5-fdf19e8f0cc8",
        "rating": 2,
        "status": "validated"
    },
    {
        "id": "760c1239-c218-4dc5-a28a-7258e7414b65",
        "station_id": "9338fe63-383d-4e95-b7c3-c9eeeccee48c",
        "component_id": "88afd3d1-6da3-496a-ac81-669a47256d34",
        "value": 16.71,
        "timestamp_measured": "2019-04-19T04:00:00+00:00",
        "import_log_id": "412ac820-8b13-4330-84a5-fdf19e8f0cc8",
        "rating": 2,
        "status": "validated"
    },
    {
        "id": "f6aa5db7-1dfb-41c5-bc5c-c3161e50bbe2",
        "station_id": "9338fe63-383d-4e95-b7c3-c9eeeccee48c",
        "component_id": "88afd3d1-6da3-496a-ac81-669a47256d34",
        "value": 32.37,
        "timestamp_measured": "2019-04-19T05:00:00+00:00",
        "import_log_id": "412ac820-8b13-4330-84a5-fdf19e8f0cc8",
        "rating": 4,
        "status": "validated"
    },
    {
        "id": "7991b1b3-f446-4dd2-bb2b-5fb901058aad",
        "station_id": "9338fe63-383d-4e95-b7c3-c9eeeccee48c",
        "component_id": "88afd3d1-6da3-496a-ac81-669a47256d34",
        "value": 48.01,
        "timestamp_measured": "2019-04-19T06:00:00+00:00",
        "import_log_id": "412ac820-8b13-4330-84a5-fdf19e8f0cc8",
        "rating": 5,
        "status": "validated"
    },
    {
        "id": "f33a5753-c377-446b-9fc2-5da8236b8adf",
        "station_id": "9338fe63-383d-4e95-b7c3-c9eeeccee48c",
        "component_id": "88afd3d1-6da3-496a-ac81-669a47256d34",
        "value": 39.43,
        "timestamp_measured": "2019-04-19T07:00:00+00:00",
        "import_log_id": "412ac820-8b13-4330-84a5-fdf19e8f0cc8",
        "rating": 4,
        "status": "validated"
    },
    {
        "id": "3cf08c17-7e22-4f83-b38f-81794715268c",
        "station_id": "9338fe63-383d-4e95-b7c3-c9eeeccee48c",
        "component_id": "88afd3d1-6da3-496a-ac81-669a47256d34",
        "value": 25.73,
        "timestamp_measured": "2019-04-19T08:00:00+00:00",
        "import_log_id": "412ac820-8b13-4330-84a5-fdf19e8f0cc8",
        "rating": 3,
        "status": "validated"
    },
    {
        "id": "e9f246e6-dcda-4579-a68e-faf677f7fcc6",
        "station_id": "9338fe63-383d-4e95-b7c3-c9eeeccee48c",
        "component_id": "88afd3d1-6da3-496a-ac81-669a47256d34",
        "value": 38.86,
        "timestamp_measured": "2019-04-19T09:00:00+00:00",
        "import_log_id": "412ac820-8b13-4330-84a5-fdf19e8f0cc8",
        "rating": 4,
        "status": "validated"
    },
    {
        "id": "4c54e384-e027-4aa4-a06c-ef4afde57e5a",
        "station_id": "9338fe63-383d-4e95-b7c3-c9eeeccee48c",
        "component_id": "88afd3d1-6da3-496a-ac81-669a47256d34",
        "value": 41.93,
        "timestamp_measured": "2019-04-19T10:00:00+00:00",
        "import_log_id": "412ac820-8b13-4330-84a5-fdf19e8f0cc8",
        "rating": 4,
        "status": "validated"
    },
    {
        "id": "0633b185-e243-4502-a0fd-386f9db26338",
        "station_id": "9338fe63-383d-4e95-b7c3-c9eeeccee48c",
        "component_id": "88afd3d1-6da3-496a-ac81-669a47256d34",
        "value": 34.3,
        "timestamp_measured": "2019-04-19T11:00:00+00:00",
        "import_log_id": "412ac820-8b13-4330-84a5-fdf19e8f0cc8",
        "rating": 4,
        "status": "validated"
    },
    {
        "id": "1eef948c-dc3e-464f-8979-304400370417",
        "station_id": "9338fe63-383d-4e95-b7c3-c9eeeccee48c",
        "component_id": "88afd3d1-6da3-496a-ac81-669a47256d34",
        "value": 35.61,
        "timestamp_measured": "2019-04-19T12:00:00+00:00",
        "import_log_id": "412ac820-8b13-4330-84a5-fdf19e8f0cc8",
        "rating": 4,
        "status": "validated"
    },
    {
        "id": "caaf3a1f-7e35-4cc3-8082-4d247d35d68b",
        "station_id": "9338fe63-383d-4e95-b7c3-c9eeeccee48c",
        "component_id": "88afd3d1-6da3-496a-ac81-669a47256d34",
        "value": 30.14,
        "timestamp_measured": "2019-04-19T13:00:00+00:00",
        "import_log_id": "412ac820-8b13-4330-84a5-fdf19e8f0cc8",
        "rating": 4,
        "status": "validated"
    },
    {
        "id": "12fd74a6-2b0d-4a94-a513-0a8c86628771",
        "station_id": "9338fe63-383d-4e95-b7c3-c9eeeccee48c",
        "component_id": "88afd3d1-6da3-496a-ac81-669a47256d34",
        "value": 28.78,
        "timestamp_measured": "2019-04-19T14:00:00+00:00",
        "import_log_id": "412ac820-8b13-4330-84a5-fdf19e8f0cc8",
        "rating": 3,
        "status": "validated"
    },
    {
        "id": "9effca06-30a4-4208-9535-c899123b5df5",
        "station_id": "9338fe63-383d-4e95-b7c3-c9eeeccee48c",
        "component_id": "88afd3d1-6da3-496a-ac81-669a47256d34",
        "value": 28.49,
        "timestamp_measured": "2019-04-19T15:00:00+00:00",
        "import_log_id": "412ac820-8b13-4330-84a5-fdf19e8f0cc8",
        "rating": 3,
        "status": "validated"
    },
    {
        "id": "1d7e3035-6e9d-4645-b104-02b06b9cd32f",
        "station_id": "9338fe63-383d-4e95-b7c3-c9eeeccee48c",
        "component_id": "88afd3d1-6da3-496a-ac81-669a47256d34",
        "value": 28.58,
        "timestamp_measured": "2019-04-19T16:00:00+00:00",
        "import_log_id": "412ac820-8b13-4330-84a5-fdf19e8f0cc8",
        "rating": 3,
        "status": "validated"
    },
    {
        "id": "97cb64d0-3c0f-4cbe-984a-be42c1d05b68",
        "station_id": "9338fe63-383d-4e95-b7c3-c9eeeccee48c",
        "component_id": "88afd3d1-6da3-496a-ac81-669a47256d34",
        "value": 32.1,
        "timestamp_measured": "2019-04-19T17:00:00+00:00",
        "import_log_id": "412ac820-8b13-4330-84a5-fdf19e8f0cc8",
        "rating": 4,
        "status": "validated"
    },
    {
        "id": "05c7389f-3caa-4c2f-93b0-b9d8515c66a2",
        "station_id": "9338fe63-383d-4e95-b7c3-c9eeeccee48c",
        "component_id": "88afd3d1-6da3-496a-ac81-669a47256d34",
        "value": 26.03,
        "timestamp_measured": "2019-04-19T18:00:00+00:00",
        "import_log_id": "412ac820-8b13-4330-84a5-fdf19e8f0cc8",
        "rating": 3,
        "status": "validated"
    },
    {
        "id": "51beada6-6b9d-43b5-b2bd-30b28c37dae1",
        "station_id": "9338fe63-383d-4e95-b7c3-c9eeeccee48c",
        "component_id": "88afd3d1-6da3-496a-ac81-669a47256d34",
        "value": 31.02,
        "timestamp_measured": "2019-04-19T19:00:00+00:00",
        "import_log_id": "412ac820-8b13-4330-84a5-fdf19e8f0cc8",
        "rating": 4,
        "status": "validated"
    },
    {
        "id": "873955c8-52be-4141-815b-57431c488bf9",
        "station_id": "9338fe63-383d-4e95-b7c3-c9eeeccee48c",
        "component_id": "88afd3d1-6da3-496a-ac81-669a47256d34",
        "value": 24.6,
        "timestamp_measured": "2019-04-19T20:00:00+00:00",
        "import_log_id": "412ac820-8b13-4330-84a5-fdf19e8f0cc8",
        "rating": 3,
        "status": "validated"
    },
    {
        "id": "1d74dba2-95e3-499e-a684-55f75783b7a6",
        "station_id": "9338fe63-383d-4e95-b7c3-c9eeeccee48c",
        "component_id": "88afd3d1-6da3-496a-ac81-669a47256d34",
        "value": 30.35,
        "timestamp_measured": "2019-04-19T21:00:00+00:00",
        "import_log_id": "412ac820-8b13-4330-84a5-fdf19e8f0cc8",
        "rating": 4,
        "status": "validated"
    },
    {
        "id": "5b034b76-8252-4686-9c45-36a031bb848d",
        "station_id": "9338fe63-383d-4e95-b7c3-c9eeeccee48c",
        "component_id": "88afd3d1-6da3-496a-ac81-669a47256d34",
        "value": 34.75,
        "timestamp_measured": "2019-04-19T22:00:00+00:00",
        "import_log_id": "412ac820-8b13-4330-84a5-fdf19e8f0cc8",
        "rating": 4,
        "status": "validated"
    },
    {
        "id": "d916673d-3aef-4039-a3a7-56dbdfbcfcbf",
        "station_id": "9338fe63-383d-4e95-b7c3-c9eeeccee48c",
        "component_id": "88afd3d1-6da3-496a-ac81-669a47256d34",
        "value": 20.61,
        "timestamp_measured": "2019-04-19T23:00:00+00:00",
        "import_log_id": "412ac820-8b13-4330-84a5-fdf19e8f0cc8",
        "rating": 3,
        "status": "validated"
    },
    {
        "id": "19606100-719f-4e9a-8d29-9e6ffa9e89d6",
        "station_id": "9338fe63-383d-4e95-b7c3-c9eeeccee48c",
        "component_id": "88afd3d1-6da3-496a-ac81-669a47256d34",
        "value": 18.97,
        "timestamp_measured": "2019-04-20T00:00:00+00:00",
        "import_log_id": "412ac820-8b13-4330-84a5-fdf19e8f0cc8",
        "rating": 2,
        "status": "validated"
    },
    {
        "id": "1a90937f-74a9-404c-8457-9dd71ff6c671",
        "station_id": "9338fe63-383d-4e95-b7c3-c9eeeccee48c",
        "component_id": "88afd3d1-6da3-496a-ac81-669a47256d34",
        "value": 19.05,
        "timestamp_measured": "2019-04-20T01:00:00+00:00",
        "import_log_id": "412ac820-8b13-4330-84a5-fdf19e8f0cc8",
        "rating": 2,
        "status": "validated"
    },
    {
        "id": "b128ae7c-e0e6-400c-9759-da9809812634",
        "station_id": "9338fe63-383d-4e95-b7c3-c9eeeccee48c",
        "component_id": "88afd3d1-6da3-496a-ac81-669a47256d34",
        "value": 15.39,
        "timestamp_measured": "2019-04-20T02:00:00+00:00",
        "import_log_id": "412ac820-8b13-4330-84a5-fdf19e8f0cc8",
        "rating": 2,
        "status": "validated"
    },
    {
        "id": "aefa82ee-03ea-4a6b-8a45-e6a257fcf5fc",
        "station_id": "9338fe63-383d-4e95-b7c3-c9eeeccee48c",
        "component_id": "88afd3d1-6da3-496a-ac81-669a47256d34",
        "value": 15.05,
        "timestamp_measured": "2019-04-20T03:00:00+00:00",
        "import_log_id": "412ac820-8b13-4330-84a5-fdf19e8f0cc8",
        "rating": 2,
        "status": "validated"
    },
    {
        "id": "69a39434-5067-481a-bb53-9ad81d1562d7",
        "station_id": "9338fe63-383d-4e95-b7c3-c9eeeccee48c",
        "component_id": "88afd3d1-6da3-496a-ac81-669a47256d34",
        "value": 17.21,
        "timestamp_measured": "2019-04-20T04:00:00+00:00",
        "import_log_id": "412ac820-8b13-4330-84a5-fdf19e8f0cc8",
        "rating": 2,
        "status": "validated"
    },
    {
        "id": "b8ae6113-da09-474e-8b21-3dc788147180",
        "station_id": "9338fe63-383d-4e95-b7c3-c9eeeccee48c",
        "component_id": "88afd3d1-6da3-496a-ac81-669a47256d34",
        "value": 18.92,
        "timestamp_measured": "2019-04-20T05:00:00+00:00",
        "import_log_id": "412ac820-8b13-4330-84a5-fdf19e8f0cc8",
        "rating": 2,
        "status": "validated"
    },
    {
        "id": "7bcd00e5-0bc0-4eeb-ba74-ae50bee2d6d9",
        "station_id": "9338fe63-383d-4e95-b7c3-c9eeeccee48c",
        "component_id": "88afd3d1-6da3-496a-ac81-669a47256d34",
        "value": 16.69,
        "timestamp_measured": "2019-04-20T06:00:00+00:00",
        "import_log_id": "412ac820-8b13-4330-84a5-fdf19e8f0cc8",
        "rating": 2,
        "status": "validated"
    },
    {
        "id": "e76af0b8-337c-442f-8d95-aaf19c55aadd",
        "station_id": "9338fe63-383d-4e95-b7c3-c9eeeccee48c",
        "component_id": "88afd3d1-6da3-496a-ac81-669a47256d34",
        "value": 15.89,
        "timestamp_measured": "2019-04-20T07:00:00+00:00",
        "import_log_id": "412ac820-8b13-4330-84a5-fdf19e8f0cc8",
        "rating": 2,
        "status": "validated"
    },
    {
        "id": "550e161a-476e-417c-8acc-68f34fb3ea50",
        "station_id": "9338fe63-383d-4e95-b7c3-c9eeeccee48c",
        "component_id": "88afd3d1-6da3-496a-ac81-669a47256d34",
        "value": 16.62,
        "timestamp_measured": "2019-04-20T08:00:00+00:00",
        "import_log_id": "412ac820-8b13-4330-84a5-fdf19e8f0cc8",
        "rating": 2,
        "status": "validated"
    },
    {
        "id": "32795f11-4cde-493c-9b2a-7af85f149729",
        "station_id": "9338fe63-383d-4e95-b7c3-c9eeeccee48c",
        "component_id": "88afd3d1-6da3-496a-ac81-669a47256d34",
        "value": 19.89,
        "timestamp_measured": "2019-04-20T09:00:00+00:00",
        "import_log_id": "412ac820-8b13-4330-84a5-fdf19e8f0cc8",
        "rating": 2,
        "status": "validated"
    },
    {
        "id": "6760f63e-3b8b-4919-b585-d20b5d362332",
        "station_id": "9338fe63-383d-4e95-b7c3-c9eeeccee48c",
        "component_id": "88afd3d1-6da3-496a-ac81-669a47256d34",
        "value": 21.37,
        "timestamp_measured": "2019-04-20T10:00:00+00:00",
        "import_log_id": "412ac820-8b13-4330-84a5-fdf19e8f0cc8",
        "rating": 3,
        "status": "validated"
    },
    {
        "id": "89c7ce65-126a-49bb-8525-3485cfd46e2f",
        "station_id": "9338fe63-383d-4e95-b7c3-c9eeeccee48c",
        "component_id": "88afd3d1-6da3-496a-ac81-669a47256d34",
        "value": 23.38,
        "timestamp_measured": "2019-04-20T11:00:00+00:00",
        "import_log_id": "412ac820-8b13-4330-84a5-fdf19e8f0cc8",
        "rating": 3,
        "status": "validated"
    },
    {
        "id": "e9eab95f-9a90-43ec-9a18-1e4b0c477601",
        "station_id": "9338fe63-383d-4e95-b7c3-c9eeeccee48c",
        "component_id": "88afd3d1-6da3-496a-ac81-669a47256d34",
        "value": 19.47,
        "timestamp_measured": "2019-04-20T12:00:00+00:00",
        "import_log_id": "412ac820-8b13-4330-84a5-fdf19e8f0cc8",
        "rating": 2,
        "status": "validated"
    },
    {
        "id": "d59d2bf2-0480-463f-be39-81416740d27c",
        "station_id": "9338fe63-383d-4e95-b7c3-c9eeeccee48c",
        "component_id": "88afd3d1-6da3-496a-ac81-669a47256d34",
        "value": 18.7,
        "timestamp_measured": "2019-04-20T13:00:00+00:00",
        "import_log_id": "412ac820-8b13-4330-84a5-fdf19e8f0cc8",
        "rating": 2,
        "status": "validated"
    },
    {
        "id": "436742c2-5b3f-4cdd-9d14-8075fd471a27",
        "station_id": "9338fe63-383d-4e95-b7c3-c9eeeccee48c",
        "component_id": "88afd3d1-6da3-496a-ac81-669a47256d34",
        "value": 24.55,
        "timestamp_measured": "2019-04-20T14:00:00+00:00",
        "import_log_id": "412ac820-8b13-4330-84a5-fdf19e8f0cc8",
        "rating": 3,
        "status": "validated"
    },
    {
        "id": "09210832-5369-410a-b378-a4e4383ad192",
        "station_id": "9338fe63-383d-4e95-b7c3-c9eeeccee48c",
        "component_id": "88afd3d1-6da3-496a-ac81-669a47256d34",
        "value": 19.13,
        "timestamp_measured": "2019-04-20T15:00:00+00:00",
        "import_log_id": "412ac820-8b13-4330-84a5-fdf19e8f0cc8",
        "rating": 2,
        "status": "validated"
    },
    {
        "id": "9a7b844d-a872-4e71-baa5-85ab05e8f787",
        "station_id": "9338fe63-383d-4e95-b7c3-c9eeeccee48c",
        "component_id": "88afd3d1-6da3-496a-ac81-669a47256d34",
        "value": 23.34,
        "timestamp_measured": "2019-04-20T16:00:00+00:00",
        "import_log_id": "412ac820-8b13-4330-84a5-fdf19e8f0cc8",
        "rating": 3,
        "status": "validated"
    },
    {
        "id": "10ba7b76-00d2-4d83-9b5f-5e0ddc56c660",
        "station_id": "9338fe63-383d-4e95-b7c3-c9eeeccee48c",
        "component_id": "88afd3d1-6da3-496a-ac81-669a47256d34",
        "value": 28.81,
        "timestamp_measured": "2019-04-20T17:00:00+00:00",
        "import_log_id": "412ac820-8b13-4330-84a5-fdf19e8f0cc8",
        "rating": 3,
        "status": "validated"
    },
    {
        "id": "15db18b2-720c-4ed3-b171-00c818ac8471",
        "station_id": "9338fe63-383d-4e95-b7c3-c9eeeccee48c",
        "component_id": "88afd3d1-6da3-496a-ac81-669a47256d34",
        "value": 24.95,
        "timestamp_measured": "2019-04-20T18:00:00+00:00",
        "import_log_id": "412ac820-8b13-4330-84a5-fdf19e8f0cc8",
        "rating": 3,
        "status": "validated"
    },
    {
        "id": "d1a9542b-e4ad-454e-9d9a-99c24c800c23",
        "station_id": "9338fe63-383d-4e95-b7c3-c9eeeccee48c",
        "component_id": "88afd3d1-6da3-496a-ac81-669a47256d34",
        "value": 27.38,
        "timestamp_measured": "2019-04-20T19:00:00+00:00",
        "import_log_id": "412ac820-8b13-4330-84a5-fdf19e8f0cc8",
        "rating": 3,
        "status": "validated"
    },
    {
        "id": "c9699224-a935-4328-99b2-17bec60376c1",
        "station_id": "9338fe63-383d-4e95-b7c3-c9eeeccee48c",
        "component_id": "88afd3d1-6da3-496a-ac81-669a47256d34",
        "value": 43.0,
        "timestamp_measured": "2019-04-20T20:00:00+00:00",
        "import_log_id": "412ac820-8b13-4330-84a5-fdf19e8f0cc8",
        "rating": 4,
        "status": "validated"
    },
    {
        "id": "6a085086-26b3-4953-80e9-136281b8ac25",
        "station_id": "9338fe63-383d-4e95-b7c3-c9eeeccee48c",
        "component_id": "88afd3d1-6da3-496a-ac81-669a47256d34",
        "value": 52.23,
        "timestamp_measured": "2019-04-20T21:00:00+00:00",
        "import_log_id": "412ac820-8b13-4330-84a5-fdf19e8f0cc8",
        "rating": 5,
        "status": "validated"
    },
    {
        "id": "d502c330-d657-41e9-9ae5-613ded872378",
        "station_id": "9338fe63-383d-4e95-b7c3-c9eeeccee48c",
        "component_id": "88afd3d1-6da3-496a-ac81-669a47256d34",
        "value": 54.08,
        "timestamp_measured": "2019-04-20T22:00:00+00:00",
        "import_log_id": "412ac820-8b13-4330-84a5-fdf19e8f0cc8",
        "rating": 5,
        "status": "validated"
    },
    {
        "id": "aa705d3f-f4fa-4a39-ab92-6818b5b51c9a",
        "station_id": "9338fe63-383d-4e95-b7c3-c9eeeccee48c",
        "component_id": "88afd3d1-6da3-496a-ac81-669a47256d34",
        "value": 46.24,
        "timestamp_measured": "2019-04-20T23:00:00+00:00",
        "import_log_id": "412ac820-8b13-4330-84a5-fdf19e8f0cc8",
        "rating": 5,
        "status": "validated"
    },
    {
        "id": "2cce0da2-122e-4169-879d-1a2971bd1b62",
        "station_id": "9338fe63-383d-4e95-b7c3-c9eeeccee48c",
        "component_id": "88afd3d1-6da3-496a-ac81-669a47256d34",
        "value": 32.28,
        "timestamp_measured": "2019-04-21T00:00:00+00:00",
        "import_log_id": "412ac820-8b13-4330-84a5-fdf19e8f0cc8",
        "rating": 4,
        "status": "validated"
    },
    {
        "id": "50df4661-2f58-4a4c-8478-642c854002fb",
        "station_id": "9338fe63-383d-4e95-b7c3-c9eeeccee48c",
        "component_id": "88afd3d1-6da3-496a-ac81-669a47256d34",
        "value": 27.39,
        "timestamp_measured": "2019-04-21T01:00:00+00:00",
        "import_log_id": "412ac820-8b13-4330-84a5-fdf19e8f0cc8",
        "rating": 3,
        "status": "validated"
    },
    {
        "id": "95a7abb0-1aaa-4cea-abfd-86e070f45882",
        "station_id": "9338fe63-383d-4e95-b7c3-c9eeeccee48c",
        "component_id": "88afd3d1-6da3-496a-ac81-669a47256d34",
        "value": 23.45,
        "timestamp_measured": "2019-04-21T02:00:00+00:00",
        "import_log_id": "412ac820-8b13-4330-84a5-fdf19e8f0cc8",
        "rating": 3,
        "status": "validated"
    },
    {
        "id": "38cc093c-498e-42da-9647-0adc6e5f2d70",
        "station_id": "9338fe63-383d-4e95-b7c3-c9eeeccee48c",
        "component_id": "88afd3d1-6da3-496a-ac81-669a47256d34",
        "value": 21.9,
        "timestamp_measured": "2019-04-21T03:00:00+00:00",
        "import_log_id": "412ac820-8b13-4330-84a5-fdf19e8f0cc8",
        "rating": 3,
        "status": "validated"
    },
    {
        "id": "c1cdb29a-4ac2-40ec-998c-64895e210cbd",
        "station_id": "9338fe63-383d-4e95-b7c3-c9eeeccee48c",
        "component_id": "88afd3d1-6da3-496a-ac81-669a47256d34",
        "value": 25.05,
        "timestamp_measured": "2019-04-21T04:00:00+00:00",
        "import_log_id": "412ac820-8b13-4330-84a5-fdf19e8f0cc8",
        "rating": 3,
        "status": "validated"
    },
    {
        "id": "65512614-30fc-47b5-8f5e-5548dc5f6df0",
        "station_id": "9338fe63-383d-4e95-b7c3-c9eeeccee48c",
        "component_id": "88afd3d1-6da3-496a-ac81-669a47256d34",
        "value": 29.76,
        "timestamp_measured": "2019-04-21T05:00:00+00:00",
        "import_log_id": "412ac820-8b13-4330-84a5-fdf19e8f0cc8",
        "rating": 3,
        "status": "validated"
    },
    {
        "id": "2081f684-6b64-4b52-b4b7-018b9bfc1acf",
        "station_id": "9338fe63-383d-4e95-b7c3-c9eeeccee48c",
        "component_id": "88afd3d1-6da3-496a-ac81-669a47256d34",
        "value": 21.6,
        "timestamp_measured": "2019-04-21T06:00:00+00:00",
        "import_log_id": "412ac820-8b13-4330-84a5-fdf19e8f0cc8",
        "rating": 3,
        "status": "validated"
    },
    {
        "id": "c7367f75-7624-4f97-8ce0-520e8fa4b598",
        "station_id": "9338fe63-383d-4e95-b7c3-c9eeeccee48c",
        "component_id": "88afd3d1-6da3-496a-ac81-669a47256d34",
        "value": 17.1,
        "timestamp_measured": "2019-04-21T07:00:00+00:00",
        "import_log_id": "412ac820-8b13-4330-84a5-fdf19e8f0cc8",
        "rating": 2,
        "status": "validated"
    },
    {
        "id": "6a18666e-5b37-41c6-9442-e89ba3ad1d10",
        "station_id": "9338fe63-383d-4e95-b7c3-c9eeeccee48c",
        "component_id": "88afd3d1-6da3-496a-ac81-669a47256d34",
        "value": 18.7,
        "timestamp_measured": "2019-04-21T08:00:00+00:00",
        "import_log_id": "412ac820-8b13-4330-84a5-fdf19e8f0cc8",
        "rating": 2,
        "status": "validated"
    },
    {
        "id": "4240b33c-83ea-4a18-957a-9cd4ab6365bb",
        "station_id": "9338fe63-383d-4e95-b7c3-c9eeeccee48c",
        "component_id": "88afd3d1-6da3-496a-ac81-669a47256d34",
        "value": 22.51,
        "timestamp_measured": "2019-04-21T09:00:00+00:00",
        "import_log_id": "412ac820-8b13-4330-84a5-fdf19e8f0cc8",
        "rating": 3,
        "status": "validated"
    },
    {
        "id": "62047464-afd2-460b-930a-92473d7d2bb6",
        "station_id": "9338fe63-383d-4e95-b7c3-c9eeeccee48c",
        "component_id": "88afd3d1-6da3-496a-ac81-669a47256d34",
        "value": 23.65,
        "timestamp_measured": "2019-04-21T10:00:00+00:00",
        "import_log_id": "412ac820-8b13-4330-84a5-fdf19e8f0cc8",
        "rating": 3,
        "status": "validated"
    },
    {
        "id": "4560adeb-00db-460a-bbd4-0084e1000995",
        "station_id": "9338fe63-383d-4e95-b7c3-c9eeeccee48c",
        "component_id": "88afd3d1-6da3-496a-ac81-669a47256d34",
        "value": 23.02,
        "timestamp_measured": "2019-04-21T11:00:00+00:00",
        "import_log_id": "412ac820-8b13-4330-84a5-fdf19e8f0cc8",
        "rating": 3,
        "status": "validated"
    },
    {
        "id": "144fd054-1853-40b9-ba02-a4c29bfb7d6d",
        "station_id": "9338fe63-383d-4e95-b7c3-c9eeeccee48c",
        "component_id": "88afd3d1-6da3-496a-ac81-669a47256d34",
        "value": 18.95,
        "timestamp_measured": "2019-04-21T12:00:00+00:00",
        "import_log_id": "412ac820-8b13-4330-84a5-fdf19e8f0cc8",
        "rating": 2,
        "status": "validated"
    },
    {
        "id": "84b97baf-409b-4ef5-bc7d-6cff1bfd34f3",
        "station_id": "9338fe63-383d-4e95-b7c3-c9eeeccee48c",
        "component_id": "88afd3d1-6da3-496a-ac81-669a47256d34",
        "value": 19.57,
        "timestamp_measured": "2019-04-21T13:00:00+00:00",
        "import_log_id": "412ac820-8b13-4330-84a5-fdf19e8f0cc8",
        "rating": 2,
        "status": "validated"
    },
    {
        "id": "7e7360f8-de93-4d5b-9764-2bfa51dcaf48",
        "station_id": "9338fe63-383d-4e95-b7c3-c9eeeccee48c",
        "component_id": "88afd3d1-6da3-496a-ac81-669a47256d34",
        "value": 15.45,
        "timestamp_measured": "2019-04-21T14:00:00+00:00",
        "import_log_id": "412ac820-8b13-4330-84a5-fdf19e8f0cc8",
        "rating": 2,
        "status": "validated"
    },
    {
        "id": "b96a0184-7809-4e9f-9173-b7beb0939615",
        "station_id": "9338fe63-383d-4e95-b7c3-c9eeeccee48c",
        "component_id": "88afd3d1-6da3-496a-ac81-669a47256d34",
        "value": 14.54,
        "timestamp_measured": "2019-04-21T15:00:00+00:00",
        "import_log_id": "412ac820-8b13-4330-84a5-fdf19e8f0cc8",
        "rating": 2,
        "status": "validated"
    },
    {
        "id": "4d43d4e8-bbf3-49d6-a668-c2b37f92e623",
        "station_id": "9338fe63-383d-4e95-b7c3-c9eeeccee48c",
        "component_id": "88afd3d1-6da3-496a-ac81-669a47256d34",
        "value": 16.94,
        "timestamp_measured": "2019-04-21T16:00:00+00:00",
        "import_log_id": "412ac820-8b13-4330-84a5-fdf19e8f0cc8",
        "rating": 2,
        "status": "validated"
    },
    {
        "id": "853fff28-84ec-4598-9e08-aaa7879a15b1",
        "station_id": "9338fe63-383d-4e95-b7c3-c9eeeccee48c",
        "component_id": "88afd3d1-6da3-496a-ac81-669a47256d34",
        "value": 18.9,
        "timestamp_measured": "2019-04-21T17:00:00+00:00",
        "import_log_id": "412ac820-8b13-4330-84a5-fdf19e8f0cc8",
        "rating": 2,
        "status": "validated"
    },
    {
        "id": "987022e2-e4db-48d7-a383-880fd7675ae8",
        "station_id": "9338fe63-383d-4e95-b7c3-c9eeeccee48c",
        "component_id": "88afd3d1-6da3-496a-ac81-669a47256d34",
        "value": 18.42,
        "timestamp_measured": "2019-04-21T18:00:00+00:00",
        "import_log_id": "412ac820-8b13-4330-84a5-fdf19e8f0cc8",
        "rating": 2,
        "status": "validated"
    },
    {
        "id": "faf239ee-eb9e-432c-b1c0-bd8848e1419e",
        "station_id": "9338fe63-383d-4e95-b7c3-c9eeeccee48c",
        "component_id": "88afd3d1-6da3-496a-ac81-669a47256d34",
        "value": 23.72,
        "timestamp_measured": "2019-04-21T19:00:00+00:00",
        "import_log_id": "412ac820-8b13-4330-84a5-fdf19e8f0cc8",
        "rating": 3,
        "status": "validated"
    },
    {
        "id": "903b6650-878b-4166-9ea4-bedd9736a71c",
        "station_id": "9338fe63-383d-4e95-b7c3-c9eeeccee48c",
        "component_id": "88afd3d1-6da3-496a-ac81-669a47256d34",
        "value": 22.68,
        "timestamp_measured": "2019-04-21T20:00:00+00:00",
        "import_log_id": "412ac820-8b13-4330-84a5-fdf19e8f0cc8",
        "rating": 3,
        "status": "validated"
    },
    {
        "id": "7e51dea6-092c-4fdb-a1b9-e4aef75ad7f6",
        "station_id": "9338fe63-383d-4e95-b7c3-c9eeeccee48c",
        "component_id": "88afd3d1-6da3-496a-ac81-669a47256d34",
        "value": 23.26,
        "timestamp_measured": "2019-04-21T21:00:00+00:00",
        "import_log_id": "412ac820-8b13-4330-84a5-fdf19e8f0cc8",
        "rating": 3,
        "status": "validated"
    },
    {
        "id": "f8d97b58-9013-47f7-a890-e738b50651fa",
        "station_id": "9338fe63-383d-4e95-b7c3-c9eeeccee48c",
        "component_id": "88afd3d1-6da3-496a-ac81-669a47256d34",
        "value": -999.0,
        "timestamp_measured": "2019-04-21T22:00:00+00:00",
        "import_log_id": "412ac820-8b13-4330-84a5-fdf19e8f0cc8",
        "rating": -999,
        "status": "unvalidated"
    }
]