[
    {
        "id": "a28f5904-074c-47f0-9eb1-0f1b435dc4c9",
        "station_id": "104e3071-d4f9-4b33-a8bd-5c1866d35617",
        "component_id": "88afd3d1-6da3-496a-ac81-669a47256d34",
        "value": 3.4,
        "timestamp_measured": "2019-03-31T22:00:00+00:00",
        "import_log_id": "642630c7-ad31-4371-b135-1d743d6b0167",
        "rating": 1,
        "status": "validated"
    },
    {
        "id": "364e47c4-47d7-4ea5-9d23-a2f82c67f506",
        "station_id": "104e3071-d4f9-4b33-a8bd-5c1866d35617",
        "component_id": "88afd3d1-6da3-496a-ac81-669a47256d34",
        "value": 2.4,
        "timestamp_measured": "2019-03-31T23:00:00+00:00",
        "import_log_id": "642630c7-ad31-4371-b135-1d743d6b0167",
        "rating": 1,
        "status": "validated"
    },
    {
        "id": "48b1e38f-fe4e-4227-9d82-4a28f7765f9c",
        "station_id": "104e3071-d4f9-4b33-a8bd-5c1866d35617",
        "component_id": "88afd3d1-6da3-496a-ac81-669a47256d34",
        "value": 2.2,
        "timestamp_measured": "2019-04-01T00:00:00+00:00",
        "import_log_id": "642630c7-ad31-4371-b135-1d743d6b0167",
        "rating": 1,
        "status": "validated"
    },
    {
        "id": "d76b4a3a-3d58-423a-ab82-850202390594",
        "station_id": "104e3071-d4f9-4b33-a8bd-5c1866d35617",
        "component_id": "88afd3d1-6da3-496a-ac81-669a47256d34",
        "value": 1.6,
        "timestamp_measured": "2019-04-01T01:00:00+00:00",
        "import_log_id": "642630c7-ad31-4371-b135-1d743d6b0167",
        "rating": 1,
        "status": "validated"
    },
    {
        "id": "e3ceec15-25cb-495c-940d-4b649cf71b40",
        "station_id": "104e3071-d4f9-4b33-a8bd-5c1866d35617",
        "component_id": "88afd3d1-6da3-496a-ac81-669a47256d34",
        "value": 1.8,
        "timestamp_measured": "2019-04-01T02:00:00+00:00",
        "import_log_id": "642630c7-ad31-4371-b135-1d743d6b0167",
        "rating": 1,
        "status": "validated"
    },
    {
        "id": "7eade43e-36e3-4e8d-bcaa-26624fde8cf8",
        "station_id": "104e3071-d4f9-4b33-a8bd-5c1866d35617",
        "component_id": "88afd3d1-6da3-496a-ac81-669a47256d34",
        "value": 2.1,
        "timestamp_measured": "2019-04-01T03:00:00+00:00",
        "import_log_id": "642630c7-ad31-4371-b135-1d743d6b0167",
        "rating": 1,
        "status": "validated"
    },
    {
        "id": "e0313ab2-a3e4-4809-bf0a-8ab293261610",
        "station_id": "104e3071-d4f9-4b33-a8bd-5c1866d35617",
        "component_id": "88afd3d1-6da3-496a-ac81-669a47256d34",
        "value": 3.5,
        "timestamp_measured": "2019-04-01T04:00:00+00:00",
        "import_log_id": "642630c7-ad31-4371-b135-1d743d6b0167",
        "rating": 1,
        "status": "validated"
    },
    {
        "id": "74fc33c0-407e-4b9f-b0c9-6964c3a4c1c4",
        "station_id": "104e3071-d4f9-4b33-a8bd-5c1866d35617",
        "component_id": "88afd3d1-6da3-496a-ac81-669a47256d34",
        "value": 9.8,
        "timestamp_measured": "2019-04-01T05:00:00+00:00",
        "import_log_id": "642630c7-ad31-4371-b135-1d743d6b0167",
        "rating": 1,
        "status": "validated"
    },
    {
        "id": "de39d8bd-3091-4168-a731-a08335cd7c2c",
        "station_id": "104e3071-d4f9-4b33-a8bd-5c1866d35617",
        "component_id": "88afd3d1-6da3-496a-ac81-669a47256d34",
        "value": 14.4,
        "timestamp_measured": "2019-04-01T06:00:00+00:00",
        "import_log_id": "642630c7-ad31-4371-b135-1d743d6b0167",
        "rating": 2,
        "status": "validated"
    },
    {
        "id": "2d00d1ed-317b-4083-94e5-27a238b54f9c",
        "station_id": "104e3071-d4f9-4b33-a8bd-5c1866d35617",
        "component_id": "88afd3d1-6da3-496a-ac81-669a47256d34",
        "value": 16.6,
        "timestamp_measured": "2019-04-01T07:00:00+00:00",
        "import_log_id": "642630c7-ad31-4371-b135-1d743d6b0167",
        "rating": 2,
        "status": "validated"
    },
    {
        "id": "df82944e-0d11-4bef-9c3b-8e252b13758a",
        "station_id": "104e3071-d4f9-4b33-a8bd-5c1866d35617",
        "component_id": "88afd3d1-6da3-496a-ac81-669a47256d34",
        "value": 10.7,
        "timestamp_measured": "2019-04-01T08:00:00+00:00",
        "import_log_id": "642630c7-ad31-4371-b135-1d743d6b0167",
        "rating": 2,
        "status": "validated"
    },
    {
        "id": "03844c4a-c03b-445d-9453-e906466123e2",
        "station_id": "104e3071-d4f9-4b33-a8bd-5c1866d35617",
        "component_id": "88afd3d1-6da3-496a-ac81-669a47256d34",
        "value": 11.4,
        "timestamp_measured": "2019-04-01T09:00:00+00:00",
        "import_log_id": "642630c7-ad31-4371-b135-1d743d6b0167",
        "rating": 2,
        "status": "validated"
    },
    {
        "id": "8b3527e8-e77e-4a6a-88a5-abab866316a3",
        "station_id": "104e3071-d4f9-4b33-a8bd-5c1866d35617",
        "component_id": "88afd3d1-6da3-496a-ac81-669a47256d34",
        "value": 10.6,
        "timestamp_measured": "2019-04-01T10:00:00+00:00",
        "import_log_id": "642630c7-ad31-4371-b135-1d743d6b0167",
        "rating": 2,
        "status": "validated"
    },
    {
        "id": "75317512-2459-4899-b39e-efc3766fa267",
        "station_id": "104e3071-d4f9-4b33-a8bd-5c1866d35617",
        "component_id": "88afd3d1-6da3-496a-ac81-669a47256d34",
        "value": 11.8,
        "timestamp_measured": "2019-04-01T11:00:00+00:00",
        "import_log_id": "642630c7-ad31-4371-b135-1d743d6b0167",
        "rating": 2,
        "status": "validated"
    },
    {
        "id": "9a92bf1c-daa1-48cb-aded-dae72433ee2a",
        "station_id": "104e3071-d4f9-4b33-a8bd-5c1866d35617",
        "component_id": "88afd3d1-6da3-496a-ac81-669a47256d34",
        "value": 11.0,
        "timestamp_measured": "2019-04-01T12:00:00+00:00",
        "import_log_id": "642630c7-ad31-4371-b135-1d743d6b0167",
        "rating": 2,
        "status": "validated"
    },
    {
        "id": "4d15ca96-2a6f-4df7-a0e2-2d04353ea6f8",
        "station_id": "104e3071-d4f9-4b33-a8bd-5c1866d35617",
        "component_id": "88afd3d1-6da3-496a-ac81-669a47256d34",
        "value": 9.1,
        "timestamp_measured": "2019-04-01T13:00:00+00:00",
        "import_log_id": "642630c7-ad31-4371-b135-1d743d6b0167",
        "rating": 1,
        "status": "validated"
    },
    {
        "id": "75808a8a-fc90-4775-bc10-fc796ddf1d23",
        "station_id": "104e3071-d4f9-4b33-a8bd-5c1866d35617",
        "component_id": "88afd3d1-6da3-496a-ac81-669a47256d34",
        "value": 7.5,
        "timestamp_measured": "2019-04-01T14:00:00+00:00",
        "import_log_id": "642630c7-ad31-4371-b135-1d743d6b0167",
        "rating": 1,
        "status": "validated"
    },
    {
        "id": "2d10cc68-a310-4472-aec2-d07e315e0af4",
        "station_id": "104e3071-d4f9-4b33-a8bd-5c1866d35617",
        "component_id": "88afd3d1-6da3-496a-ac81-669a47256d34",
        "value": 7.5,
        "timestamp_measured": "2019-04-01T15:00:00+00:00",
        "import_log_id": "642630c7-ad31-4371-b135-1d743d6b0167",
        "rating": 1,
        "status": "validated"
    },
    {
        "id": "dc966f01-0796-4bd1-802f-26743df5e892",
        "station_id": "104e3071-d4f9-4b33-a8bd-5c1866d35617",
        "component_id": "88afd3d1-6da3-496a-ac81-669a47256d34",
        "value": 9.9,
        "timestamp_measured": "2019-04-01T16:00:00+00:00",
        "import_log_id": "642630c7-ad31-4371-b135-1d743d6b0167",
        "rating": 1,
        "status": "validated"
    },
    {
        "id": "3d78f3d6-5b7e-474c-ba45-f889221da4a4",
        "station_id": "104e3071-d4f9-4b33-a8bd-5c1866d35617",
        "component_id": "88afd3d1-6da3-496a-ac81-669a47256d34",
        "value": 9.1,
        "timestamp_measured": "2019-04-01T17:00:00+00:00",
        "import_log_id": "642630c7-ad31-4371-b135-1d743d6b0167",
        "rating": 1,
        "status": "validated"
    },
    {
        "id": "34e7f331-a1af-4ba5-9b58-1ffde845f6bb",
        "station_id": "104e3071-d4f9-4b33-a8bd-5c1866d35617",
        "component_id": "88afd3d1-6da3-496a-ac81-669a47256d34",
        "value": 12.8,
        "timestamp_measured": "2019-04-01T18:00:00+00:00",
        "import_log_id": "642630c7-ad31-4371-b135-1d743d6b0167",
        "rating": 2,
        "status": "validated"
    },
    {
        "id": "54e63555-e492-49dc-85f6-c52e35cbf3c5",
        "station_id": "104e3071-d4f9-4b33-a8bd-5c1866d35617",
        "component_id": "88afd3d1-6da3-496a-ac81-669a47256d34",
        "value": 17.5,
        "timestamp_measured": "2019-04-01T19:00:00+00:00",
        "import_log_id": "642630c7-ad31-4371-b135-1d743d6b0167",
        "rating": 2,
        "status": "validated"
    },
    {
        "id": "582efe76-3552-4f5e-9446-cbdbfb8f64e5",
        "station_id": "104e3071-d4f9-4b33-a8bd-5c1866d35617",
        "component_id": "88afd3d1-6da3-496a-ac81-669a47256d34",
        "value": 20.9,
        "timestamp_measured": "2019-04-01T20:00:00+00:00",
        "import_log_id": "642630c7-ad31-4371-b135-1d743d6b0167",
        "rating": 3,
        "status": "validated"
    },
    {
        "id": "3ab1b41d-dd3e-4d14-ab74-adca4fe5d821",
        "station_id": "104e3071-d4f9-4b33-a8bd-5c1866d35617",
        "component_id": "88afd3d1-6da3-496a-ac81-669a47256d34",
        "value": 26.5,
        "timestamp_measured": "2019-04-01T21:00:00+00:00",
        "import_log_id": "642630c7-ad31-4371-b135-1d743d6b0167",
        "rating": 3,
        "status": "validated"
    },
    {
        "id": "c95c1059-d3c4-4ba0-8c12-c715647e337a",
        "station_id": "104e3071-d4f9-4b33-a8bd-5c1866d35617",
        "component_id": "88afd3d1-6da3-496a-ac81-669a47256d34",
        "value": 22.5,
        "timestamp_measured": "2019-04-01T22:00:00+00:00",
        "import_log_id": "642630c7-ad31-4371-b135-1d743d6b0167",
        "rating": 3,
        "status": "validated"
    },
    {
        "id": "eec3a809-05aa-44f4-82b9-9d6850827564",
        "station_id": "104e3071-d4f9-4b33-a8bd-5c1866d35617",
        "component_id": "88afd3d1-6da3-496a-ac81-669a47256d34",
        "value": 18.9,
        "timestamp_measured": "2019-04-01T23:00:00+00:00",
        "import_log_id": "642630c7-ad31-4371-b135-1d743d6b0167",
        "rating": 2,
        "status": "validated"
    },
    {
        "id": "cff57248-ce2f-4daa-8f53-bbb523ace6ba",
        "station_id": "104e3071-d4f9-4b33-a8bd-5c1866d35617",
        "component_id": "88afd3d1-6da3-496a-ac81-669a47256d34",
        "value": 16.6,
        "timestamp_measured": "2019-04-02T00:00:00+00:00",
        "import_log_id": "642630c7-ad31-4371-b135-1d743d6b0167",
        "rating": 2,
        "status": "validated"
    },
    {
        "id": "61dc4bec-f209-4f61-8de8-e4e17f9270e6",
        "station_id": "104e3071-d4f9-4b33-a8bd-5c1866d35617",
        "component_id": "88afd3d1-6da3-496a-ac81-669a47256d34",
        "value": 19.5,
        "timestamp_measured": "2019-04-02T01:00:00+00:00",
        "import_log_id": "642630c7-ad31-4371-b135-1d743d6b0167",
        "rating": 2,
        "status": "validated"
    },
    {
        "id": "d54dc569-a872-4e00-b9e7-b4596d908b1e",
        "station_id": "104e3071-d4f9-4b33-a8bd-5c1866d35617",
        "component_id": "88afd3d1-6da3-496a-ac81-669a47256d34",
        "value": 26.9,
        "timestamp_measured": "2019-04-02T02:00:00+00:00",
        "import_log_id": "642630c7-ad31-4371-b135-1d743d6b0167",
        "rating": 3,
        "status": "validated"
    },
    {
        "id": "a185da2d-6825-4b3b-9da1-cee4903ad990",
        "station_id": "104e3071-d4f9-4b33-a8bd-5c1866d35617",
        "component_id": "88afd3d1-6da3-496a-ac81-669a47256d34",
        "value": 37.4,
        "timestamp_measured": "2019-04-02T03:00:00+00:00",
        "import_log_id": "642630c7-ad31-4371-b135-1d743d6b0167",
        "rating": 4,
        "status": "validated"
    },
    {
        "id": "2fa9c053-ec98-4339-b9e8-88b2bea07e66",
        "station_id": "104e3071-d4f9-4b33-a8bd-5c1866d35617",
        "component_id": "88afd3d1-6da3-496a-ac81-669a47256d34",
        "value": 42.6,
        "timestamp_measured": "2019-04-02T04:00:00+00:00",
        "import_log_id": "642630c7-ad31-4371-b135-1d743d6b0167",
        "rating": 4,
        "status": "validated"
    },
    {
        "id": "cec72495-0a57-4952-9c08-0cb30dd20823",
        "station_id": "104e3071-d4f9-4b33-a8bd-5c1866d35617",
        "component_id": "88afd3d1-6da3-496a-ac81-669a47256d34",
        "value": 64.6,
        "timestamp_measured": "2019-04-02T05:00:00+00:00",
        "import_log_id": "642630c7-ad31-4371-b135-1d743d6b0167",
        "rating": 6,
        "status": "validated"
    },
    {
        "id": "70b5e770-423a-4b75-9db6-7f6b49d50318",
        "station_id": "104e3071-d4f9-4b33-a8bd-5c1866d35617",
        "component_id": "88afd3d1-6da3-496a-ac81-669a47256d34",
        "value": 71.8,
        "timestamp_measured": "2019-04-02T06:00:00+00:00",
        "import_log_id": "642630c7-ad31-4371-b135-1d743d6b0167",
        "rating": 6,
        "status": "validated"
    },
    {
        "id": "093989c9-9c4f-4f5d-8741-bd29e2931c56",
        "station_id": "104e3071-d4f9-4b33-a8bd-5c1866d35617",
        "component_id": "88afd3d1-6da3-496a-ac81-669a47256d34",
        "value": 67.9,
        "timestamp_measured": "2019-04-02T07:00:00+00:00",
        "import_log_id": "642630c7-ad31-4371-b135-1d743d6b0167",
        "rating": 6,
        "status": "validated"
    },
    {
        "id": "797719b4-10e6-45a0-aab4-92e0614f3fe9",
        "station_id": "104e3071-d4f9-4b33-a8bd-5c1866d35617",
        "component_id": "88afd3d1-6da3-496a-ac81-669a47256d34",
        "value": 63.9,
        "timestamp_measured": "2019-04-02T08:00:00+00:00",
        "import_log_id": "642630c7-ad31-4371-b135-1d743d6b0167",
        "rating": 6,
        "status": "validated"
    },
    {
        "id": "b4b5208e-cfca-4713-87b4-71cecccd9747",
        "station_id": "104e3071-d4f9-4b33-a8bd-5c1866d35617",
        "component_id": "88afd3d1-6da3-496a-ac81-669a47256d34",
        "value": 44.9,
        "timestamp_measured": "2019-04-02T09:00:00+00:00",
        "import_log_id": "642630c7-ad31-4371-b135-1d743d6b0167",
        "rating": 4,
        "status": "validated"
    },
    {
        "id": "e6f1d3af-dacd-4aa2-b4ed-3678ab01921f",
        "station_id": "104e3071-d4f9-4b33-a8bd-5c1866d35617",
        "component_id": "88afd3d1-6da3-496a-ac81-669a47256d34",
        "value": 39.1,
        "timestamp_measured": "2019-04-02T10:00:00+00:00",
        "import_log_id": "642630c7-ad31-4371-b135-1d743d6b0167",
        "rating": 4,
        "status": "validated"
    },
    {
        "id": "1c6c998d-2747-477a-ad60-ca7eaa34211b",
        "station_id": "104e3071-d4f9-4b33-a8bd-5c1866d35617",
        "component_id": "88afd3d1-6da3-496a-ac81-669a47256d34",
        "value": 38.5,
        "timestamp_measured": "2019-04-02T11:00:00+00:00",
        "import_log_id": "642630c7-ad31-4371-b135-1d743d6b0167",
        "rating": 4,
        "status": "validated"
    },
    {
        "id": "b43a059f-5080-4871-b309-b88e499a021e",
        "station_id": "104e3071-d4f9-4b33-a8bd-5c1866d35617",
        "component_id": "88afd3d1-6da3-496a-ac81-669a47256d34",
        "value": 43.5,
        "timestamp_measured": "2019-04-02T12:00:00+00:00",
        "import_log_id": "642630c7-ad31-4371-b135-1d743d6b0167",
        "rating": 4,
        "status": "validated"
    },
    {
        "id": "5dbbb213-655c-4b37-8aad-1fd127202ad4",
        "station_id": "104e3071-d4f9-4b33-a8bd-5c1866d35617",
        "component_id": "88afd3d1-6da3-496a-ac81-669a47256d34",
        "value": 41.8,
        "timestamp_measured": "2019-04-02T13:00:00+00:00",
        "import_log_id": "642630c7-ad31-4371-b135-1d743d6b0167",
        "rating": 4,
        "status": "validated"
    },
    {
        "id": "fe320d0e-66cb-4ddc-9cd1-a9a0ac52a90c",
        "station_id": "104e3071-d4f9-4b33-a8bd-5c1866d35617",
        "component_id": "88afd3d1-6da3-496a-ac81-669a47256d34",
        "value": 41.2,
        "timestamp_measured": "2019-04-02T14:00:00+00:00",
        "import_log_id": "642630c7-ad31-4371-b135-1d743d6b0167",
        "rating": 4,
        "status": "validated"
    },
    {
        "id": "26208851-541a-461b-95b5-340f46ae962a",
        "station_id": "104e3071-d4f9-4b33-a8bd-5c1866d35617",
        "component_id": "88afd3d1-6da3-496a-ac81-669a47256d34",
        "value": 28.7,
        "timestamp_measured": "2019-04-02T15:00:00+00:00",
        "import_log_id": "642630c7-ad31-4371-b135-1d743d6b0167",
        "rating": 3,
        "status": "validated"
    },
    {
        "id": "b7deb427-3a34-475e-bba9-8f7ac8bf7e76",
        "station_id": "104e3071-d4f9-4b33-a8bd-5c1866d35617",
        "component_id": "88afd3d1-6da3-496a-ac81-669a47256d34",
        "value": 25.8,
        "timestamp_measured": "2019-04-02T16:00:00+00:00",
        "import_log_id": "642630c7-ad31-4371-b135-1d743d6b0167",
        "rating": 3,
        "status": "validated"
    },
    {
        "id": "2ae9db1e-aba9-4623-9930-e260614190b4",
        "station_id": "104e3071-d4f9-4b33-a8bd-5c1866d35617",
        "component_id": "88afd3d1-6da3-496a-ac81-669a47256d34",
        "value": 31.0,
        "timestamp_measured": "2019-04-02T17:00:00+00:00",
        "import_log_id": "642630c7-ad31-4371-b135-1d743d6b0167",
        "rating": 4,
        "status": "validated"
    },
    {
        "id": "fb8b6370-bfca-4c8d-93d2-d58bac5e8cc8",
        "station_id": "104e3071-d4f9-4b33-a8bd-5c1866d35617",
        "component_id": "88afd3d1-6da3-496a-ac81-669a47256d34",
        "value": 33.0,
        "timestamp_measured": "2019-04-02T18:00:00+00:00",
        "import_log_id": "642630c7-ad31-4371-b135-1d743d6b0167",
        "rating": 4,
        "status": "validated"
    },
    {
        "id": "74162f7d-8ca4-4f9a-bff8-8dc06d63ed4e",
        "station_id": "104e3071-d4f9-4b33-a8bd-5c1866d35617",
        "component_id": "88afd3d1-6da3-496a-ac81-669a47256d34",
        "value": 56.2,
        "timestamp_measured": "2019-04-02T19:00:00+00:00",
        "import_log_id": "642630c7-ad31-4371-b135-1d743d6b0167",
        "rating": 5,
        "status": "validated"
    },
    {
        "id": "298f98f3-5093-4698-86e5-984146b6e03b",
        "station_id": "104e3071-d4f9-4b33-a8bd-5c1866d35617",
        "component_id": "88afd3d1-6da3-496a-ac81-669a47256d34",
        "value": 47.1,
        "timestamp_measured": "2019-04-02T20:00:00+00:00",
        "import_log_id": "642630c7-ad31-4371-b135-1d743d6b0167",
        "rating": 5,
        "status": "validated"
    },
    {
        "id": "d8a53190-1463-49b6-932c-c349a2fc3a94",
        "station_id": "104e3071-d4f9-4b33-a8bd-5c1866d35617",
        "component_id": "88afd3d1-6da3-496a-ac81-669a47256d34",
        "value": 22.9,
        "timestamp_measured": "2019-04-02T21:00:00+00:00",
        "import_log_id": "642630c7-ad31-4371-b135-1d743d6b0167",
        "rating": 3,
        "status": "validated"
    },
    {
        "id": "0f56fdc4-4098-44f5-876d-b3495b68c70e",
        "station_id": "104e3071-d4f9-4b33-a8bd-5c1866d35617",
        "component_id": "88afd3d1-6da3-496a-ac81-669a47256d34",
        "value": 27.9,
        "timestamp_measured": "2019-04-02T22:00:00+00:00",
        "import_log_id": "642630c7-ad31-4371-b135-1d743d6b0167",
        "rating": 3,
        "status": "validated"
    },
    {
        "id": "b1fa6742-94d3-4bac-98b6-f7b25dc7d56c",
        "station_id": "104e3071-d4f9-4b33-a8bd-5c1866d35617",
        "component_id": "88afd3d1-6da3-496a-ac81-669a47256d34",
        "value": 19.1,
        "timestamp_measured": "2019-04-02T23:00:00+00:00",
        "import_log_id": "642630c7-ad31-4371-b135-1d743d6b0167",
        "rating": 2,
        "status": "validated"
    },
    {
        "id": "8876bdb8-efaa-4782-9483-2e3ce774fe5b",
        "station_id": "104e3071-d4f9-4b33-a8bd-5c1866d35617",
        "component_id": "88afd3d1-6da3-496a-ac81-669a47256d34",
        "value": 18.9,
        "timestamp_measured": "2019-04-03T00:00:00+00:00",
        "import_log_id": "642630c7-ad31-4371-b135-1d743d6b0167",
        "rating": 2,
        "status": "validated"
    },
    {
        "id": "4b8accc4-d97e-4464-8708-f490b08081a0",
        "station_id": "104e3071-d4f9-4b33-a8bd-5c1866d35617",
        "component_id": "88afd3d1-6da3-496a-ac81-669a47256d34",
        "value": 20.9,
        "timestamp_measured": "2019-04-03T01:00:00+00:00",
        "import_log_id": "642630c7-ad31-4371-b135-1d743d6b0167",
        "rating": 3,
        "status": "validated"
    },
    {
        "id": "84e284ae-b621-4914-9e48-a6d7c2ce28d0",
        "station_id": "104e3071-d4f9-4b33-a8bd-5c1866d35617",
        "component_id": "88afd3d1-6da3-496a-ac81-669a47256d34",
        "value": 11.0,
        "timestamp_measured": "2019-04-03T02:00:00+00:00",
        "import_log_id": "642630c7-ad31-4371-b135-1d743d6b0167",
        "rating": 2,
        "status": "validated"
    },
    {
        "id": "8781ef82-6db7-43f1-9ed7-9fb478e99d7c",
        "station_id": "104e3071-d4f9-4b33-a8bd-5c1866d35617",
        "component_id": "88afd3d1-6da3-496a-ac81-669a47256d34",
        "value": 18.8,
        "timestamp_measured": "2019-04-03T03:00:00+00:00",
        "import_log_id": "642630c7-ad31-4371-b135-1d743d6b0167",
        "rating": 2,
        "status": "validated"
    },
    {
        "id": "709f7edc-c3d0-4a5f-b4a1-cd9d3d1297f1",
        "station_id": "104e3071-d4f9-4b33-a8bd-5c1866d35617",
        "component_id": "88afd3d1-6da3-496a-ac81-669a47256d34",
        "value": 23.6,
        "timestamp_measured": "2019-04-03T04:00:00+00:00",
        "import_log_id": "642630c7-ad31-4371-b135-1d743d6b0167",
        "rating": 3,
        "status": "validated"
    },
    {
        "id": "82442518-3f63-4220-8e27-6494b758bf61",
        "station_id": "104e3071-d4f9-4b33-a8bd-5c1866d35617",
        "component_id": "88afd3d1-6da3-496a-ac81-669a47256d34",
        "value": 43.1,
        "timestamp_measured": "2019-04-03T05:00:00+00:00",
        "import_log_id": "642630c7-ad31-4371-b135-1d743d6b0167",
        "rating": 4,
        "status": "validated"
    },
    {
        "id": "e9b3d882-58c5-4ff9-b0a1-eb06ce5b4d48",
        "station_id": "104e3071-d4f9-4b33-a8bd-5c1866d35617",
        "component_id": "88afd3d1-6da3-496a-ac81-669a47256d34",
        "value": 51.3,
        "timestamp_measured": "2019-04-03T06:00:00+00:00",
        "import_log_id": "642630c7-ad31-4371-b135-1d743d6b0167",
        "rating": 5,
        "status": "validated"
    },
    {
        "id": "e8ca2854-3d77-4e27-83a9-75ed2dab6d8f",
        "station_id": "104e3071-d4f9-4b33-a8bd-5c1866d35617",
        "component_id": "88afd3d1-6da3-496a-ac81-669a47256d34",
        "value": 46.5,
        "timestamp_measured": "2019-04-03T07:00:00+00:00",
        "import_log_id": "642630c7-ad31-4371-b135-1d743d6b0167",
        "rating": 5,
        "status": "validated"
    },
    {
        "id": "75c2542c-ace1-47c8-b572-0992a1b7e490",
        "station_id": "104e3071-d4f9-4b33-a8bd-5c1866d35617",
        "component_id": "88afd3d1-6da3-496a-ac81-669a47256d34",
        "value": 43.3,
        "timestamp_measured": "2019-04-03T08:00:00+00:00",
        "import_log_id": "642630c7-ad31-4371-b135-1d743d6b0167",
        "rating": 4,
        "status": "validated"
    },
    {
        "id": "7375119d-ca4d-46bc-a23a-3bd93b42f6ef",
        "station_id": "104e3071-d4f9-4b33-a8bd-5c1866d35617",
        "component_id": "88afd3d1-6da3-496a-ac81-669a47256d34",
        "value": 32.6,
        "timestamp_measured": "2019-04-03T09:00:00+00:00",
        "import_log_id": "642630c7-ad31-4371-b135-1d743d6b0167",
        "rating": 4,
        "status": "validated"
    },
    {
        "id": "331f9f5a-7935-4e11-926e-71ddc6696ad3",
        "station_id": "104e3071-d4f9-4b33-a8bd-5c1866d35617",
        "component_id": "88afd3d1-6da3-496a-ac81-669a47256d34",
        "value": 22.5,
        "timestamp_measured": "2019-04-03T10:00:00+00:00",
        "import_log_id": "642630c7-ad31-4371-b135-1d743d6b0167",
        "rating": 3,
        "status": "validated"
    },
    {
        "id": "7cd5ae69-0459-40c8-b6bb-19e7ad7030ec",
        "station_id": "104e3071-d4f9-4b33-a8bd-5c1866d35617",
        "component_id": "88afd3d1-6da3-496a-ac81-669a47256d34",
        "value": 24.8,
        "timestamp_measured": "2019-04-03T11:00:00+00:00",
        "import_log_id": "642630c7-ad31-4371-b135-1d743d6b0167",
        "rating": 3,
        "status": "validated"
    },
    {
        "id": "d7a6f173-4aa6-49b9-8f55-f80b678be5ba",
        "station_id": "104e3071-d4f9-4b33-a8bd-5c1866d35617",
        "component_id": "88afd3d1-6da3-496a-ac81-669a47256d34",
        "value": 17.1,
        "timestamp_measured": "2019-04-03T12:00:00+00:00",
        "import_log_id": "642630c7-ad31-4371-b135-1d743d6b0167",
        "rating": 2,
        "status": "validated"
    },
    {
        "id": "ec3cd791-4039-4b55-95e4-bbfea45209da",
        "station_id": "104e3071-d4f9-4b33-a8bd-5c1866d35617",
        "component_id": "88afd3d1-6da3-496a-ac81-669a47256d34",
        "value": 31.4,
        "timestamp_measured": "2019-04-03T13:00:00+00:00",
        "import_log_id": "642630c7-ad31-4371-b135-1d743d6b0167",
        "rating": 4,
        "status": "validated"
    },
    {
        "id": "28a6fabe-da46-43fb-84ef-0fefbaa4167c",
        "station_id": "104e3071-d4f9-4b33-a8bd-5c1866d35617",
        "component_id": "88afd3d1-6da3-496a-ac81-669a47256d34",
        "value": 36.1,
        "timestamp_measured": "2019-04-03T14:00:00+00:00",
        "import_log_id": "642630c7-ad31-4371-b135-1d743d6b0167",
        "rating": 4,
        "status": "validated"
    },
    {
        "id": "73c374ee-883c-4c86-ab46-aa8cda54edf4",
        "station_id": "104e3071-d4f9-4b33-a8bd-5c1866d35617",
        "component_id": "88afd3d1-6da3-496a-ac81-669a47256d34",
        "value": 27.5,
        "timestamp_measured": "2019-04-03T15:00:00+00:00",
        "import_log_id": "642630c7-ad31-4371-b135-1d743d6b0167",
        "rating": 3,
        "status": "validated"
    },
    {
        "id": "e8ac3998-65b5-44b3-b62b-bcbc782bb62f",
        "station_id": "104e3071-d4f9-4b33-a8bd-5c1866d35617",
        "component_id": "88afd3d1-6da3-496a-ac81-669a47256d34",
        "value": 25.4,
        "timestamp_measured": "2019-04-03T16:00:00+00:00",
        "import_log_id": "642630c7-ad31-4371-b135-1d743d6b0167",
        "rating": 3,
        "status": "validated"
    },
    {
        "id": "07b5fb06-fac5-42c9-83c4-1afdb0a15061",
        "station_id": "104e3071-d4f9-4b33-a8bd-5c1866d35617",
        "component_id": "88afd3d1-6da3-496a-ac81-669a47256d34",
        "value": 26.2,
        "timestamp_measured": "2019-04-03T17:00:00+00:00",
        "import_log_id": "642630c7-ad31-4371-b135-1d743d6b0167",
        "rating": 3,
        "status": "validated"
    },
    {
        "id": "e50adc6c-fed5-4968-8524-14b73672129c",
        "station_id": "104e3071-d4f9-4b33-a8bd-5c1866d35617",
        "component_id": "88afd3d1-6da3-496a-ac81-669a47256d34",
        "value": 18.7,
        "timestamp_measured": "2019-04-03T18:00:00+00:00",
        "import_log_id": "642630c7-ad31-4371-b135-1d743d6b0167",
        "rating": 2,
        "status": "validated"
    },
    {
        "id": "22a25360-4e3b-4060-8547-95e9df22a238",
        "station_id": "104e3071-d4f9-4b33-a8bd-5c1866d35617",
        "component_id": "88afd3d1-6da3-496a-ac81-669a47256d34",
        "value": 34.5,
        "timestamp_measured": "2019-04-03T19:00:00+00:00",
        "import_log_id": "642630c7-ad31-4371-b135-1d743d6b0167",
        "rating": 4,
        "status": "validated"
    },
    {
        "id": "5d20e231-f63a-4ecf-b322-d7ee8c35281e",
        "station_id": "104e3071-d4f9-4b33-a8bd-5c1866d35617",
        "component_id": "88afd3d1-6da3-496a-ac81-669a47256d34",
        "value": 21.2,
        "timestamp_measured": "2019-04-03T20:00:00+00:00",
        "import_log_id": "642630c7-ad31-4371-b135-1d743d6b0167",
        "rating": 3,
        "status": "validated"
    },
    {
        "id": "b5d3eb42-d282-4c25-a59f-efe514a8325b",
        "station_id": "104e3071-d4f9-4b33-a8bd-5c1866d35617",
        "component_id": "88afd3d1-6da3-496a-ac81-669a47256d34",
        "value": 23.0,
        "timestamp_measured": "2019-04-03T21:00:00+00:00",
        "import_log_id": "642630c7-ad31-4371-b135-1d743d6b0167",
        "rating": 3,
        "status": "validated"
    },
    {
        "id": "751bc91d-c789-4a0a-a90d-5cf2f6c38d14",
        "station_id": "104e3071-d4f9-4b33-a8bd-5c1866d35617",
        "component_id": "88afd3d1-6da3-496a-ac81-669a47256d34",
        "value": 33.3,
        "timestamp_measured": "2019-04-03T22:00:00+00:00",
        "import_log_id": "642630c7-ad31-4371-b135-1d743d6b0167",
        "rating": 4,
        "status": "validated"
    },
    {
        "id": "b42eed90-a332-4d3c-bc3b-4f9b3ab68c63",
        "station_id": "104e3071-d4f9-4b33-a8bd-5c1866d35617",
        "component_id": "88afd3d1-6da3-496a-ac81-669a47256d34",
        "value": 45.5,
        "timestamp_measured": "2019-04-03T23:00:00+00:00",
        "import_log_id": "642630c7-ad31-4371-b135-1d743d6b0167",
        "rating": 5,
        "status": "validated"
    },
    {
        "id": "ab30f1d0-1e74-4c1a-9008-8d2496ded6d6",
        "station_id": "104e3071-d4f9-4b33-a8bd-5c1866d35617",
        "component_id": "88afd3d1-6da3-496a-ac81-669a47256d34",
        "value": 37.7,
        "timestamp_measured": "2019-04-04T00:00:00+00:00",
        "import_log_id": "642630c7-ad31-4371-b135-1d743d6b0167",
        "rating": 4,
        "status": "validated"
    },
    {
        "id": "dcdf3440-0801-41a5-ad41-dccb44134b32",
        "station_id": "104e3071-d4f9-4b33-a8bd-5c1866d35617",
        "component_id": "88afd3d1-6da3-496a-ac81-669a47256d34",
        "value": 40.0,
        "timestamp_measured": "2019-04-04T01:00:00+00:00",
        "import_log_id": "642630c7-ad31-4371-b135-1d743d6b0167",
        "rating": 4,
        "status": "validated"
    },
    {
        "id": "ec039c38-06f2-47b6-b6fc-380e0621ae27",
        "station_id": "104e3071-d4f9-4b33-a8bd-5c1866d35617",
        "component_id": "88afd3d1-6da3-496a-ac81-669a47256d34",
        "value": 52.9,
        "timestamp_measured": "2019-04-04T02:00:00+00:00",
        "import_log_id": "642630c7-ad31-4371-b135-1d743d6b0167",
        "rating": 5,
        "status": "validated"
    },
    {
        "id": "1fc879f8-f38b-442a-8352-40d7a8fa280d",
        "station_id": "104e3071-d4f9-4b33-a8bd-5c1866d35617",
        "component_id": "88afd3d1-6da3-496a-ac81-669a47256d34",
        "value": 40.1,
        "timestamp_measured": "2019-04-04T03:00:00+00:00",
        "import_log_id": "642630c7-ad31-4371-b135-1d743d6b0167",
        "rating": 4,
        "status": "validated"
    },
    {
        "id": "53ffddfa-7ab6-4244-a103-7b3359562fb0",
        "station_id": "104e3071-d4f9-4b33-a8bd-5c1866d35617",
        "component_id": "88afd3d1-6da3-496a-ac81-669a47256d34",
        "value": 42.5,
        "timestamp_measured": "2019-04-04T04:00:00+00:00",
        "import_log_id": "642630c7-ad31-4371-b135-1d743d6b0167",
        "rating": 4,
        "status": "validated"
    },
    {
        "id": "c340581d-3d6f-42dd-8bee-f0be1bb7064d",
        "station_id": "104e3071-d4f9-4b33-a8bd-5c1866d35617",
        "component_id": "88afd3d1-6da3-496a-ac81-669a47256d34",
        "value": 62.2,
        "timestamp_measured": "2019-04-04T05:00:00+00:00",
        "import_log_id": "642630c7-ad31-4371-b135-1d743d6b0167",
        "rating": 6,
        "status": "validated"
    },
    {
        "id": "c18504e9-5ac0-4b39-8300-37446a6b9e06",
        "station_id": "104e3071-d4f9-4b33-a8bd-5c1866d35617",
        "component_id": "88afd3d1-6da3-496a-ac81-669a47256d34",
        "value": 66.1,
        "timestamp_measured": "2019-04-04T06:00:00+00:00",
        "import_log_id": "642630c7-ad31-4371-b135-1d743d6b0167",
        "rating": 6,
        "status": "validated"
    },
    {
        "id": "b822dc11-d312-482c-b9a9-2f1fdcaa9490",
        "station_id": "104e3071-d4f9-4b33-a8bd-5c1866d35617",
        "component_id": "88afd3d1-6da3-496a-ac81-669a47256d34",
        "value": 64.2,
        "timestamp_measured": "2019-04-04T07:00:00+00:00",
        "import_log_id": "642630c7-ad31-4371-b135-1d743d6b0167",
        "rating": 6,
        "status": "validated"
    },
    {
        "id": "89d3459f-78ad-4089-9bb8-c0515f5a3c7b",
        "station_id": "104e3071-d4f9-4b33-a8bd-5c1866d35617",
        "component_id": "88afd3d1-6da3-496a-ac81-669a47256d34",
        "value": 54.8,
        "timestamp_measured": "2019-04-04T08:00:00+00:00",
        "import_log_id": "642630c7-ad31-4371-b135-1d743d6b0167",
        "rating": 5,
        "status": "validated"
    },
    {
        "id": "2ae1d4f2-ef0d-4d9d-80f9-57a31c6b6c41",
        "station_id": "104e3071-d4f9-4b33-a8bd-5c1866d35617",
        "component_id": "88afd3d1-6da3-496a-ac81-669a47256d34",
        "value": 50.7,
        "timestamp_measured": "2019-04-04T09:00:00+00:00",
        "import_log_id": "642630c7-ad31-4371-b135-1d743d6b0167",
        "rating": 5,
        "status": "validated"
    },
    {
        "id": "af831abe-4782-4f80-8ffa-aff81c953d19",
        "station_id": "104e3071-d4f9-4b33-a8bd-5c1866d35617",
        "component_id": "88afd3d1-6da3-496a-ac81-669a47256d34",
        "value": 49.9,
        "timestamp_measured": "2019-04-04T10:00:00+00:00",
        "import_log_id": "642630c7-ad31-4371-b135-1d743d6b0167",
        "rating": 5,
        "status": "validated"
    },
    {
        "id": "944fd2cb-654a-4dba-9e07-e62cac66f448",
        "station_id": "104e3071-d4f9-4b33-a8bd-5c1866d35617",
        "component_id": "88afd3d1-6da3-496a-ac81-669a47256d34",
        "value": 33.4,
        "timestamp_measured": "2019-04-04T11:00:00+00:00",
        "import_log_id": "642630c7-ad31-4371-b135-1d743d6b0167",
        "rating": 4,
        "status": "validated"
    },
    {
        "id": "fe62f3b0-1a03-4639-88f1-113a4e9aca66",
        "station_id": "104e3071-d4f9-4b33-a8bd-5c1866d35617",
        "component_id": "88afd3d1-6da3-496a-ac81-669a47256d34",
        "value": 35.2,
        "timestamp_measured": "2019-04-04T12:00:00+00:00",
        "import_log_id": "642630c7-ad31-4371-b135-1d743d6b0167",
        "rating": 4,
        "status": "validated"
    },
    {
        "id": "e222f62c-8b39-45b1-b471-1e8f0e461369",
        "station_id": "104e3071-d4f9-4b33-a8bd-5c1866d35617",
        "component_id": "88afd3d1-6da3-496a-ac81-669a47256d34",
        "value": 33.0,
        "timestamp_measured": "2019-04-04T13:00:00+00:00",
        "import_log_id": "642630c7-ad31-4371-b135-1d743d6b0167",
        "rating": 4,
        "status": "validated"
    },
    {
        "id": "98da84d5-01cd-433b-99c2-d724fbf85b0e",
        "station_id": "104e3071-d4f9-4b33-a8bd-5c1866d35617",
        "component_id": "88afd3d1-6da3-496a-ac81-669a47256d34",
        "value": 27.5,
        "timestamp_measured": "2019-04-04T14:00:00+00:00",
        "import_log_id": "642630c7-ad31-4371-b135-1d743d6b0167",
        "rating": 3,
        "status": "validated"
    },
    {
        "id": "0050807b-2016-4283-b7f8-1aedbc88562a",
        "station_id": "104e3071-d4f9-4b33-a8bd-5c1866d35617",
        "component_id": "88afd3d1-6da3-496a-ac81-669a47256d34",
        "value": 19.5,
        "timestamp_measured": "2019-04-04T15:00:00+00:00",
        "import_log_id": "642630c7-ad31-4371-b135-1d743d6b0167",
        "rating": 2,
        "status": "validated"
    },
    {
        "id": "491517bd-0d3d-4391-b1ec-ba097a830b57",
        "station_id": "104e3071-d4f9-4b33-a8bd-5c1866d35617",
        "component_id": "88afd3d1-6da3-496a-ac81-669a47256d34",
        "value": 19.2,
        "timestamp_measured": "2019-04-04T16:00:00+00:00",
        "import_log_id": "642630c7-ad31-4371-b135-1d743d6b0167",
        "rating": 2,
        "status": "validated"
    },
    {
        "id": "da4fc17a-992e-4a7c-95a1-1af7efb962c7",
        "station_id": "104e3071-d4f9-4b33-a8bd-5c1866d35617",
        "component_id": "88afd3d1-6da3-496a-ac81-669a47256d34",
        "value": 20.7,
        "timestamp_measured": "2019-04-04T17:00:00+00:00",
        "import_log_id": "642630c7-ad31-4371-b135-1d743d6b0167",
        "rating": 3,
        "status": "validated"
    },
    {
        "id": "0a169e07-4c41-4d9e-8c6d-e6df2a2649de",
        "station_id": "104e3071-d4f9-4b33-a8bd-5c1866d35617",
        "component_id": "88afd3d1-6da3-496a-ac81-669a47256d34",
        "value": 27.1,
        "timestamp_measured": "2019-04-04T18:00:00+00:00",
        "import_log_id": "642630c7-ad31-4371-b135-1d743d6b0167",
        "rating": 3,
        "status": "validated"
    },
    {
        "id": "72bbc282-6b3d-4aed-8626-1525e2591031",
        "station_id": "104e3071-d4f9-4b33-a8bd-5c1866d35617",
        "component_id": "88afd3d1-6da3-496a-ac81-669a47256d34",
        "value": 36.9,
        "timestamp_measured": "2019-04-04T19:00:00+00:00",
        "import_log_id": "642630c7-ad31-4371-b135-1d743d6b0167",
        "rating": 4,
        "status": "validated"
    },
    {
        "id": "8c129391-68c1-4375-bfd8-ac3141b496cf",
        "station_id": "104e3071-d4f9-4b33-a8bd-5c1866d35617",
        "component_id": "88afd3d1-6da3-496a-ac81-669a47256d34",
        "value": 36.8,
        "timestamp_measured": "2019-04-04T20:00:00+00:00",
        "import_log_id": "642630c7-ad31-4371-b135-1d743d6b0167",
        "rating": 4,
        "status": "validated"
    },
    {
        "id": "6503c42f-0313-481e-8df9-9fc257f02b15",
        "station_id": "104e3071-d4f9-4b33-a8bd-5c1866d35617",
        "component_id": "88afd3d1-6da3-496a-ac81-669a47256d34",
        "value": 29.3,
        "timestamp_measured": "2019-04-04T21:00:00+00:00",
        "import_log_id": "642630c7-ad31-4371-b135-1d743d6b0167",
        "rating": 3,
        "status": "validated"
    },
    {
        "id": "48460ca2-a1dc-4f4b-ad73-237634bfd0e8",
        "station_id": "104e3071-d4f9-4b33-a8bd-5c1866d35617",
        "component_id": "88afd3d1-6da3-496a-ac81-669a47256d34",
        "value": 28.5,
        "timestamp_measured": "2019-04-04T22:00:00+00:00",
        "import_log_id": "642630c7-ad31-4371-b135-1d743d6b0167",
        "rating": 3,
        "status": "validated"
    },
    {
        "id": "5993a647-4a36-4fb1-9008-9f65056cebe8",
        "station_id": "104e3071-d4f9-4b33-a8bd-5c1866d35617",
        "component_id": "88afd3d1-6da3-496a-ac81-669a47256d34",
        "value": 27.2,
        "timestamp_measured": "2019-04-04T23:00:00+00:00",
        "import_log_id": "642630c7-ad31-4371-b135-1d743d6b0167",
        "rating": 3,
        "status": "validated"
    },
    {
        "id": "a9972217-27fb-4a0a-9c0f-35f221c1af9f",
        "station_id": "104e3071-d4f9-4b33-a8bd-5c1866d35617",
        "component_id": "88afd3d1-6da3-496a-ac81-669a47256d34",
        "value": 23.8,
        "timestamp_measured": "2019-04-05T00:00:00+00:00",
        "import_log_id": "642630c7-ad31-4371-b135-1d743d6b0167",
        "rating": 3,
        "status": "validated"
    },
    {
        "id": "de1de82b-5bef-43a1-a243-d11ed6cd2bda",
        "station_id": "104e3071-d4f9-4b33-a8bd-5c1866d35617",
        "component_id": "88afd3d1-6da3-496a-ac81-669a47256d34",
        "value": 19.1,
        "timestamp_measured": "2019-04-05T01:00:00+00:00",
        "import_log_id": "642630c7-ad31-4371-b135-1d743d6b0167",
        "rating": 2,
        "status": "validated"
    },
    {
        "id": "08871a5f-ae34-45dc-a979-c6af985a9c21",
        "station_id": "104e3071-d4f9-4b33-a8bd-5c1866d35617",
        "component_id": "88afd3d1-6da3-496a-ac81-669a47256d34",
        "value": 17.0,
        "timestamp_measured": "2019-04-05T02:00:00+00:00",
        "import_log_id": "642630c7-ad31-4371-b135-1d743d6b0167",
        "rating": 2,
        "status": "validated"
    },
    {
        "id": "ddd59bc2-56b3-4ba6-b59b-aed0155e3c84",
        "station_id": "104e3071-d4f9-4b33-a8bd-5c1866d35617",
        "component_id": "88afd3d1-6da3-496a-ac81-669a47256d34",
        "value": 18.2,
        "timestamp_measured": "2019-04-05T03:00:00+00:00",
        "import_log_id": "642630c7-ad31-4371-b135-1d743d6b0167",
        "rating": 2,
        "status": "validated"
    },
    {
        "id": "c48b98bc-e6c3-4594-9264-4c60790c8ebc",
        "station_id": "104e3071-d4f9-4b33-a8bd-5c1866d35617",
        "component_id": "88afd3d1-6da3-496a-ac81-669a47256d34",
        "value": 21.4,
        "timestamp_measured": "2019-04-05T04:00:00+00:00",
        "import_log_id": "642630c7-ad31-4371-b135-1d743d6b0167",
        "rating": 3,
        "status": "validated"
    },
    {
        "id": "20521968-89cc-4158-86ef-d0338cb1fc6f",
        "station_id": "104e3071-d4f9-4b33-a8bd-5c1866d35617",
        "component_id": "88afd3d1-6da3-496a-ac81-669a47256d34",
        "value": 44.5,
        "timestamp_measured": "2019-04-05T05:00:00+00:00",
        "import_log_id": "642630c7-ad31-4371-b135-1d743d6b0167",
        "rating": 4,
        "status": "validated"
    },
    {
        "id": "53a154aa-da82-4a19-b28d-05e960f1f179",
        "station_id": "104e3071-d4f9-4b33-a8bd-5c1866d35617",
        "component_id": "88afd3d1-6da3-496a-ac81-669a47256d34",
        "value": 73.1,
        "timestamp_measured": "2019-04-05T06:00:00+00:00",
        "import_log_id": "642630c7-ad31-4371-b135-1d743d6b0167",
        "rating": 6,
        "status": "validated"
    },
    {
        "id": "1a4fddb7-063b-4f5b-97e3-025aefa0180c",
        "station_id": "104e3071-d4f9-4b33-a8bd-5c1866d35617",
        "component_id": "88afd3d1-6da3-496a-ac81-669a47256d34",
        "value": 58.4,
        "timestamp_measured": "2019-04-05T07:00:00+00:00",
        "import_log_id": "642630c7-ad31-4371-b135-1d743d6b0167",
        "rating": 5,
        "status": "validated"
    },
    {
        "id": "c7db7186-6a3d-49f0-960f-594aef3d9d19",
        "station_id": "104e3071-d4f9-4b33-a8bd-5c1866d35617",
        "component_id": "88afd3d1-6da3-496a-ac81-669a47256d34",
        "value": 29.1,
        "timestamp_measured": "2019-04-05T08:00:00+00:00",
        "import_log_id": "642630c7-ad31-4371-b135-1d743d6b0167",
        "rating": 3,
        "status": "validated"
    },
    {
        "id": "02d1bcf9-80bc-440c-abbb-2b106270f9d5",
        "station_id": "104e3071-d4f9-4b33-a8bd-5c1866d35617",
        "component_id": "88afd3d1-6da3-496a-ac81-669a47256d34",
        "value": 20.1,
        "timestamp_measured": "2019-04-05T09:00:00+00:00",
        "import_log_id": "642630c7-ad31-4371-b135-1d743d6b0167",
        "rating": 3,
        "status": "validated"
    },
    {
        "id": "2a7beecd-15ff-459c-b876-84713fee22be",
        "station_id": "104e3071-d4f9-4b33-a8bd-5c1866d35617",
        "component_id": "88afd3d1-6da3-496a-ac81-669a47256d34",
        "value": 11.6,
        "timestamp_measured": "2019-04-05T10:00:00+00:00",
        "import_log_id": "642630c7-ad31-4371-b135-1d743d6b0167",
        "rating": 2,
        "status": "validated"
    },
    {
        "id": "d5e9d4d0-a3cc-468f-b05f-dadcb2a06569",
        "station_id": "104e3071-d4f9-4b33-a8bd-5c1866d35617",
        "component_id": "88afd3d1-6da3-496a-ac81-669a47256d34",
        "value": 13.8,
        "timestamp_measured": "2019-04-05T11:00:00+00:00",
        "import_log_id": "642630c7-ad31-4371-b135-1d743d6b0167",
        "rating": 2,
        "status": "validated"
    },
    {
        "id": "f85d8ae8-3721-48c0-b4e4-2bc64227d240",
        "station_id": "104e3071-d4f9-4b33-a8bd-5c1866d35617",
        "component_id": "88afd3d1-6da3-496a-ac81-669a47256d34",
        "value": 5.4,
        "timestamp_measured": "2019-04-05T12:00:00+00:00",
        "import_log_id": "642630c7-ad31-4371-b135-1d743d6b0167",
        "rating": 1,
        "status": "validated"
    },
    {
        "id": "72744caa-5a7e-4d48-9c0d-6a98b4ebe0d7",
        "station_id": "104e3071-d4f9-4b33-a8bd-5c1866d35617",
        "component_id": "88afd3d1-6da3-496a-ac81-669a47256d34",
        "value": 6.0,
        "timestamp_measured": "2019-04-05T13:00:00+00:00",
        "import_log_id": "642630c7-ad31-4371-b135-1d743d6b0167",
        "rating": 1,
        "status": "validated"
    },
    {
        "id": "21a3a55e-93ce-402b-b024-e28310d8fe47",
        "station_id": "104e3071-d4f9-4b33-a8bd-5c1866d35617",
        "component_id": "88afd3d1-6da3-496a-ac81-669a47256d34",
        "value": 7.1,
        "timestamp_measured": "2019-04-05T14:00:00+00:00",
        "import_log_id": "642630c7-ad31-4371-b135-1d743d6b0167",
        "rating": 1,
        "status": "validated"
    },
    {
        "id": "c4526916-e1b2-45d6-a0f0-6a37e9eb88a0",
        "station_id": "104e3071-d4f9-4b33-a8bd-5c1866d35617",
        "component_id": "88afd3d1-6da3-496a-ac81-669a47256d34",
        "value": 6.8,
        "timestamp_measured": "2019-04-05T15:00:00+00:00",
        "import_log_id": "642630c7-ad31-4371-b135-1d743d6b0167",
        "rating": 1,
        "status": "validated"
    },
    {
        "id": "c2ff8c1b-409f-4b65-bb3a-cc4ee25591f0",
        "station_id": "104e3071-d4f9-4b33-a8bd-5c1866d35617",
        "component_id": "88afd3d1-6da3-496a-ac81-669a47256d34",
        "value": 8.6,
        "timestamp_measured": "2019-04-05T16:00:00+00:00",
        "import_log_id": "642630c7-ad31-4371-b135-1d743d6b0167",
        "rating": 1,
        "status": "validated"
    },
    {
        "id": "4f7f06e9-1da0-4503-bd18-51612a42665c",
        "station_id": "104e3071-d4f9-4b33-a8bd-5c1866d35617",
        "component_id": "88afd3d1-6da3-496a-ac81-669a47256d34",
        "value": 9.3,
        "timestamp_measured": "2019-04-05T17:00:00+00:00",
        "import_log_id": "642630c7-ad31-4371-b135-1d743d6b0167",
        "rating": 1,
        "status": "validated"
    },
    {
        "id": "efe54451-5e3a-4782-b1f7-d757e740c798",
        "station_id": "104e3071-d4f9-4b33-a8bd-5c1866d35617",
        "component_id": "88afd3d1-6da3-496a-ac81-669a47256d34",
        "value": 13.5,
        "timestamp_measured": "2019-04-05T18:00:00+00:00",
        "import_log_id": "642630c7-ad31-4371-b135-1d743d6b0167",
        "rating": 2,
        "status": "validated"
    },
    {
        "id": "bc963738-e25a-4ac5-929a-0951b996bade",
        "station_id": "104e3071-d4f9-4b33-a8bd-5c1866d35617",
        "component_id": "88afd3d1-6da3-496a-ac81-669a47256d34",
        "value": 11.4,
        "timestamp_measured": "2019-04-05T19:00:00+00:00",
        "import_log_id": "642630c7-ad31-4371-b135-1d743d6b0167",
        "rating": 2,
        "status": "validated"
    },
    {
        "id": "d6d32c6c-29a7-4d27-b540-d32f80f566be",
        "station_id": "104e3071-d4f9-4b33-a8bd-5c1866d35617",
        "component_id": "88afd3d1-6da3-496a-ac81-669a47256d34",
        "value": 10.0,
        "timestamp_measured": "2019-04-05T20:00:00+00:00",
        "import_log_id": "642630c7-ad31-4371-b135-1d743d6b0167",
        "rating": 2,
        "status": "validated"
    },
    {
        "id": "7a92c554-2f06-4742-9f44-acd6b41c5986",
        "station_id": "104e3071-d4f9-4b33-a8bd-5c1866d35617",
        "component_id": "88afd3d1-6da3-496a-ac81-669a47256d34",
        "value": 12.5,
        "timestamp_measured": "2019-04-05T21:00:00+00:00",
        "import_log_id": "642630c7-ad31-4371-b135-1d743d6b0167",
        "rating": 2,
        "status": "validated"
    },
    {
        "id": "e534c614-eb2b-47a9-a90b-242c12acc613",
        "station_id": "104e3071-d4f9-4b33-a8bd-5c1866d35617",
        "component_id": "88afd3d1-6da3-496a-ac81-669a47256d34",
        "value": 7.7,
        "timestamp_measured": "2019-04-05T22:00:00+00:00",
        "import_log_id": "642630c7-ad31-4371-b135-1d743d6b0167",
        "rating": 1,
        "status": "validated"
    },
    {
        "id": "baf863c7-eed2-46bb-9345-322d36302cd6",
        "station_id": "104e3071-d4f9-4b33-a8bd-5c1866d35617",
        "component_id": "88afd3d1-6da3-496a-ac81-669a47256d34",
        "value": 6.3,
        "timestamp_measured": "2019-04-05T23:00:00+00:00",
        "import_log_id": "642630c7-ad31-4371-b135-1d743d6b0167",
        "rating": 1,
        "status": "validated"
    },
    {
        "id": "cb9f01ab-8e7a-4dd8-a6e5-cb1cefbd8e13",
        "station_id": "104e3071-d4f9-4b33-a8bd-5c1866d35617",
        "component_id": "88afd3d1-6da3-496a-ac81-669a47256d34",
        "value": 5.3,
        "timestamp_measured": "2019-04-06T00:00:00+00:00",
        "import_log_id": "642630c7-ad31-4371-b135-1d743d6b0167",
        "rating": 1,
        "status": "validated"
    },
    {
        "id": "cad21843-3453-4a84-a590-faa09358fe40",
        "station_id": "104e3071-d4f9-4b33-a8bd-5c1866d35617",
        "component_id": "88afd3d1-6da3-496a-ac81-669a47256d34",
        "value": 5.4,
        "timestamp_measured": "2019-04-06T01:00:00+00:00",
        "import_log_id": "642630c7-ad31-4371-b135-1d743d6b0167",
        "rating": 1,
        "status": "validated"
    },
    {
        "id": "17fa7d24-a239-4966-a164-3c36a2200832",
        "station_id": "104e3071-d4f9-4b33-a8bd-5c1866d35617",
        "component_id": "88afd3d1-6da3-496a-ac81-669a47256d34",
        "value": 4.2,
        "timestamp_measured": "2019-04-06T02:00:00+00:00",
        "import_log_id": "642630c7-ad31-4371-b135-1d743d6b0167",
        "rating": 1,
        "status": "validated"
    },
    {
        "id": "38b85e94-a696-42f0-bf00-53a4f6aa0230",
        "station_id": "104e3071-d4f9-4b33-a8bd-5c1866d35617",
        "component_id": "88afd3d1-6da3-496a-ac81-669a47256d34",
        "value": 4.5,
        "timestamp_measured": "2019-04-06T03:00:00+00:00",
        "import_log_id": "642630c7-ad31-4371-b135-1d743d6b0167",
        "rating": 1,
        "status": "validated"
    },
    {
        "id": "caa2e32b-8149-4088-b601-3406a0d79ca7",
        "station_id": "104e3071-d4f9-4b33-a8bd-5c1866d35617",
        "component_id": "88afd3d1-6da3-496a-ac81-669a47256d34",
        "value": 3.9,
        "timestamp_measured": "2019-04-06T04:00:00+00:00",
        "import_log_id": "642630c7-ad31-4371-b135-1d743d6b0167",
        "rating": 1,
        "status": "validated"
    },
    {
        "id": "e8e3a554-760d-4f83-8530-bf3261c6abd5",
        "station_id": "104e3071-d4f9-4b33-a8bd-5c1866d35617",
        "component_id": "88afd3d1-6da3-496a-ac81-669a47256d34",
        "value": 5.3,
        "timestamp_measured": "2019-04-06T05:00:00+00:00",
        "import_log_id": "642630c7-ad31-4371-b135-1d743d6b0167",
        "rating": 1,
        "status": "validated"
    },
    {
        "id": "3e7178c5-cad7-4a2c-bc4e-56da6612eae9",
        "station_id": "104e3071-d4f9-4b33-a8bd-5c1866d35617",
        "component_id": "88afd3d1-6da3-496a-ac81-669a47256d34",
        "value": 7.4,
        "timestamp_measured": "2019-04-06T06:00:00+00:00",
        "import_log_id": "642630c7-ad31-4371-b135-1d743d6b0167",
        "rating": 1,
        "status": "validated"
    },
    {
        "id": "987c56fd-fdfc-447e-861e-d2a6dadc2946",
        "station_id": "104e3071-d4f9-4b33-a8bd-5c1866d35617",
        "component_id": "88afd3d1-6da3-496a-ac81-669a47256d34",
        "value": 9.1,
        "timestamp_measured": "2019-04-06T07:00:00+00:00",
        "import_log_id": "642630c7-ad31-4371-b135-1d743d6b0167",
        "rating": 1,
        "status": "validated"
    },
    {
        "id": "bb68bdac-fbdd-423a-96ad-59321b6418e6",
        "station_id": "104e3071-d4f9-4b33-a8bd-5c1866d35617",
        "component_id": "88afd3d1-6da3-496a-ac81-669a47256d34",
        "value": 10.6,
        "timestamp_measured": "2019-04-06T08:00:00+00:00",
        "import_log_id": "642630c7-ad31-4371-b135-1d743d6b0167",
        "rating": 2,
        "status": "validated"
    },
    {
        "id": "46c154d4-1f33-4b7f-87d0-2c4018d1db98",
        "station_id": "104e3071-d4f9-4b33-a8bd-5c1866d35617",
        "component_id": "88afd3d1-6da3-496a-ac81-669a47256d34",
        "value": 10.9,
        "timestamp_measured": "2019-04-06T09:00:00+00:00",
        "import_log_id": "642630c7-ad31-4371-b135-1d743d6b0167",
        "rating": 2,
        "status": "validated"
    },
    {
        "id": "795961ce-aef1-47e5-b546-db8b771ab99e",
        "station_id": "104e3071-d4f9-4b33-a8bd-5c1866d35617",
        "component_id": "88afd3d1-6da3-496a-ac81-669a47256d34",
        "value": 11.5,
        "timestamp_measured": "2019-04-06T10:00:00+00:00",
        "import_log_id": "642630c7-ad31-4371-b135-1d743d6b0167",
        "rating": 2,
        "status": "validated"
    },
    {
        "id": "0e182811-553f-4299-a029-a9f76625df52",
        "station_id": "104e3071-d4f9-4b33-a8bd-5c1866d35617",
        "component_id": "88afd3d1-6da3-496a-ac81-669a47256d34",
        "value": 9.3,
        "timestamp_measured": "2019-04-06T11:00:00+00:00",
        "import_log_id": "642630c7-ad31-4371-b135-1d743d6b0167",
        "rating": 1,
        "status": "validated"
    },
    {
        "id": "4ca3ee63-24f3-44c2-9c5d-5c9d7d5f0084",
        "station_id": "104e3071-d4f9-4b33-a8bd-5c1866d35617",
        "component_id": "88afd3d1-6da3-496a-ac81-669a47256d34",
        "value": 7.8,
        "timestamp_measured": "2019-04-06T12:00:00+00:00",
        "import_log_id": "642630c7-ad31-4371-b135-1d743d6b0167",
        "rating": 1,
        "status": "validated"
    },
    {
        "id": "bb77d2f5-02a2-4efd-822c-88681c2e17f3",
        "station_id": "104e3071-d4f9-4b33-a8bd-5c1866d35617",
        "component_id": "88afd3d1-6da3-496a-ac81-669a47256d34",
        "value": 9.2,
        "timestamp_measured": "2019-04-06T13:00:00+00:00",
        "import_log_id": "642630c7-ad31-4371-b135-1d743d6b0167",
        "rating": 1,
        "status": "validated"
    },
    {
        "id": "9859b41a-1f5c-4833-bb38-99a14d5cb5b4",
        "station_id": "104e3071-d4f9-4b33-a8bd-5c1866d35617",
        "component_id": "88afd3d1-6da3-496a-ac81-669a47256d34",
        "value": 10.3,
        "timestamp_measured": "2019-04-06T14:00:00+00:00",
        "import_log_id": "642630c7-ad31-4371-b135-1d743d6b0167",
        "rating": 2,
        "status": "validated"
    },
    {
        "id": "4fa66dbf-d83b-4bcc-8b76-f111836ffc8f",
        "station_id": "104e3071-d4f9-4b33-a8bd-5c1866d35617",
        "component_id": "88afd3d1-6da3-496a-ac81-669a47256d34",
        "value": 11.4,
        "timestamp_measured": "2019-04-06T15:00:00+00:00",
        "import_log_id": "642630c7-ad31-4371-b135-1d743d6b0167",
        "rating": 2,
        "status": "validated"
    },
    {
        "id": "d23de2db-bde2-4a80-976a-1968bb350d37",
        "station_id": "104e3071-d4f9-4b33-a8bd-5c1866d35617",
        "component_id": "88afd3d1-6da3-496a-ac81-669a47256d34",
        "value": 11.5,
        "timestamp_measured": "2019-04-06T16:00:00+00:00",
        "import_log_id": "642630c7-ad31-4371-b135-1d743d6b0167",
        "rating": 2,
        "status": "validated"
    },
    {
        "id": "ac02af82-c66b-499f-bfab-d331769adc98",
        "station_id": "104e3071-d4f9-4b33-a8bd-5c1866d35617",
        "component_id": "88afd3d1-6da3-496a-ac81-669a47256d34",
        "value": 13.7,
        "timestamp_measured": "2019-04-06T17:00:00+00:00",
        "import_log_id": "642630c7-ad31-4371-b135-1d743d6b0167",
        "rating": 2,
        "status": "validated"
    },
    {
        "id": "005c2430-d738-4e46-838d-83b15239952f",
        "station_id": "104e3071-d4f9-4b33-a8bd-5c1866d35617",
        "component_id": "88afd3d1-6da3-496a-ac81-669a47256d34",
        "value": 18.9,
        "timestamp_measured": "2019-04-06T18:00:00+00:00",
        "import_log_id": "642630c7-ad31-4371-b135-1d743d6b0167",
        "rating": 2,
        "status": "validated"
    },
    {
        "id": "3a0780bd-5039-47cc-bdb8-e71aef7a4278",
        "station_id": "104e3071-d4f9-4b33-a8bd-5c1866d35617",
        "component_id": "88afd3d1-6da3-496a-ac81-669a47256d34",
        "value": 18.2,
        "timestamp_measured": "2019-04-06T19:00:00+00:00",
        "import_log_id": "642630c7-ad31-4371-b135-1d743d6b0167",
        "rating": 2,
        "status": "validated"
    },
    {
        "id": "54e85d87-6214-492d-bca0-01636eeb2711",
        "station_id": "104e3071-d4f9-4b33-a8bd-5c1866d35617",
        "component_id": "88afd3d1-6da3-496a-ac81-669a47256d34",
        "value": 18.2,
        "timestamp_measured": "2019-04-06T20:00:00+00:00",
        "import_log_id": "642630c7-ad31-4371-b135-1d743d6b0167",
        "rating": 2,
        "status": "validated"
    },
    {
        "id": "b6820d9d-3048-4f00-9ad0-b95de75d511b",
        "station_id": "104e3071-d4f9-4b33-a8bd-5c1866d35617",
        "component_id": "88afd3d1-6da3-496a-ac81-669a47256d34",
        "value": 28.7,
        "timestamp_measured": "2019-04-06T21:00:00+00:00",
        "import_log_id": "642630c7-ad31-4371-b135-1d743d6b0167",
        "rating": 3,
        "status": "validated"
    },
    {
        "id": "1de3fc44-ddd4-4c22-a628-ea6a99930565",
        "station_id": "104e3071-d4f9-4b33-a8bd-5c1866d35617",
        "component_id": "88afd3d1-6da3-496a-ac81-669a47256d34",
        "value": 25.2,
        "timestamp_measured": "2019-04-06T22:00:00+00:00",
        "import_log_id": "642630c7-ad31-4371-b135-1d743d6b0167",
        "rating": 3,
        "status": "validated"
    },
    {
        "id": "d81848a6-17f4-4cb3-8485-6b6b2f056116",
        "station_id": "104e3071-d4f9-4b33-a8bd-5c1866d35617",
        "component_id": "88afd3d1-6da3-496a-ac81-669a47256d34",
        "value": 15.9,
        "timestamp_measured": "2019-04-06T23:00:00+00:00",
        "import_log_id": "642630c7-ad31-4371-b135-1d743d6b0167",
        "rating": 2,
        "status": "validated"
    },
    {
        "id": "69c07197-4af2-44c0-a596-79047fbc2f62",
        "station_id": "104e3071-d4f9-4b33-a8bd-5c1866d35617",
        "component_id": "88afd3d1-6da3-496a-ac81-669a47256d34",
        "value": 13.6,
        "timestamp_measured": "2019-04-07T00:00:00+00:00",
        "import_log_id": "642630c7-ad31-4371-b135-1d743d6b0167",
        "rating": 2,
        "status": "validated"
    },
    {
        "id": "d46269ce-d19d-4e9c-b515-72eb149aa175",
        "station_id": "104e3071-d4f9-4b33-a8bd-5c1866d35617",
        "component_id": "88afd3d1-6da3-496a-ac81-669a47256d34",
        "value": 11.9,
        "timestamp_measured": "2019-04-07T01:00:00+00:00",
        "import_log_id": "642630c7-ad31-4371-b135-1d743d6b0167",
        "rating": 2,
        "status": "validated"
    },
    {
        "id": "f7e44c5d-8c80-4b9e-942d-6b33752c9b1c",
        "station_id": "104e3071-d4f9-4b33-a8bd-5c1866d35617",
        "component_id": "88afd3d1-6da3-496a-ac81-669a47256d34",
        "value": 10.0,
        "timestamp_measured": "2019-04-07T02:00:00+00:00",
        "import_log_id": "642630c7-ad31-4371-b135-1d743d6b0167",
        "rating": 2,
        "status": "validated"
    },
    {
        "id": "3c33caa6-73c2-4259-8303-336d4e58cb13",
        "station_id": "104e3071-d4f9-4b33-a8bd-5c1866d35617",
        "component_id": "88afd3d1-6da3-496a-ac81-669a47256d34",
        "value": 10.0,
        "timestamp_measured": "2019-04-07T03:00:00+00:00",
        "import_log_id": "642630c7-ad31-4371-b135-1d743d6b0167",
        "rating": 2,
        "status": "validated"
    },
    {
        "id": "1e74d325-b48a-4abf-96db-25cd861e1e6f",
        "station_id": "104e3071-d4f9-4b33-a8bd-5c1866d35617",
        "component_id": "88afd3d1-6da3-496a-ac81-669a47256d34",
        "value": 10.7,
        "timestamp_measured": "2019-04-07T04:00:00+00:00",
        "import_log_id": "642630c7-ad31-4371-b135-1d743d6b0167",
        "rating": 2,
        "status": "validated"
    },
    {
        "id": "329a473d-ba43-4ce1-8848-3273eb33acb0",
        "station_id": "104e3071-d4f9-4b33-a8bd-5c1866d35617",
        "component_id": "88afd3d1-6da3-496a-ac81-669a47256d34",
        "value": 14.0,
        "timestamp_measured": "2019-04-07T05:00:00+00:00",
        "import_log_id": "642630c7-ad31-4371-b135-1d743d6b0167",
        "rating": 2,
        "status": "validated"
    },
    {
        "id": "4075487e-328b-4c4b-b8e6-a1f5dc0c09d0",
        "station_id": "104e3071-d4f9-4b33-a8bd-5c1866d35617",
        "component_id": "88afd3d1-6da3-496a-ac81-669a47256d34",
        "value": 15.6,
        "timestamp_measured": "2019-04-07T06:00:00+00:00",
        "import_log_id": "642630c7-ad31-4371-b135-1d743d6b0167",
        "rating": 2,
        "status": "validated"
    },
    {
        "id": "67696428-1ee4-4292-ba89-04abd27946b4",
        "station_id": "104e3071-d4f9-4b33-a8bd-5c1866d35617",
        "component_id": "88afd3d1-6da3-496a-ac81-669a47256d34",
        "value": 18.3,
        "timestamp_measured": "2019-04-07T07:00:00+00:00",
        "import_log_id": "642630c7-ad31-4371-b135-1d743d6b0167",
        "rating": 2,
        "status": "validated"
    },
    {
        "id": "5ef96acb-67f0-469f-9c4a-a5ed5b4552b2",
        "station_id": "104e3071-d4f9-4b33-a8bd-5c1866d35617",
        "component_id": "88afd3d1-6da3-496a-ac81-669a47256d34",
        "value": 12.8,
        "timestamp_measured": "2019-04-07T08:00:00+00:00",
        "import_log_id": "642630c7-ad31-4371-b135-1d743d6b0167",
        "rating": 2,
        "status": "validated"
    },
    {
        "id": "8bc4b514-cee9-468a-a953-749f81e40294",
        "station_id": "104e3071-d4f9-4b33-a8bd-5c1866d35617",
        "component_id": "88afd3d1-6da3-496a-ac81-669a47256d34",
        "value": 12.8,
        "timestamp_measured": "2019-04-07T09:00:00+00:00",
        "import_log_id": "642630c7-ad31-4371-b135-1d743d6b0167",
        "rating": 2,
        "status": "validated"
    },
    {
        "id": "3b0aa68a-80cd-4717-b82f-e65fc3bfd148",
        "station_id": "104e3071-d4f9-4b33-a8bd-5c1866d35617",
        "component_id": "88afd3d1-6da3-496a-ac81-669a47256d34",
        "value": 12.5,
        "timestamp_measured": "2019-04-07T10:00:00+00:00",
        "import_log_id": "642630c7-ad31-4371-b135-1d743d6b0167",
        "rating": 2,
        "status": "validated"
    },
    {
        "id": "4716285e-56f3-4730-9910-3f0212b73d89",
        "station_id": "104e3071-d4f9-4b33-a8bd-5c1866d35617",
        "component_id": "88afd3d1-6da3-496a-ac81-669a47256d34",
        "value": 11.1,
        "timestamp_measured": "2019-04-07T11:00:00+00:00",
        "import_log_id": "642630c7-ad31-4371-b135-1d743d6b0167",
        "rating": 2,
        "status": "validated"
    },
    {
        "id": "ff0d5fd9-8ce8-4590-849c-0828af74864a",
        "station_id": "104e3071-d4f9-4b33-a8bd-5c1866d35617",
        "component_id": "88afd3d1-6da3-496a-ac81-669a47256d34",
        "value": 10.7,
        "timestamp_measured": "2019-04-07T12:00:00+00:00",
        "import_log_id": "642630c7-ad31-4371-b135-1d743d6b0167",
        "rating": 2,
        "status": "validated"
    },
    {
        "id": "d8bd66f3-9c51-42f8-bdb4-7a9785023460",
        "station_id": "104e3071-d4f9-4b33-a8bd-5c1866d35617",
        "component_id": "88afd3d1-6da3-496a-ac81-669a47256d34",
        "value": 9.2,
        "timestamp_measured": "2019-04-07T13:00:00+00:00",
        "import_log_id": "642630c7-ad31-4371-b135-1d743d6b0167",
        "rating": 1,
        "status": "validated"
    },
    {
        "id": "f34a1086-3915-4e76-be75-13f76edc80ba",
        "station_id": "104e3071-d4f9-4b33-a8bd-5c1866d35617",
        "component_id": "88afd3d1-6da3-496a-ac81-669a47256d34",
        "value": 8.2,
        "timestamp_measured": "2019-04-07T14:00:00+00:00",
        "import_log_id": "642630c7-ad31-4371-b135-1d743d6b0167",
        "rating": 1,
        "status": "validated"
    },
    {
        "id": "e88cc8e0-e607-4eda-8a02-d0f86bb29532",
        "station_id": "104e3071-d4f9-4b33-a8bd-5c1866d35617",
        "component_id": "88afd3d1-6da3-496a-ac81-669a47256d34",
        "value": 7.2,
        "timestamp_measured": "2019-04-07T15:00:00+00:00",
        "import_log_id": "642630c7-ad31-4371-b135-1d743d6b0167",
        "rating": 1,
        "status": "validated"
    },
    {
        "id": "f99b7fc8-541c-4789-94c7-6de9b3ce0b8b",
        "station_id": "104e3071-d4f9-4b33-a8bd-5c1866d35617",
        "component_id": "88afd3d1-6da3-496a-ac81-669a47256d34",
        "value": 8.5,
        "timestamp_measured": "2019-04-07T16:00:00+00:00",
        "import_log_id": "642630c7-ad31-4371-b135-1d743d6b0167",
        "rating": 1,
        "status": "validated"
    },
    {
        "id": "368120dc-1606-44e7-82a4-7998e7540354",
        "station_id": "104e3071-d4f9-4b33-a8bd-5c1866d35617",
        "component_id": "88afd3d1-6da3-496a-ac81-669a47256d34",
        "value": 10.7,
        "timestamp_measured": "2019-04-07T17:00:00+00:00",
        "import_log_id": "642630c7-ad31-4371-b135-1d743d6b0167",
        "rating": 2,
        "status": "validated"
    },
    {
        "id": "4e8bb9de-de0b-44f3-85db-cde2064938bb",
        "station_id": "104e3071-d4f9-4b33-a8bd-5c1866d35617",
        "component_id": "88afd3d1-6da3-496a-ac81-669a47256d34",
        "value": 14.0,
        "timestamp_measured": "2019-04-07T18:00:00+00:00",
        "import_log_id": "642630c7-ad31-4371-b135-1d743d6b0167",
        "rating": 2,
        "status": "validated"
    },
    {
        "id": "813f5431-0b90-4ff2-b739-06d0fe8b6aa0",
        "station_id": "104e3071-d4f9-4b33-a8bd-5c1866d35617",
        "component_id": "88afd3d1-6da3-496a-ac81-669a47256d34",
        "value": 17.2,
        "timestamp_measured": "2019-04-07T19:00:00+00:00",
        "import_log_id": "642630c7-ad31-4371-b135-1d743d6b0167",
        "rating": 2,
        "status": "validated"
    },
    {
        "id": "09e6623b-14dd-4789-96be-28774716db60",
        "station_id": "104e3071-d4f9-4b33-a8bd-5c1866d35617",
        "component_id": "88afd3d1-6da3-496a-ac81-669a47256d34",
        "value": 20.8,
        "timestamp_measured": "2019-04-07T20:00:00+00:00",
        "import_log_id": "642630c7-ad31-4371-b135-1d743d6b0167",
        "rating": 3,
        "status": "validated"
    },
    {
        "id": "de825ba0-7e3e-46d0-a7d0-8d798f7dd792",
        "station_id": "104e3071-d4f9-4b33-a8bd-5c1866d35617",
        "component_id": "88afd3d1-6da3-496a-ac81-669a47256d34",
        "value": 23.5,
        "timestamp_measured": "2019-04-07T21:00:00+00:00",
        "import_log_id": "642630c7-ad31-4371-b135-1d743d6b0167",
        "rating": 3,
        "status": "validated"
    },
    {
        "id": "eb047868-2f15-4d46-987c-c68f0d0c9e7e",
        "station_id": "104e3071-d4f9-4b33-a8bd-5c1866d35617",
        "component_id": "88afd3d1-6da3-496a-ac81-669a47256d34",
        "value": -999.0,
        "timestamp_measured": "2019-04-07T22:00:00+00:00",
        "import_log_id": "642630c7-ad31-4371-b135-1d743d6b0167",
        "rating": -999,
        "status": "unvalidated"
    }
]