[
    {
        "id": "eb805abd-3e91-40ec-820c-d8eb8ba67a30",
        "station_id": "f2363dcb-5f8f-4356-8833-756824e62b88",
        "component_id": "88afd3d1-6da3-496a-ac81-669a47256d34",
        "value": 4.6,
        "timestamp_measured": "2019-03-31T22:00:00+00:00",
        "import_log_id": "1c26e96c-6c71-44c5-88a0-b04be9d8e65d",
        "rating": 1,
        "status": "validated"
    },
    {
        "id": "f5d6754d-f11f-42b7-972c-601258b61f51",
        "station_id": "f2363dcb-5f8f-4356-8833-756824e62b88",
        "component_id": "88afd3d1-6da3-496a-ac81-669a47256d34",
        "value": 5.3,
        "timestamp_measured": "2019-03-31T23:00:00+00:00",
        "import_log_id": "1c26e96c-6c71-44c5-88a0-b04be9d8e65d",
        "rating": 1,
        "status": "validated"
    },
    {
        "id": "d0ad4f04-5798-4730-8cb5-76ce9b90c207",
        "station_id": "f2363dcb-5f8f-4356-8833-756824e62b88",
        "component_id": "88afd3d1-6da3-496a-ac81-669a47256d34",
        "value": 4.8,
        "timestamp_measured": "2019-04-01T00:00:00+00:00",
        "import_log_id": "1c26e96c-6c71-44c5-88a0-b04be9d8e65d",
        "rating": 1,
        "status": "validated"
    },
    {
        "id": "c52c7b2e-bf9a-4274-a6f6-3277f8fe4023",
        "station_id": "f2363dcb-5f8f-4356-8833-756824e62b88",
        "component_id": "88afd3d1-6da3-496a-ac81-669a47256d34",
        "value": 3.1,
        "timestamp_measured": "2019-04-01T01:00:00+00:00",
        "import_log_id": "1c26e96c-6c71-44c5-88a0-b04be9d8e65d",
        "rating": 1,
        "status": "validated"
    },
    {
        "id": "06850dd0-9082-4b99-b06f-d2e2be24e843",
        "station_id": "f2363dcb-5f8f-4356-8833-756824e62b88",
        "component_id": "88afd3d1-6da3-496a-ac81-669a47256d34",
        "value": 4.0,
        "timestamp_measured": "2019-04-01T02:00:00+00:00",
        "import_log_id": "1c26e96c-6c71-44c5-88a0-b04be9d8e65d",
        "rating": 1,
        "status": "validated"
    },
    {
        "id": "147b5a2d-f31b-4321-924a-29fc7089bf92",
        "station_id": "f2363dcb-5f8f-4356-8833-756824e62b88",
        "component_id": "88afd3d1-6da3-496a-ac81-669a47256d34",
        "value": 5.3,
        "timestamp_measured": "2019-04-01T03:00:00+00:00",
        "import_log_id": "1c26e96c-6c71-44c5-88a0-b04be9d8e65d",
        "rating": 1,
        "status": "validated"
    },
    {
        "id": "c1b6ee13-cee4-4a4c-9a65-5183fad13503",
        "station_id": "f2363dcb-5f8f-4356-8833-756824e62b88",
        "component_id": "88afd3d1-6da3-496a-ac81-669a47256d34",
        "value": 8.0,
        "timestamp_measured": "2019-04-01T04:00:00+00:00",
        "import_log_id": "1c26e96c-6c71-44c5-88a0-b04be9d8e65d",
        "rating": 1,
        "status": "validated"
    },
    {
        "id": "6d93249d-1c44-45ca-93e7-9c6fae9a60bb",
        "station_id": "f2363dcb-5f8f-4356-8833-756824e62b88",
        "component_id": "88afd3d1-6da3-496a-ac81-669a47256d34",
        "value": 13.0,
        "timestamp_measured": "2019-04-01T05:00:00+00:00",
        "import_log_id": "1c26e96c-6c71-44c5-88a0-b04be9d8e65d",
        "rating": 2,
        "status": "validated"
    },
    {
        "id": "91768247-7b98-48d5-9820-2fac1b46f869",
        "station_id": "f2363dcb-5f8f-4356-8833-756824e62b88",
        "component_id": "88afd3d1-6da3-496a-ac81-669a47256d34",
        "value": 22.5,
        "timestamp_measured": "2019-04-01T06:00:00+00:00",
        "import_log_id": "1c26e96c-6c71-44c5-88a0-b04be9d8e65d",
        "rating": 3,
        "status": "validated"
    },
    {
        "id": "14095f7e-9000-4660-ab1e-b5266f5f72e6",
        "station_id": "f2363dcb-5f8f-4356-8833-756824e62b88",
        "component_id": "88afd3d1-6da3-496a-ac81-669a47256d34",
        "value": 26.4,
        "timestamp_measured": "2019-04-01T07:00:00+00:00",
        "import_log_id": "1c26e96c-6c71-44c5-88a0-b04be9d8e65d",
        "rating": 3,
        "status": "validated"
    },
    {
        "id": "98e2a227-fad4-4011-a4a9-d559c9d32bab",
        "station_id": "f2363dcb-5f8f-4356-8833-756824e62b88",
        "component_id": "88afd3d1-6da3-496a-ac81-669a47256d34",
        "value": 26.0,
        "timestamp_measured": "2019-04-01T08:00:00+00:00",
        "import_log_id": "1c26e96c-6c71-44c5-88a0-b04be9d8e65d",
        "rating": 3,
        "status": "validated"
    },
    {
        "id": "f3b54607-fe43-4375-9405-dae307b0a1d7",
        "station_id": "f2363dcb-5f8f-4356-8833-756824e62b88",
        "component_id": "88afd3d1-6da3-496a-ac81-669a47256d34",
        "value": 22.0,
        "timestamp_measured": "2019-04-01T09:00:00+00:00",
        "import_log_id": "1c26e96c-6c71-44c5-88a0-b04be9d8e65d",
        "rating": 3,
        "status": "validated"
    },
    {
        "id": "e096b7e1-17b8-4496-81c6-b5057f4ec037",
        "station_id": "f2363dcb-5f8f-4356-8833-756824e62b88",
        "component_id": "88afd3d1-6da3-496a-ac81-669a47256d34",
        "value": 20.6,
        "timestamp_measured": "2019-04-01T10:00:00+00:00",
        "import_log_id": "1c26e96c-6c71-44c5-88a0-b04be9d8e65d",
        "rating": 3,
        "status": "validated"
    },
    {
        "id": "81fbf3ea-e642-46ca-97ca-d510c9a27224",
        "station_id": "f2363dcb-5f8f-4356-8833-756824e62b88",
        "component_id": "88afd3d1-6da3-496a-ac81-669a47256d34",
        "value": 18.1,
        "timestamp_measured": "2019-04-01T11:00:00+00:00",
        "import_log_id": "1c26e96c-6c71-44c5-88a0-b04be9d8e65d",
        "rating": 2,
        "status": "validated"
    },
    {
        "id": "48d53cc1-14b4-4e6b-8e81-bff1b73ed445",
        "station_id": "f2363dcb-5f8f-4356-8833-756824e62b88",
        "component_id": "88afd3d1-6da3-496a-ac81-669a47256d34",
        "value": 14.7,
        "timestamp_measured": "2019-04-01T12:00:00+00:00",
        "import_log_id": "1c26e96c-6c71-44c5-88a0-b04be9d8e65d",
        "rating": 2,
        "status": "validated"
    },
    {
        "id": "84e5a857-0ae4-46ff-9b44-d53655e87f8c",
        "station_id": "f2363dcb-5f8f-4356-8833-756824e62b88",
        "component_id": "88afd3d1-6da3-496a-ac81-669a47256d34",
        "value": 16.2,
        "timestamp_measured": "2019-04-01T13:00:00+00:00",
        "import_log_id": "1c26e96c-6c71-44c5-88a0-b04be9d8e65d",
        "rating": 2,
        "status": "validated"
    },
    {
        "id": "914cdddc-8975-40e9-8448-c4f54d7072c4",
        "station_id": "f2363dcb-5f8f-4356-8833-756824e62b88",
        "component_id": "88afd3d1-6da3-496a-ac81-669a47256d34",
        "value": 18.5,
        "timestamp_measured": "2019-04-01T14:00:00+00:00",
        "import_log_id": "1c26e96c-6c71-44c5-88a0-b04be9d8e65d",
        "rating": 2,
        "status": "validated"
    },
    {
        "id": "08ea0264-e4b3-4673-9ddf-8f8de9397ef7",
        "station_id": "f2363dcb-5f8f-4356-8833-756824e62b88",
        "component_id": "88afd3d1-6da3-496a-ac81-669a47256d34",
        "value": 17.0,
        "timestamp_measured": "2019-04-01T15:00:00+00:00",
        "import_log_id": "1c26e96c-6c71-44c5-88a0-b04be9d8e65d",
        "rating": 2,
        "status": "validated"
    },
    {
        "id": "8a732aa9-4a12-4054-8770-239f68d58545",
        "station_id": "f2363dcb-5f8f-4356-8833-756824e62b88",
        "component_id": "88afd3d1-6da3-496a-ac81-669a47256d34",
        "value": 18.3,
        "timestamp_measured": "2019-04-01T16:00:00+00:00",
        "import_log_id": "1c26e96c-6c71-44c5-88a0-b04be9d8e65d",
        "rating": 2,
        "status": "validated"
    },
    {
        "id": "c81bef12-56cd-417d-bad5-131bd80fd166",
        "station_id": "f2363dcb-5f8f-4356-8833-756824e62b88",
        "component_id": "88afd3d1-6da3-496a-ac81-669a47256d34",
        "value": 18.3,
        "timestamp_measured": "2019-04-01T17:00:00+00:00",
        "import_log_id": "1c26e96c-6c71-44c5-88a0-b04be9d8e65d",
        "rating": 2,
        "status": "validated"
    },
    {
        "id": "46d4bb13-d901-4a4f-84da-f9b545224305",
        "station_id": "f2363dcb-5f8f-4356-8833-756824e62b88",
        "component_id": "88afd3d1-6da3-496a-ac81-669a47256d34",
        "value": 21.0,
        "timestamp_measured": "2019-04-01T18:00:00+00:00",
        "import_log_id": "1c26e96c-6c71-44c5-88a0-b04be9d8e65d",
        "rating": 3,
        "status": "validated"
    },
    {
        "id": "b022cad1-0558-4aa9-9589-6a3566f6d2bd",
        "station_id": "f2363dcb-5f8f-4356-8833-756824e62b88",
        "component_id": "88afd3d1-6da3-496a-ac81-669a47256d34",
        "value": 27.1,
        "timestamp_measured": "2019-04-01T19:00:00+00:00",
        "import_log_id": "1c26e96c-6c71-44c5-88a0-b04be9d8e65d",
        "rating": 3,
        "status": "validated"
    },
    {
        "id": "6d58aee1-6a31-4136-9621-1a5c09c5d100",
        "station_id": "f2363dcb-5f8f-4356-8833-756824e62b88",
        "component_id": "88afd3d1-6da3-496a-ac81-669a47256d34",
        "value": 26.9,
        "timestamp_measured": "2019-04-01T20:00:00+00:00",
        "import_log_id": "1c26e96c-6c71-44c5-88a0-b04be9d8e65d",
        "rating": 3,
        "status": "validated"
    },
    {
        "id": "22cd2a49-7ad5-4d2b-9842-5e57b75046f1",
        "station_id": "f2363dcb-5f8f-4356-8833-756824e62b88",
        "component_id": "88afd3d1-6da3-496a-ac81-669a47256d34",
        "value": 31.3,
        "timestamp_measured": "2019-04-01T21:00:00+00:00",
        "import_log_id": "1c26e96c-6c71-44c5-88a0-b04be9d8e65d",
        "rating": 4,
        "status": "validated"
    },
    {
        "id": "51cf3799-f074-4f97-9648-0c90397ad387",
        "station_id": "f2363dcb-5f8f-4356-8833-756824e62b88",
        "component_id": "88afd3d1-6da3-496a-ac81-669a47256d34",
        "value": 33.0,
        "timestamp_measured": "2019-04-01T22:00:00+00:00",
        "import_log_id": "1c26e96c-6c71-44c5-88a0-b04be9d8e65d",
        "rating": 4,
        "status": "validated"
    },
    {
        "id": "208cb17b-f9d1-4fd4-b8c2-4b2f198277a0",
        "station_id": "f2363dcb-5f8f-4356-8833-756824e62b88",
        "component_id": "88afd3d1-6da3-496a-ac81-669a47256d34",
        "value": 45.6,
        "timestamp_measured": "2019-04-01T23:00:00+00:00",
        "import_log_id": "1c26e96c-6c71-44c5-88a0-b04be9d8e65d",
        "rating": 5,
        "status": "validated"
    },
    {
        "id": "1e383884-2afb-42ce-8b96-8047ed15610d",
        "station_id": "f2363dcb-5f8f-4356-8833-756824e62b88",
        "component_id": "88afd3d1-6da3-496a-ac81-669a47256d34",
        "value": 48.5,
        "timestamp_measured": "2019-04-02T00:00:00+00:00",
        "import_log_id": "1c26e96c-6c71-44c5-88a0-b04be9d8e65d",
        "rating": 5,
        "status": "validated"
    },
    {
        "id": "6a545514-e2bb-4a12-a40e-6df12aef11b1",
        "station_id": "f2363dcb-5f8f-4356-8833-756824e62b88",
        "component_id": "88afd3d1-6da3-496a-ac81-669a47256d34",
        "value": 37.4,
        "timestamp_measured": "2019-04-02T01:00:00+00:00",
        "import_log_id": "1c26e96c-6c71-44c5-88a0-b04be9d8e65d",
        "rating": 4,
        "status": "validated"
    },
    {
        "id": "0c43d321-db8d-48ee-bd33-e55062f0482f",
        "station_id": "f2363dcb-5f8f-4356-8833-756824e62b88",
        "component_id": "88afd3d1-6da3-496a-ac81-669a47256d34",
        "value": 55.8,
        "timestamp_measured": "2019-04-02T02:00:00+00:00",
        "import_log_id": "1c26e96c-6c71-44c5-88a0-b04be9d8e65d",
        "rating": 5,
        "status": "validated"
    },
    {
        "id": "87fa6b72-1325-4b20-b726-24cc4b9dead0",
        "station_id": "f2363dcb-5f8f-4356-8833-756824e62b88",
        "component_id": "88afd3d1-6da3-496a-ac81-669a47256d34",
        "value": 67.4,
        "timestamp_measured": "2019-04-02T03:00:00+00:00",
        "import_log_id": "1c26e96c-6c71-44c5-88a0-b04be9d8e65d",
        "rating": 6,
        "status": "validated"
    },
    {
        "id": "3ffbb04e-f07b-49be-a14e-f69be1a2372b",
        "station_id": "f2363dcb-5f8f-4356-8833-756824e62b88",
        "component_id": "88afd3d1-6da3-496a-ac81-669a47256d34",
        "value": 59.0,
        "timestamp_measured": "2019-04-02T04:00:00+00:00",
        "import_log_id": "1c26e96c-6c71-44c5-88a0-b04be9d8e65d",
        "rating": 5,
        "status": "validated"
    },
    {
        "id": "6ddcd941-50e0-4c2d-960a-0ae0f3f3698e",
        "station_id": "f2363dcb-5f8f-4356-8833-756824e62b88",
        "component_id": "88afd3d1-6da3-496a-ac81-669a47256d34",
        "value": 68.2,
        "timestamp_measured": "2019-04-02T05:00:00+00:00",
        "import_log_id": "1c26e96c-6c71-44c5-88a0-b04be9d8e65d",
        "rating": 6,
        "status": "validated"
    },
    {
        "id": "9456e82b-2498-43aa-b8e1-9ba9f0233b92",
        "station_id": "f2363dcb-5f8f-4356-8833-756824e62b88",
        "component_id": "88afd3d1-6da3-496a-ac81-669a47256d34",
        "value": 69.0,
        "timestamp_measured": "2019-04-02T06:00:00+00:00",
        "import_log_id": "1c26e96c-6c71-44c5-88a0-b04be9d8e65d",
        "rating": 6,
        "status": "validated"
    },
    {
        "id": "e65d3022-3848-44ef-91b0-608e0ea33cdc",
        "station_id": "f2363dcb-5f8f-4356-8833-756824e62b88",
        "component_id": "88afd3d1-6da3-496a-ac81-669a47256d34",
        "value": 64.7,
        "timestamp_measured": "2019-04-02T07:00:00+00:00",
        "import_log_id": "1c26e96c-6c71-44c5-88a0-b04be9d8e65d",
        "rating": 6,
        "status": "validated"
    },
    {
        "id": "3e2b02b3-83c0-4797-993d-61ecfda69343",
        "station_id": "f2363dcb-5f8f-4356-8833-756824e62b88",
        "component_id": "88afd3d1-6da3-496a-ac81-669a47256d34",
        "value": 60.9,
        "timestamp_measured": "2019-04-02T08:00:00+00:00",
        "import_log_id": "1c26e96c-6c71-44c5-88a0-b04be9d8e65d",
        "rating": 6,
        "status": "validated"
    },
    {
        "id": "efb2a1cf-0959-4445-9dff-4ef7b02a0a8d",
        "station_id": "f2363dcb-5f8f-4356-8833-756824e62b88",
        "component_id": "88afd3d1-6da3-496a-ac81-669a47256d34",
        "value": 50.0,
        "timestamp_measured": "2019-04-02T09:00:00+00:00",
        "import_log_id": "1c26e96c-6c71-44c5-88a0-b04be9d8e65d",
        "rating": 5,
        "status": "validated"
    },
    {
        "id": "e76cafb9-413c-4046-8c20-c6eac5de0bce",
        "station_id": "f2363dcb-5f8f-4356-8833-756824e62b88",
        "component_id": "88afd3d1-6da3-496a-ac81-669a47256d34",
        "value": 41.3,
        "timestamp_measured": "2019-04-02T10:00:00+00:00",
        "import_log_id": "1c26e96c-6c71-44c5-88a0-b04be9d8e65d",
        "rating": 4,
        "status": "validated"
    },
    {
        "id": "46cf9585-5b2d-46a7-ab8b-d42dca5aa6ff",
        "station_id": "f2363dcb-5f8f-4356-8833-756824e62b88",
        "component_id": "88afd3d1-6da3-496a-ac81-669a47256d34",
        "value": 33.4,
        "timestamp_measured": "2019-04-02T11:00:00+00:00",
        "import_log_id": "1c26e96c-6c71-44c5-88a0-b04be9d8e65d",
        "rating": 4,
        "status": "validated"
    },
    {
        "id": "bab0341e-1ee7-4822-b74d-adfccac47f42",
        "station_id": "f2363dcb-5f8f-4356-8833-756824e62b88",
        "component_id": "88afd3d1-6da3-496a-ac81-669a47256d34",
        "value": 36.5,
        "timestamp_measured": "2019-04-02T12:00:00+00:00",
        "import_log_id": "1c26e96c-6c71-44c5-88a0-b04be9d8e65d",
        "rating": 4,
        "status": "validated"
    },
    {
        "id": "7037109f-02b3-4246-829e-816bfa21aba3",
        "station_id": "f2363dcb-5f8f-4356-8833-756824e62b88",
        "component_id": "88afd3d1-6da3-496a-ac81-669a47256d34",
        "value": 34.4,
        "timestamp_measured": "2019-04-02T13:00:00+00:00",
        "import_log_id": "1c26e96c-6c71-44c5-88a0-b04be9d8e65d",
        "rating": 4,
        "status": "validated"
    },
    {
        "id": "413275ac-d67d-4081-894b-b91c76d13c18",
        "station_id": "f2363dcb-5f8f-4356-8833-756824e62b88",
        "component_id": "88afd3d1-6da3-496a-ac81-669a47256d34",
        "value": 37.4,
        "timestamp_measured": "2019-04-02T14:00:00+00:00",
        "import_log_id": "1c26e96c-6c71-44c5-88a0-b04be9d8e65d",
        "rating": 4,
        "status": "validated"
    },
    {
        "id": "dc2076ca-d9e2-40b6-bb71-8346289712b3",
        "station_id": "f2363dcb-5f8f-4356-8833-756824e62b88",
        "component_id": "88afd3d1-6da3-496a-ac81-669a47256d34",
        "value": 44.9,
        "timestamp_measured": "2019-04-02T15:00:00+00:00",
        "import_log_id": "1c26e96c-6c71-44c5-88a0-b04be9d8e65d",
        "rating": 4,
        "status": "validated"
    },
    {
        "id": "7892c2bc-80ef-45d6-9298-312e413e8d4c",
        "station_id": "f2363dcb-5f8f-4356-8833-756824e62b88",
        "component_id": "88afd3d1-6da3-496a-ac81-669a47256d34",
        "value": 70.9,
        "timestamp_measured": "2019-04-02T16:00:00+00:00",
        "import_log_id": "1c26e96c-6c71-44c5-88a0-b04be9d8e65d",
        "rating": 6,
        "status": "validated"
    },
    {
        "id": "3bea8109-947c-414b-ba9d-5db120ce1bcd",
        "station_id": "f2363dcb-5f8f-4356-8833-756824e62b88",
        "component_id": "88afd3d1-6da3-496a-ac81-669a47256d34",
        "value": 65.5,
        "timestamp_measured": "2019-04-02T17:00:00+00:00",
        "import_log_id": "1c26e96c-6c71-44c5-88a0-b04be9d8e65d",
        "rating": 6,
        "status": "validated"
    },
    {
        "id": "7f1554be-ce0d-4ba9-9657-125f97de1681",
        "station_id": "f2363dcb-5f8f-4356-8833-756824e62b88",
        "component_id": "88afd3d1-6da3-496a-ac81-669a47256d34",
        "value": 44.5,
        "timestamp_measured": "2019-04-02T18:00:00+00:00",
        "import_log_id": "1c26e96c-6c71-44c5-88a0-b04be9d8e65d",
        "rating": 4,
        "status": "validated"
    },
    {
        "id": "75782bcf-a717-48a0-87b9-4756446810e8",
        "station_id": "f2363dcb-5f8f-4356-8833-756824e62b88",
        "component_id": "88afd3d1-6da3-496a-ac81-669a47256d34",
        "value": 47.6,
        "timestamp_measured": "2019-04-02T19:00:00+00:00",
        "import_log_id": "1c26e96c-6c71-44c5-88a0-b04be9d8e65d",
        "rating": 5,
        "status": "validated"
    },
    {
        "id": "2ab81f90-18d1-45fb-8a0e-fc6834641f7c",
        "station_id": "f2363dcb-5f8f-4356-8833-756824e62b88",
        "component_id": "88afd3d1-6da3-496a-ac81-669a47256d34",
        "value": 48.1,
        "timestamp_measured": "2019-04-02T20:00:00+00:00",
        "import_log_id": "1c26e96c-6c71-44c5-88a0-b04be9d8e65d",
        "rating": 5,
        "status": "validated"
    },
    {
        "id": "8fa65c2d-1310-4a11-a8f5-964ee1cec660",
        "station_id": "f2363dcb-5f8f-4356-8833-756824e62b88",
        "component_id": "88afd3d1-6da3-496a-ac81-669a47256d34",
        "value": 37.8,
        "timestamp_measured": "2019-04-02T21:00:00+00:00",
        "import_log_id": "1c26e96c-6c71-44c5-88a0-b04be9d8e65d",
        "rating": 4,
        "status": "validated"
    },
    {
        "id": "3c6945ef-b288-42c8-af7f-79997980e91c",
        "station_id": "f2363dcb-5f8f-4356-8833-756824e62b88",
        "component_id": "88afd3d1-6da3-496a-ac81-669a47256d34",
        "value": 40.7,
        "timestamp_measured": "2019-04-02T22:00:00+00:00",
        "import_log_id": "1c26e96c-6c71-44c5-88a0-b04be9d8e65d",
        "rating": 4,
        "status": "validated"
    },
    {
        "id": "ac05008e-3675-4ac3-83ca-e052bff2c07f",
        "station_id": "f2363dcb-5f8f-4356-8833-756824e62b88",
        "component_id": "88afd3d1-6da3-496a-ac81-669a47256d34",
        "value": 37.8,
        "timestamp_measured": "2019-04-02T23:00:00+00:00",
        "import_log_id": "1c26e96c-6c71-44c5-88a0-b04be9d8e65d",
        "rating": 4,
        "status": "validated"
    },
    {
        "id": "2df6e855-9981-4e7d-9704-4c9be12c8a7a",
        "station_id": "f2363dcb-5f8f-4356-8833-756824e62b88",
        "component_id": "88afd3d1-6da3-496a-ac81-669a47256d34",
        "value": 33.2,
        "timestamp_measured": "2019-04-03T00:00:00+00:00",
        "import_log_id": "1c26e96c-6c71-44c5-88a0-b04be9d8e65d",
        "rating": 4,
        "status": "validated"
    },
    {
        "id": "1e2c2279-dc6f-4add-b824-266a8d137793",
        "station_id": "f2363dcb-5f8f-4356-8833-756824e62b88",
        "component_id": "88afd3d1-6da3-496a-ac81-669a47256d34",
        "value": 44.3,
        "timestamp_measured": "2019-04-03T01:00:00+00:00",
        "import_log_id": "1c26e96c-6c71-44c5-88a0-b04be9d8e65d",
        "rating": 4,
        "status": "validated"
    },
    {
        "id": "ae22da43-e0b1-45e0-804c-8e3fb21959f7",
        "station_id": "f2363dcb-5f8f-4356-8833-756824e62b88",
        "component_id": "88afd3d1-6da3-496a-ac81-669a47256d34",
        "value": 27.3,
        "timestamp_measured": "2019-04-03T02:00:00+00:00",
        "import_log_id": "1c26e96c-6c71-44c5-88a0-b04be9d8e65d",
        "rating": 3,
        "status": "validated"
    },
    {
        "id": "0e4a57bb-55ff-426c-8a94-8f2ad8de3d9c",
        "station_id": "f2363dcb-5f8f-4356-8833-756824e62b88",
        "component_id": "88afd3d1-6da3-496a-ac81-669a47256d34",
        "value": 37.1,
        "timestamp_measured": "2019-04-03T03:00:00+00:00",
        "import_log_id": "1c26e96c-6c71-44c5-88a0-b04be9d8e65d",
        "rating": 4,
        "status": "validated"
    },
    {
        "id": "4939c3e1-32ee-426c-890d-a4d6b3ebe02d",
        "station_id": "f2363dcb-5f8f-4356-8833-756824e62b88",
        "component_id": "88afd3d1-6da3-496a-ac81-669a47256d34",
        "value": 39.2,
        "timestamp_measured": "2019-04-03T04:00:00+00:00",
        "import_log_id": "1c26e96c-6c71-44c5-88a0-b04be9d8e65d",
        "rating": 4,
        "status": "validated"
    },
    {
        "id": "ddf0b2cd-a44e-4258-a790-bf3f4f41dded",
        "station_id": "f2363dcb-5f8f-4356-8833-756824e62b88",
        "component_id": "88afd3d1-6da3-496a-ac81-669a47256d34",
        "value": 36.3,
        "timestamp_measured": "2019-04-03T05:00:00+00:00",
        "import_log_id": "1c26e96c-6c71-44c5-88a0-b04be9d8e65d",
        "rating": 4,
        "status": "validated"
    },
    {
        "id": "5f83bc3c-7f4e-4d23-9a61-03d170b49025",
        "station_id": "f2363dcb-5f8f-4356-8833-756824e62b88",
        "component_id": "88afd3d1-6da3-496a-ac81-669a47256d34",
        "value": 43.4,
        "timestamp_measured": "2019-04-03T06:00:00+00:00",
        "import_log_id": "1c26e96c-6c71-44c5-88a0-b04be9d8e65d",
        "rating": 4,
        "status": "validated"
    },
    {
        "id": "b7c6c7c9-09b0-4e5e-8d0c-aa470ebbef2e",
        "station_id": "f2363dcb-5f8f-4356-8833-756824e62b88",
        "component_id": "88afd3d1-6da3-496a-ac81-669a47256d34",
        "value": 50.4,
        "timestamp_measured": "2019-04-03T07:00:00+00:00",
        "import_log_id": "1c26e96c-6c71-44c5-88a0-b04be9d8e65d",
        "rating": 5,
        "status": "validated"
    },
    {
        "id": "535f1214-eabe-4bcd-a547-e4aada09d4b8",
        "station_id": "f2363dcb-5f8f-4356-8833-756824e62b88",
        "component_id": "88afd3d1-6da3-496a-ac81-669a47256d34",
        "value": 43.7,
        "timestamp_measured": "2019-04-03T08:00:00+00:00",
        "import_log_id": "1c26e96c-6c71-44c5-88a0-b04be9d8e65d",
        "rating": 4,
        "status": "validated"
    },
    {
        "id": "61a65919-81ae-4cb6-b738-9a81f0b18948",
        "station_id": "f2363dcb-5f8f-4356-8833-756824e62b88",
        "component_id": "88afd3d1-6da3-496a-ac81-669a47256d34",
        "value": 29.8,
        "timestamp_measured": "2019-04-03T09:00:00+00:00",
        "import_log_id": "1c26e96c-6c71-44c5-88a0-b04be9d8e65d",
        "rating": 3,
        "status": "validated"
    },
    {
        "id": "333440ef-478b-4116-abab-b7e614ac614c",
        "station_id": "f2363dcb-5f8f-4356-8833-756824e62b88",
        "component_id": "88afd3d1-6da3-496a-ac81-669a47256d34",
        "value": 27.7,
        "timestamp_measured": "2019-04-03T10:00:00+00:00",
        "import_log_id": "1c26e96c-6c71-44c5-88a0-b04be9d8e65d",
        "rating": 3,
        "status": "validated"
    },
    {
        "id": "fc8db362-bf38-4906-b512-c2dda6930889",
        "station_id": "f2363dcb-5f8f-4356-8833-756824e62b88",
        "component_id": "88afd3d1-6da3-496a-ac81-669a47256d34",
        "value": 24.6,
        "timestamp_measured": "2019-04-03T11:00:00+00:00",
        "import_log_id": "1c26e96c-6c71-44c5-88a0-b04be9d8e65d",
        "rating": 3,
        "status": "validated"
    },
    {
        "id": "7005da43-908a-45d9-b172-d53cdbb773c9",
        "station_id": "f2363dcb-5f8f-4356-8833-756824e62b88",
        "component_id": "88afd3d1-6da3-496a-ac81-669a47256d34",
        "value": 22.2,
        "timestamp_measured": "2019-04-03T12:00:00+00:00",
        "import_log_id": "1c26e96c-6c71-44c5-88a0-b04be9d8e65d",
        "rating": 3,
        "status": "validated"
    },
    {
        "id": "85dc22e3-50e8-4239-a170-e954f92c188c",
        "station_id": "f2363dcb-5f8f-4356-8833-756824e62b88",
        "component_id": "88afd3d1-6da3-496a-ac81-669a47256d34",
        "value": 18.3,
        "timestamp_measured": "2019-04-03T13:00:00+00:00",
        "import_log_id": "1c26e96c-6c71-44c5-88a0-b04be9d8e65d",
        "rating": 2,
        "status": "validated"
    },
    {
        "id": "7d25abe7-0f4a-4dc9-b5dd-bb847de48c0b",
        "station_id": "f2363dcb-5f8f-4356-8833-756824e62b88",
        "component_id": "88afd3d1-6da3-496a-ac81-669a47256d34",
        "value": 15.1,
        "timestamp_measured": "2019-04-03T14:00:00+00:00",
        "import_log_id": "1c26e96c-6c71-44c5-88a0-b04be9d8e65d",
        "rating": 2,
        "status": "validated"
    },
    {
        "id": "d94a70e0-853b-4f37-8302-00e6f4cda27f",
        "station_id": "f2363dcb-5f8f-4356-8833-756824e62b88",
        "component_id": "88afd3d1-6da3-496a-ac81-669a47256d34",
        "value": 19.7,
        "timestamp_measured": "2019-04-03T15:00:00+00:00",
        "import_log_id": "1c26e96c-6c71-44c5-88a0-b04be9d8e65d",
        "rating": 2,
        "status": "validated"
    },
    {
        "id": "0fdb7a69-30ab-4af9-ab58-e866610734b9",
        "station_id": "f2363dcb-5f8f-4356-8833-756824e62b88",
        "component_id": "88afd3d1-6da3-496a-ac81-669a47256d34",
        "value": 26.5,
        "timestamp_measured": "2019-04-03T16:00:00+00:00",
        "import_log_id": "1c26e96c-6c71-44c5-88a0-b04be9d8e65d",
        "rating": 3,
        "status": "validated"
    },
    {
        "id": "525cc9fe-b055-4c13-8510-6d7f1fcc89c2",
        "station_id": "f2363dcb-5f8f-4356-8833-756824e62b88",
        "component_id": "88afd3d1-6da3-496a-ac81-669a47256d34",
        "value": 30.4,
        "timestamp_measured": "2019-04-03T17:00:00+00:00",
        "import_log_id": "1c26e96c-6c71-44c5-88a0-b04be9d8e65d",
        "rating": 4,
        "status": "validated"
    },
    {
        "id": "4f450f45-e81f-424d-98e9-d68acaebe9c6",
        "station_id": "f2363dcb-5f8f-4356-8833-756824e62b88",
        "component_id": "88afd3d1-6da3-496a-ac81-669a47256d34",
        "value": 37.4,
        "timestamp_measured": "2019-04-03T18:00:00+00:00",
        "import_log_id": "1c26e96c-6c71-44c5-88a0-b04be9d8e65d",
        "rating": 4,
        "status": "validated"
    },
    {
        "id": "2b9a081a-c380-4261-a3dc-fab4b993bd53",
        "station_id": "f2363dcb-5f8f-4356-8833-756824e62b88",
        "component_id": "88afd3d1-6da3-496a-ac81-669a47256d34",
        "value": 28.1,
        "timestamp_measured": "2019-04-03T19:00:00+00:00",
        "import_log_id": "1c26e96c-6c71-44c5-88a0-b04be9d8e65d",
        "rating": 3,
        "status": "validated"
    },
    {
        "id": "2cbf1a8e-9ad4-4c9d-8c5b-e84aa515ad34",
        "station_id": "f2363dcb-5f8f-4356-8833-756824e62b88",
        "component_id": "88afd3d1-6da3-496a-ac81-669a47256d34",
        "value": 32.3,
        "timestamp_measured": "2019-04-03T20:00:00+00:00",
        "import_log_id": "1c26e96c-6c71-44c5-88a0-b04be9d8e65d",
        "rating": 4,
        "status": "validated"
    },
    {
        "id": "f0be3f14-6726-4de2-bc7c-c0f72bc1e05b",
        "station_id": "f2363dcb-5f8f-4356-8833-756824e62b88",
        "component_id": "88afd3d1-6da3-496a-ac81-669a47256d34",
        "value": 23.5,
        "timestamp_measured": "2019-04-03T21:00:00+00:00",
        "import_log_id": "1c26e96c-6c71-44c5-88a0-b04be9d8e65d",
        "rating": 3,
        "status": "validated"
    },
    {
        "id": "50bf9fa3-b966-4680-afb1-750cdeec5ef7",
        "station_id": "f2363dcb-5f8f-4356-8833-756824e62b88",
        "component_id": "88afd3d1-6da3-496a-ac81-669a47256d34",
        "value": 52.0,
        "timestamp_measured": "2019-04-03T22:00:00+00:00",
        "import_log_id": "1c26e96c-6c71-44c5-88a0-b04be9d8e65d",
        "rating": 5,
        "status": "validated"
    },
    {
        "id": "04abedce-f4bd-4807-b5cc-bc92d6f902ee",
        "station_id": "f2363dcb-5f8f-4356-8833-756824e62b88",
        "component_id": "88afd3d1-6da3-496a-ac81-669a47256d34",
        "value": 31.3,
        "timestamp_measured": "2019-04-03T23:00:00+00:00",
        "import_log_id": "1c26e96c-6c71-44c5-88a0-b04be9d8e65d",
        "rating": 4,
        "status": "validated"
    },
    {
        "id": "fd6ae245-6d1d-4935-bf04-e5fc07b716b5",
        "station_id": "f2363dcb-5f8f-4356-8833-756824e62b88",
        "component_id": "88afd3d1-6da3-496a-ac81-669a47256d34",
        "value": 19.7,
        "timestamp_measured": "2019-04-04T00:00:00+00:00",
        "import_log_id": "1c26e96c-6c71-44c5-88a0-b04be9d8e65d",
        "rating": 2,
        "status": "validated"
    },
    {
        "id": "6c2c2df5-6abb-4807-b637-b887beaef073",
        "station_id": "f2363dcb-5f8f-4356-8833-756824e62b88",
        "component_id": "88afd3d1-6da3-496a-ac81-669a47256d34",
        "value": 37.4,
        "timestamp_measured": "2019-04-04T01:00:00+00:00",
        "import_log_id": "1c26e96c-6c71-44c5-88a0-b04be9d8e65d",
        "rating": 4,
        "status": "validated"
    },
    {
        "id": "07fa16a9-fbe4-43ec-93a0-05d39864c3c6",
        "station_id": "f2363dcb-5f8f-4356-8833-756824e62b88",
        "component_id": "88afd3d1-6da3-496a-ac81-669a47256d34",
        "value": 48.1,
        "timestamp_measured": "2019-04-04T02:00:00+00:00",
        "import_log_id": "1c26e96c-6c71-44c5-88a0-b04be9d8e65d",
        "rating": 5,
        "status": "validated"
    },
    {
        "id": "a25942e5-f7a8-400e-9f6d-919deff7d444",
        "station_id": "f2363dcb-5f8f-4356-8833-756824e62b88",
        "component_id": "88afd3d1-6da3-496a-ac81-669a47256d34",
        "value": 39.3,
        "timestamp_measured": "2019-04-04T03:00:00+00:00",
        "import_log_id": "1c26e96c-6c71-44c5-88a0-b04be9d8e65d",
        "rating": 4,
        "status": "validated"
    },
    {
        "id": "26e3b8bb-6991-4417-afa1-48bfc4022a0d",
        "station_id": "f2363dcb-5f8f-4356-8833-756824e62b88",
        "component_id": "88afd3d1-6da3-496a-ac81-669a47256d34",
        "value": 31.5,
        "timestamp_measured": "2019-04-04T04:00:00+00:00",
        "import_log_id": "1c26e96c-6c71-44c5-88a0-b04be9d8e65d",
        "rating": 4,
        "status": "validated"
    },
    {
        "id": "226fd1ee-028e-4474-b835-e3b8d9d13fb1",
        "station_id": "f2363dcb-5f8f-4356-8833-756824e62b88",
        "component_id": "88afd3d1-6da3-496a-ac81-669a47256d34",
        "value": 44.3,
        "timestamp_measured": "2019-04-04T05:00:00+00:00",
        "import_log_id": "1c26e96c-6c71-44c5-88a0-b04be9d8e65d",
        "rating": 4,
        "status": "validated"
    },
    {
        "id": "28c5a916-fc76-4e8c-9a42-d58e9e43f402",
        "station_id": "f2363dcb-5f8f-4356-8833-756824e62b88",
        "component_id": "88afd3d1-6da3-496a-ac81-669a47256d34",
        "value": 43.7,
        "timestamp_measured": "2019-04-04T06:00:00+00:00",
        "import_log_id": "1c26e96c-6c71-44c5-88a0-b04be9d8e65d",
        "rating": 4,
        "status": "validated"
    },
    {
        "id": "11cd0a01-b00d-40f5-a14b-8e09f2379d42",
        "station_id": "f2363dcb-5f8f-4356-8833-756824e62b88",
        "component_id": "88afd3d1-6da3-496a-ac81-669a47256d34",
        "value": 45.8,
        "timestamp_measured": "2019-04-04T07:00:00+00:00",
        "import_log_id": "1c26e96c-6c71-44c5-88a0-b04be9d8e65d",
        "rating": 5,
        "status": "validated"
    },
    {
        "id": "2e7e3b4f-4e0a-4dd1-8812-366a4c995bd9",
        "station_id": "f2363dcb-5f8f-4356-8833-756824e62b88",
        "component_id": "88afd3d1-6da3-496a-ac81-669a47256d34",
        "value": 39.9,
        "timestamp_measured": "2019-04-04T08:00:00+00:00",
        "import_log_id": "1c26e96c-6c71-44c5-88a0-b04be9d8e65d",
        "rating": 4,
        "status": "validated"
    },
    {
        "id": "95b334b2-c04e-4887-ac58-9df202018fc1",
        "station_id": "f2363dcb-5f8f-4356-8833-756824e62b88",
        "component_id": "88afd3d1-6da3-496a-ac81-669a47256d34",
        "value": 27.9,
        "timestamp_measured": "2019-04-04T09:00:00+00:00",
        "import_log_id": "1c26e96c-6c71-44c5-88a0-b04be9d8e65d",
        "rating": 3,
        "status": "validated"
    },
    {
        "id": "759d9112-a1fa-4b23-ba2d-27d8a03eb39e",
        "station_id": "f2363dcb-5f8f-4356-8833-756824e62b88",
        "component_id": "88afd3d1-6da3-496a-ac81-669a47256d34",
        "value": 24.3,
        "timestamp_measured": "2019-04-04T10:00:00+00:00",
        "import_log_id": "1c26e96c-6c71-44c5-88a0-b04be9d8e65d",
        "rating": 3,
        "status": "validated"
    },
    {
        "id": "8ad85e98-fe0e-4e0d-a363-428690021046",
        "station_id": "f2363dcb-5f8f-4356-8833-756824e62b88",
        "component_id": "88afd3d1-6da3-496a-ac81-669a47256d34",
        "value": 34.2,
        "timestamp_measured": "2019-04-04T11:00:00+00:00",
        "import_log_id": "1c26e96c-6c71-44c5-88a0-b04be9d8e65d",
        "rating": 4,
        "status": "validated"
    },
    {
        "id": "f6bb24b0-8e6f-45ea-a973-4c963daafaa0",
        "station_id": "f2363dcb-5f8f-4356-8833-756824e62b88",
        "component_id": "88afd3d1-6da3-496a-ac81-669a47256d34",
        "value": 37.8,
        "timestamp_measured": "2019-04-04T12:00:00+00:00",
        "import_log_id": "1c26e96c-6c71-44c5-88a0-b04be9d8e65d",
        "rating": 4,
        "status": "validated"
    },
    {
        "id": "40e403ac-543d-4f38-aa0a-7824d8c9b2df",
        "station_id": "f2363dcb-5f8f-4356-8833-756824e62b88",
        "component_id": "88afd3d1-6da3-496a-ac81-669a47256d34",
        "value": 42.0,
        "timestamp_measured": "2019-04-04T13:00:00+00:00",
        "import_log_id": "1c26e96c-6c71-44c5-88a0-b04be9d8e65d",
        "rating": 4,
        "status": "validated"
    },
    {
        "id": "3790d841-00f4-4ad7-8c0e-04a2b96146a0",
        "station_id": "f2363dcb-5f8f-4356-8833-756824e62b88",
        "component_id": "88afd3d1-6da3-496a-ac81-669a47256d34",
        "value": 34.4,
        "timestamp_measured": "2019-04-04T14:00:00+00:00",
        "import_log_id": "1c26e96c-6c71-44c5-88a0-b04be9d8e65d",
        "rating": 4,
        "status": "validated"
    },
    {
        "id": "93983eac-a971-4bf9-a808-174154271f8d",
        "station_id": "f2363dcb-5f8f-4356-8833-756824e62b88",
        "component_id": "88afd3d1-6da3-496a-ac81-669a47256d34",
        "value": 25.6,
        "timestamp_measured": "2019-04-04T15:00:00+00:00",
        "import_log_id": "1c26e96c-6c71-44c5-88a0-b04be9d8e65d",
        "rating": 3,
        "status": "validated"
    },
    {
        "id": "f1dfec99-6eb0-45aa-ac24-5f8d202344fb",
        "station_id": "f2363dcb-5f8f-4356-8833-756824e62b88",
        "component_id": "88afd3d1-6da3-496a-ac81-669a47256d34",
        "value": 21.2,
        "timestamp_measured": "2019-04-04T16:00:00+00:00",
        "import_log_id": "1c26e96c-6c71-44c5-88a0-b04be9d8e65d",
        "rating": 3,
        "status": "validated"
    },
    {
        "id": "31e039e1-ee0a-4bb6-a2d5-66841b2fae27",
        "station_id": "f2363dcb-5f8f-4356-8833-756824e62b88",
        "component_id": "88afd3d1-6da3-496a-ac81-669a47256d34",
        "value": 22.7,
        "timestamp_measured": "2019-04-04T17:00:00+00:00",
        "import_log_id": "1c26e96c-6c71-44c5-88a0-b04be9d8e65d",
        "rating": 3,
        "status": "validated"
    },
    {
        "id": "d77640ac-5512-4a8d-89ce-5cf0febb9919",
        "station_id": "f2363dcb-5f8f-4356-8833-756824e62b88",
        "component_id": "88afd3d1-6da3-496a-ac81-669a47256d34",
        "value": 21.4,
        "timestamp_measured": "2019-04-04T18:00:00+00:00",
        "import_log_id": "1c26e96c-6c71-44c5-88a0-b04be9d8e65d",
        "rating": 3,
        "status": "validated"
    },
    {
        "id": "0020b8ba-fe56-41f3-a8a4-115b0260d296",
        "station_id": "f2363dcb-5f8f-4356-8833-756824e62b88",
        "component_id": "88afd3d1-6da3-496a-ac81-669a47256d34",
        "value": 25.4,
        "timestamp_measured": "2019-04-04T19:00:00+00:00",
        "import_log_id": "1c26e96c-6c71-44c5-88a0-b04be9d8e65d",
        "rating": 3,
        "status": "validated"
    },
    {
        "id": "76fc5318-3f23-4f51-9ba2-0d63b28151a6",
        "station_id": "f2363dcb-5f8f-4356-8833-756824e62b88",
        "component_id": "88afd3d1-6da3-496a-ac81-669a47256d34",
        "value": 30.0,
        "timestamp_measured": "2019-04-04T20:00:00+00:00",
        "import_log_id": "1c26e96c-6c71-44c5-88a0-b04be9d8e65d",
        "rating": 4,
        "status": "validated"
    },
    {
        "id": "1d3283ab-612f-467e-b519-ccd80895ac38",
        "station_id": "f2363dcb-5f8f-4356-8833-756824e62b88",
        "component_id": "88afd3d1-6da3-496a-ac81-669a47256d34",
        "value": 43.2,
        "timestamp_measured": "2019-04-04T21:00:00+00:00",
        "import_log_id": "1c26e96c-6c71-44c5-88a0-b04be9d8e65d",
        "rating": 4,
        "status": "validated"
    },
    {
        "id": "e6d20eff-61f3-44c7-b451-f5e4e8dcfbf8",
        "station_id": "f2363dcb-5f8f-4356-8833-756824e62b88",
        "component_id": "88afd3d1-6da3-496a-ac81-669a47256d34",
        "value": 41.6,
        "timestamp_measured": "2019-04-04T22:00:00+00:00",
        "import_log_id": "1c26e96c-6c71-44c5-88a0-b04be9d8e65d",
        "rating": 4,
        "status": "validated"
    },
    {
        "id": "04ef4a30-ea8c-4381-8f20-70f6690b2ca1",
        "station_id": "f2363dcb-5f8f-4356-8833-756824e62b88",
        "component_id": "88afd3d1-6da3-496a-ac81-669a47256d34",
        "value": 55.0,
        "timestamp_measured": "2019-04-04T23:00:00+00:00",
        "import_log_id": "1c26e96c-6c71-44c5-88a0-b04be9d8e65d",
        "rating": 5,
        "status": "validated"
    },
    {
        "id": "75a87bb4-2cc1-4b0f-85f8-ee3c63f4fa40",
        "station_id": "f2363dcb-5f8f-4356-8833-756824e62b88",
        "component_id": "88afd3d1-6da3-496a-ac81-669a47256d34",
        "value": 56.0,
        "timestamp_measured": "2019-04-05T00:00:00+00:00",
        "import_log_id": "1c26e96c-6c71-44c5-88a0-b04be9d8e65d",
        "rating": 5,
        "status": "validated"
    },
    {
        "id": "0e38cd27-35e6-45b4-a787-be908bf2aa56",
        "station_id": "f2363dcb-5f8f-4356-8833-756824e62b88",
        "component_id": "88afd3d1-6da3-496a-ac81-669a47256d34",
        "value": 55.2,
        "timestamp_measured": "2019-04-05T01:00:00+00:00",
        "import_log_id": "1c26e96c-6c71-44c5-88a0-b04be9d8e65d",
        "rating": 5,
        "status": "validated"
    },
    {
        "id": "09ee76b2-fb62-4d15-a549-4a74433d67ce",
        "station_id": "f2363dcb-5f8f-4356-8833-756824e62b88",
        "component_id": "88afd3d1-6da3-496a-ac81-669a47256d34",
        "value": 45.1,
        "timestamp_measured": "2019-04-05T02:00:00+00:00",
        "import_log_id": "1c26e96c-6c71-44c5-88a0-b04be9d8e65d",
        "rating": 5,
        "status": "validated"
    },
    {
        "id": "a7ffb681-7ac4-4f4d-9ca9-7ad11f571468",
        "station_id": "f2363dcb-5f8f-4356-8833-756824e62b88",
        "component_id": "88afd3d1-6da3-496a-ac81-669a47256d34",
        "value": 42.8,
        "timestamp_measured": "2019-04-05T03:00:00+00:00",
        "import_log_id": "1c26e96c-6c71-44c5-88a0-b04be9d8e65d",
        "rating": 4,
        "status": "validated"
    },
    {
        "id": "afc3ffb2-dbf6-4d6c-bee7-55d395998775",
        "station_id": "f2363dcb-5f8f-4356-8833-756824e62b88",
        "component_id": "88afd3d1-6da3-496a-ac81-669a47256d34",
        "value": 40.3,
        "timestamp_measured": "2019-04-05T04:00:00+00:00",
        "import_log_id": "1c26e96c-6c71-44c5-88a0-b04be9d8e65d",
        "rating": 4,
        "status": "validated"
    },
    {
        "id": "b06cd77b-0dc2-4869-bc80-5bb24d1547b7",
        "station_id": "f2363dcb-5f8f-4356-8833-756824e62b88",
        "component_id": "88afd3d1-6da3-496a-ac81-669a47256d34",
        "value": 41.6,
        "timestamp_measured": "2019-04-05T05:00:00+00:00",
        "import_log_id": "1c26e96c-6c71-44c5-88a0-b04be9d8e65d",
        "rating": 4,
        "status": "validated"
    },
    {
        "id": "5160b7fb-53cd-4bbb-a72d-75573503a137",
        "station_id": "f2363dcb-5f8f-4356-8833-756824e62b88",
        "component_id": "88afd3d1-6da3-496a-ac81-669a47256d34",
        "value": 54.8,
        "timestamp_measured": "2019-04-05T06:00:00+00:00",
        "import_log_id": "1c26e96c-6c71-44c5-88a0-b04be9d8e65d",
        "rating": 5,
        "status": "validated"
    },
    {
        "id": "ad12e4fb-a309-48b5-9dc1-cb61eb83f07b",
        "station_id": "f2363dcb-5f8f-4356-8833-756824e62b88",
        "component_id": "88afd3d1-6da3-496a-ac81-669a47256d34",
        "value": 47.4,
        "timestamp_measured": "2019-04-05T07:00:00+00:00",
        "import_log_id": "1c26e96c-6c71-44c5-88a0-b04be9d8e65d",
        "rating": 5,
        "status": "validated"
    },
    {
        "id": "a3e4050e-7a84-4de0-b297-6a0ee9861c5e",
        "station_id": "f2363dcb-5f8f-4356-8833-756824e62b88",
        "component_id": "88afd3d1-6da3-496a-ac81-669a47256d34",
        "value": 52.1,
        "timestamp_measured": "2019-04-05T08:00:00+00:00",
        "import_log_id": "1c26e96c-6c71-44c5-88a0-b04be9d8e65d",
        "rating": 5,
        "status": "validated"
    },
    {
        "id": "12eb9b41-87e9-4d41-83cd-9492b4698249",
        "station_id": "f2363dcb-5f8f-4356-8833-756824e62b88",
        "component_id": "88afd3d1-6da3-496a-ac81-669a47256d34",
        "value": 43.2,
        "timestamp_measured": "2019-04-05T09:00:00+00:00",
        "import_log_id": "1c26e96c-6c71-44c5-88a0-b04be9d8e65d",
        "rating": 4,
        "status": "validated"
    },
    {
        "id": "2f906b55-d9e8-4254-973a-e7a843cbeb00",
        "station_id": "f2363dcb-5f8f-4356-8833-756824e62b88",
        "component_id": "88afd3d1-6da3-496a-ac81-669a47256d34",
        "value": 29.4,
        "timestamp_measured": "2019-04-05T10:00:00+00:00",
        "import_log_id": "1c26e96c-6c71-44c5-88a0-b04be9d8e65d",
        "rating": 3,
        "status": "validated"
    },
    {
        "id": "940ff97d-4124-4dab-ac24-0dedafc3a83e",
        "station_id": "f2363dcb-5f8f-4356-8833-756824e62b88",
        "component_id": "88afd3d1-6da3-496a-ac81-669a47256d34",
        "value": 22.2,
        "timestamp_measured": "2019-04-05T11:00:00+00:00",
        "import_log_id": "1c26e96c-6c71-44c5-88a0-b04be9d8e65d",
        "rating": 3,
        "status": "validated"
    },
    {
        "id": "58847835-c2c8-468d-866c-3161608d6e9d",
        "station_id": "f2363dcb-5f8f-4356-8833-756824e62b88",
        "component_id": "88afd3d1-6da3-496a-ac81-669a47256d34",
        "value": 13.6,
        "timestamp_measured": "2019-04-05T12:00:00+00:00",
        "import_log_id": "1c26e96c-6c71-44c5-88a0-b04be9d8e65d",
        "rating": 2,
        "status": "validated"
    },
    {
        "id": "853466b6-40ea-4bf3-bf94-245c6d0596d8",
        "station_id": "f2363dcb-5f8f-4356-8833-756824e62b88",
        "component_id": "88afd3d1-6da3-496a-ac81-669a47256d34",
        "value": 11.8,
        "timestamp_measured": "2019-04-05T13:00:00+00:00",
        "import_log_id": "1c26e96c-6c71-44c5-88a0-b04be9d8e65d",
        "rating": 2,
        "status": "validated"
    },
    {
        "id": "78c20258-cfb3-45cf-82e2-ed40a26d35b5",
        "station_id": "f2363dcb-5f8f-4356-8833-756824e62b88",
        "component_id": "88afd3d1-6da3-496a-ac81-669a47256d34",
        "value": 9.0,
        "timestamp_measured": "2019-04-05T14:00:00+00:00",
        "import_log_id": "1c26e96c-6c71-44c5-88a0-b04be9d8e65d",
        "rating": 1,
        "status": "validated"
    },
    {
        "id": "36046daf-9203-4edd-b5e0-094a840aefb1",
        "station_id": "f2363dcb-5f8f-4356-8833-756824e62b88",
        "component_id": "88afd3d1-6da3-496a-ac81-669a47256d34",
        "value": 9.6,
        "timestamp_measured": "2019-04-05T15:00:00+00:00",
        "import_log_id": "1c26e96c-6c71-44c5-88a0-b04be9d8e65d",
        "rating": 1,
        "status": "validated"
    },
    {
        "id": "f651fd2a-667f-493d-ba95-746c1359cbdd",
        "station_id": "f2363dcb-5f8f-4356-8833-756824e62b88",
        "component_id": "88afd3d1-6da3-496a-ac81-669a47256d34",
        "value": 9.6,
        "timestamp_measured": "2019-04-05T16:00:00+00:00",
        "import_log_id": "1c26e96c-6c71-44c5-88a0-b04be9d8e65d",
        "rating": 1,
        "status": "validated"
    },
    {
        "id": "594fed71-ac97-47af-890b-95d3b6bd28b8",
        "station_id": "f2363dcb-5f8f-4356-8833-756824e62b88",
        "component_id": "88afd3d1-6da3-496a-ac81-669a47256d34",
        "value": 12.4,
        "timestamp_measured": "2019-04-05T17:00:00+00:00",
        "import_log_id": "1c26e96c-6c71-44c5-88a0-b04be9d8e65d",
        "rating": 2,
        "status": "validated"
    },
    {
        "id": "19eae9bd-0da7-4606-b7ab-23a1a01e33a3",
        "station_id": "f2363dcb-5f8f-4356-8833-756824e62b88",
        "component_id": "88afd3d1-6da3-496a-ac81-669a47256d34",
        "value": 13.2,
        "timestamp_measured": "2019-04-05T18:00:00+00:00",
        "import_log_id": "1c26e96c-6c71-44c5-88a0-b04be9d8e65d",
        "rating": 2,
        "status": "validated"
    },
    {
        "id": "95c7d3b5-ab50-46e1-b9aa-d7d85f0ddfe9",
        "station_id": "f2363dcb-5f8f-4356-8833-756824e62b88",
        "component_id": "88afd3d1-6da3-496a-ac81-669a47256d34",
        "value": 14.1,
        "timestamp_measured": "2019-04-05T19:00:00+00:00",
        "import_log_id": "1c26e96c-6c71-44c5-88a0-b04be9d8e65d",
        "rating": 2,
        "status": "validated"
    },
    {
        "id": "9106e89f-68b7-44e2-88f5-28b7340d367a",
        "station_id": "f2363dcb-5f8f-4356-8833-756824e62b88",
        "component_id": "88afd3d1-6da3-496a-ac81-669a47256d34",
        "value": 12.2,
        "timestamp_measured": "2019-04-05T20:00:00+00:00",
        "import_log_id": "1c26e96c-6c71-44c5-88a0-b04be9d8e65d",
        "rating": 2,
        "status": "validated"
    },
    {
        "id": "a1abf302-eaf0-4ac8-ad82-91ae05eca0ea",
        "station_id": "f2363dcb-5f8f-4356-8833-756824e62b88",
        "component_id": "88afd3d1-6da3-496a-ac81-669a47256d34",
        "value": 11.5,
        "timestamp_measured": "2019-04-05T21:00:00+00:00",
        "import_log_id": "1c26e96c-6c71-44c5-88a0-b04be9d8e65d",
        "rating": 2,
        "status": "validated"
    },
    {
        "id": "26a9421d-85ba-45bf-8e4f-02d369922153",
        "station_id": "f2363dcb-5f8f-4356-8833-756824e62b88",
        "component_id": "88afd3d1-6da3-496a-ac81-669a47256d34",
        "value": 11.5,
        "timestamp_measured": "2019-04-05T22:00:00+00:00",
        "import_log_id": "1c26e96c-6c71-44c5-88a0-b04be9d8e65d",
        "rating": 2,
        "status": "validated"
    },
    {
        "id": "061b9e45-c254-49f3-9cc6-9e40e162b9e8",
        "station_id": "f2363dcb-5f8f-4356-8833-756824e62b88",
        "component_id": "88afd3d1-6da3-496a-ac81-669a47256d34",
        "value": 10.9,
        "timestamp_measured": "2019-04-05T23:00:00+00:00",
        "import_log_id": "1c26e96c-6c71-44c5-88a0-b04be9d8e65d",
        "rating": 2,
        "status": "validated"
    },
    {
        "id": "d1cc9459-216e-4f90-a177-57f934da2a22",
        "station_id": "f2363dcb-5f8f-4356-8833-756824e62b88",
        "component_id": "88afd3d1-6da3-496a-ac81-669a47256d34",
        "value": 9.7,
        "timestamp_measured": "2019-04-06T00:00:00+00:00",
        "import_log_id": "1c26e96c-6c71-44c5-88a0-b04be9d8e65d",
        "rating": 1,
        "status": "validated"
    },
    {
        "id": "2e6446e2-9088-4c3b-b6f5-054aa6469d2a",
        "station_id": "f2363dcb-5f8f-4356-8833-756824e62b88",
        "component_id": "88afd3d1-6da3-496a-ac81-669a47256d34",
        "value": 6.9,
        "timestamp_measured": "2019-04-06T01:00:00+00:00",
        "import_log_id": "1c26e96c-6c71-44c5-88a0-b04be9d8e65d",
        "rating": 1,
        "status": "validated"
    },
    {
        "id": "2f6ab7b1-02ae-4eeb-b2b6-df9b37d1fe60",
        "station_id": "f2363dcb-5f8f-4356-8833-756824e62b88",
        "component_id": "88afd3d1-6da3-496a-ac81-669a47256d34",
        "value": 5.2,
        "timestamp_measured": "2019-04-06T02:00:00+00:00",
        "import_log_id": "1c26e96c-6c71-44c5-88a0-b04be9d8e65d",
        "rating": 1,
        "status": "validated"
    },
    {
        "id": "aebb3f6f-a47c-4482-86b3-ab347aaf05d3",
        "station_id": "f2363dcb-5f8f-4356-8833-756824e62b88",
        "component_id": "88afd3d1-6da3-496a-ac81-669a47256d34",
        "value": 6.1,
        "timestamp_measured": "2019-04-06T03:00:00+00:00",
        "import_log_id": "1c26e96c-6c71-44c5-88a0-b04be9d8e65d",
        "rating": 1,
        "status": "validated"
    },
    {
        "id": "dcc9689f-30fb-4e60-852d-49b4d18e9abf",
        "station_id": "f2363dcb-5f8f-4356-8833-756824e62b88",
        "component_id": "88afd3d1-6da3-496a-ac81-669a47256d34",
        "value": 5.7,
        "timestamp_measured": "2019-04-06T04:00:00+00:00",
        "import_log_id": "1c26e96c-6c71-44c5-88a0-b04be9d8e65d",
        "rating": 1,
        "status": "validated"
    },
    {
        "id": "e1325af5-5f71-42a6-b80b-38cdc8480ca7",
        "station_id": "f2363dcb-5f8f-4356-8833-756824e62b88",
        "component_id": "88afd3d1-6da3-496a-ac81-669a47256d34",
        "value": 5.9,
        "timestamp_measured": "2019-04-06T05:00:00+00:00",
        "import_log_id": "1c26e96c-6c71-44c5-88a0-b04be9d8e65d",
        "rating": 1,
        "status": "validated"
    },
    {
        "id": "58fe9c9f-da4f-4dc6-a640-d1e3b023419b",
        "station_id": "f2363dcb-5f8f-4356-8833-756824e62b88",
        "component_id": "88afd3d1-6da3-496a-ac81-669a47256d34",
        "value": 7.6,
        "timestamp_measured": "2019-04-06T06:00:00+00:00",
        "import_log_id": "1c26e96c-6c71-44c5-88a0-b04be9d8e65d",
        "rating": 1,
        "status": "validated"
    },
    {
        "id": "7b16c88a-b450-49cd-a882-063d20e4b129",
        "station_id": "f2363dcb-5f8f-4356-8833-756824e62b88",
        "component_id": "88afd3d1-6da3-496a-ac81-669a47256d34",
        "value": 10.7,
        "timestamp_measured": "2019-04-06T07:00:00+00:00",
        "import_log_id": "1c26e96c-6c71-44c5-88a0-b04be9d8e65d",
        "rating": 2,
        "status": "validated"
    },
    {
        "id": "256bf9cc-0f4f-4f60-951e-6f9294e79eb8",
        "station_id": "f2363dcb-5f8f-4356-8833-756824e62b88",
        "component_id": "88afd3d1-6da3-496a-ac81-669a47256d34",
        "value": 11.1,
        "timestamp_measured": "2019-04-06T08:00:00+00:00",
        "import_log_id": "1c26e96c-6c71-44c5-88a0-b04be9d8e65d",
        "rating": 2,
        "status": "validated"
    },
    {
        "id": "aebb5738-2fc2-467a-9692-13745bf5cfaf",
        "station_id": "f2363dcb-5f8f-4356-8833-756824e62b88",
        "component_id": "88afd3d1-6da3-496a-ac81-669a47256d34",
        "value": 13.6,
        "timestamp_measured": "2019-04-06T09:00:00+00:00",
        "import_log_id": "1c26e96c-6c71-44c5-88a0-b04be9d8e65d",
        "rating": 2,
        "status": "validated"
    },
    {
        "id": "dd6978ed-311e-40db-9a9d-678d54b6654d",
        "station_id": "f2363dcb-5f8f-4356-8833-756824e62b88",
        "component_id": "88afd3d1-6da3-496a-ac81-669a47256d34",
        "value": 15.5,
        "timestamp_measured": "2019-04-06T10:00:00+00:00",
        "import_log_id": "1c26e96c-6c71-44c5-88a0-b04be9d8e65d",
        "rating": 2,
        "status": "validated"
    },
    {
        "id": "c0fc439a-563b-40d3-bb30-1eb0a6211afe",
        "station_id": "f2363dcb-5f8f-4356-8833-756824e62b88",
        "component_id": "88afd3d1-6da3-496a-ac81-669a47256d34",
        "value": 15.1,
        "timestamp_measured": "2019-04-06T11:00:00+00:00",
        "import_log_id": "1c26e96c-6c71-44c5-88a0-b04be9d8e65d",
        "rating": 2,
        "status": "validated"
    },
    {
        "id": "809e0109-29d5-4003-bb62-3805beff821e",
        "station_id": "f2363dcb-5f8f-4356-8833-756824e62b88",
        "component_id": "88afd3d1-6da3-496a-ac81-669a47256d34",
        "value": 11.8,
        "timestamp_measured": "2019-04-06T12:00:00+00:00",
        "import_log_id": "1c26e96c-6c71-44c5-88a0-b04be9d8e65d",
        "rating": 2,
        "status": "validated"
    },
    {
        "id": "056a6298-0435-4411-ad61-1df5e18af00c",
        "station_id": "f2363dcb-5f8f-4356-8833-756824e62b88",
        "component_id": "88afd3d1-6da3-496a-ac81-669a47256d34",
        "value": 13.9,
        "timestamp_measured": "2019-04-06T13:00:00+00:00",
        "import_log_id": "1c26e96c-6c71-44c5-88a0-b04be9d8e65d",
        "rating": 2,
        "status": "validated"
    },
    {
        "id": "58b685b9-7c66-4008-8e5f-43a4308678fa",
        "station_id": "f2363dcb-5f8f-4356-8833-756824e62b88",
        "component_id": "88afd3d1-6da3-496a-ac81-669a47256d34",
        "value": 17.6,
        "timestamp_measured": "2019-04-06T14:00:00+00:00",
        "import_log_id": "1c26e96c-6c71-44c5-88a0-b04be9d8e65d",
        "rating": 2,
        "status": "validated"
    },
    {
        "id": "b2026f62-ed27-4afd-bbc5-cc2a0ea7b504",
        "station_id": "f2363dcb-5f8f-4356-8833-756824e62b88",
        "component_id": "88afd3d1-6da3-496a-ac81-669a47256d34",
        "value": 17.8,
        "timestamp_measured": "2019-04-06T15:00:00+00:00",
        "import_log_id": "1c26e96c-6c71-44c5-88a0-b04be9d8e65d",
        "rating": 2,
        "status": "validated"
    },
    {
        "id": "5eed8b0c-6bb3-4f97-91a8-0b1dae0169ba",
        "station_id": "f2363dcb-5f8f-4356-8833-756824e62b88",
        "component_id": "88afd3d1-6da3-496a-ac81-669a47256d34",
        "value": 17.0,
        "timestamp_measured": "2019-04-06T16:00:00+00:00",
        "import_log_id": "1c26e96c-6c71-44c5-88a0-b04be9d8e65d",
        "rating": 2,
        "status": "validated"
    },
    {
        "id": "7438a442-6058-4dd4-9a70-d22a39b500c0",
        "station_id": "f2363dcb-5f8f-4356-8833-756824e62b88",
        "component_id": "88afd3d1-6da3-496a-ac81-669a47256d34",
        "value": 18.7,
        "timestamp_measured": "2019-04-06T17:00:00+00:00",
        "import_log_id": "1c26e96c-6c71-44c5-88a0-b04be9d8e65d",
        "rating": 2,
        "status": "validated"
    },
    {
        "id": "37de95a1-0ddd-487a-8fb2-40441239547f",
        "station_id": "f2363dcb-5f8f-4356-8833-756824e62b88",
        "component_id": "88afd3d1-6da3-496a-ac81-669a47256d34",
        "value": 25.4,
        "timestamp_measured": "2019-04-06T18:00:00+00:00",
        "import_log_id": "1c26e96c-6c71-44c5-88a0-b04be9d8e65d",
        "rating": 3,
        "status": "validated"
    },
    {
        "id": "96272de8-9bfc-44aa-b416-6f3a27c20f3b",
        "station_id": "f2363dcb-5f8f-4356-8833-756824e62b88",
        "component_id": "88afd3d1-6da3-496a-ac81-669a47256d34",
        "value": 60.0,
        "timestamp_measured": "2019-04-06T19:00:00+00:00",
        "import_log_id": "1c26e96c-6c71-44c5-88a0-b04be9d8e65d",
        "rating": 6,
        "status": "validated"
    },
    {
        "id": "1d3ed4da-77b2-418a-81e9-c71666ed0149",
        "station_id": "f2363dcb-5f8f-4356-8833-756824e62b88",
        "component_id": "88afd3d1-6da3-496a-ac81-669a47256d34",
        "value": 64.2,
        "timestamp_measured": "2019-04-06T20:00:00+00:00",
        "import_log_id": "1c26e96c-6c71-44c5-88a0-b04be9d8e65d",
        "rating": 6,
        "status": "validated"
    },
    {
        "id": "eb4160fb-96df-4fbb-8f77-aff087f2a425",
        "station_id": "f2363dcb-5f8f-4356-8833-756824e62b88",
        "component_id": "88afd3d1-6da3-496a-ac81-669a47256d34",
        "value": 62.6,
        "timestamp_measured": "2019-04-06T21:00:00+00:00",
        "import_log_id": "1c26e96c-6c71-44c5-88a0-b04be9d8e65d",
        "rating": 6,
        "status": "validated"
    },
    {
        "id": "1dcf1178-34e2-4647-8aa0-07f52799dd95",
        "station_id": "f2363dcb-5f8f-4356-8833-756824e62b88",
        "component_id": "88afd3d1-6da3-496a-ac81-669a47256d34",
        "value": 73.2,
        "timestamp_measured": "2019-04-06T22:00:00+00:00",
        "import_log_id": "1c26e96c-6c71-44c5-88a0-b04be9d8e65d",
        "rating": 6,
        "status": "validated"
    },
    {
        "id": "6649d6b6-4cc4-43a0-87dd-3ab25ea3bf67",
        "station_id": "f2363dcb-5f8f-4356-8833-756824e62b88",
        "component_id": "88afd3d1-6da3-496a-ac81-669a47256d34",
        "value": 74.9,
        "timestamp_measured": "2019-04-06T23:00:00+00:00",
        "import_log_id": "1c26e96c-6c71-44c5-88a0-b04be9d8e65d",
        "rating": 6,
        "status": "validated"
    },
    {
        "id": "d793001c-2a32-4fc4-bd14-f53214c9e656",
        "station_id": "f2363dcb-5f8f-4356-8833-756824e62b88",
        "component_id": "88afd3d1-6da3-496a-ac81-669a47256d34",
        "value": 66.9,
        "timestamp_measured": "2019-04-07T00:00:00+00:00",
        "import_log_id": "1c26e96c-6c71-44c5-88a0-b04be9d8e65d",
        "rating": 6,
        "status": "validated"
    },
    {
        "id": "063812a1-1b24-4a6d-ae2c-97b705c07035",
        "station_id": "f2363dcb-5f8f-4356-8833-756824e62b88",
        "component_id": "88afd3d1-6da3-496a-ac81-669a47256d34",
        "value": 60.2,
        "timestamp_measured": "2019-04-07T01:00:00+00:00",
        "import_log_id": "1c26e96c-6c71-44c5-88a0-b04be9d8e65d",
        "rating": 6,
        "status": "validated"
    },
    {
        "id": "11ff415a-abf6-49af-8d91-59ce1654f3c0",
        "station_id": "f2363dcb-5f8f-4356-8833-756824e62b88",
        "component_id": "88afd3d1-6da3-496a-ac81-669a47256d34",
        "value": 47.6,
        "timestamp_measured": "2019-04-07T02:00:00+00:00",
        "import_log_id": "1c26e96c-6c71-44c5-88a0-b04be9d8e65d",
        "rating": 5,
        "status": "validated"
    },
    {
        "id": "d8ed3e9f-15f6-4fbe-8709-a6c7f475f7d6",
        "station_id": "f2363dcb-5f8f-4356-8833-756824e62b88",
        "component_id": "88afd3d1-6da3-496a-ac81-669a47256d34",
        "value": 31.3,
        "timestamp_measured": "2019-04-07T03:00:00+00:00",
        "import_log_id": "1c26e96c-6c71-44c5-88a0-b04be9d8e65d",
        "rating": 4,
        "status": "validated"
    },
    {
        "id": "5f72db86-5b5e-4acb-bd1d-7543795ec258",
        "station_id": "f2363dcb-5f8f-4356-8833-756824e62b88",
        "component_id": "88afd3d1-6da3-496a-ac81-669a47256d34",
        "value": 28.8,
        "timestamp_measured": "2019-04-07T04:00:00+00:00",
        "import_log_id": "1c26e96c-6c71-44c5-88a0-b04be9d8e65d",
        "rating": 3,
        "status": "validated"
    },
    {
        "id": "6dc49a4e-b3c5-4887-a8c4-da7390db0f3e",
        "station_id": "f2363dcb-5f8f-4356-8833-756824e62b88",
        "component_id": "88afd3d1-6da3-496a-ac81-669a47256d34",
        "value": 33.8,
        "timestamp_measured": "2019-04-07T05:00:00+00:00",
        "import_log_id": "1c26e96c-6c71-44c5-88a0-b04be9d8e65d",
        "rating": 4,
        "status": "validated"
    },
    {
        "id": "7fdc7361-ba66-4c52-86d6-0f5e0adff05f",
        "station_id": "f2363dcb-5f8f-4356-8833-756824e62b88",
        "component_id": "88afd3d1-6da3-496a-ac81-669a47256d34",
        "value": 42.2,
        "timestamp_measured": "2019-04-07T06:00:00+00:00",
        "import_log_id": "1c26e96c-6c71-44c5-88a0-b04be9d8e65d",
        "rating": 4,
        "status": "validated"
    },
    {
        "id": "4c5e8a3a-f2e5-4de9-9c4b-9a79a3346f9d",
        "station_id": "f2363dcb-5f8f-4356-8833-756824e62b88",
        "component_id": "88afd3d1-6da3-496a-ac81-669a47256d34",
        "value": 52.0,
        "timestamp_measured": "2019-04-07T07:00:00+00:00",
        "import_log_id": "1c26e96c-6c71-44c5-88a0-b04be9d8e65d",
        "rating": 5,
        "status": "validated"
    },
    {
        "id": "00331458-4b37-4126-bdef-bf1533f81ea0",
        "station_id": "f2363dcb-5f8f-4356-8833-756824e62b88",
        "component_id": "88afd3d1-6da3-496a-ac81-669a47256d34",
        "value": 26.2,
        "timestamp_measured": "2019-04-07T08:00:00+00:00",
        "import_log_id": "1c26e96c-6c71-44c5-88a0-b04be9d8e65d",
        "rating": 3,
        "status": "validated"
    },
    {
        "id": "cb1639b5-7c6a-4425-8dfc-3ae9025ff0c2",
        "station_id": "f2363dcb-5f8f-4356-8833-756824e62b88",
        "component_id": "88afd3d1-6da3-496a-ac81-669a47256d34",
        "value": 15.3,
        "timestamp_measured": "2019-04-07T09:00:00+00:00",
        "import_log_id": "1c26e96c-6c71-44c5-88a0-b04be9d8e65d",
        "rating": 2,
        "status": "validated"
    },
    {
        "id": "66e5f44e-ef57-4a5b-bbec-df61c1e1d2c5",
        "station_id": "f2363dcb-5f8f-4356-8833-756824e62b88",
        "component_id": "88afd3d1-6da3-496a-ac81-669a47256d34",
        "value": 15.7,
        "timestamp_measured": "2019-04-07T10:00:00+00:00",
        "import_log_id": "1c26e96c-6c71-44c5-88a0-b04be9d8e65d",
        "rating": 2,
        "status": "validated"
    },
    {
        "id": "63e12ca9-7a8e-44fc-b7c6-0353fb405f1e",
        "station_id": "f2363dcb-5f8f-4356-8833-756824e62b88",
        "component_id": "88afd3d1-6da3-496a-ac81-669a47256d34",
        "value": 13.2,
        "timestamp_measured": "2019-04-07T11:00:00+00:00",
        "import_log_id": "1c26e96c-6c71-44c5-88a0-b04be9d8e65d",
        "rating": 2,
        "status": "validated"
    },
    {
        "id": "de3e0901-c6e0-4f12-b0a8-42b81c77270a",
        "station_id": "f2363dcb-5f8f-4356-8833-756824e62b88",
        "component_id": "88afd3d1-6da3-496a-ac81-669a47256d34",
        "value": 9.7,
        "timestamp_measured": "2019-04-07T12:00:00+00:00",
        "import_log_id": "1c26e96c-6c71-44c5-88a0-b04be9d8e65d",
        "rating": 1,
        "status": "validated"
    },
    {
        "id": "c432fef2-f58a-4995-8e53-5f3ee9527c78",
        "station_id": "f2363dcb-5f8f-4356-8833-756824e62b88",
        "component_id": "88afd3d1-6da3-496a-ac81-669a47256d34",
        "value": 5.5,
        "timestamp_measured": "2019-04-07T13:00:00+00:00",
        "import_log_id": "1c26e96c-6c71-44c5-88a0-b04be9d8e65d",
        "rating": 1,
        "status": "validated"
    },
    {
        "id": "b72fe2a5-3731-47a6-934f-5e52c7756118",
        "station_id": "f2363dcb-5f8f-4356-8833-756824e62b88",
        "component_id": "88afd3d1-6da3-496a-ac81-669a47256d34",
        "value": -999.0,
        "timestamp_measured": "2019-04-07T14:00:00+00:00",
        "import_log_id": "1c26e96c-6c71-44c5-88a0-b04be9d8e65d",
        "rating": -999,
        "status": "unvalidated"
    },
    {
        "id": "b72fe2a5-3731-47a6-934f-5e52c7756118",
        "station_id": "f2363dcb-5f8f-4356-8833-756824e62b88",
        "component_id": "88afd3d1-6da3-496a-ac81-669a47256d34",
        "value": -999.0,
        "timestamp_measured": "2019-04-07T15:00:00+00:00",
        "import_log_id": "1c26e96c-6c71-44c5-88a0-b04be9d8e65d",
        "rating": -999,
        "status": "unvalidated"
    },
    {
        "id": "b72fe2a5-3731-47a6-934f-5e52c7756118",
        "station_id": "f2363dcb-5f8f-4356-8833-756824e62b88",
        "component_id": "88afd3d1-6da3-496a-ac81-669a47256d34",
        "value": -999.0,
        "timestamp_measured": "2019-04-07T16:00:00+00:00",
        "import_log_id": "1c26e96c-6c71-44c5-88a0-b04be9d8e65d",
        "rating": -999,
        "status": "unvalidated"
    },
    {
        "id": "b72fe2a5-3731-47a6-934f-5e52c7756118",
        "station_id": "f2363dcb-5f8f-4356-8833-756824e62b88",
        "component_id": "88afd3d1-6da3-496a-ac81-669a47256d34",
        "value": -999.0,
        "timestamp_measured": "2019-04-07T17:00:00+00:00",
        "import_log_id": "1c26e96c-6c71-44c5-88a0-b04be9d8e65d",
        "rating": -999,
        "status": "unvalidated"
    },
    {
        "id": "b72fe2a5-3731-47a6-934f-5e52c7756118",
        "station_id": "f2363dcb-5f8f-4356-8833-756824e62b88",
        "component_id": "88afd3d1-6da3-496a-ac81-669a47256d34",
        "value": -999.0,
        "timestamp_measured": "2019-04-07T18:00:00+00:00",
        "import_log_id": "1c26e96c-6c71-44c5-88a0-b04be9d8e65d",
        "rating": -999,
        "status": "unvalidated"
    },
    {
        "id": "b72fe2a5-3731-47a6-934f-5e52c7756118",
        "station_id": "f2363dcb-5f8f-4356-8833-756824e62b88",
        "component_id": "88afd3d1-6da3-496a-ac81-669a47256d34",
        "value": -999.0,
        "timestamp_measured": "2019-04-07T19:00:00+00:00",
        "import_log_id": "1c26e96c-6c71-44c5-88a0-b04be9d8e65d",
        "rating": -999,
        "status": "unvalidated"
    },
    {
        "id": "61383e27-d37c-4c03-a62c-d539cefcba93",
        "station_id": "f2363dcb-5f8f-4356-8833-756824e62b88",
        "component_id": "88afd3d1-6da3-496a-ac81-669a47256d34",
        "value": 18.7,
        "timestamp_measured": "2019-04-07T20:00:00+00:00",
        "import_log_id": "1c26e96c-6c71-44c5-88a0-b04be9d8e65d",
        "rating": 2,
        "status": "validated"
    },
    {
        "id": "05907008-decf-4751-acdf-cc798f3c233d",
        "station_id": "f2363dcb-5f8f-4356-8833-756824e62b88",
        "component_id": "88afd3d1-6da3-496a-ac81-669a47256d34",
        "value": 18.0,
        "timestamp_measured": "2019-04-07T21:00:00+00:00",
        "import_log_id": "1c26e96c-6c71-44c5-88a0-b04be9d8e65d",
        "rating": 2,
        "status": "validated"
    },
    {
        "id": "b72fe2a5-3731-47a6-934f-5e52c7756118",
        "station_id": "f2363dcb-5f8f-4356-8833-756824e62b88",
        "component_id": "88afd3d1-6da3-496a-ac81-669a47256d34",
        "value": -999.0,
        "timestamp_measured": "2019-04-07T22:00:00+00:00",
        "import_log_id": "1c26e96c-6c71-44c5-88a0-b04be9d8e65d",
        "rating": -999,
        "status": "unvalidated"
    }
]