[
    {
        "id": "dbfd1b14-8f84-4706-b2a4-4d7faf88a0f0",
        "station_id": "d4ddd9b9-2cbf-4892-b299-d54af0b630bc",
        "component_id": "88afd3d1-6da3-496a-ac81-669a47256d34",
        "value": 17.58,
        "timestamp_measured": "2019-04-21T22:00:00+00:00",
        "import_log_id": "21dfa08d-cd92-4583-9989-8da4fb210249",
        "rating": 2,
        "status": "validated"
    },
    {
        "id": "99fb3a17-3d99-4e73-bbf1-7d4e33acc3e0",
        "station_id": "d4ddd9b9-2cbf-4892-b299-d54af0b630bc",
        "component_id": "88afd3d1-6da3-496a-ac81-669a47256d34",
        "value": 17.26,
        "timestamp_measured": "2019-04-21T23:00:00+00:00",
        "import_log_id": "21dfa08d-cd92-4583-9989-8da4fb210249",
        "rating": 2,
        "status": "validated"
    },
    {
        "id": "4caf111c-1998-4419-b8da-5c91216f2cbb",
        "station_id": "d4ddd9b9-2cbf-4892-b299-d54af0b630bc",
        "component_id": "88afd3d1-6da3-496a-ac81-669a47256d34",
        "value": 14.41,
        "timestamp_measured": "2019-04-22T00:00:00+00:00",
        "import_log_id": "21dfa08d-cd92-4583-9989-8da4fb210249",
        "rating": 2,
        "status": "validated"
    },
    {
        "id": "54181a6c-fea8-4cc8-a3fe-38739601c9ba",
        "station_id": "d4ddd9b9-2cbf-4892-b299-d54af0b630bc",
        "component_id": "88afd3d1-6da3-496a-ac81-669a47256d34",
        "value": 14.83,
        "timestamp_measured": "2019-04-22T01:00:00+00:00",
        "import_log_id": "21dfa08d-cd92-4583-9989-8da4fb210249",
        "rating": 2,
        "status": "validated"
    },
    {
        "id": "0a1f6047-25af-470b-833b-460ee34b6754",
        "station_id": "d4ddd9b9-2cbf-4892-b299-d54af0b630bc",
        "component_id": "88afd3d1-6da3-496a-ac81-669a47256d34",
        "value": 15.13,
        "timestamp_measured": "2019-04-22T02:00:00+00:00",
        "import_log_id": "21dfa08d-cd92-4583-9989-8da4fb210249",
        "rating": 2,
        "status": "validated"
    },
    {
        "id": "af4a11eb-7321-4887-b0c4-d19d6ee93295",
        "station_id": "d4ddd9b9-2cbf-4892-b299-d54af0b630bc",
        "component_id": "88afd3d1-6da3-496a-ac81-669a47256d34",
        "value": 15.34,
        "timestamp_measured": "2019-04-22T03:00:00+00:00",
        "import_log_id": "21dfa08d-cd92-4583-9989-8da4fb210249",
        "rating": 2,
        "status": "validated"
    },
    {
        "id": "2aacea57-67cf-4b3b-8cc6-86d12cbaa626",
        "station_id": "d4ddd9b9-2cbf-4892-b299-d54af0b630bc",
        "component_id": "88afd3d1-6da3-496a-ac81-669a47256d34",
        "value": 14.84,
        "timestamp_measured": "2019-04-22T04:00:00+00:00",
        "import_log_id": "21dfa08d-cd92-4583-9989-8da4fb210249",
        "rating": 2,
        "status": "validated"
    },
    {
        "id": "bec618a5-6f82-4846-bbc4-d1a19a477a4c",
        "station_id": "d4ddd9b9-2cbf-4892-b299-d54af0b630bc",
        "component_id": "88afd3d1-6da3-496a-ac81-669a47256d34",
        "value": 14.67,
        "timestamp_measured": "2019-04-22T05:00:00+00:00",
        "import_log_id": "21dfa08d-cd92-4583-9989-8da4fb210249",
        "rating": 2,
        "status": "validated"
    },
    {
        "id": "ce8a89b7-255e-412f-99e4-91166738f582",
        "station_id": "d4ddd9b9-2cbf-4892-b299-d54af0b630bc",
        "component_id": "88afd3d1-6da3-496a-ac81-669a47256d34",
        "value": 13.55,
        "timestamp_measured": "2019-04-22T06:00:00+00:00",
        "import_log_id": "21dfa08d-cd92-4583-9989-8da4fb210249",
        "rating": 2,
        "status": "validated"
    },
    {
        "id": "c8813c98-7683-46aa-8ca6-c840f6d56653",
        "station_id": "d4ddd9b9-2cbf-4892-b299-d54af0b630bc",
        "component_id": "88afd3d1-6da3-496a-ac81-669a47256d34",
        "value": 12.71,
        "timestamp_measured": "2019-04-22T07:00:00+00:00",
        "import_log_id": "21dfa08d-cd92-4583-9989-8da4fb210249",
        "rating": 2,
        "status": "validated"
    },
    {
        "id": "ea72ad7e-55bd-479f-9373-53194773035a",
        "station_id": "d4ddd9b9-2cbf-4892-b299-d54af0b630bc",
        "component_id": "88afd3d1-6da3-496a-ac81-669a47256d34",
        "value": 10.87,
        "timestamp_measured": "2019-04-22T08:00:00+00:00",
        "import_log_id": "21dfa08d-cd92-4583-9989-8da4fb210249",
        "rating": 2,
        "status": "validated"
    },
    {
        "id": "1ff2907c-77f2-4943-ab91-e7659b49f28e",
        "station_id": "d4ddd9b9-2cbf-4892-b299-d54af0b630bc",
        "component_id": "88afd3d1-6da3-496a-ac81-669a47256d34",
        "value": 10.78,
        "timestamp_measured": "2019-04-22T09:00:00+00:00",
        "import_log_id": "21dfa08d-cd92-4583-9989-8da4fb210249",
        "rating": 2,
        "status": "validated"
    },
    {
        "id": "2e516eeb-dd89-48a5-a849-a5d021ab18dc",
        "station_id": "d4ddd9b9-2cbf-4892-b299-d54af0b630bc",
        "component_id": "88afd3d1-6da3-496a-ac81-669a47256d34",
        "value": 8.01,
        "timestamp_measured": "2019-04-22T10:00:00+00:00",
        "import_log_id": "21dfa08d-cd92-4583-9989-8da4fb210249",
        "rating": 1,
        "status": "validated"
    },
    {
        "id": "5802990b-74b0-4f28-96ad-023af8c3f90a",
        "station_id": "d4ddd9b9-2cbf-4892-b299-d54af0b630bc",
        "component_id": "88afd3d1-6da3-496a-ac81-669a47256d34",
        "value": 5.71,
        "timestamp_measured": "2019-04-22T11:00:00+00:00",
        "import_log_id": "21dfa08d-cd92-4583-9989-8da4fb210249",
        "rating": 1,
        "status": "validated"
    },
    {
        "id": "fdcbba2c-6204-45fc-89ce-f73a943ab6c4",
        "station_id": "d4ddd9b9-2cbf-4892-b299-d54af0b630bc",
        "component_id": "88afd3d1-6da3-496a-ac81-669a47256d34",
        "value": 4.74,
        "timestamp_measured": "2019-04-22T12:00:00+00:00",
        "import_log_id": "21dfa08d-cd92-4583-9989-8da4fb210249",
        "rating": 1,
        "status": "validated"
    },
    {
        "id": "677e6e2e-dd07-404b-be57-713f3a5d5835",
        "station_id": "d4ddd9b9-2cbf-4892-b299-d54af0b630bc",
        "component_id": "88afd3d1-6da3-496a-ac81-669a47256d34",
        "value": 4.48,
        "timestamp_measured": "2019-04-22T13:00:00+00:00",
        "import_log_id": "21dfa08d-cd92-4583-9989-8da4fb210249",
        "rating": 1,
        "status": "validated"
    },
    {
        "id": "a2fda4c1-16c7-42eb-896f-7eee6131163d",
        "station_id": "d4ddd9b9-2cbf-4892-b299-d54af0b630bc",
        "component_id": "88afd3d1-6da3-496a-ac81-669a47256d34",
        "value": 4.28,
        "timestamp_measured": "2019-04-22T14:00:00+00:00",
        "import_log_id": "21dfa08d-cd92-4583-9989-8da4fb210249",
        "rating": 1,
        "status": "validated"
    },
    {
        "id": "1949ac9a-b9eb-453a-ac66-b8cb66a3ea31",
        "station_id": "d4ddd9b9-2cbf-4892-b299-d54af0b630bc",
        "component_id": "88afd3d1-6da3-496a-ac81-669a47256d34",
        "value": 3.53,
        "timestamp_measured": "2019-04-22T15:00:00+00:00",
        "import_log_id": "21dfa08d-cd92-4583-9989-8da4fb210249",
        "rating": 1,
        "status": "validated"
    },
    {
        "id": "0cd4ee64-3060-4b88-b19a-53dfe2476eef",
        "station_id": "d4ddd9b9-2cbf-4892-b299-d54af0b630bc",
        "component_id": "88afd3d1-6da3-496a-ac81-669a47256d34",
        "value": 3.48,
        "timestamp_measured": "2019-04-22T16:00:00+00:00",
        "import_log_id": "21dfa08d-cd92-4583-9989-8da4fb210249",
        "rating": 1,
        "status": "validated"
    },
    {
        "id": "30577621-f208-42a3-875f-c900c56252a1",
        "station_id": "d4ddd9b9-2cbf-4892-b299-d54af0b630bc",
        "component_id": "88afd3d1-6da3-496a-ac81-669a47256d34",
        "value": 3.57,
        "timestamp_measured": "2019-04-22T17:00:00+00:00",
        "import_log_id": "21dfa08d-cd92-4583-9989-8da4fb210249",
        "rating": 1,
        "status": "validated"
    },
    {
        "id": "2ab2ce06-1d85-489f-a0ee-ac469bb95675",
        "station_id": "d4ddd9b9-2cbf-4892-b299-d54af0b630bc",
        "component_id": "88afd3d1-6da3-496a-ac81-669a47256d34",
        "value": 3.92,
        "timestamp_measured": "2019-04-22T18:00:00+00:00",
        "import_log_id": "21dfa08d-cd92-4583-9989-8da4fb210249",
        "rating": 1,
        "status": "validated"
    },
    {
        "id": "181c627a-5d40-4ecf-b43b-d1cb7b9a2246",
        "station_id": "d4ddd9b9-2cbf-4892-b299-d54af0b630bc",
        "component_id": "88afd3d1-6da3-496a-ac81-669a47256d34",
        "value": 4.04,
        "timestamp_measured": "2019-04-22T19:00:00+00:00",
        "import_log_id": "21dfa08d-cd92-4583-9989-8da4fb210249",
        "rating": 1,
        "status": "validated"
    },
    {
        "id": "f62c42dd-1b64-4fab-ba95-836c473343e9",
        "station_id": "d4ddd9b9-2cbf-4892-b299-d54af0b630bc",
        "component_id": "88afd3d1-6da3-496a-ac81-669a47256d34",
        "value": 3.82,
        "timestamp_measured": "2019-04-22T20:00:00+00:00",
        "import_log_id": "21dfa08d-cd92-4583-9989-8da4fb210249",
        "rating": 1,
        "status": "validated"
    },
    {
        "id": "61d71ee9-543d-4371-b8d3-ad0f732c714d",
        "station_id": "d4ddd9b9-2cbf-4892-b299-d54af0b630bc",
        "component_id": "88afd3d1-6da3-496a-ac81-669a47256d34",
        "value": 4.12,
        "timestamp_measured": "2019-04-22T21:00:00+00:00",
        "import_log_id": "21dfa08d-cd92-4583-9989-8da4fb210249",
        "rating": 1,
        "status": "validated"
    },
    {
        "id": "81cbfed9-d1c0-46fc-a3c0-a558e9ed63b5",
        "station_id": "d4ddd9b9-2cbf-4892-b299-d54af0b630bc",
        "component_id": "88afd3d1-6da3-496a-ac81-669a47256d34",
        "value": 4.0,
        "timestamp_measured": "2019-04-22T22:00:00+00:00",
        "import_log_id": "21dfa08d-cd92-4583-9989-8da4fb210249",
        "rating": 1,
        "status": "validated"
    },
    {
        "id": "7a9331dc-6d18-440e-afb1-061837da1a0d",
        "station_id": "d4ddd9b9-2cbf-4892-b299-d54af0b630bc",
        "component_id": "88afd3d1-6da3-496a-ac81-669a47256d34",
        "value": 3.23,
        "timestamp_measured": "2019-04-22T23:00:00+00:00",
        "import_log_id": "21dfa08d-cd92-4583-9989-8da4fb210249",
        "rating": 1,
        "status": "validated"
    },
    {
        "id": "d1e97a35-70a5-4c91-8bda-e6931dba97bb",
        "station_id": "d4ddd9b9-2cbf-4892-b299-d54af0b630bc",
        "component_id": "88afd3d1-6da3-496a-ac81-669a47256d34",
        "value": 5.3,
        "timestamp_measured": "2019-04-23T00:00:00+00:00",
        "import_log_id": "21dfa08d-cd92-4583-9989-8da4fb210249",
        "rating": 1,
        "status": "validated"
    },
    {
        "id": "be1d775c-206f-4e21-b836-116698e1704a",
        "station_id": "d4ddd9b9-2cbf-4892-b299-d54af0b630bc",
        "component_id": "88afd3d1-6da3-496a-ac81-669a47256d34",
        "value": 5.39,
        "timestamp_measured": "2019-04-23T01:00:00+00:00",
        "import_log_id": "21dfa08d-cd92-4583-9989-8da4fb210249",
        "rating": 1,
        "status": "validated"
    },
    {
        "id": "38c764fd-8931-4208-b6de-d42b0f357347",
        "station_id": "d4ddd9b9-2cbf-4892-b299-d54af0b630bc",
        "component_id": "88afd3d1-6da3-496a-ac81-669a47256d34",
        "value": 4.9,
        "timestamp_measured": "2019-04-23T02:00:00+00:00",
        "import_log_id": "21dfa08d-cd92-4583-9989-8da4fb210249",
        "rating": 1,
        "status": "validated"
    },
    {
        "id": "07315bd6-dcc0-494a-9e0d-9257ba36b582",
        "station_id": "d4ddd9b9-2cbf-4892-b299-d54af0b630bc",
        "component_id": "88afd3d1-6da3-496a-ac81-669a47256d34",
        "value": 5.08,
        "timestamp_measured": "2019-04-23T03:00:00+00:00",
        "import_log_id": "21dfa08d-cd92-4583-9989-8da4fb210249",
        "rating": 1,
        "status": "validated"
    },
    {
        "id": "09dcf58e-1b78-4925-9e48-a46d27db2d4b",
        "station_id": "d4ddd9b9-2cbf-4892-b299-d54af0b630bc",
        "component_id": "88afd3d1-6da3-496a-ac81-669a47256d34",
        "value": 6.03,
        "timestamp_measured": "2019-04-23T04:00:00+00:00",
        "import_log_id": "21dfa08d-cd92-4583-9989-8da4fb210249",
        "rating": 1,
        "status": "validated"
    },
    {
        "id": "a49cb017-f443-4b5a-9a22-d0a30301c0b8",
        "station_id": "d4ddd9b9-2cbf-4892-b299-d54af0b630bc",
        "component_id": "88afd3d1-6da3-496a-ac81-669a47256d34",
        "value": 7.4,
        "timestamp_measured": "2019-04-23T05:00:00+00:00",
        "import_log_id": "21dfa08d-cd92-4583-9989-8da4fb210249",
        "rating": 1,
        "status": "validated"
    },
    {
        "id": "878bb669-0229-4de0-89a8-e21d6b21823a",
        "station_id": "d4ddd9b9-2cbf-4892-b299-d54af0b630bc",
        "component_id": "88afd3d1-6da3-496a-ac81-669a47256d34",
        "value": 9.56,
        "timestamp_measured": "2019-04-23T06:00:00+00:00",
        "import_log_id": "21dfa08d-cd92-4583-9989-8da4fb210249",
        "rating": 1,
        "status": "validated"
    },
    {
        "id": "3fa6877d-32f9-4fb6-b175-b5961a913b67",
        "station_id": "d4ddd9b9-2cbf-4892-b299-d54af0b630bc",
        "component_id": "88afd3d1-6da3-496a-ac81-669a47256d34",
        "value": 10.45,
        "timestamp_measured": "2019-04-23T07:00:00+00:00",
        "import_log_id": "21dfa08d-cd92-4583-9989-8da4fb210249",
        "rating": 2,
        "status": "validated"
    },
    {
        "id": "937ee3a0-8b71-497c-b1b7-f6339b5e9800",
        "station_id": "d4ddd9b9-2cbf-4892-b299-d54af0b630bc",
        "component_id": "88afd3d1-6da3-496a-ac81-669a47256d34",
        "value": 9.91,
        "timestamp_measured": "2019-04-23T08:00:00+00:00",
        "import_log_id": "21dfa08d-cd92-4583-9989-8da4fb210249",
        "rating": 1,
        "status": "validated"
    },
    {
        "id": "8f03af65-e7d9-427a-b8bd-6d34ce95886f",
        "station_id": "d4ddd9b9-2cbf-4892-b299-d54af0b630bc",
        "component_id": "88afd3d1-6da3-496a-ac81-669a47256d34",
        "value": 9.58,
        "timestamp_measured": "2019-04-23T09:00:00+00:00",
        "import_log_id": "21dfa08d-cd92-4583-9989-8da4fb210249",
        "rating": 1,
        "status": "validated"
    },
    {
        "id": "117baf05-1fae-4396-8150-e99b6b37ea0c",
        "station_id": "d4ddd9b9-2cbf-4892-b299-d54af0b630bc",
        "component_id": "88afd3d1-6da3-496a-ac81-669a47256d34",
        "value": 8.74,
        "timestamp_measured": "2019-04-23T10:00:00+00:00",
        "import_log_id": "21dfa08d-cd92-4583-9989-8da4fb210249",
        "rating": 1,
        "status": "validated"
    },
    {
        "id": "bbd14335-cd38-4d8e-bef7-5a8eb3ee084a",
        "station_id": "d4ddd9b9-2cbf-4892-b299-d54af0b630bc",
        "component_id": "88afd3d1-6da3-496a-ac81-669a47256d34",
        "value": 8.51,
        "timestamp_measured": "2019-04-23T11:00:00+00:00",
        "import_log_id": "21dfa08d-cd92-4583-9989-8da4fb210249",
        "rating": 1,
        "status": "validated"
    },
    {
        "id": "1e8adc67-e16b-47b7-9c70-3c8399bb1ca6",
        "station_id": "d4ddd9b9-2cbf-4892-b299-d54af0b630bc",
        "component_id": "88afd3d1-6da3-496a-ac81-669a47256d34",
        "value": 8.0,
        "timestamp_measured": "2019-04-23T12:00:00+00:00",
        "import_log_id": "21dfa08d-cd92-4583-9989-8da4fb210249",
        "rating": 1,
        "status": "validated"
    },
    {
        "id": "b711831e-ee4a-43b4-8d84-df37bed52c3c",
        "station_id": "d4ddd9b9-2cbf-4892-b299-d54af0b630bc",
        "component_id": "88afd3d1-6da3-496a-ac81-669a47256d34",
        "value": 7.98,
        "timestamp_measured": "2019-04-23T13:00:00+00:00",
        "import_log_id": "21dfa08d-cd92-4583-9989-8da4fb210249",
        "rating": 1,
        "status": "validated"
    },
    {
        "id": "fb0f8ba4-c4b1-437b-817d-1788288907e7",
        "station_id": "d4ddd9b9-2cbf-4892-b299-d54af0b630bc",
        "component_id": "88afd3d1-6da3-496a-ac81-669a47256d34",
        "value": 7.3,
        "timestamp_measured": "2019-04-23T14:00:00+00:00",
        "import_log_id": "21dfa08d-cd92-4583-9989-8da4fb210249",
        "rating": 1,
        "status": "validated"
    },
    {
        "id": "7ae49ce6-9583-4a5c-809b-66e8ad8fedb2",
        "station_id": "d4ddd9b9-2cbf-4892-b299-d54af0b630bc",
        "component_id": "88afd3d1-6da3-496a-ac81-669a47256d34",
        "value": 7.29,
        "timestamp_measured": "2019-04-23T15:00:00+00:00",
        "import_log_id": "21dfa08d-cd92-4583-9989-8da4fb210249",
        "rating": 1,
        "status": "validated"
    },
    {
        "id": "6f8426e4-2248-4c10-92c1-fc1621b2c3c4",
        "station_id": "d4ddd9b9-2cbf-4892-b299-d54af0b630bc",
        "component_id": "88afd3d1-6da3-496a-ac81-669a47256d34",
        "value": 7.96,
        "timestamp_measured": "2019-04-23T16:00:00+00:00",
        "import_log_id": "21dfa08d-cd92-4583-9989-8da4fb210249",
        "rating": 1,
        "status": "validated"
    },
    {
        "id": "5e0215c8-58fc-4d32-98ea-25a2c98a1c89",
        "station_id": "d4ddd9b9-2cbf-4892-b299-d54af0b630bc",
        "component_id": "88afd3d1-6da3-496a-ac81-669a47256d34",
        "value": 8.12,
        "timestamp_measured": "2019-04-23T17:00:00+00:00",
        "import_log_id": "21dfa08d-cd92-4583-9989-8da4fb210249",
        "rating": 1,
        "status": "validated"
    },
    {
        "id": "d4b2a44e-747f-4660-a350-db9a79a894dc",
        "station_id": "d4ddd9b9-2cbf-4892-b299-d54af0b630bc",
        "component_id": "88afd3d1-6da3-496a-ac81-669a47256d34",
        "value": 9.23,
        "timestamp_measured": "2019-04-23T18:00:00+00:00",
        "import_log_id": "21dfa08d-cd92-4583-9989-8da4fb210249",
        "rating": 1,
        "status": "validated"
    },
    {
        "id": "cea40d28-527d-4b3a-a2ce-f691683041a9",
        "station_id": "d4ddd9b9-2cbf-4892-b299-d54af0b630bc",
        "component_id": "88afd3d1-6da3-496a-ac81-669a47256d34",
        "value": 9.65,
        "timestamp_measured": "2019-04-23T19:00:00+00:00",
        "import_log_id": "21dfa08d-cd92-4583-9989-8da4fb210249",
        "rating": 1,
        "status": "validated"
    },
    {
        "id": "3feeb47b-3792-439b-8e80-d4026ad498b7",
        "station_id": "d4ddd9b9-2cbf-4892-b299-d54af0b630bc",
        "component_id": "88afd3d1-6da3-496a-ac81-669a47256d34",
        "value": 10.28,
        "timestamp_measured": "2019-04-23T20:00:00+00:00",
        "import_log_id": "21dfa08d-cd92-4583-9989-8da4fb210249",
        "rating": 2,
        "status": "validated"
    },
    {
        "id": "86bb8965-96d0-4618-879f-438031208892",
        "station_id": "d4ddd9b9-2cbf-4892-b299-d54af0b630bc",
        "component_id": "88afd3d1-6da3-496a-ac81-669a47256d34",
        "value": 10.23,
        "timestamp_measured": "2019-04-23T21:00:00+00:00",
        "import_log_id": "21dfa08d-cd92-4583-9989-8da4fb210249",
        "rating": 2,
        "status": "validated"
    },
    {
        "id": "be52ccc4-2ebf-497b-80df-6dc993f60180",
        "station_id": "d4ddd9b9-2cbf-4892-b299-d54af0b630bc",
        "component_id": "88afd3d1-6da3-496a-ac81-669a47256d34",
        "value": 9.68,
        "timestamp_measured": "2019-04-23T22:00:00+00:00",
        "import_log_id": "21dfa08d-cd92-4583-9989-8da4fb210249",
        "rating": 1,
        "status": "validated"
    },
    {
        "id": "ea9ac024-97ef-4411-93cb-c7b36dc6b182",
        "station_id": "d4ddd9b9-2cbf-4892-b299-d54af0b630bc",
        "component_id": "88afd3d1-6da3-496a-ac81-669a47256d34",
        "value": 9.67,
        "timestamp_measured": "2019-04-23T23:00:00+00:00",
        "import_log_id": "21dfa08d-cd92-4583-9989-8da4fb210249",
        "rating": 1,
        "status": "validated"
    },
    {
        "id": "dc751f21-4438-4cc5-a47f-f99160b883a2",
        "station_id": "d4ddd9b9-2cbf-4892-b299-d54af0b630bc",
        "component_id": "88afd3d1-6da3-496a-ac81-669a47256d34",
        "value": 8.98,
        "timestamp_measured": "2019-04-24T00:00:00+00:00",
        "import_log_id": "21dfa08d-cd92-4583-9989-8da4fb210249",
        "rating": 1,
        "status": "validated"
    },
    {
        "id": "e180af17-9c04-41fd-b902-b81d0f9b8562",
        "station_id": "d4ddd9b9-2cbf-4892-b299-d54af0b630bc",
        "component_id": "88afd3d1-6da3-496a-ac81-669a47256d34",
        "value": 10.15,
        "timestamp_measured": "2019-04-24T01:00:00+00:00",
        "import_log_id": "21dfa08d-cd92-4583-9989-8da4fb210249",
        "rating": 2,
        "status": "validated"
    },
    {
        "id": "e989cbbe-e71a-419f-900d-ab6a59acaa8b",
        "station_id": "d4ddd9b9-2cbf-4892-b299-d54af0b630bc",
        "component_id": "88afd3d1-6da3-496a-ac81-669a47256d34",
        "value": 11.52,
        "timestamp_measured": "2019-04-24T02:00:00+00:00",
        "import_log_id": "21dfa08d-cd92-4583-9989-8da4fb210249",
        "rating": 2,
        "status": "validated"
    },
    {
        "id": "ef452c4c-36f3-40fa-bdfe-41b12a655dc4",
        "station_id": "d4ddd9b9-2cbf-4892-b299-d54af0b630bc",
        "component_id": "88afd3d1-6da3-496a-ac81-669a47256d34",
        "value": 13.13,
        "timestamp_measured": "2019-04-24T03:00:00+00:00",
        "import_log_id": "21dfa08d-cd92-4583-9989-8da4fb210249",
        "rating": 2,
        "status": "validated"
    },
    {
        "id": "bb3d7565-cf18-42a0-baf9-3c5984be0a63",
        "station_id": "d4ddd9b9-2cbf-4892-b299-d54af0b630bc",
        "component_id": "88afd3d1-6da3-496a-ac81-669a47256d34",
        "value": 16.18,
        "timestamp_measured": "2019-04-24T04:00:00+00:00",
        "import_log_id": "21dfa08d-cd92-4583-9989-8da4fb210249",
        "rating": 2,
        "status": "validated"
    },
    {
        "id": "a9b82abd-3c25-4553-8942-071cbc8a8448",
        "station_id": "d4ddd9b9-2cbf-4892-b299-d54af0b630bc",
        "component_id": "88afd3d1-6da3-496a-ac81-669a47256d34",
        "value": 21.71,
        "timestamp_measured": "2019-04-24T05:00:00+00:00",
        "import_log_id": "21dfa08d-cd92-4583-9989-8da4fb210249",
        "rating": 3,
        "status": "validated"
    },
    {
        "id": "c31e5090-5750-4604-a1da-7cc4fb95f006",
        "station_id": "d4ddd9b9-2cbf-4892-b299-d54af0b630bc",
        "component_id": "88afd3d1-6da3-496a-ac81-669a47256d34",
        "value": 24.36,
        "timestamp_measured": "2019-04-24T06:00:00+00:00",
        "import_log_id": "21dfa08d-cd92-4583-9989-8da4fb210249",
        "rating": 3,
        "status": "validated"
    },
    {
        "id": "0f060a96-9fc0-4d9a-92ca-95ece511222a",
        "station_id": "d4ddd9b9-2cbf-4892-b299-d54af0b630bc",
        "component_id": "88afd3d1-6da3-496a-ac81-669a47256d34",
        "value": 23.97,
        "timestamp_measured": "2019-04-24T07:00:00+00:00",
        "import_log_id": "21dfa08d-cd92-4583-9989-8da4fb210249",
        "rating": 3,
        "status": "validated"
    },
    {
        "id": "cc682510-f450-44a4-b853-4348f9b9274e",
        "station_id": "d4ddd9b9-2cbf-4892-b299-d54af0b630bc",
        "component_id": "88afd3d1-6da3-496a-ac81-669a47256d34",
        "value": 27.94,
        "timestamp_measured": "2019-04-24T08:00:00+00:00",
        "import_log_id": "21dfa08d-cd92-4583-9989-8da4fb210249",
        "rating": 3,
        "status": "validated"
    },
    {
        "id": "f33a2979-7b0b-42ae-8cd1-42c6d18f4fda",
        "station_id": "d4ddd9b9-2cbf-4892-b299-d54af0b630bc",
        "component_id": "88afd3d1-6da3-496a-ac81-669a47256d34",
        "value": 23.44,
        "timestamp_measured": "2019-04-24T09:00:00+00:00",
        "import_log_id": "21dfa08d-cd92-4583-9989-8da4fb210249",
        "rating": 3,
        "status": "validated"
    },
    {
        "id": "6ad2fb22-d013-4ac5-ba74-c09f7f19f44c",
        "station_id": "d4ddd9b9-2cbf-4892-b299-d54af0b630bc",
        "component_id": "88afd3d1-6da3-496a-ac81-669a47256d34",
        "value": 18.71,
        "timestamp_measured": "2019-04-24T10:00:00+00:00",
        "import_log_id": "21dfa08d-cd92-4583-9989-8da4fb210249",
        "rating": 2,
        "status": "validated"
    },
    {
        "id": "cabfa1f9-051b-4b42-bd50-6edb19fada5d",
        "station_id": "d4ddd9b9-2cbf-4892-b299-d54af0b630bc",
        "component_id": "88afd3d1-6da3-496a-ac81-669a47256d34",
        "value": 3.93,
        "timestamp_measured": "2019-04-24T11:00:00+00:00",
        "import_log_id": "21dfa08d-cd92-4583-9989-8da4fb210249",
        "rating": 1,
        "status": "validated"
    },
    {
        "id": "c454de16-be9d-4832-9482-49665372c5d4",
        "station_id": "d4ddd9b9-2cbf-4892-b299-d54af0b630bc",
        "component_id": "88afd3d1-6da3-496a-ac81-669a47256d34",
        "value": 11.75,
        "timestamp_measured": "2019-04-24T12:00:00+00:00",
        "import_log_id": "21dfa08d-cd92-4583-9989-8da4fb210249",
        "rating": 2,
        "status": "validated"
    },
    {
        "id": "e9ece1eb-ce35-46e8-a6d2-20fad1944b0c",
        "station_id": "d4ddd9b9-2cbf-4892-b299-d54af0b630bc",
        "component_id": "88afd3d1-6da3-496a-ac81-669a47256d34",
        "value": 7.06,
        "timestamp_measured": "2019-04-24T13:00:00+00:00",
        "import_log_id": "21dfa08d-cd92-4583-9989-8da4fb210249",
        "rating": 1,
        "status": "validated"
    },
    {
        "id": "46ad4b0a-1cc0-4cba-bb5c-024de3001695",
        "station_id": "d4ddd9b9-2cbf-4892-b299-d54af0b630bc",
        "component_id": "88afd3d1-6da3-496a-ac81-669a47256d34",
        "value": 4.38,
        "timestamp_measured": "2019-04-24T14:00:00+00:00",
        "import_log_id": "21dfa08d-cd92-4583-9989-8da4fb210249",
        "rating": 1,
        "status": "validated"
    },
    {
        "id": "c158c72d-7725-4e54-8168-35d3da7e4739",
        "station_id": "d4ddd9b9-2cbf-4892-b299-d54af0b630bc",
        "component_id": "88afd3d1-6da3-496a-ac81-669a47256d34",
        "value": 2.89,
        "timestamp_measured": "2019-04-24T15:00:00+00:00",
        "import_log_id": "21dfa08d-cd92-4583-9989-8da4fb210249",
        "rating": 1,
        "status": "validated"
    },
    {
        "id": "a5448f77-c5e1-4f6b-9bf7-e54bd18259b9",
        "station_id": "d4ddd9b9-2cbf-4892-b299-d54af0b630bc",
        "component_id": "88afd3d1-6da3-496a-ac81-669a47256d34",
        "value": 3.34,
        "timestamp_measured": "2019-04-24T16:00:00+00:00",
        "import_log_id": "21dfa08d-cd92-4583-9989-8da4fb210249",
        "rating": 1,
        "status": "validated"
    },
    {
        "id": "dc9294c5-99fa-4734-9bf0-71a87594e8ce",
        "station_id": "d4ddd9b9-2cbf-4892-b299-d54af0b630bc",
        "component_id": "88afd3d1-6da3-496a-ac81-669a47256d34",
        "value": 4.68,
        "timestamp_measured": "2019-04-24T17:00:00+00:00",
        "import_log_id": "21dfa08d-cd92-4583-9989-8da4fb210249",
        "rating": 1,
        "status": "validated"
    },
    {
        "id": "0126ad52-45fc-446f-8a4b-273f6f75777d",
        "station_id": "d4ddd9b9-2cbf-4892-b299-d54af0b630bc",
        "component_id": "88afd3d1-6da3-496a-ac81-669a47256d34",
        "value": 16.03,
        "timestamp_measured": "2019-04-24T18:00:00+00:00",
        "import_log_id": "21dfa08d-cd92-4583-9989-8da4fb210249",
        "rating": 2,
        "status": "validated"
    },
    {
        "id": "24f7a872-b4cc-4562-b3d9-7461c5d5e2a9",
        "station_id": "d4ddd9b9-2cbf-4892-b299-d54af0b630bc",
        "component_id": "88afd3d1-6da3-496a-ac81-669a47256d34",
        "value": 9.36,
        "timestamp_measured": "2019-04-24T19:00:00+00:00",
        "import_log_id": "21dfa08d-cd92-4583-9989-8da4fb210249",
        "rating": 1,
        "status": "validated"
    },
    {
        "id": "2ad24169-2621-4496-b347-0669137e6339",
        "station_id": "d4ddd9b9-2cbf-4892-b299-d54af0b630bc",
        "component_id": "88afd3d1-6da3-496a-ac81-669a47256d34",
        "value": 5.56,
        "timestamp_measured": "2019-04-24T20:00:00+00:00",
        "import_log_id": "21dfa08d-cd92-4583-9989-8da4fb210249",
        "rating": 1,
        "status": "validated"
    },
    {
        "id": "1d59651a-a273-49a4-8d64-44780b30b646",
        "station_id": "d4ddd9b9-2cbf-4892-b299-d54af0b630bc",
        "component_id": "88afd3d1-6da3-496a-ac81-669a47256d34",
        "value": 4.82,
        "timestamp_measured": "2019-04-24T21:00:00+00:00",
        "import_log_id": "21dfa08d-cd92-4583-9989-8da4fb210249",
        "rating": 1,
        "status": "validated"
    },
    {
        "id": "d483095b-6f70-404c-8a91-352623cd8970",
        "station_id": "d4ddd9b9-2cbf-4892-b299-d54af0b630bc",
        "component_id": "88afd3d1-6da3-496a-ac81-669a47256d34",
        "value": 5.22,
        "timestamp_measured": "2019-04-24T22:00:00+00:00",
        "import_log_id": "21dfa08d-cd92-4583-9989-8da4fb210249",
        "rating": 1,
        "status": "validated"
    },
    {
        "id": "a0eeefb5-61d2-4b85-ae13-286b6e8b6ae4",
        "station_id": "d4ddd9b9-2cbf-4892-b299-d54af0b630bc",
        "component_id": "88afd3d1-6da3-496a-ac81-669a47256d34",
        "value": 5.18,
        "timestamp_measured": "2019-04-24T23:00:00+00:00",
        "import_log_id": "21dfa08d-cd92-4583-9989-8da4fb210249",
        "rating": 1,
        "status": "validated"
    },
    {
        "id": "c0986d85-a2a0-488f-b7ce-ac567644bdca",
        "station_id": "d4ddd9b9-2cbf-4892-b299-d54af0b630bc",
        "component_id": "88afd3d1-6da3-496a-ac81-669a47256d34",
        "value": 5.11,
        "timestamp_measured": "2019-04-25T00:00:00+00:00",
        "import_log_id": "21dfa08d-cd92-4583-9989-8da4fb210249",
        "rating": 1,
        "status": "validated"
    },
    {
        "id": "9b32cbb7-bb11-4136-8d0d-7f790e1925fa",
        "station_id": "d4ddd9b9-2cbf-4892-b299-d54af0b630bc",
        "component_id": "88afd3d1-6da3-496a-ac81-669a47256d34",
        "value": 9.69,
        "timestamp_measured": "2019-04-25T01:00:00+00:00",
        "import_log_id": "21dfa08d-cd92-4583-9989-8da4fb210249",
        "rating": 1,
        "status": "validated"
    },
    {
        "id": "c31aecc7-6db0-4800-ad01-3e4073120034",
        "station_id": "d4ddd9b9-2cbf-4892-b299-d54af0b630bc",
        "component_id": "88afd3d1-6da3-496a-ac81-669a47256d34",
        "value": 11.42,
        "timestamp_measured": "2019-04-25T02:00:00+00:00",
        "import_log_id": "21dfa08d-cd92-4583-9989-8da4fb210249",
        "rating": 2,
        "status": "validated"
    },
    {
        "id": "998bbd75-1383-4fce-b78c-dc811ad71f94",
        "station_id": "d4ddd9b9-2cbf-4892-b299-d54af0b630bc",
        "component_id": "88afd3d1-6da3-496a-ac81-669a47256d34",
        "value": 12.8,
        "timestamp_measured": "2019-04-25T03:00:00+00:00",
        "import_log_id": "21dfa08d-cd92-4583-9989-8da4fb210249",
        "rating": 2,
        "status": "validated"
    },
    {
        "id": "57ff5751-e5f5-44a9-920c-823bea06ea69",
        "station_id": "d4ddd9b9-2cbf-4892-b299-d54af0b630bc",
        "component_id": "88afd3d1-6da3-496a-ac81-669a47256d34",
        "value": 13.11,
        "timestamp_measured": "2019-04-25T04:00:00+00:00",
        "import_log_id": "21dfa08d-cd92-4583-9989-8da4fb210249",
        "rating": 2,
        "status": "validated"
    },
    {
        "id": "3b8b57cf-4a3a-4a75-b8ed-e49d982df6a6",
        "station_id": "d4ddd9b9-2cbf-4892-b299-d54af0b630bc",
        "component_id": "88afd3d1-6da3-496a-ac81-669a47256d34",
        "value": 14.36,
        "timestamp_measured": "2019-04-25T05:00:00+00:00",
        "import_log_id": "21dfa08d-cd92-4583-9989-8da4fb210249",
        "rating": 2,
        "status": "validated"
    },
    {
        "id": "e9b22394-6384-4372-8679-dfa0c34cff62",
        "station_id": "d4ddd9b9-2cbf-4892-b299-d54af0b630bc",
        "component_id": "88afd3d1-6da3-496a-ac81-669a47256d34",
        "value": 14.25,
        "timestamp_measured": "2019-04-25T06:00:00+00:00",
        "import_log_id": "21dfa08d-cd92-4583-9989-8da4fb210249",
        "rating": 2,
        "status": "validated"
    },
    {
        "id": "f1210c44-6e28-4c9d-87ac-fa6d121e467f",
        "station_id": "d4ddd9b9-2cbf-4892-b299-d54af0b630bc",
        "component_id": "88afd3d1-6da3-496a-ac81-669a47256d34",
        "value": 12.9,
        "timestamp_measured": "2019-04-25T07:00:00+00:00",
        "import_log_id": "21dfa08d-cd92-4583-9989-8da4fb210249",
        "rating": 2,
        "status": "validated"
    },
    {
        "id": "0737f242-5c47-4351-867d-03bf4eaa9f53",
        "station_id": "d4ddd9b9-2cbf-4892-b299-d54af0b630bc",
        "component_id": "88afd3d1-6da3-496a-ac81-669a47256d34",
        "value": 11.68,
        "timestamp_measured": "2019-04-25T08:00:00+00:00",
        "import_log_id": "21dfa08d-cd92-4583-9989-8da4fb210249",
        "rating": 2,
        "status": "validated"
    },
    {
        "id": "22cc2166-5fcf-4a3c-bd61-4f157d047d52",
        "station_id": "d4ddd9b9-2cbf-4892-b299-d54af0b630bc",
        "component_id": "88afd3d1-6da3-496a-ac81-669a47256d34",
        "value": 14.55,
        "timestamp_measured": "2019-04-25T09:00:00+00:00",
        "import_log_id": "21dfa08d-cd92-4583-9989-8da4fb210249",
        "rating": 2,
        "status": "validated"
    },
    {
        "id": "e09b12eb-002e-4b6c-a4cf-860e79dc47d8",
        "station_id": "d4ddd9b9-2cbf-4892-b299-d54af0b630bc",
        "component_id": "88afd3d1-6da3-496a-ac81-669a47256d34",
        "value": 12.67,
        "timestamp_measured": "2019-04-25T10:00:00+00:00",
        "import_log_id": "21dfa08d-cd92-4583-9989-8da4fb210249",
        "rating": 2,
        "status": "validated"
    },
    {
        "id": "260c7e81-b955-4e46-81b2-cfd55b2c860d",
        "station_id": "d4ddd9b9-2cbf-4892-b299-d54af0b630bc",
        "component_id": "88afd3d1-6da3-496a-ac81-669a47256d34",
        "value": 8.99,
        "timestamp_measured": "2019-04-25T11:00:00+00:00",
        "import_log_id": "21dfa08d-cd92-4583-9989-8da4fb210249",
        "rating": 1,
        "status": "validated"
    },
    {
        "id": "be8c6a9f-5904-4462-9342-23b865a36500",
        "station_id": "d4ddd9b9-2cbf-4892-b299-d54af0b630bc",
        "component_id": "88afd3d1-6da3-496a-ac81-669a47256d34",
        "value": 10.35,
        "timestamp_measured": "2019-04-25T12:00:00+00:00",
        "import_log_id": "21dfa08d-cd92-4583-9989-8da4fb210249",
        "rating": 2,
        "status": "validated"
    },
    {
        "id": "164e1c8f-ff31-4afc-bdbb-e4e94c9db148",
        "station_id": "d4ddd9b9-2cbf-4892-b299-d54af0b630bc",
        "component_id": "88afd3d1-6da3-496a-ac81-669a47256d34",
        "value": 9.08,
        "timestamp_measured": "2019-04-25T13:00:00+00:00",
        "import_log_id": "21dfa08d-cd92-4583-9989-8da4fb210249",
        "rating": 1,
        "status": "validated"
    },
    {
        "id": "23eb138d-69b8-4dc0-84a0-21a8f99a458d",
        "station_id": "d4ddd9b9-2cbf-4892-b299-d54af0b630bc",
        "component_id": "88afd3d1-6da3-496a-ac81-669a47256d34",
        "value": 8.66,
        "timestamp_measured": "2019-04-25T14:00:00+00:00",
        "import_log_id": "21dfa08d-cd92-4583-9989-8da4fb210249",
        "rating": 1,
        "status": "validated"
    },
    {
        "id": "b010d1ea-73db-4d5d-ad38-71510914080a",
        "station_id": "d4ddd9b9-2cbf-4892-b299-d54af0b630bc",
        "component_id": "88afd3d1-6da3-496a-ac81-669a47256d34",
        "value": 5.59,
        "timestamp_measured": "2019-04-25T15:00:00+00:00",
        "import_log_id": "21dfa08d-cd92-4583-9989-8da4fb210249",
        "rating": 1,
        "status": "validated"
    },
    {
        "id": "1ecf9414-7654-41da-9de6-ace4a5b16641",
        "station_id": "d4ddd9b9-2cbf-4892-b299-d54af0b630bc",
        "component_id": "88afd3d1-6da3-496a-ac81-669a47256d34",
        "value": 4.88,
        "timestamp_measured": "2019-04-25T16:00:00+00:00",
        "import_log_id": "21dfa08d-cd92-4583-9989-8da4fb210249",
        "rating": 1,
        "status": "validated"
    },
    {
        "id": "c1f67029-45ca-43f3-b492-569114c5c85b",
        "station_id": "d4ddd9b9-2cbf-4892-b299-d54af0b630bc",
        "component_id": "88afd3d1-6da3-496a-ac81-669a47256d34",
        "value": 6.62,
        "timestamp_measured": "2019-04-25T17:00:00+00:00",
        "import_log_id": "21dfa08d-cd92-4583-9989-8da4fb210249",
        "rating": 1,
        "status": "validated"
    },
    {
        "id": "fb7d9c80-0cbe-4370-bb62-d7206f061b62",
        "station_id": "d4ddd9b9-2cbf-4892-b299-d54af0b630bc",
        "component_id": "88afd3d1-6da3-496a-ac81-669a47256d34",
        "value": 9.94,
        "timestamp_measured": "2019-04-25T18:00:00+00:00",
        "import_log_id": "21dfa08d-cd92-4583-9989-8da4fb210249",
        "rating": 1,
        "status": "validated"
    },
    {
        "id": "a4049ecb-da24-450c-b27e-8da7ca05f023",
        "station_id": "d4ddd9b9-2cbf-4892-b299-d54af0b630bc",
        "component_id": "88afd3d1-6da3-496a-ac81-669a47256d34",
        "value": 8.91,
        "timestamp_measured": "2019-04-25T19:00:00+00:00",
        "import_log_id": "21dfa08d-cd92-4583-9989-8da4fb210249",
        "rating": 1,
        "status": "validated"
    },
    {
        "id": "e2a90cb2-e130-4c01-afcb-9fb22ad7a1a9",
        "station_id": "d4ddd9b9-2cbf-4892-b299-d54af0b630bc",
        "component_id": "88afd3d1-6da3-496a-ac81-669a47256d34",
        "value": 7.87,
        "timestamp_measured": "2019-04-25T20:00:00+00:00",
        "import_log_id": "21dfa08d-cd92-4583-9989-8da4fb210249",
        "rating": 1,
        "status": "validated"
    },
    {
        "id": "03f1407e-73b4-4cfc-b711-e4178eb03fa5",
        "station_id": "d4ddd9b9-2cbf-4892-b299-d54af0b630bc",
        "component_id": "88afd3d1-6da3-496a-ac81-669a47256d34",
        "value": 6.14,
        "timestamp_measured": "2019-04-25T21:00:00+00:00",
        "import_log_id": "21dfa08d-cd92-4583-9989-8da4fb210249",
        "rating": 1,
        "status": "validated"
    },
    {
        "id": "ee029390-83f9-4512-837e-b9f71a075cbc",
        "station_id": "d4ddd9b9-2cbf-4892-b299-d54af0b630bc",
        "component_id": "88afd3d1-6da3-496a-ac81-669a47256d34",
        "value": 5.51,
        "timestamp_measured": "2019-04-25T22:00:00+00:00",
        "import_log_id": "21dfa08d-cd92-4583-9989-8da4fb210249",
        "rating": 1,
        "status": "validated"
    },
    {
        "id": "9c18b74a-2727-4ee0-b6b6-53d2dccc0498",
        "station_id": "d4ddd9b9-2cbf-4892-b299-d54af0b630bc",
        "component_id": "88afd3d1-6da3-496a-ac81-669a47256d34",
        "value": 5.83,
        "timestamp_measured": "2019-04-25T23:00:00+00:00",
        "import_log_id": "21dfa08d-cd92-4583-9989-8da4fb210249",
        "rating": 1,
        "status": "validated"
    },
    {
        "id": "05dcf064-316b-44c6-a586-7636c20ebc9e",
        "station_id": "d4ddd9b9-2cbf-4892-b299-d54af0b630bc",
        "component_id": "88afd3d1-6da3-496a-ac81-669a47256d34",
        "value": 7.59,
        "timestamp_measured": "2019-04-26T00:00:00+00:00",
        "import_log_id": "21dfa08d-cd92-4583-9989-8da4fb210249",
        "rating": 1,
        "status": "validated"
    },
    {
        "id": "514e8465-dda6-4f9e-a335-d61b194c1c15",
        "station_id": "d4ddd9b9-2cbf-4892-b299-d54af0b630bc",
        "component_id": "88afd3d1-6da3-496a-ac81-669a47256d34",
        "value": 7.92,
        "timestamp_measured": "2019-04-26T01:00:00+00:00",
        "import_log_id": "21dfa08d-cd92-4583-9989-8da4fb210249",
        "rating": 1,
        "status": "validated"
    },
    {
        "id": "c23a8ddb-5d2d-4bea-931e-cb2cd8d4523b",
        "station_id": "d4ddd9b9-2cbf-4892-b299-d54af0b630bc",
        "component_id": "88afd3d1-6da3-496a-ac81-669a47256d34",
        "value": 8.26,
        "timestamp_measured": "2019-04-26T02:00:00+00:00",
        "import_log_id": "21dfa08d-cd92-4583-9989-8da4fb210249",
        "rating": 1,
        "status": "validated"
    },
    {
        "id": "9158fecf-bbd7-4f71-84ab-564c1ceb9578",
        "station_id": "d4ddd9b9-2cbf-4892-b299-d54af0b630bc",
        "component_id": "88afd3d1-6da3-496a-ac81-669a47256d34",
        "value": 9.01,
        "timestamp_measured": "2019-04-26T03:00:00+00:00",
        "import_log_id": "21dfa08d-cd92-4583-9989-8da4fb210249",
        "rating": 1,
        "status": "validated"
    },
    {
        "id": "53718d20-3f1c-4357-bc00-32dc23bd7415",
        "station_id": "d4ddd9b9-2cbf-4892-b299-d54af0b630bc",
        "component_id": "88afd3d1-6da3-496a-ac81-669a47256d34",
        "value": 9.86,
        "timestamp_measured": "2019-04-26T04:00:00+00:00",
        "import_log_id": "21dfa08d-cd92-4583-9989-8da4fb210249",
        "rating": 1,
        "status": "validated"
    },
    {
        "id": "c6e47873-7925-4554-b555-0e2664a669eb",
        "station_id": "d4ddd9b9-2cbf-4892-b299-d54af0b630bc",
        "component_id": "88afd3d1-6da3-496a-ac81-669a47256d34",
        "value": 10.64,
        "timestamp_measured": "2019-04-26T05:00:00+00:00",
        "import_log_id": "21dfa08d-cd92-4583-9989-8da4fb210249",
        "rating": 2,
        "status": "validated"
    },
    {
        "id": "aeeec1f7-b706-4eab-a181-ecde64a368d0",
        "station_id": "d4ddd9b9-2cbf-4892-b299-d54af0b630bc",
        "component_id": "88afd3d1-6da3-496a-ac81-669a47256d34",
        "value": 13.25,
        "timestamp_measured": "2019-04-26T06:00:00+00:00",
        "import_log_id": "21dfa08d-cd92-4583-9989-8da4fb210249",
        "rating": 2,
        "status": "validated"
    },
    {
        "id": "c2d91cb3-66a8-40c5-89a3-6751f6fea5b9",
        "station_id": "d4ddd9b9-2cbf-4892-b299-d54af0b630bc",
        "component_id": "88afd3d1-6da3-496a-ac81-669a47256d34",
        "value": 13.05,
        "timestamp_measured": "2019-04-26T07:00:00+00:00",
        "import_log_id": "21dfa08d-cd92-4583-9989-8da4fb210249",
        "rating": 2,
        "status": "validated"
    },
    {
        "id": "bbbc80ee-f6db-4ddd-80b3-0d487c4c24b8",
        "station_id": "d4ddd9b9-2cbf-4892-b299-d54af0b630bc",
        "component_id": "88afd3d1-6da3-496a-ac81-669a47256d34",
        "value": 15.05,
        "timestamp_measured": "2019-04-26T08:00:00+00:00",
        "import_log_id": "21dfa08d-cd92-4583-9989-8da4fb210249",
        "rating": 2,
        "status": "validated"
    },
    {
        "id": "870bbf0a-35b2-45c2-ae0e-fa0ab2bb89d4",
        "station_id": "d4ddd9b9-2cbf-4892-b299-d54af0b630bc",
        "component_id": "88afd3d1-6da3-496a-ac81-669a47256d34",
        "value": 16.05,
        "timestamp_measured": "2019-04-26T09:00:00+00:00",
        "import_log_id": "21dfa08d-cd92-4583-9989-8da4fb210249",
        "rating": 2,
        "status": "validated"
    },
    {
        "id": "753fcdee-c6a1-4991-8716-a8b2ea94ff80",
        "station_id": "d4ddd9b9-2cbf-4892-b299-d54af0b630bc",
        "component_id": "88afd3d1-6da3-496a-ac81-669a47256d34",
        "value": 17.48,
        "timestamp_measured": "2019-04-26T10:00:00+00:00",
        "import_log_id": "21dfa08d-cd92-4583-9989-8da4fb210249",
        "rating": 2,
        "status": "validated"
    },
    {
        "id": "7b54ecef-8a39-4a40-93c6-2ffb69b4738b",
        "station_id": "d4ddd9b9-2cbf-4892-b299-d54af0b630bc",
        "component_id": "88afd3d1-6da3-496a-ac81-669a47256d34",
        "value": 14.46,
        "timestamp_measured": "2019-04-26T11:00:00+00:00",
        "import_log_id": "21dfa08d-cd92-4583-9989-8da4fb210249",
        "rating": 2,
        "status": "validated"
    },
    {
        "id": "c7f2ca56-4538-43c9-8440-320d4b31a9ad",
        "station_id": "d4ddd9b9-2cbf-4892-b299-d54af0b630bc",
        "component_id": "88afd3d1-6da3-496a-ac81-669a47256d34",
        "value": 12.26,
        "timestamp_measured": "2019-04-26T12:00:00+00:00",
        "import_log_id": "21dfa08d-cd92-4583-9989-8da4fb210249",
        "rating": 2,
        "status": "validated"
    },
    {
        "id": "607757d5-be1c-4033-81b0-b8d68b630c10",
        "station_id": "d4ddd9b9-2cbf-4892-b299-d54af0b630bc",
        "component_id": "88afd3d1-6da3-496a-ac81-669a47256d34",
        "value": 11.26,
        "timestamp_measured": "2019-04-26T13:00:00+00:00",
        "import_log_id": "21dfa08d-cd92-4583-9989-8da4fb210249",
        "rating": 2,
        "status": "validated"
    },
    {
        "id": "103960cd-9cab-4c9b-bb62-ed3c0a8a7a6b",
        "station_id": "d4ddd9b9-2cbf-4892-b299-d54af0b630bc",
        "component_id": "88afd3d1-6da3-496a-ac81-669a47256d34",
        "value": 8.98,
        "timestamp_measured": "2019-04-26T14:00:00+00:00",
        "import_log_id": "21dfa08d-cd92-4583-9989-8da4fb210249",
        "rating": 1,
        "status": "validated"
    },
    {
        "id": "dd5d6ba6-2e4d-427a-8745-085db181b468",
        "station_id": "d4ddd9b9-2cbf-4892-b299-d54af0b630bc",
        "component_id": "88afd3d1-6da3-496a-ac81-669a47256d34",
        "value": 10.63,
        "timestamp_measured": "2019-04-26T15:00:00+00:00",
        "import_log_id": "21dfa08d-cd92-4583-9989-8da4fb210249",
        "rating": 2,
        "status": "validated"
    },
    {
        "id": "4d3d6024-2280-4c12-901d-c80b26357788",
        "station_id": "d4ddd9b9-2cbf-4892-b299-d54af0b630bc",
        "component_id": "88afd3d1-6da3-496a-ac81-669a47256d34",
        "value": 10.07,
        "timestamp_measured": "2019-04-26T16:00:00+00:00",
        "import_log_id": "21dfa08d-cd92-4583-9989-8da4fb210249",
        "rating": 2,
        "status": "validated"
    },
    {
        "id": "e9ec3ef6-40ba-473b-8a28-59bbff5fa090",
        "station_id": "d4ddd9b9-2cbf-4892-b299-d54af0b630bc",
        "component_id": "88afd3d1-6da3-496a-ac81-669a47256d34",
        "value": 11.0,
        "timestamp_measured": "2019-04-26T17:00:00+00:00",
        "import_log_id": "21dfa08d-cd92-4583-9989-8da4fb210249",
        "rating": 2,
        "status": "validated"
    },
    {
        "id": "e06357c6-3c43-4f38-9730-13c8434aae77",
        "station_id": "d4ddd9b9-2cbf-4892-b299-d54af0b630bc",
        "component_id": "88afd3d1-6da3-496a-ac81-669a47256d34",
        "value": 15.71,
        "timestamp_measured": "2019-04-26T18:00:00+00:00",
        "import_log_id": "21dfa08d-cd92-4583-9989-8da4fb210249",
        "rating": 2,
        "status": "validated"
    },
    {
        "id": "add903c7-b194-4839-b620-968b1c5699c2",
        "station_id": "d4ddd9b9-2cbf-4892-b299-d54af0b630bc",
        "component_id": "88afd3d1-6da3-496a-ac81-669a47256d34",
        "value": 16.35,
        "timestamp_measured": "2019-04-26T19:00:00+00:00",
        "import_log_id": "21dfa08d-cd92-4583-9989-8da4fb210249",
        "rating": 2,
        "status": "validated"
    },
    {
        "id": "facfdceb-28a8-40a2-82e5-7aab24b23c7b",
        "station_id": "d4ddd9b9-2cbf-4892-b299-d54af0b630bc",
        "component_id": "88afd3d1-6da3-496a-ac81-669a47256d34",
        "value": 18.04,
        "timestamp_measured": "2019-04-26T20:00:00+00:00",
        "import_log_id": "21dfa08d-cd92-4583-9989-8da4fb210249",
        "rating": 2,
        "status": "validated"
    },
    {
        "id": "2a3d4e4c-2d81-4480-b899-5ec80d9ad33e",
        "station_id": "d4ddd9b9-2cbf-4892-b299-d54af0b630bc",
        "component_id": "88afd3d1-6da3-496a-ac81-669a47256d34",
        "value": 18.61,
        "timestamp_measured": "2019-04-26T21:00:00+00:00",
        "import_log_id": "21dfa08d-cd92-4583-9989-8da4fb210249",
        "rating": 2,
        "status": "validated"
    },
    {
        "id": "2e8deda6-884d-4813-8850-661e3c31aed4",
        "station_id": "d4ddd9b9-2cbf-4892-b299-d54af0b630bc",
        "component_id": "88afd3d1-6da3-496a-ac81-669a47256d34",
        "value": 22.77,
        "timestamp_measured": "2019-04-26T22:00:00+00:00",
        "import_log_id": "21dfa08d-cd92-4583-9989-8da4fb210249",
        "rating": 3,
        "status": "validated"
    },
    {
        "id": "54a53591-76cc-4df4-8736-e65b897b5456",
        "station_id": "d4ddd9b9-2cbf-4892-b299-d54af0b630bc",
        "component_id": "88afd3d1-6da3-496a-ac81-669a47256d34",
        "value": 19.98,
        "timestamp_measured": "2019-04-26T23:00:00+00:00",
        "import_log_id": "21dfa08d-cd92-4583-9989-8da4fb210249",
        "rating": 2,
        "status": "validated"
    },
    {
        "id": "dc28e474-82d3-40db-ab85-763337455606",
        "station_id": "d4ddd9b9-2cbf-4892-b299-d54af0b630bc",
        "component_id": "88afd3d1-6da3-496a-ac81-669a47256d34",
        "value": 13.36,
        "timestamp_measured": "2019-04-27T00:00:00+00:00",
        "import_log_id": "21dfa08d-cd92-4583-9989-8da4fb210249",
        "rating": 2,
        "status": "validated"
    },
    {
        "id": "d9359684-2589-407c-bf15-f1aeb0a4f1fe",
        "station_id": "d4ddd9b9-2cbf-4892-b299-d54af0b630bc",
        "component_id": "88afd3d1-6da3-496a-ac81-669a47256d34",
        "value": 14.67,
        "timestamp_measured": "2019-04-27T01:00:00+00:00",
        "import_log_id": "21dfa08d-cd92-4583-9989-8da4fb210249",
        "rating": 2,
        "status": "validated"
    },
    {
        "id": "c07cab51-38a1-49d6-a093-7cfa949d5f2c",
        "station_id": "d4ddd9b9-2cbf-4892-b299-d54af0b630bc",
        "component_id": "88afd3d1-6da3-496a-ac81-669a47256d34",
        "value": 13.25,
        "timestamp_measured": "2019-04-27T02:00:00+00:00",
        "import_log_id": "21dfa08d-cd92-4583-9989-8da4fb210249",
        "rating": 2,
        "status": "validated"
    },
    {
        "id": "75ccdfa5-5c5b-4f0c-96ff-ab63fec186e0",
        "station_id": "d4ddd9b9-2cbf-4892-b299-d54af0b630bc",
        "component_id": "88afd3d1-6da3-496a-ac81-669a47256d34",
        "value": 11.77,
        "timestamp_measured": "2019-04-27T03:00:00+00:00",
        "import_log_id": "21dfa08d-cd92-4583-9989-8da4fb210249",
        "rating": 2,
        "status": "validated"
    },
    {
        "id": "536125c9-291c-4365-9a21-206a11e937dc",
        "station_id": "d4ddd9b9-2cbf-4892-b299-d54af0b630bc",
        "component_id": "88afd3d1-6da3-496a-ac81-669a47256d34",
        "value": 10.97,
        "timestamp_measured": "2019-04-27T04:00:00+00:00",
        "import_log_id": "21dfa08d-cd92-4583-9989-8da4fb210249",
        "rating": 2,
        "status": "validated"
    },
    {
        "id": "f151e246-8aeb-4da5-9962-e328b6300092",
        "station_id": "d4ddd9b9-2cbf-4892-b299-d54af0b630bc",
        "component_id": "88afd3d1-6da3-496a-ac81-669a47256d34",
        "value": 12.48,
        "timestamp_measured": "2019-04-27T05:00:00+00:00",
        "import_log_id": "21dfa08d-cd92-4583-9989-8da4fb210249",
        "rating": 2,
        "status": "validated"
    },
    {
        "id": "91800e95-9a9b-448e-b1ab-d3ba3feeb4b3",
        "station_id": "d4ddd9b9-2cbf-4892-b299-d54af0b630bc",
        "component_id": "88afd3d1-6da3-496a-ac81-669a47256d34",
        "value": 11.83,
        "timestamp_measured": "2019-04-27T06:00:00+00:00",
        "import_log_id": "21dfa08d-cd92-4583-9989-8da4fb210249",
        "rating": 2,
        "status": "validated"
    },
    {
        "id": "6ee82788-61d7-4175-b878-c38a824c7efa",
        "station_id": "d4ddd9b9-2cbf-4892-b299-d54af0b630bc",
        "component_id": "88afd3d1-6da3-496a-ac81-669a47256d34",
        "value": 9.75,
        "timestamp_measured": "2019-04-27T07:00:00+00:00",
        "import_log_id": "21dfa08d-cd92-4583-9989-8da4fb210249",
        "rating": 1,
        "status": "validated"
    },
    {
        "id": "0cb8e9b6-7be6-47d0-b9d3-e476d33493ec",
        "station_id": "d4ddd9b9-2cbf-4892-b299-d54af0b630bc",
        "component_id": "88afd3d1-6da3-496a-ac81-669a47256d34",
        "value": 8.92,
        "timestamp_measured": "2019-04-27T08:00:00+00:00",
        "import_log_id": "21dfa08d-cd92-4583-9989-8da4fb210249",
        "rating": 1,
        "status": "validated"
    },
    {
        "id": "f95bf6e2-33e9-4a7c-bae7-2b9abbc1c080",
        "station_id": "d4ddd9b9-2cbf-4892-b299-d54af0b630bc",
        "component_id": "88afd3d1-6da3-496a-ac81-669a47256d34",
        "value": 7.7,
        "timestamp_measured": "2019-04-27T09:00:00+00:00",
        "import_log_id": "21dfa08d-cd92-4583-9989-8da4fb210249",
        "rating": 1,
        "status": "validated"
    },
    {
        "id": "7df740f2-158a-4b71-896f-f1f485c423e4",
        "station_id": "d4ddd9b9-2cbf-4892-b299-d54af0b630bc",
        "component_id": "88afd3d1-6da3-496a-ac81-669a47256d34",
        "value": 6.22,
        "timestamp_measured": "2019-04-27T10:00:00+00:00",
        "import_log_id": "21dfa08d-cd92-4583-9989-8da4fb210249",
        "rating": 1,
        "status": "validated"
    },
    {
        "id": "3dc2f16b-9254-48f1-a1ab-161b03b02178",
        "station_id": "d4ddd9b9-2cbf-4892-b299-d54af0b630bc",
        "component_id": "88afd3d1-6da3-496a-ac81-669a47256d34",
        "value": 4.41,
        "timestamp_measured": "2019-04-27T11:00:00+00:00",
        "import_log_id": "21dfa08d-cd92-4583-9989-8da4fb210249",
        "rating": 1,
        "status": "validated"
    },
    {
        "id": "ad178556-2fa3-4f4c-8493-43f93b39c48f",
        "station_id": "d4ddd9b9-2cbf-4892-b299-d54af0b630bc",
        "component_id": "88afd3d1-6da3-496a-ac81-669a47256d34",
        "value": 4.0,
        "timestamp_measured": "2019-04-27T12:00:00+00:00",
        "import_log_id": "21dfa08d-cd92-4583-9989-8da4fb210249",
        "rating": 1,
        "status": "validated"
    },
    {
        "id": "fdbb0fec-ca98-40e8-b8b3-aa6da56b5813",
        "station_id": "d4ddd9b9-2cbf-4892-b299-d54af0b630bc",
        "component_id": "88afd3d1-6da3-496a-ac81-669a47256d34",
        "value": 3.11,
        "timestamp_measured": "2019-04-27T13:00:00+00:00",
        "import_log_id": "21dfa08d-cd92-4583-9989-8da4fb210249",
        "rating": 1,
        "status": "validated"
    },
    {
        "id": "a9323e85-5613-47b1-b831-ab3c9ee90a91",
        "station_id": "d4ddd9b9-2cbf-4892-b299-d54af0b630bc",
        "component_id": "88afd3d1-6da3-496a-ac81-669a47256d34",
        "value": 3.46,
        "timestamp_measured": "2019-04-27T14:00:00+00:00",
        "import_log_id": "21dfa08d-cd92-4583-9989-8da4fb210249",
        "rating": 1,
        "status": "validated"
    },
    {
        "id": "f0120c91-c7a3-431d-a009-b41db79a6ffa",
        "station_id": "d4ddd9b9-2cbf-4892-b299-d54af0b630bc",
        "component_id": "88afd3d1-6da3-496a-ac81-669a47256d34",
        "value": 2.36,
        "timestamp_measured": "2019-04-27T15:00:00+00:00",
        "import_log_id": "21dfa08d-cd92-4583-9989-8da4fb210249",
        "rating": 1,
        "status": "validated"
    },
    {
        "id": "993c3595-67d0-4e1d-9a9f-01829990fc7f",
        "station_id": "d4ddd9b9-2cbf-4892-b299-d54af0b630bc",
        "component_id": "88afd3d1-6da3-496a-ac81-669a47256d34",
        "value": 2.37,
        "timestamp_measured": "2019-04-27T16:00:00+00:00",
        "import_log_id": "21dfa08d-cd92-4583-9989-8da4fb210249",
        "rating": 1,
        "status": "validated"
    },
    {
        "id": "625dfe9c-fdaa-4a2b-8fe6-214eae2b063f",
        "station_id": "d4ddd9b9-2cbf-4892-b299-d54af0b630bc",
        "component_id": "88afd3d1-6da3-496a-ac81-669a47256d34",
        "value": 3.39,
        "timestamp_measured": "2019-04-27T17:00:00+00:00",
        "import_log_id": "21dfa08d-cd92-4583-9989-8da4fb210249",
        "rating": 1,
        "status": "validated"
    },
    {
        "id": "d5ce2d7c-76ca-4fbf-b200-9db71fcd476a",
        "station_id": "d4ddd9b9-2cbf-4892-b299-d54af0b630bc",
        "component_id": "88afd3d1-6da3-496a-ac81-669a47256d34",
        "value": 4.2,
        "timestamp_measured": "2019-04-27T18:00:00+00:00",
        "import_log_id": "21dfa08d-cd92-4583-9989-8da4fb210249",
        "rating": 1,
        "status": "validated"
    },
    {
        "id": "af8e0ac4-1bba-4eb1-883b-fdb4ca38ea7f",
        "station_id": "d4ddd9b9-2cbf-4892-b299-d54af0b630bc",
        "component_id": "88afd3d1-6da3-496a-ac81-669a47256d34",
        "value": 4.25,
        "timestamp_measured": "2019-04-27T19:00:00+00:00",
        "import_log_id": "21dfa08d-cd92-4583-9989-8da4fb210249",
        "rating": 1,
        "status": "validated"
    },
    {
        "id": "40ac7ada-62ea-4edc-b590-e47a07e8ed92",
        "station_id": "d4ddd9b9-2cbf-4892-b299-d54af0b630bc",
        "component_id": "88afd3d1-6da3-496a-ac81-669a47256d34",
        "value": 4.69,
        "timestamp_measured": "2019-04-27T20:00:00+00:00",
        "import_log_id": "21dfa08d-cd92-4583-9989-8da4fb210249",
        "rating": 1,
        "status": "validated"
    },
    {
        "id": "3efbd25a-d733-47e2-b17c-bd53239a1186",
        "station_id": "d4ddd9b9-2cbf-4892-b299-d54af0b630bc",
        "component_id": "88afd3d1-6da3-496a-ac81-669a47256d34",
        "value": 4.59,
        "timestamp_measured": "2019-04-27T21:00:00+00:00",
        "import_log_id": "21dfa08d-cd92-4583-9989-8da4fb210249",
        "rating": 1,
        "status": "validated"
    },
    {
        "id": "d859e292-3906-41e2-bd36-dfe2beb65a3c",
        "station_id": "d4ddd9b9-2cbf-4892-b299-d54af0b630bc",
        "component_id": "88afd3d1-6da3-496a-ac81-669a47256d34",
        "value": 4.79,
        "timestamp_measured": "2019-04-27T22:00:00+00:00",
        "import_log_id": "21dfa08d-cd92-4583-9989-8da4fb210249",
        "rating": 1,
        "status": "validated"
    },
    {
        "id": "a630641e-b0f3-4baf-8f86-2cee9de18557",
        "station_id": "d4ddd9b9-2cbf-4892-b299-d54af0b630bc",
        "component_id": "88afd3d1-6da3-496a-ac81-669a47256d34",
        "value": 5.36,
        "timestamp_measured": "2019-04-27T23:00:00+00:00",
        "import_log_id": "21dfa08d-cd92-4583-9989-8da4fb210249",
        "rating": 1,
        "status": "validated"
    },
    {
        "id": "b3ebc216-b479-47de-aac6-4a0d15d971ec",
        "station_id": "d4ddd9b9-2cbf-4892-b299-d54af0b630bc",
        "component_id": "88afd3d1-6da3-496a-ac81-669a47256d34",
        "value": 6.5,
        "timestamp_measured": "2019-04-28T00:00:00+00:00",
        "import_log_id": "21dfa08d-cd92-4583-9989-8da4fb210249",
        "rating": 1,
        "status": "validated"
    },
    {
        "id": "4b0a65eb-2d6a-497b-b209-8830a0da3c30",
        "station_id": "d4ddd9b9-2cbf-4892-b299-d54af0b630bc",
        "component_id": "88afd3d1-6da3-496a-ac81-669a47256d34",
        "value": 6.67,
        "timestamp_measured": "2019-04-28T01:00:00+00:00",
        "import_log_id": "21dfa08d-cd92-4583-9989-8da4fb210249",
        "rating": 1,
        "status": "validated"
    },
    {
        "id": "fe250ee0-9771-408f-a75d-cd2dbdbbb542",
        "station_id": "d4ddd9b9-2cbf-4892-b299-d54af0b630bc",
        "component_id": "88afd3d1-6da3-496a-ac81-669a47256d34",
        "value": 6.38,
        "timestamp_measured": "2019-04-28T02:00:00+00:00",
        "import_log_id": "21dfa08d-cd92-4583-9989-8da4fb210249",
        "rating": 1,
        "status": "validated"
    },
    {
        "id": "fe5e5873-8ed7-4d31-94f3-daa29f6226ed",
        "station_id": "d4ddd9b9-2cbf-4892-b299-d54af0b630bc",
        "component_id": "88afd3d1-6da3-496a-ac81-669a47256d34",
        "value": 5.84,
        "timestamp_measured": "2019-04-28T03:00:00+00:00",
        "import_log_id": "21dfa08d-cd92-4583-9989-8da4fb210249",
        "rating": 1,
        "status": "validated"
    },
    {
        "id": "f5c33bd7-133e-4bed-8c72-f8a08036dea4",
        "station_id": "d4ddd9b9-2cbf-4892-b299-d54af0b630bc",
        "component_id": "88afd3d1-6da3-496a-ac81-669a47256d34",
        "value": 5.87,
        "timestamp_measured": "2019-04-28T04:00:00+00:00",
        "import_log_id": "21dfa08d-cd92-4583-9989-8da4fb210249",
        "rating": 1,
        "status": "validated"
    },
    {
        "id": "10478457-f1ec-4b92-aa43-7c43466e7a39",
        "station_id": "d4ddd9b9-2cbf-4892-b299-d54af0b630bc",
        "component_id": "88afd3d1-6da3-496a-ac81-669a47256d34",
        "value": 5.93,
        "timestamp_measured": "2019-04-28T05:00:00+00:00",
        "import_log_id": "21dfa08d-cd92-4583-9989-8da4fb210249",
        "rating": 1,
        "status": "validated"
    },
    {
        "id": "d76773a2-8ccc-4113-8201-f31e0b26ebb3",
        "station_id": "d4ddd9b9-2cbf-4892-b299-d54af0b630bc",
        "component_id": "88afd3d1-6da3-496a-ac81-669a47256d34",
        "value": 6.03,
        "timestamp_measured": "2019-04-28T06:00:00+00:00",
        "import_log_id": "21dfa08d-cd92-4583-9989-8da4fb210249",
        "rating": 1,
        "status": "validated"
    },
    {
        "id": "a9ace252-d4b5-4923-9048-784530438ba1",
        "station_id": "d4ddd9b9-2cbf-4892-b299-d54af0b630bc",
        "component_id": "88afd3d1-6da3-496a-ac81-669a47256d34",
        "value": 5.86,
        "timestamp_measured": "2019-04-28T07:00:00+00:00",
        "import_log_id": "21dfa08d-cd92-4583-9989-8da4fb210249",
        "rating": 1,
        "status": "validated"
    },
    {
        "id": "d05692f8-8f41-4954-834e-cc99d24edcc0",
        "station_id": "d4ddd9b9-2cbf-4892-b299-d54af0b630bc",
        "component_id": "88afd3d1-6da3-496a-ac81-669a47256d34",
        "value": 5.85,
        "timestamp_measured": "2019-04-28T08:00:00+00:00",
        "import_log_id": "21dfa08d-cd92-4583-9989-8da4fb210249",
        "rating": 1,
        "status": "validated"
    },
    {
        "id": "75aac513-5c6f-42ca-b2ef-d9d5f4595bf8",
        "station_id": "d4ddd9b9-2cbf-4892-b299-d54af0b630bc",
        "component_id": "88afd3d1-6da3-496a-ac81-669a47256d34",
        "value": 5.03,
        "timestamp_measured": "2019-04-28T09:00:00+00:00",
        "import_log_id": "21dfa08d-cd92-4583-9989-8da4fb210249",
        "rating": 1,
        "status": "validated"
    },
    {
        "id": "9562f4a8-62a1-4a28-bbfd-12c075614b56",
        "station_id": "d4ddd9b9-2cbf-4892-b299-d54af0b630bc",
        "component_id": "88afd3d1-6da3-496a-ac81-669a47256d34",
        "value": 4.91,
        "timestamp_measured": "2019-04-28T10:00:00+00:00",
        "import_log_id": "21dfa08d-cd92-4583-9989-8da4fb210249",
        "rating": 1,
        "status": "validated"
    },
    {
        "id": "336e6b56-aca1-4f28-ab51-850dc61f1b76",
        "station_id": "d4ddd9b9-2cbf-4892-b299-d54af0b630bc",
        "component_id": "88afd3d1-6da3-496a-ac81-669a47256d34",
        "value": 4.63,
        "timestamp_measured": "2019-04-28T11:00:00+00:00",
        "import_log_id": "21dfa08d-cd92-4583-9989-8da4fb210249",
        "rating": 1,
        "status": "validated"
    },
    {
        "id": "97cf8fdd-0662-47a6-8ac5-2a7f062e2c17",
        "station_id": "d4ddd9b9-2cbf-4892-b299-d54af0b630bc",
        "component_id": "88afd3d1-6da3-496a-ac81-669a47256d34",
        "value": 3.89,
        "timestamp_measured": "2019-04-28T12:00:00+00:00",
        "import_log_id": "21dfa08d-cd92-4583-9989-8da4fb210249",
        "rating": 1,
        "status": "validated"
    },
    {
        "id": "4ed65743-d921-4f23-bfb4-51977da5976c",
        "station_id": "d4ddd9b9-2cbf-4892-b299-d54af0b630bc",
        "component_id": "88afd3d1-6da3-496a-ac81-669a47256d34",
        "value": 3.87,
        "timestamp_measured": "2019-04-28T13:00:00+00:00",
        "import_log_id": "21dfa08d-cd92-4583-9989-8da4fb210249",
        "rating": 1,
        "status": "validated"
    },
    {
        "id": "171a7624-4fd5-49ee-8324-7486c31daf93",
        "station_id": "d4ddd9b9-2cbf-4892-b299-d54af0b630bc",
        "component_id": "88afd3d1-6da3-496a-ac81-669a47256d34",
        "value": 5.0,
        "timestamp_measured": "2019-04-28T14:00:00+00:00",
        "import_log_id": "21dfa08d-cd92-4583-9989-8da4fb210249",
        "rating": 1,
        "status": "validated"
    },
    {
        "id": "8771a5c2-34f4-4741-a540-3753d2f9d84a",
        "station_id": "d4ddd9b9-2cbf-4892-b299-d54af0b630bc",
        "component_id": "88afd3d1-6da3-496a-ac81-669a47256d34",
        "value": 4.5,
        "timestamp_measured": "2019-04-28T15:00:00+00:00",
        "import_log_id": "21dfa08d-cd92-4583-9989-8da4fb210249",
        "rating": 1,
        "status": "validated"
    },
    {
        "id": "dcea3dbe-bc66-4ecb-a079-2d268c5fb666",
        "station_id": "d4ddd9b9-2cbf-4892-b299-d54af0b630bc",
        "component_id": "88afd3d1-6da3-496a-ac81-669a47256d34",
        "value": 3.61,
        "timestamp_measured": "2019-04-28T16:00:00+00:00",
        "import_log_id": "21dfa08d-cd92-4583-9989-8da4fb210249",
        "rating": 1,
        "status": "validated"
    },
    {
        "id": "e236a953-7d80-417f-af43-063d80e7a394",
        "station_id": "d4ddd9b9-2cbf-4892-b299-d54af0b630bc",
        "component_id": "88afd3d1-6da3-496a-ac81-669a47256d34",
        "value": 3.8,
        "timestamp_measured": "2019-04-28T17:00:00+00:00",
        "import_log_id": "21dfa08d-cd92-4583-9989-8da4fb210249",
        "rating": 1,
        "status": "validated"
    },
    {
        "id": "d193c092-28e8-461b-beeb-ecdabb99e6bb",
        "station_id": "d4ddd9b9-2cbf-4892-b299-d54af0b630bc",
        "component_id": "88afd3d1-6da3-496a-ac81-669a47256d34",
        "value": 3.87,
        "timestamp_measured": "2019-04-28T18:00:00+00:00",
        "import_log_id": "21dfa08d-cd92-4583-9989-8da4fb210249",
        "rating": 1,
        "status": "validated"
    },
    {
        "id": "540fa888-0195-4d9b-a168-8090b772dede",
        "station_id": "d4ddd9b9-2cbf-4892-b299-d54af0b630bc",
        "component_id": "88afd3d1-6da3-496a-ac81-669a47256d34",
        "value": 4.77,
        "timestamp_measured": "2019-04-28T19:00:00+00:00",
        "import_log_id": "21dfa08d-cd92-4583-9989-8da4fb210249",
        "rating": 1,
        "status": "validated"
    },
    {
        "id": "9faccc06-7348-43a2-bdf5-c7f7ecfdf633",
        "station_id": "d4ddd9b9-2cbf-4892-b299-d54af0b630bc",
        "component_id": "88afd3d1-6da3-496a-ac81-669a47256d34",
        "value": 6.08,
        "timestamp_measured": "2019-04-28T20:00:00+00:00",
        "import_log_id": "21dfa08d-cd92-4583-9989-8da4fb210249",
        "rating": 1,
        "status": "validated"
    },
    {
        "id": "fe5aa956-b100-4745-81dc-6d234f4aea69",
        "station_id": "d4ddd9b9-2cbf-4892-b299-d54af0b630bc",
        "component_id": "88afd3d1-6da3-496a-ac81-669a47256d34",
        "value": 9.33,
        "timestamp_measured": "2019-04-28T21:00:00+00:00",
        "import_log_id": "21dfa08d-cd92-4583-9989-8da4fb210249",
        "rating": 1,
        "status": "validated"
    },
    {
        "id": "a7bb7024-94b3-4b36-82ef-37d9ce9f7e7a",
        "station_id": "d4ddd9b9-2cbf-4892-b299-d54af0b630bc",
        "component_id": "88afd3d1-6da3-496a-ac81-669a47256d34",
        "value": -999.0,
        "timestamp_measured": "2019-04-28T22:00:00+00:00",
        "import_log_id": "21dfa08d-cd92-4583-9989-8da4fb210249",
        "rating": -999,
        "status": "unvalidated"
    }
]