[
    {
        "id": "8a0b27f5-c885-4e4a-99f4-48f06ea7fd6c",
        "station_id": "45055790-00b9-4841-a2b5-d1d3aa4814f9",
        "component_id": "88afd3d1-6da3-496a-ac81-669a47256d34",
        "value": 17.41,
        "timestamp_measured": "2019-04-21T22:00:00+00:00",
        "import_log_id": "0fe5f8c8-6684-4dd2-b06d-ff13249d934f",
        "rating": 2,
        "status": "validated"
    },
    {
        "id": "6ab9cf01-b2d6-4d1d-b937-2dbad88bacd7",
        "station_id": "45055790-00b9-4841-a2b5-d1d3aa4814f9",
        "component_id": "88afd3d1-6da3-496a-ac81-669a47256d34",
        "value": 19.15,
        "timestamp_measured": "2019-04-21T23:00:00+00:00",
        "import_log_id": "0fe5f8c8-6684-4dd2-b06d-ff13249d934f",
        "rating": 2,
        "status": "validated"
    },
    {
        "id": "0f7b1b2c-a5d8-4930-8ec7-8cf4016e1efd",
        "station_id": "45055790-00b9-4841-a2b5-d1d3aa4814f9",
        "component_id": "88afd3d1-6da3-496a-ac81-669a47256d34",
        "value": 21.12,
        "timestamp_measured": "2019-04-22T00:00:00+00:00",
        "import_log_id": "0fe5f8c8-6684-4dd2-b06d-ff13249d934f",
        "rating": 3,
        "status": "validated"
    },
    {
        "id": "cfd47499-2cfd-45ef-89a7-f3f7d1429308",
        "station_id": "45055790-00b9-4841-a2b5-d1d3aa4814f9",
        "component_id": "88afd3d1-6da3-496a-ac81-669a47256d34",
        "value": 21.96,
        "timestamp_measured": "2019-04-22T01:00:00+00:00",
        "import_log_id": "0fe5f8c8-6684-4dd2-b06d-ff13249d934f",
        "rating": 3,
        "status": "validated"
    },
    {
        "id": "c0e6f61e-5da2-4c85-9b02-c4d8baf3bba9",
        "station_id": "45055790-00b9-4841-a2b5-d1d3aa4814f9",
        "component_id": "88afd3d1-6da3-496a-ac81-669a47256d34",
        "value": 24.79,
        "timestamp_measured": "2019-04-22T02:00:00+00:00",
        "import_log_id": "0fe5f8c8-6684-4dd2-b06d-ff13249d934f",
        "rating": 3,
        "status": "validated"
    },
    {
        "id": "f9f0d280-faef-4c49-b526-2205d2842359",
        "station_id": "45055790-00b9-4841-a2b5-d1d3aa4814f9",
        "component_id": "88afd3d1-6da3-496a-ac81-669a47256d34",
        "value": 25.77,
        "timestamp_measured": "2019-04-22T03:00:00+00:00",
        "import_log_id": "0fe5f8c8-6684-4dd2-b06d-ff13249d934f",
        "rating": 3,
        "status": "validated"
    },
    {
        "id": "4699205a-dc1b-4515-a046-6a5ed2547ddd",
        "station_id": "45055790-00b9-4841-a2b5-d1d3aa4814f9",
        "component_id": "88afd3d1-6da3-496a-ac81-669a47256d34",
        "value": 32.06,
        "timestamp_measured": "2019-04-22T04:00:00+00:00",
        "import_log_id": "0fe5f8c8-6684-4dd2-b06d-ff13249d934f",
        "rating": 4,
        "status": "validated"
    },
    {
        "id": "7a745f6b-8c9c-40ae-9335-1e471057fcc5",
        "station_id": "45055790-00b9-4841-a2b5-d1d3aa4814f9",
        "component_id": "88afd3d1-6da3-496a-ac81-669a47256d34",
        "value": 32.62,
        "timestamp_measured": "2019-04-22T05:00:00+00:00",
        "import_log_id": "0fe5f8c8-6684-4dd2-b06d-ff13249d934f",
        "rating": 4,
        "status": "validated"
    },
    {
        "id": "38ced7d9-f4e8-4775-9ce8-d3937fcd2d35",
        "station_id": "45055790-00b9-4841-a2b5-d1d3aa4814f9",
        "component_id": "88afd3d1-6da3-496a-ac81-669a47256d34",
        "value": 31.02,
        "timestamp_measured": "2019-04-22T06:00:00+00:00",
        "import_log_id": "0fe5f8c8-6684-4dd2-b06d-ff13249d934f",
        "rating": 4,
        "status": "validated"
    },
    {
        "id": "209322ff-1a0c-4615-ad6d-00d327876e34",
        "station_id": "45055790-00b9-4841-a2b5-d1d3aa4814f9",
        "component_id": "88afd3d1-6da3-496a-ac81-669a47256d34",
        "value": 20.65,
        "timestamp_measured": "2019-04-22T07:00:00+00:00",
        "import_log_id": "0fe5f8c8-6684-4dd2-b06d-ff13249d934f",
        "rating": 3,
        "status": "validated"
    },
    {
        "id": "aa780df2-1558-4473-b339-3e76b9a45ee4",
        "station_id": "45055790-00b9-4841-a2b5-d1d3aa4814f9",
        "component_id": "88afd3d1-6da3-496a-ac81-669a47256d34",
        "value": 17.18,
        "timestamp_measured": "2019-04-22T08:00:00+00:00",
        "import_log_id": "0fe5f8c8-6684-4dd2-b06d-ff13249d934f",
        "rating": 2,
        "status": "validated"
    },
    {
        "id": "ace6de32-3e36-4315-a108-a93f365063b0",
        "station_id": "45055790-00b9-4841-a2b5-d1d3aa4814f9",
        "component_id": "88afd3d1-6da3-496a-ac81-669a47256d34",
        "value": 14.48,
        "timestamp_measured": "2019-04-22T09:00:00+00:00",
        "import_log_id": "0fe5f8c8-6684-4dd2-b06d-ff13249d934f",
        "rating": 2,
        "status": "validated"
    },
    {
        "id": "2bfa50f4-0ded-45f3-a2e7-0343d1266395",
        "station_id": "45055790-00b9-4841-a2b5-d1d3aa4814f9",
        "component_id": "88afd3d1-6da3-496a-ac81-669a47256d34",
        "value": 10.73,
        "timestamp_measured": "2019-04-22T10:00:00+00:00",
        "import_log_id": "0fe5f8c8-6684-4dd2-b06d-ff13249d934f",
        "rating": 2,
        "status": "validated"
    },
    {
        "id": "d7755fd9-73f6-49d5-ac70-eaca2168d681",
        "station_id": "45055790-00b9-4841-a2b5-d1d3aa4814f9",
        "component_id": "88afd3d1-6da3-496a-ac81-669a47256d34",
        "value": 5.4,
        "timestamp_measured": "2019-04-22T11:00:00+00:00",
        "import_log_id": "0fe5f8c8-6684-4dd2-b06d-ff13249d934f",
        "rating": 1,
        "status": "validated"
    },
    {
        "id": "11a95dc2-6782-4173-8e3e-91be315e36a2",
        "station_id": "45055790-00b9-4841-a2b5-d1d3aa4814f9",
        "component_id": "88afd3d1-6da3-496a-ac81-669a47256d34",
        "value": 6.11,
        "timestamp_measured": "2019-04-22T12:00:00+00:00",
        "import_log_id": "0fe5f8c8-6684-4dd2-b06d-ff13249d934f",
        "rating": 1,
        "status": "validated"
    },
    {
        "id": "a267e626-ef4a-4ee9-9a11-294896a0ae99",
        "station_id": "45055790-00b9-4841-a2b5-d1d3aa4814f9",
        "component_id": "88afd3d1-6da3-496a-ac81-669a47256d34",
        "value": 5.65,
        "timestamp_measured": "2019-04-22T13:00:00+00:00",
        "import_log_id": "0fe5f8c8-6684-4dd2-b06d-ff13249d934f",
        "rating": 1,
        "status": "validated"
    },
    {
        "id": "71a6163c-e15d-4397-8563-219f8d0ed25a",
        "station_id": "45055790-00b9-4841-a2b5-d1d3aa4814f9",
        "component_id": "88afd3d1-6da3-496a-ac81-669a47256d34",
        "value": 5.09,
        "timestamp_measured": "2019-04-22T14:00:00+00:00",
        "import_log_id": "0fe5f8c8-6684-4dd2-b06d-ff13249d934f",
        "rating": 1,
        "status": "validated"
    },
    {
        "id": "e99d766f-6f08-4f8b-aeba-4386d797a107",
        "station_id": "45055790-00b9-4841-a2b5-d1d3aa4814f9",
        "component_id": "88afd3d1-6da3-496a-ac81-669a47256d34",
        "value": 5.5,
        "timestamp_measured": "2019-04-22T15:00:00+00:00",
        "import_log_id": "0fe5f8c8-6684-4dd2-b06d-ff13249d934f",
        "rating": 1,
        "status": "validated"
    },
    {
        "id": "8718341c-6aeb-4b8d-8987-92d9dba8b7f6",
        "station_id": "45055790-00b9-4841-a2b5-d1d3aa4814f9",
        "component_id": "88afd3d1-6da3-496a-ac81-669a47256d34",
        "value": 5.63,
        "timestamp_measured": "2019-04-22T16:00:00+00:00",
        "import_log_id": "0fe5f8c8-6684-4dd2-b06d-ff13249d934f",
        "rating": 1,
        "status": "validated"
    },
    {
        "id": "6b230b2a-c79d-499b-b109-91a4ba7de00c",
        "station_id": "45055790-00b9-4841-a2b5-d1d3aa4814f9",
        "component_id": "88afd3d1-6da3-496a-ac81-669a47256d34",
        "value": 7.2,
        "timestamp_measured": "2019-04-22T17:00:00+00:00",
        "import_log_id": "0fe5f8c8-6684-4dd2-b06d-ff13249d934f",
        "rating": 1,
        "status": "validated"
    },
    {
        "id": "36328013-0149-43a4-bcf8-910e893a6eac",
        "station_id": "45055790-00b9-4841-a2b5-d1d3aa4814f9",
        "component_id": "88afd3d1-6da3-496a-ac81-669a47256d34",
        "value": 10.35,
        "timestamp_measured": "2019-04-22T18:00:00+00:00",
        "import_log_id": "0fe5f8c8-6684-4dd2-b06d-ff13249d934f",
        "rating": 2,
        "status": "validated"
    },
    {
        "id": "3fe8a393-8fc0-4a66-ace4-ce531443df93",
        "station_id": "45055790-00b9-4841-a2b5-d1d3aa4814f9",
        "component_id": "88afd3d1-6da3-496a-ac81-669a47256d34",
        "value": 12.13,
        "timestamp_measured": "2019-04-22T19:00:00+00:00",
        "import_log_id": "0fe5f8c8-6684-4dd2-b06d-ff13249d934f",
        "rating": 2,
        "status": "validated"
    },
    {
        "id": "564bc7f2-cde6-46ef-b77d-a24119a781f8",
        "station_id": "45055790-00b9-4841-a2b5-d1d3aa4814f9",
        "component_id": "88afd3d1-6da3-496a-ac81-669a47256d34",
        "value": 13.54,
        "timestamp_measured": "2019-04-22T20:00:00+00:00",
        "import_log_id": "0fe5f8c8-6684-4dd2-b06d-ff13249d934f",
        "rating": 2,
        "status": "validated"
    },
    {
        "id": "5d6367d4-348b-4c0a-965e-c056bbbbb218",
        "station_id": "45055790-00b9-4841-a2b5-d1d3aa4814f9",
        "component_id": "88afd3d1-6da3-496a-ac81-669a47256d34",
        "value": 14.02,
        "timestamp_measured": "2019-04-22T21:00:00+00:00",
        "import_log_id": "0fe5f8c8-6684-4dd2-b06d-ff13249d934f",
        "rating": 2,
        "status": "validated"
    },
    {
        "id": "9a95454c-dfad-4754-b812-49741f307550",
        "station_id": "45055790-00b9-4841-a2b5-d1d3aa4814f9",
        "component_id": "88afd3d1-6da3-496a-ac81-669a47256d34",
        "value": 14.89,
        "timestamp_measured": "2019-04-22T22:00:00+00:00",
        "import_log_id": "0fe5f8c8-6684-4dd2-b06d-ff13249d934f",
        "rating": 2,
        "status": "validated"
    },
    {
        "id": "3f772c78-fddb-42c4-b61b-f352d8d533b5",
        "station_id": "45055790-00b9-4841-a2b5-d1d3aa4814f9",
        "component_id": "88afd3d1-6da3-496a-ac81-669a47256d34",
        "value": 16.02,
        "timestamp_measured": "2019-04-22T23:00:00+00:00",
        "import_log_id": "0fe5f8c8-6684-4dd2-b06d-ff13249d934f",
        "rating": 2,
        "status": "validated"
    },
    {
        "id": "e7e7eeca-73e9-41eb-a626-0b9030d037cc",
        "station_id": "45055790-00b9-4841-a2b5-d1d3aa4814f9",
        "component_id": "88afd3d1-6da3-496a-ac81-669a47256d34",
        "value": 15.91,
        "timestamp_measured": "2019-04-23T00:00:00+00:00",
        "import_log_id": "0fe5f8c8-6684-4dd2-b06d-ff13249d934f",
        "rating": 2,
        "status": "validated"
    },
    {
        "id": "a43e3322-1193-4ee0-85cf-2cbb81c05c88",
        "station_id": "45055790-00b9-4841-a2b5-d1d3aa4814f9",
        "component_id": "88afd3d1-6da3-496a-ac81-669a47256d34",
        "value": 15.19,
        "timestamp_measured": "2019-04-23T01:00:00+00:00",
        "import_log_id": "0fe5f8c8-6684-4dd2-b06d-ff13249d934f",
        "rating": 2,
        "status": "validated"
    },
    {
        "id": "f2349c50-e996-49ef-9b2c-5eb043129f37",
        "station_id": "45055790-00b9-4841-a2b5-d1d3aa4814f9",
        "component_id": "88afd3d1-6da3-496a-ac81-669a47256d34",
        "value": 15.06,
        "timestamp_measured": "2019-04-23T02:00:00+00:00",
        "import_log_id": "0fe5f8c8-6684-4dd2-b06d-ff13249d934f",
        "rating": 2,
        "status": "validated"
    },
    {
        "id": "cfa47431-eda8-4289-b1df-edb49c65f25d",
        "station_id": "45055790-00b9-4841-a2b5-d1d3aa4814f9",
        "component_id": "88afd3d1-6da3-496a-ac81-669a47256d34",
        "value": 17.07,
        "timestamp_measured": "2019-04-23T03:00:00+00:00",
        "import_log_id": "0fe5f8c8-6684-4dd2-b06d-ff13249d934f",
        "rating": 2,
        "status": "validated"
    },
    {
        "id": "83d746f5-c0da-408a-9d69-aa5eaacc2fea",
        "station_id": "45055790-00b9-4841-a2b5-d1d3aa4814f9",
        "component_id": "88afd3d1-6da3-496a-ac81-669a47256d34",
        "value": 18.81,
        "timestamp_measured": "2019-04-23T04:00:00+00:00",
        "import_log_id": "0fe5f8c8-6684-4dd2-b06d-ff13249d934f",
        "rating": 2,
        "status": "validated"
    },
    {
        "id": "10f99be1-957f-43a2-923a-e2840b3c4b89",
        "station_id": "45055790-00b9-4841-a2b5-d1d3aa4814f9",
        "component_id": "88afd3d1-6da3-496a-ac81-669a47256d34",
        "value": 26.4,
        "timestamp_measured": "2019-04-23T05:00:00+00:00",
        "import_log_id": "0fe5f8c8-6684-4dd2-b06d-ff13249d934f",
        "rating": 3,
        "status": "validated"
    },
    {
        "id": "81d7e7d0-fb02-4b14-a201-b94d33757258",
        "station_id": "45055790-00b9-4841-a2b5-d1d3aa4814f9",
        "component_id": "88afd3d1-6da3-496a-ac81-669a47256d34",
        "value": 32.73,
        "timestamp_measured": "2019-04-23T06:00:00+00:00",
        "import_log_id": "0fe5f8c8-6684-4dd2-b06d-ff13249d934f",
        "rating": 4,
        "status": "validated"
    },
    {
        "id": "0f361f71-f79f-4f31-a0dc-e8f4fac74aa0",
        "station_id": "45055790-00b9-4841-a2b5-d1d3aa4814f9",
        "component_id": "88afd3d1-6da3-496a-ac81-669a47256d34",
        "value": 33.06,
        "timestamp_measured": "2019-04-23T07:00:00+00:00",
        "import_log_id": "0fe5f8c8-6684-4dd2-b06d-ff13249d934f",
        "rating": 4,
        "status": "validated"
    },
    {
        "id": "c2c313d6-02cc-4f96-9101-8e8fd20f07c7",
        "station_id": "45055790-00b9-4841-a2b5-d1d3aa4814f9",
        "component_id": "88afd3d1-6da3-496a-ac81-669a47256d34",
        "value": 27.7,
        "timestamp_measured": "2019-04-23T08:00:00+00:00",
        "import_log_id": "0fe5f8c8-6684-4dd2-b06d-ff13249d934f",
        "rating": 3,
        "status": "validated"
    },
    {
        "id": "c40cbba3-812c-493e-ba93-ab983dc2c67b",
        "station_id": "45055790-00b9-4841-a2b5-d1d3aa4814f9",
        "component_id": "88afd3d1-6da3-496a-ac81-669a47256d34",
        "value": 25.22,
        "timestamp_measured": "2019-04-23T09:00:00+00:00",
        "import_log_id": "0fe5f8c8-6684-4dd2-b06d-ff13249d934f",
        "rating": 3,
        "status": "validated"
    },
    {
        "id": "c3a83845-2f8d-46ac-800e-a4e4c686836c",
        "station_id": "45055790-00b9-4841-a2b5-d1d3aa4814f9",
        "component_id": "88afd3d1-6da3-496a-ac81-669a47256d34",
        "value": 23.96,
        "timestamp_measured": "2019-04-23T10:00:00+00:00",
        "import_log_id": "0fe5f8c8-6684-4dd2-b06d-ff13249d934f",
        "rating": 3,
        "status": "validated"
    },
    {
        "id": "b5c95e20-e436-4464-a767-7d2ec7f63f1e",
        "station_id": "45055790-00b9-4841-a2b5-d1d3aa4814f9",
        "component_id": "88afd3d1-6da3-496a-ac81-669a47256d34",
        "value": 22.77,
        "timestamp_measured": "2019-04-23T11:00:00+00:00",
        "import_log_id": "0fe5f8c8-6684-4dd2-b06d-ff13249d934f",
        "rating": 3,
        "status": "validated"
    },
    {
        "id": "779ab79d-340c-4cdb-ad3d-12444e7403a9",
        "station_id": "45055790-00b9-4841-a2b5-d1d3aa4814f9",
        "component_id": "88afd3d1-6da3-496a-ac81-669a47256d34",
        "value": 18.28,
        "timestamp_measured": "2019-04-23T12:00:00+00:00",
        "import_log_id": "0fe5f8c8-6684-4dd2-b06d-ff13249d934f",
        "rating": 2,
        "status": "validated"
    },
    {
        "id": "c50b06f1-a0bd-44cb-b6fd-c05f54c98594",
        "station_id": "45055790-00b9-4841-a2b5-d1d3aa4814f9",
        "component_id": "88afd3d1-6da3-496a-ac81-669a47256d34",
        "value": 15.79,
        "timestamp_measured": "2019-04-23T13:00:00+00:00",
        "import_log_id": "0fe5f8c8-6684-4dd2-b06d-ff13249d934f",
        "rating": 2,
        "status": "validated"
    },
    {
        "id": "3ec76fab-37d1-46c3-922e-167d2b97ce21",
        "station_id": "45055790-00b9-4841-a2b5-d1d3aa4814f9",
        "component_id": "88afd3d1-6da3-496a-ac81-669a47256d34",
        "value": 18.72,
        "timestamp_measured": "2019-04-23T14:00:00+00:00",
        "import_log_id": "0fe5f8c8-6684-4dd2-b06d-ff13249d934f",
        "rating": 2,
        "status": "validated"
    },
    {
        "id": "e30b4287-0d7a-4b26-9644-0423469d6d7a",
        "station_id": "45055790-00b9-4841-a2b5-d1d3aa4814f9",
        "component_id": "88afd3d1-6da3-496a-ac81-669a47256d34",
        "value": 18.01,
        "timestamp_measured": "2019-04-23T15:00:00+00:00",
        "import_log_id": "0fe5f8c8-6684-4dd2-b06d-ff13249d934f",
        "rating": 2,
        "status": "validated"
    },
    {
        "id": "02b98ba2-af41-4a8f-8992-ce411ac9df2b",
        "station_id": "45055790-00b9-4841-a2b5-d1d3aa4814f9",
        "component_id": "88afd3d1-6da3-496a-ac81-669a47256d34",
        "value": 15.07,
        "timestamp_measured": "2019-04-23T16:00:00+00:00",
        "import_log_id": "0fe5f8c8-6684-4dd2-b06d-ff13249d934f",
        "rating": 2,
        "status": "validated"
    },
    {
        "id": "340c5ded-5641-480b-85a8-adca441093ce",
        "station_id": "45055790-00b9-4841-a2b5-d1d3aa4814f9",
        "component_id": "88afd3d1-6da3-496a-ac81-669a47256d34",
        "value": 13.81,
        "timestamp_measured": "2019-04-23T17:00:00+00:00",
        "import_log_id": "0fe5f8c8-6684-4dd2-b06d-ff13249d934f",
        "rating": 2,
        "status": "validated"
    },
    {
        "id": "95057964-13f7-4b25-9dcb-f326ce02358e",
        "station_id": "45055790-00b9-4841-a2b5-d1d3aa4814f9",
        "component_id": "88afd3d1-6da3-496a-ac81-669a47256d34",
        "value": 12.61,
        "timestamp_measured": "2019-04-23T18:00:00+00:00",
        "import_log_id": "0fe5f8c8-6684-4dd2-b06d-ff13249d934f",
        "rating": 2,
        "status": "validated"
    },
    {
        "id": "672cb85b-8919-49d6-a937-11f27a66e36a",
        "station_id": "45055790-00b9-4841-a2b5-d1d3aa4814f9",
        "component_id": "88afd3d1-6da3-496a-ac81-669a47256d34",
        "value": 14.63,
        "timestamp_measured": "2019-04-23T19:00:00+00:00",
        "import_log_id": "0fe5f8c8-6684-4dd2-b06d-ff13249d934f",
        "rating": 2,
        "status": "validated"
    },
    {
        "id": "e03c677b-be28-476e-b9ca-ee6e508d8604",
        "station_id": "45055790-00b9-4841-a2b5-d1d3aa4814f9",
        "component_id": "88afd3d1-6da3-496a-ac81-669a47256d34",
        "value": 18.68,
        "timestamp_measured": "2019-04-23T20:00:00+00:00",
        "import_log_id": "0fe5f8c8-6684-4dd2-b06d-ff13249d934f",
        "rating": 2,
        "status": "validated"
    },
    {
        "id": "91d91d88-151a-4fc9-9425-ad1dffb6de28",
        "station_id": "45055790-00b9-4841-a2b5-d1d3aa4814f9",
        "component_id": "88afd3d1-6da3-496a-ac81-669a47256d34",
        "value": 26.9,
        "timestamp_measured": "2019-04-23T21:00:00+00:00",
        "import_log_id": "0fe5f8c8-6684-4dd2-b06d-ff13249d934f",
        "rating": 3,
        "status": "validated"
    },
    {
        "id": "c17049b8-05f5-4871-b8d5-85ed6ddb8898",
        "station_id": "45055790-00b9-4841-a2b5-d1d3aa4814f9",
        "component_id": "88afd3d1-6da3-496a-ac81-669a47256d34",
        "value": 29.46,
        "timestamp_measured": "2019-04-23T22:00:00+00:00",
        "import_log_id": "0fe5f8c8-6684-4dd2-b06d-ff13249d934f",
        "rating": 3,
        "status": "validated"
    },
    {
        "id": "0b435344-da18-4668-ad85-f646848885dd",
        "station_id": "45055790-00b9-4841-a2b5-d1d3aa4814f9",
        "component_id": "88afd3d1-6da3-496a-ac81-669a47256d34",
        "value": 28.87,
        "timestamp_measured": "2019-04-23T23:00:00+00:00",
        "import_log_id": "0fe5f8c8-6684-4dd2-b06d-ff13249d934f",
        "rating": 3,
        "status": "validated"
    },
    {
        "id": "0c55d539-a532-44a5-ba7d-383dbbfb13c8",
        "station_id": "45055790-00b9-4841-a2b5-d1d3aa4814f9",
        "component_id": "88afd3d1-6da3-496a-ac81-669a47256d34",
        "value": 21.13,
        "timestamp_measured": "2019-04-24T00:00:00+00:00",
        "import_log_id": "0fe5f8c8-6684-4dd2-b06d-ff13249d934f",
        "rating": 3,
        "status": "validated"
    },
    {
        "id": "66c41f27-c3e4-4ed0-b5d7-5720b5a4e47c",
        "station_id": "45055790-00b9-4841-a2b5-d1d3aa4814f9",
        "component_id": "88afd3d1-6da3-496a-ac81-669a47256d34",
        "value": 21.33,
        "timestamp_measured": "2019-04-24T01:00:00+00:00",
        "import_log_id": "0fe5f8c8-6684-4dd2-b06d-ff13249d934f",
        "rating": 3,
        "status": "validated"
    },
    {
        "id": "bcfaca33-6c0a-4713-932e-2dd096903974",
        "station_id": "45055790-00b9-4841-a2b5-d1d3aa4814f9",
        "component_id": "88afd3d1-6da3-496a-ac81-669a47256d34",
        "value": 21.35,
        "timestamp_measured": "2019-04-24T02:00:00+00:00",
        "import_log_id": "0fe5f8c8-6684-4dd2-b06d-ff13249d934f",
        "rating": 3,
        "status": "validated"
    },
    {
        "id": "a089906e-8458-4f75-bd4c-5e85c969312d",
        "station_id": "45055790-00b9-4841-a2b5-d1d3aa4814f9",
        "component_id": "88afd3d1-6da3-496a-ac81-669a47256d34",
        "value": 24.55,
        "timestamp_measured": "2019-04-24T03:00:00+00:00",
        "import_log_id": "0fe5f8c8-6684-4dd2-b06d-ff13249d934f",
        "rating": 3,
        "status": "validated"
    },
    {
        "id": "5fdf88f1-d879-409d-baa8-aabe4059b4ed",
        "station_id": "45055790-00b9-4841-a2b5-d1d3aa4814f9",
        "component_id": "88afd3d1-6da3-496a-ac81-669a47256d34",
        "value": 28.77,
        "timestamp_measured": "2019-04-24T04:00:00+00:00",
        "import_log_id": "0fe5f8c8-6684-4dd2-b06d-ff13249d934f",
        "rating": 3,
        "status": "validated"
    },
    {
        "id": "7394f1e1-f8fb-4fd5-8f51-571a2415edf0",
        "station_id": "45055790-00b9-4841-a2b5-d1d3aa4814f9",
        "component_id": "88afd3d1-6da3-496a-ac81-669a47256d34",
        "value": 31.47,
        "timestamp_measured": "2019-04-24T05:00:00+00:00",
        "import_log_id": "0fe5f8c8-6684-4dd2-b06d-ff13249d934f",
        "rating": 4,
        "status": "validated"
    },
    {
        "id": "289230e2-4d7b-4b2a-8c10-1e765e1c3927",
        "station_id": "45055790-00b9-4841-a2b5-d1d3aa4814f9",
        "component_id": "88afd3d1-6da3-496a-ac81-669a47256d34",
        "value": 37.22,
        "timestamp_measured": "2019-04-24T06:00:00+00:00",
        "import_log_id": "0fe5f8c8-6684-4dd2-b06d-ff13249d934f",
        "rating": 4,
        "status": "validated"
    },
    {
        "id": "70cd5cc1-26b8-4f3a-8c9d-f58552da5a96",
        "station_id": "45055790-00b9-4841-a2b5-d1d3aa4814f9",
        "component_id": "88afd3d1-6da3-496a-ac81-669a47256d34",
        "value": 25.25,
        "timestamp_measured": "2019-04-24T07:00:00+00:00",
        "import_log_id": "0fe5f8c8-6684-4dd2-b06d-ff13249d934f",
        "rating": 3,
        "status": "validated"
    },
    {
        "id": "b55c894d-a3ef-4a93-b366-ef4604d52bbd",
        "station_id": "45055790-00b9-4841-a2b5-d1d3aa4814f9",
        "component_id": "88afd3d1-6da3-496a-ac81-669a47256d34",
        "value": 18.7,
        "timestamp_measured": "2019-04-24T08:00:00+00:00",
        "import_log_id": "0fe5f8c8-6684-4dd2-b06d-ff13249d934f",
        "rating": 2,
        "status": "validated"
    },
    {
        "id": "a4ea2c31-51c8-4746-ae96-ef47cd75760a",
        "station_id": "45055790-00b9-4841-a2b5-d1d3aa4814f9",
        "component_id": "88afd3d1-6da3-496a-ac81-669a47256d34",
        "value": 11.48,
        "timestamp_measured": "2019-04-24T09:00:00+00:00",
        "import_log_id": "0fe5f8c8-6684-4dd2-b06d-ff13249d934f",
        "rating": 2,
        "status": "validated"
    },
    {
        "id": "2a02da0b-8ff0-425a-b5a1-ffdae75d816e",
        "station_id": "45055790-00b9-4841-a2b5-d1d3aa4814f9",
        "component_id": "88afd3d1-6da3-496a-ac81-669a47256d34",
        "value": 5.27,
        "timestamp_measured": "2019-04-24T10:00:00+00:00",
        "import_log_id": "0fe5f8c8-6684-4dd2-b06d-ff13249d934f",
        "rating": 1,
        "status": "validated"
    },
    {
        "id": "85556694-23a0-451e-b6ea-4244ceedb1b5",
        "station_id": "45055790-00b9-4841-a2b5-d1d3aa4814f9",
        "component_id": "88afd3d1-6da3-496a-ac81-669a47256d34",
        "value": 3.45,
        "timestamp_measured": "2019-04-24T11:00:00+00:00",
        "import_log_id": "0fe5f8c8-6684-4dd2-b06d-ff13249d934f",
        "rating": 1,
        "status": "validated"
    },
    {
        "id": "8eb07b49-bd02-4c49-a017-88a47b6332e2",
        "station_id": "45055790-00b9-4841-a2b5-d1d3aa4814f9",
        "component_id": "88afd3d1-6da3-496a-ac81-669a47256d34",
        "value": 2.89,
        "timestamp_measured": "2019-04-24T12:00:00+00:00",
        "import_log_id": "0fe5f8c8-6684-4dd2-b06d-ff13249d934f",
        "rating": 1,
        "status": "validated"
    },
    {
        "id": "72ab6f78-456c-4d80-9acb-bf3fb387547f",
        "station_id": "45055790-00b9-4841-a2b5-d1d3aa4814f9",
        "component_id": "88afd3d1-6da3-496a-ac81-669a47256d34",
        "value": 3.04,
        "timestamp_measured": "2019-04-24T13:00:00+00:00",
        "import_log_id": "0fe5f8c8-6684-4dd2-b06d-ff13249d934f",
        "rating": 1,
        "status": "validated"
    },
    {
        "id": "1f7b4da7-b601-49cd-85c7-f60401ebcdc6",
        "station_id": "45055790-00b9-4841-a2b5-d1d3aa4814f9",
        "component_id": "88afd3d1-6da3-496a-ac81-669a47256d34",
        "value": 3.02,
        "timestamp_measured": "2019-04-24T14:00:00+00:00",
        "import_log_id": "0fe5f8c8-6684-4dd2-b06d-ff13249d934f",
        "rating": 1,
        "status": "validated"
    },
    {
        "id": "033cf9c2-faa2-427b-9474-11cc7e7a0309",
        "station_id": "45055790-00b9-4841-a2b5-d1d3aa4814f9",
        "component_id": "88afd3d1-6da3-496a-ac81-669a47256d34",
        "value": 3.98,
        "timestamp_measured": "2019-04-24T15:00:00+00:00",
        "import_log_id": "0fe5f8c8-6684-4dd2-b06d-ff13249d934f",
        "rating": 1,
        "status": "validated"
    },
    {
        "id": "ba7c5fc6-1cd9-4abb-ab45-987df0d68d23",
        "station_id": "45055790-00b9-4841-a2b5-d1d3aa4814f9",
        "component_id": "88afd3d1-6da3-496a-ac81-669a47256d34",
        "value": 4.18,
        "timestamp_measured": "2019-04-24T16:00:00+00:00",
        "import_log_id": "0fe5f8c8-6684-4dd2-b06d-ff13249d934f",
        "rating": 1,
        "status": "validated"
    },
    {
        "id": "c22f59ed-d764-491b-b32f-e5781082fa38",
        "station_id": "45055790-00b9-4841-a2b5-d1d3aa4814f9",
        "component_id": "88afd3d1-6da3-496a-ac81-669a47256d34",
        "value": 7.4,
        "timestamp_measured": "2019-04-24T17:00:00+00:00",
        "import_log_id": "0fe5f8c8-6684-4dd2-b06d-ff13249d934f",
        "rating": 1,
        "status": "validated"
    },
    {
        "id": "404bef7b-a142-4251-bb23-108d2c610c36",
        "station_id": "45055790-00b9-4841-a2b5-d1d3aa4814f9",
        "component_id": "88afd3d1-6da3-496a-ac81-669a47256d34",
        "value": 4.55,
        "timestamp_measured": "2019-04-24T18:00:00+00:00",
        "import_log_id": "0fe5f8c8-6684-4dd2-b06d-ff13249d934f",
        "rating": 1,
        "status": "validated"
    },
    {
        "id": "78774aa1-e4d5-47b4-b77f-c4b8edc75219",
        "station_id": "45055790-00b9-4841-a2b5-d1d3aa4814f9",
        "component_id": "88afd3d1-6da3-496a-ac81-669a47256d34",
        "value": 5.53,
        "timestamp_measured": "2019-04-24T19:00:00+00:00",
        "import_log_id": "0fe5f8c8-6684-4dd2-b06d-ff13249d934f",
        "rating": 1,
        "status": "validated"
    },
    {
        "id": "f5d429a4-785b-458b-a141-a3addb56a682",
        "station_id": "45055790-00b9-4841-a2b5-d1d3aa4814f9",
        "component_id": "88afd3d1-6da3-496a-ac81-669a47256d34",
        "value": 6.56,
        "timestamp_measured": "2019-04-24T20:00:00+00:00",
        "import_log_id": "0fe5f8c8-6684-4dd2-b06d-ff13249d934f",
        "rating": 1,
        "status": "validated"
    },
    {
        "id": "de23fc01-3df1-46bd-8ccf-96c5db2a7257",
        "station_id": "45055790-00b9-4841-a2b5-d1d3aa4814f9",
        "component_id": "88afd3d1-6da3-496a-ac81-669a47256d34",
        "value": 6.12,
        "timestamp_measured": "2019-04-24T21:00:00+00:00",
        "import_log_id": "0fe5f8c8-6684-4dd2-b06d-ff13249d934f",
        "rating": 1,
        "status": "validated"
    },
    {
        "id": "273fd74a-2626-492c-8047-7e6d96f0c23a",
        "station_id": "45055790-00b9-4841-a2b5-d1d3aa4814f9",
        "component_id": "88afd3d1-6da3-496a-ac81-669a47256d34",
        "value": 6.56,
        "timestamp_measured": "2019-04-24T22:00:00+00:00",
        "import_log_id": "0fe5f8c8-6684-4dd2-b06d-ff13249d934f",
        "rating": 1,
        "status": "validated"
    },
    {
        "id": "f567cc3e-53d8-4f8d-bf11-be1133a45ebe",
        "station_id": "45055790-00b9-4841-a2b5-d1d3aa4814f9",
        "component_id": "88afd3d1-6da3-496a-ac81-669a47256d34",
        "value": 7.1,
        "timestamp_measured": "2019-04-24T23:00:00+00:00",
        "import_log_id": "0fe5f8c8-6684-4dd2-b06d-ff13249d934f",
        "rating": 1,
        "status": "validated"
    },
    {
        "id": "e0a504ee-2225-4283-afa8-adece197ca53",
        "station_id": "45055790-00b9-4841-a2b5-d1d3aa4814f9",
        "component_id": "88afd3d1-6da3-496a-ac81-669a47256d34",
        "value": 8.44,
        "timestamp_measured": "2019-04-25T00:00:00+00:00",
        "import_log_id": "0fe5f8c8-6684-4dd2-b06d-ff13249d934f",
        "rating": 1,
        "status": "validated"
    },
    {
        "id": "6d806559-8602-46a1-a34c-19b893aeb4b7",
        "station_id": "45055790-00b9-4841-a2b5-d1d3aa4814f9",
        "component_id": "88afd3d1-6da3-496a-ac81-669a47256d34",
        "value": 7.82,
        "timestamp_measured": "2019-04-25T01:00:00+00:00",
        "import_log_id": "0fe5f8c8-6684-4dd2-b06d-ff13249d934f",
        "rating": 1,
        "status": "validated"
    },
    {
        "id": "ad944801-3116-4d86-ab94-f7c02617eae9",
        "station_id": "45055790-00b9-4841-a2b5-d1d3aa4814f9",
        "component_id": "88afd3d1-6da3-496a-ac81-669a47256d34",
        "value": 7.17,
        "timestamp_measured": "2019-04-25T02:00:00+00:00",
        "import_log_id": "0fe5f8c8-6684-4dd2-b06d-ff13249d934f",
        "rating": 1,
        "status": "validated"
    },
    {
        "id": "a9428542-b7e1-41a0-a165-e3a12ae21193",
        "station_id": "45055790-00b9-4841-a2b5-d1d3aa4814f9",
        "component_id": "88afd3d1-6da3-496a-ac81-669a47256d34",
        "value": 9.96,
        "timestamp_measured": "2019-04-25T03:00:00+00:00",
        "import_log_id": "0fe5f8c8-6684-4dd2-b06d-ff13249d934f",
        "rating": 1,
        "status": "validated"
    },
    {
        "id": "0af9746f-66ac-4457-b1c1-046a1b3a4fe9",
        "station_id": "45055790-00b9-4841-a2b5-d1d3aa4814f9",
        "component_id": "88afd3d1-6da3-496a-ac81-669a47256d34",
        "value": 10.31,
        "timestamp_measured": "2019-04-25T04:00:00+00:00",
        "import_log_id": "0fe5f8c8-6684-4dd2-b06d-ff13249d934f",
        "rating": 2,
        "status": "validated"
    },
    {
        "id": "4b59e734-85da-46ca-935e-58a61e65d1ec",
        "station_id": "45055790-00b9-4841-a2b5-d1d3aa4814f9",
        "component_id": "88afd3d1-6da3-496a-ac81-669a47256d34",
        "value": 16.16,
        "timestamp_measured": "2019-04-25T05:00:00+00:00",
        "import_log_id": "0fe5f8c8-6684-4dd2-b06d-ff13249d934f",
        "rating": 2,
        "status": "validated"
    },
    {
        "id": "ff4180cd-26f6-4a18-95b6-28f32c1bf870",
        "station_id": "45055790-00b9-4841-a2b5-d1d3aa4814f9",
        "component_id": "88afd3d1-6da3-496a-ac81-669a47256d34",
        "value": 21.66,
        "timestamp_measured": "2019-04-25T06:00:00+00:00",
        "import_log_id": "0fe5f8c8-6684-4dd2-b06d-ff13249d934f",
        "rating": 3,
        "status": "validated"
    },
    {
        "id": "426bbf96-c614-4868-ba2c-2bbb9267792a",
        "station_id": "45055790-00b9-4841-a2b5-d1d3aa4814f9",
        "component_id": "88afd3d1-6da3-496a-ac81-669a47256d34",
        "value": 17.68,
        "timestamp_measured": "2019-04-25T07:00:00+00:00",
        "import_log_id": "0fe5f8c8-6684-4dd2-b06d-ff13249d934f",
        "rating": 2,
        "status": "validated"
    },
    {
        "id": "8d805714-02a3-4f10-879c-9dab2c66ddd8",
        "station_id": "45055790-00b9-4841-a2b5-d1d3aa4814f9",
        "component_id": "88afd3d1-6da3-496a-ac81-669a47256d34",
        "value": 15.59,
        "timestamp_measured": "2019-04-25T08:00:00+00:00",
        "import_log_id": "0fe5f8c8-6684-4dd2-b06d-ff13249d934f",
        "rating": 2,
        "status": "validated"
    },
    {
        "id": "e0434318-deba-45a7-9d48-e8b19944b9c7",
        "station_id": "45055790-00b9-4841-a2b5-d1d3aa4814f9",
        "component_id": "88afd3d1-6da3-496a-ac81-669a47256d34",
        "value": 13.29,
        "timestamp_measured": "2019-04-25T09:00:00+00:00",
        "import_log_id": "0fe5f8c8-6684-4dd2-b06d-ff13249d934f",
        "rating": 2,
        "status": "validated"
    },
    {
        "id": "1d2c1241-5077-418a-ad43-5e01411da599",
        "station_id": "45055790-00b9-4841-a2b5-d1d3aa4814f9",
        "component_id": "88afd3d1-6da3-496a-ac81-669a47256d34",
        "value": 8.38,
        "timestamp_measured": "2019-04-25T10:00:00+00:00",
        "import_log_id": "0fe5f8c8-6684-4dd2-b06d-ff13249d934f",
        "rating": 1,
        "status": "validated"
    },
    {
        "id": "8dbb6ba4-b06e-43e9-b5a1-5b092db2270b",
        "station_id": "45055790-00b9-4841-a2b5-d1d3aa4814f9",
        "component_id": "88afd3d1-6da3-496a-ac81-669a47256d34",
        "value": 6.35,
        "timestamp_measured": "2019-04-25T11:00:00+00:00",
        "import_log_id": "0fe5f8c8-6684-4dd2-b06d-ff13249d934f",
        "rating": 1,
        "status": "validated"
    },
    {
        "id": "fd96722e-234f-4de2-8f7a-8b1c35f0c869",
        "station_id": "45055790-00b9-4841-a2b5-d1d3aa4814f9",
        "component_id": "88afd3d1-6da3-496a-ac81-669a47256d34",
        "value": 4.9,
        "timestamp_measured": "2019-04-25T12:00:00+00:00",
        "import_log_id": "0fe5f8c8-6684-4dd2-b06d-ff13249d934f",
        "rating": 1,
        "status": "validated"
    },
    {
        "id": "23975cfc-622e-47e6-988b-bccdad4a7f1f",
        "station_id": "45055790-00b9-4841-a2b5-d1d3aa4814f9",
        "component_id": "88afd3d1-6da3-496a-ac81-669a47256d34",
        "value": 7.25,
        "timestamp_measured": "2019-04-25T13:00:00+00:00",
        "import_log_id": "0fe5f8c8-6684-4dd2-b06d-ff13249d934f",
        "rating": 1,
        "status": "validated"
    },
    {
        "id": "e7ffe0ed-9378-4cb4-a6d2-7933ad5f55e2",
        "station_id": "45055790-00b9-4841-a2b5-d1d3aa4814f9",
        "component_id": "88afd3d1-6da3-496a-ac81-669a47256d34",
        "value": 8.4,
        "timestamp_measured": "2019-04-25T14:00:00+00:00",
        "import_log_id": "0fe5f8c8-6684-4dd2-b06d-ff13249d934f",
        "rating": 1,
        "status": "validated"
    },
    {
        "id": "df03bb76-07af-4c4d-a84b-b725a7e4fa87",
        "station_id": "45055790-00b9-4841-a2b5-d1d3aa4814f9",
        "component_id": "88afd3d1-6da3-496a-ac81-669a47256d34",
        "value": 12.89,
        "timestamp_measured": "2019-04-25T15:00:00+00:00",
        "import_log_id": "0fe5f8c8-6684-4dd2-b06d-ff13249d934f",
        "rating": 2,
        "status": "validated"
    },
    {
        "id": "cce904e2-80af-4795-8794-4f6306f20574",
        "station_id": "45055790-00b9-4841-a2b5-d1d3aa4814f9",
        "component_id": "88afd3d1-6da3-496a-ac81-669a47256d34",
        "value": 11.48,
        "timestamp_measured": "2019-04-25T16:00:00+00:00",
        "import_log_id": "0fe5f8c8-6684-4dd2-b06d-ff13249d934f",
        "rating": 2,
        "status": "validated"
    },
    {
        "id": "6de370a2-6972-412b-83a0-bf88fbc80481",
        "station_id": "45055790-00b9-4841-a2b5-d1d3aa4814f9",
        "component_id": "88afd3d1-6da3-496a-ac81-669a47256d34",
        "value": 8.53,
        "timestamp_measured": "2019-04-25T17:00:00+00:00",
        "import_log_id": "0fe5f8c8-6684-4dd2-b06d-ff13249d934f",
        "rating": 1,
        "status": "validated"
    },
    {
        "id": "a852e438-41ef-49bd-95a1-0538daae00c9",
        "station_id": "45055790-00b9-4841-a2b5-d1d3aa4814f9",
        "component_id": "88afd3d1-6da3-496a-ac81-669a47256d34",
        "value": 9.73,
        "timestamp_measured": "2019-04-25T18:00:00+00:00",
        "import_log_id": "0fe5f8c8-6684-4dd2-b06d-ff13249d934f",
        "rating": 1,
        "status": "validated"
    },
    {
        "id": "5d2678de-fc0f-4896-ad32-731dd3ef2d5e",
        "station_id": "45055790-00b9-4841-a2b5-d1d3aa4814f9",
        "component_id": "88afd3d1-6da3-496a-ac81-669a47256d34",
        "value": 9.19,
        "timestamp_measured": "2019-04-25T19:00:00+00:00",
        "import_log_id": "0fe5f8c8-6684-4dd2-b06d-ff13249d934f",
        "rating": 1,
        "status": "validated"
    },
    {
        "id": "0b32ec33-d2ae-4eae-96ca-c9e489b7d163",
        "station_id": "45055790-00b9-4841-a2b5-d1d3aa4814f9",
        "component_id": "88afd3d1-6da3-496a-ac81-669a47256d34",
        "value": 10.17,
        "timestamp_measured": "2019-04-25T20:00:00+00:00",
        "import_log_id": "0fe5f8c8-6684-4dd2-b06d-ff13249d934f",
        "rating": 2,
        "status": "validated"
    },
    {
        "id": "39963860-fab3-4721-afa9-dd265227bfb2",
        "station_id": "45055790-00b9-4841-a2b5-d1d3aa4814f9",
        "component_id": "88afd3d1-6da3-496a-ac81-669a47256d34",
        "value": 11.96,
        "timestamp_measured": "2019-04-25T21:00:00+00:00",
        "import_log_id": "0fe5f8c8-6684-4dd2-b06d-ff13249d934f",
        "rating": 2,
        "status": "validated"
    },
    {
        "id": "cac9f272-a880-4af2-ab51-a26b4a8cf1ee",
        "station_id": "45055790-00b9-4841-a2b5-d1d3aa4814f9",
        "component_id": "88afd3d1-6da3-496a-ac81-669a47256d34",
        "value": 9.36,
        "timestamp_measured": "2019-04-25T22:00:00+00:00",
        "import_log_id": "0fe5f8c8-6684-4dd2-b06d-ff13249d934f",
        "rating": 1,
        "status": "validated"
    },
    {
        "id": "36ccd17c-631e-44ec-a6f6-d1969bd858c3",
        "station_id": "45055790-00b9-4841-a2b5-d1d3aa4814f9",
        "component_id": "88afd3d1-6da3-496a-ac81-669a47256d34",
        "value": 6.97,
        "timestamp_measured": "2019-04-25T23:00:00+00:00",
        "import_log_id": "0fe5f8c8-6684-4dd2-b06d-ff13249d934f",
        "rating": 1,
        "status": "validated"
    },
    {
        "id": "42973d05-4e97-4af8-87d5-1b8560a3e0cb",
        "station_id": "45055790-00b9-4841-a2b5-d1d3aa4814f9",
        "component_id": "88afd3d1-6da3-496a-ac81-669a47256d34",
        "value": 7.71,
        "timestamp_measured": "2019-04-26T00:00:00+00:00",
        "import_log_id": "0fe5f8c8-6684-4dd2-b06d-ff13249d934f",
        "rating": 1,
        "status": "validated"
    },
    {
        "id": "321d0abd-6a89-4b77-b6bf-46b0b8bded5e",
        "station_id": "45055790-00b9-4841-a2b5-d1d3aa4814f9",
        "component_id": "88afd3d1-6da3-496a-ac81-669a47256d34",
        "value": 7.72,
        "timestamp_measured": "2019-04-26T01:00:00+00:00",
        "import_log_id": "0fe5f8c8-6684-4dd2-b06d-ff13249d934f",
        "rating": 1,
        "status": "validated"
    },
    {
        "id": "52751082-36ae-4b9a-a1a8-eeed124ac166",
        "station_id": "45055790-00b9-4841-a2b5-d1d3aa4814f9",
        "component_id": "88afd3d1-6da3-496a-ac81-669a47256d34",
        "value": 7.42,
        "timestamp_measured": "2019-04-26T02:00:00+00:00",
        "import_log_id": "0fe5f8c8-6684-4dd2-b06d-ff13249d934f",
        "rating": 1,
        "status": "validated"
    },
    {
        "id": "5444baa3-0d4c-4844-968d-63a3a44763c4",
        "station_id": "45055790-00b9-4841-a2b5-d1d3aa4814f9",
        "component_id": "88afd3d1-6da3-496a-ac81-669a47256d34",
        "value": 9.1,
        "timestamp_measured": "2019-04-26T03:00:00+00:00",
        "import_log_id": "0fe5f8c8-6684-4dd2-b06d-ff13249d934f",
        "rating": 1,
        "status": "validated"
    },
    {
        "id": "d32d946d-3178-4e90-b214-1b22f866152c",
        "station_id": "45055790-00b9-4841-a2b5-d1d3aa4814f9",
        "component_id": "88afd3d1-6da3-496a-ac81-669a47256d34",
        "value": 12.19,
        "timestamp_measured": "2019-04-26T04:00:00+00:00",
        "import_log_id": "0fe5f8c8-6684-4dd2-b06d-ff13249d934f",
        "rating": 2,
        "status": "validated"
    },
    {
        "id": "86324fa1-2d97-4b14-b2a0-489dc25c2b16",
        "station_id": "45055790-00b9-4841-a2b5-d1d3aa4814f9",
        "component_id": "88afd3d1-6da3-496a-ac81-669a47256d34",
        "value": 17.14,
        "timestamp_measured": "2019-04-26T05:00:00+00:00",
        "import_log_id": "0fe5f8c8-6684-4dd2-b06d-ff13249d934f",
        "rating": 2,
        "status": "validated"
    },
    {
        "id": "ba65cd69-2718-4aba-a2ab-5db2e0a541ec",
        "station_id": "45055790-00b9-4841-a2b5-d1d3aa4814f9",
        "component_id": "88afd3d1-6da3-496a-ac81-669a47256d34",
        "value": 23.54,
        "timestamp_measured": "2019-04-26T06:00:00+00:00",
        "import_log_id": "0fe5f8c8-6684-4dd2-b06d-ff13249d934f",
        "rating": 3,
        "status": "validated"
    },
    {
        "id": "17f64296-f28a-45de-aace-63e4c9b74d1e",
        "station_id": "45055790-00b9-4841-a2b5-d1d3aa4814f9",
        "component_id": "88afd3d1-6da3-496a-ac81-669a47256d34",
        "value": 20.61,
        "timestamp_measured": "2019-04-26T07:00:00+00:00",
        "import_log_id": "0fe5f8c8-6684-4dd2-b06d-ff13249d934f",
        "rating": 3,
        "status": "validated"
    },
    {
        "id": "16bc59ca-7994-4951-a233-054b8e490c30",
        "station_id": "45055790-00b9-4841-a2b5-d1d3aa4814f9",
        "component_id": "88afd3d1-6da3-496a-ac81-669a47256d34",
        "value": 15.79,
        "timestamp_measured": "2019-04-26T08:00:00+00:00",
        "import_log_id": "0fe5f8c8-6684-4dd2-b06d-ff13249d934f",
        "rating": 2,
        "status": "validated"
    },
    {
        "id": "0a5ef9bb-fe5b-4568-b443-992f04c32f5c",
        "station_id": "45055790-00b9-4841-a2b5-d1d3aa4814f9",
        "component_id": "88afd3d1-6da3-496a-ac81-669a47256d34",
        "value": 16.14,
        "timestamp_measured": "2019-04-26T09:00:00+00:00",
        "import_log_id": "0fe5f8c8-6684-4dd2-b06d-ff13249d934f",
        "rating": 2,
        "status": "validated"
    },
    {
        "id": "fbf9af21-01c6-42f6-abc4-fa1b219e06d7",
        "station_id": "45055790-00b9-4841-a2b5-d1d3aa4814f9",
        "component_id": "88afd3d1-6da3-496a-ac81-669a47256d34",
        "value": 13.94,
        "timestamp_measured": "2019-04-26T10:00:00+00:00",
        "import_log_id": "0fe5f8c8-6684-4dd2-b06d-ff13249d934f",
        "rating": 2,
        "status": "validated"
    },
    {
        "id": "76a67b53-bac7-4437-bf83-107bff5d188d",
        "station_id": "45055790-00b9-4841-a2b5-d1d3aa4814f9",
        "component_id": "88afd3d1-6da3-496a-ac81-669a47256d34",
        "value": 10.99,
        "timestamp_measured": "2019-04-26T11:00:00+00:00",
        "import_log_id": "0fe5f8c8-6684-4dd2-b06d-ff13249d934f",
        "rating": 2,
        "status": "validated"
    },
    {
        "id": "94501f24-9217-4d5a-a43c-8e0edbbfdbe2",
        "station_id": "45055790-00b9-4841-a2b5-d1d3aa4814f9",
        "component_id": "88afd3d1-6da3-496a-ac81-669a47256d34",
        "value": 8.92,
        "timestamp_measured": "2019-04-26T12:00:00+00:00",
        "import_log_id": "0fe5f8c8-6684-4dd2-b06d-ff13249d934f",
        "rating": 1,
        "status": "validated"
    },
    {
        "id": "964af8be-c8b3-4929-8e52-d55a9f56457d",
        "station_id": "45055790-00b9-4841-a2b5-d1d3aa4814f9",
        "component_id": "88afd3d1-6da3-496a-ac81-669a47256d34",
        "value": 7.46,
        "timestamp_measured": "2019-04-26T13:00:00+00:00",
        "import_log_id": "0fe5f8c8-6684-4dd2-b06d-ff13249d934f",
        "rating": 1,
        "status": "validated"
    },
    {
        "id": "89d51073-fbf1-48fc-8be8-04680dd8927a",
        "station_id": "45055790-00b9-4841-a2b5-d1d3aa4814f9",
        "component_id": "88afd3d1-6da3-496a-ac81-669a47256d34",
        "value": 5.68,
        "timestamp_measured": "2019-04-26T14:00:00+00:00",
        "import_log_id": "0fe5f8c8-6684-4dd2-b06d-ff13249d934f",
        "rating": 1,
        "status": "validated"
    },
    {
        "id": "79386315-ff33-48bd-8951-25a04ae0f678",
        "station_id": "45055790-00b9-4841-a2b5-d1d3aa4814f9",
        "component_id": "88afd3d1-6da3-496a-ac81-669a47256d34",
        "value": 5.29,
        "timestamp_measured": "2019-04-26T15:00:00+00:00",
        "import_log_id": "0fe5f8c8-6684-4dd2-b06d-ff13249d934f",
        "rating": 1,
        "status": "validated"
    },
    {
        "id": "c6ddeab4-119e-4106-95d7-251d9be22a9d",
        "station_id": "45055790-00b9-4841-a2b5-d1d3aa4814f9",
        "component_id": "88afd3d1-6da3-496a-ac81-669a47256d34",
        "value": 5.12,
        "timestamp_measured": "2019-04-26T16:00:00+00:00",
        "import_log_id": "0fe5f8c8-6684-4dd2-b06d-ff13249d934f",
        "rating": 1,
        "status": "validated"
    },
    {
        "id": "3161e9ae-4d3a-4cf3-b538-326ce62f4984",
        "station_id": "45055790-00b9-4841-a2b5-d1d3aa4814f9",
        "component_id": "88afd3d1-6da3-496a-ac81-669a47256d34",
        "value": 5.51,
        "timestamp_measured": "2019-04-26T17:00:00+00:00",
        "import_log_id": "0fe5f8c8-6684-4dd2-b06d-ff13249d934f",
        "rating": 1,
        "status": "validated"
    },
    {
        "id": "94485cf9-3bcb-4a95-be67-dea1d0646338",
        "station_id": "45055790-00b9-4841-a2b5-d1d3aa4814f9",
        "component_id": "88afd3d1-6da3-496a-ac81-669a47256d34",
        "value": 5.66,
        "timestamp_measured": "2019-04-26T18:00:00+00:00",
        "import_log_id": "0fe5f8c8-6684-4dd2-b06d-ff13249d934f",
        "rating": 1,
        "status": "validated"
    },
    {
        "id": "82cebb2b-fcfd-4bf0-9b6f-1a471b9c1659",
        "station_id": "45055790-00b9-4841-a2b5-d1d3aa4814f9",
        "component_id": "88afd3d1-6da3-496a-ac81-669a47256d34",
        "value": 15.46,
        "timestamp_measured": "2019-04-26T19:00:00+00:00",
        "import_log_id": "0fe5f8c8-6684-4dd2-b06d-ff13249d934f",
        "rating": 2,
        "status": "validated"
    },
    {
        "id": "56dc10a7-c76a-49dd-b99b-6645ff088d2a",
        "station_id": "45055790-00b9-4841-a2b5-d1d3aa4814f9",
        "component_id": "88afd3d1-6da3-496a-ac81-669a47256d34",
        "value": 25.16,
        "timestamp_measured": "2019-04-26T20:00:00+00:00",
        "import_log_id": "0fe5f8c8-6684-4dd2-b06d-ff13249d934f",
        "rating": 3,
        "status": "validated"
    },
    {
        "id": "d2518fdb-f7c7-4c81-8ccb-5b1869f5bf89",
        "station_id": "45055790-00b9-4841-a2b5-d1d3aa4814f9",
        "component_id": "88afd3d1-6da3-496a-ac81-669a47256d34",
        "value": 15.37,
        "timestamp_measured": "2019-04-26T21:00:00+00:00",
        "import_log_id": "0fe5f8c8-6684-4dd2-b06d-ff13249d934f",
        "rating": 2,
        "status": "validated"
    },
    {
        "id": "5cb8c59e-b47b-4c9d-879c-37821cbe88a2",
        "station_id": "45055790-00b9-4841-a2b5-d1d3aa4814f9",
        "component_id": "88afd3d1-6da3-496a-ac81-669a47256d34",
        "value": 14.44,
        "timestamp_measured": "2019-04-26T22:00:00+00:00",
        "import_log_id": "0fe5f8c8-6684-4dd2-b06d-ff13249d934f",
        "rating": 2,
        "status": "validated"
    },
    {
        "id": "c183357a-5809-4dbb-9815-ca58f5df2a91",
        "station_id": "45055790-00b9-4841-a2b5-d1d3aa4814f9",
        "component_id": "88afd3d1-6da3-496a-ac81-669a47256d34",
        "value": 16.86,
        "timestamp_measured": "2019-04-26T23:00:00+00:00",
        "import_log_id": "0fe5f8c8-6684-4dd2-b06d-ff13249d934f",
        "rating": 2,
        "status": "validated"
    },
    {
        "id": "56f2eeb5-ecdf-4a91-af77-6e3ea2913d5f",
        "station_id": "45055790-00b9-4841-a2b5-d1d3aa4814f9",
        "component_id": "88afd3d1-6da3-496a-ac81-669a47256d34",
        "value": 17.11,
        "timestamp_measured": "2019-04-27T00:00:00+00:00",
        "import_log_id": "0fe5f8c8-6684-4dd2-b06d-ff13249d934f",
        "rating": 2,
        "status": "validated"
    },
    {
        "id": "4df34b98-0bc0-4e33-8f21-349e3851bdda",
        "station_id": "45055790-00b9-4841-a2b5-d1d3aa4814f9",
        "component_id": "88afd3d1-6da3-496a-ac81-669a47256d34",
        "value": 17.09,
        "timestamp_measured": "2019-04-27T01:00:00+00:00",
        "import_log_id": "0fe5f8c8-6684-4dd2-b06d-ff13249d934f",
        "rating": 2,
        "status": "validated"
    },
    {
        "id": "81c012b6-8c00-4d3b-aebf-3aa41e3550a0",
        "station_id": "45055790-00b9-4841-a2b5-d1d3aa4814f9",
        "component_id": "88afd3d1-6da3-496a-ac81-669a47256d34",
        "value": 15.23,
        "timestamp_measured": "2019-04-27T02:00:00+00:00",
        "import_log_id": "0fe5f8c8-6684-4dd2-b06d-ff13249d934f",
        "rating": 2,
        "status": "validated"
    },
    {
        "id": "938d38a9-5fd0-4de3-bb64-1dd3bb1d8768",
        "station_id": "45055790-00b9-4841-a2b5-d1d3aa4814f9",
        "component_id": "88afd3d1-6da3-496a-ac81-669a47256d34",
        "value": 15.01,
        "timestamp_measured": "2019-04-27T03:00:00+00:00",
        "import_log_id": "0fe5f8c8-6684-4dd2-b06d-ff13249d934f",
        "rating": 2,
        "status": "validated"
    },
    {
        "id": "d2f45ad0-7d4e-40e8-853d-8781fcbb9ab6",
        "station_id": "45055790-00b9-4841-a2b5-d1d3aa4814f9",
        "component_id": "88afd3d1-6da3-496a-ac81-669a47256d34",
        "value": 13.09,
        "timestamp_measured": "2019-04-27T04:00:00+00:00",
        "import_log_id": "0fe5f8c8-6684-4dd2-b06d-ff13249d934f",
        "rating": 2,
        "status": "validated"
    },
    {
        "id": "951cd9cd-9cbc-48f1-a573-7ad98ca784c9",
        "station_id": "45055790-00b9-4841-a2b5-d1d3aa4814f9",
        "component_id": "88afd3d1-6da3-496a-ac81-669a47256d34",
        "value": 10.54,
        "timestamp_measured": "2019-04-27T05:00:00+00:00",
        "import_log_id": "0fe5f8c8-6684-4dd2-b06d-ff13249d934f",
        "rating": 2,
        "status": "validated"
    },
    {
        "id": "22a8c063-dbb4-4243-9487-e715cdf19349",
        "station_id": "45055790-00b9-4841-a2b5-d1d3aa4814f9",
        "component_id": "88afd3d1-6da3-496a-ac81-669a47256d34",
        "value": 8.62,
        "timestamp_measured": "2019-04-27T06:00:00+00:00",
        "import_log_id": "0fe5f8c8-6684-4dd2-b06d-ff13249d934f",
        "rating": 1,
        "status": "validated"
    },
    {
        "id": "2922d0e9-804a-4ea9-9a3a-b951cd795c65",
        "station_id": "45055790-00b9-4841-a2b5-d1d3aa4814f9",
        "component_id": "88afd3d1-6da3-496a-ac81-669a47256d34",
        "value": 9.69,
        "timestamp_measured": "2019-04-27T07:00:00+00:00",
        "import_log_id": "0fe5f8c8-6684-4dd2-b06d-ff13249d934f",
        "rating": 1,
        "status": "validated"
    },
    {
        "id": "c899f9ff-0d6c-4855-b23b-d689a58cf573",
        "station_id": "45055790-00b9-4841-a2b5-d1d3aa4814f9",
        "component_id": "88afd3d1-6da3-496a-ac81-669a47256d34",
        "value": 7.44,
        "timestamp_measured": "2019-04-27T08:00:00+00:00",
        "import_log_id": "0fe5f8c8-6684-4dd2-b06d-ff13249d934f",
        "rating": 1,
        "status": "validated"
    },
    {
        "id": "47ac537c-e275-491d-a6dd-6d30b41bf34a",
        "station_id": "45055790-00b9-4841-a2b5-d1d3aa4814f9",
        "component_id": "88afd3d1-6da3-496a-ac81-669a47256d34",
        "value": 8.46,
        "timestamp_measured": "2019-04-27T09:00:00+00:00",
        "import_log_id": "0fe5f8c8-6684-4dd2-b06d-ff13249d934f",
        "rating": 1,
        "status": "validated"
    },
    {
        "id": "ee67a2a8-f4a4-4890-b44f-8836f9165f25",
        "station_id": "45055790-00b9-4841-a2b5-d1d3aa4814f9",
        "component_id": "88afd3d1-6da3-496a-ac81-669a47256d34",
        "value": 7.78,
        "timestamp_measured": "2019-04-27T10:00:00+00:00",
        "import_log_id": "0fe5f8c8-6684-4dd2-b06d-ff13249d934f",
        "rating": 1,
        "status": "validated"
    },
    {
        "id": "69f5e5cc-b503-4396-8e59-9ba2cab40b52",
        "station_id": "45055790-00b9-4841-a2b5-d1d3aa4814f9",
        "component_id": "88afd3d1-6da3-496a-ac81-669a47256d34",
        "value": 7.1,
        "timestamp_measured": "2019-04-27T11:00:00+00:00",
        "import_log_id": "0fe5f8c8-6684-4dd2-b06d-ff13249d934f",
        "rating": 1,
        "status": "validated"
    },
    {
        "id": "db567851-d557-468e-aafc-34ce8bbbcdf1",
        "station_id": "45055790-00b9-4841-a2b5-d1d3aa4814f9",
        "component_id": "88afd3d1-6da3-496a-ac81-669a47256d34",
        "value": 6.69,
        "timestamp_measured": "2019-04-27T12:00:00+00:00",
        "import_log_id": "0fe5f8c8-6684-4dd2-b06d-ff13249d934f",
        "rating": 1,
        "status": "validated"
    },
    {
        "id": "b1b5e992-c0a7-466d-bd3a-2eaab2b58dad",
        "station_id": "45055790-00b9-4841-a2b5-d1d3aa4814f9",
        "component_id": "88afd3d1-6da3-496a-ac81-669a47256d34",
        "value": 5.91,
        "timestamp_measured": "2019-04-27T13:00:00+00:00",
        "import_log_id": "0fe5f8c8-6684-4dd2-b06d-ff13249d934f",
        "rating": 1,
        "status": "validated"
    },
    {
        "id": "7193ec95-ec9e-4c44-b2b7-20637aa454f0",
        "station_id": "45055790-00b9-4841-a2b5-d1d3aa4814f9",
        "component_id": "88afd3d1-6da3-496a-ac81-669a47256d34",
        "value": 6.46,
        "timestamp_measured": "2019-04-27T14:00:00+00:00",
        "import_log_id": "0fe5f8c8-6684-4dd2-b06d-ff13249d934f",
        "rating": 1,
        "status": "validated"
    },
    {
        "id": "8fa1d8fb-6e3a-4a63-9425-d39e8d2474f4",
        "station_id": "45055790-00b9-4841-a2b5-d1d3aa4814f9",
        "component_id": "88afd3d1-6da3-496a-ac81-669a47256d34",
        "value": 6.89,
        "timestamp_measured": "2019-04-27T15:00:00+00:00",
        "import_log_id": "0fe5f8c8-6684-4dd2-b06d-ff13249d934f",
        "rating": 1,
        "status": "validated"
    },
    {
        "id": "b3894029-0458-455f-b04d-bfdc65640184",
        "station_id": "45055790-00b9-4841-a2b5-d1d3aa4814f9",
        "component_id": "88afd3d1-6da3-496a-ac81-669a47256d34",
        "value": 6.3,
        "timestamp_measured": "2019-04-27T16:00:00+00:00",
        "import_log_id": "0fe5f8c8-6684-4dd2-b06d-ff13249d934f",
        "rating": 1,
        "status": "validated"
    },
    {
        "id": "97e9ee9f-c870-41ed-927a-1e1748e1cf08",
        "station_id": "45055790-00b9-4841-a2b5-d1d3aa4814f9",
        "component_id": "88afd3d1-6da3-496a-ac81-669a47256d34",
        "value": 5.99,
        "timestamp_measured": "2019-04-27T17:00:00+00:00",
        "import_log_id": "0fe5f8c8-6684-4dd2-b06d-ff13249d934f",
        "rating": 1,
        "status": "validated"
    },
    {
        "id": "517cd702-7c59-414c-9d5c-0914f66f677c",
        "station_id": "45055790-00b9-4841-a2b5-d1d3aa4814f9",
        "component_id": "88afd3d1-6da3-496a-ac81-669a47256d34",
        "value": 7.48,
        "timestamp_measured": "2019-04-27T18:00:00+00:00",
        "import_log_id": "0fe5f8c8-6684-4dd2-b06d-ff13249d934f",
        "rating": 1,
        "status": "validated"
    },
    {
        "id": "67588efb-75c5-414e-9c14-9218763038ff",
        "station_id": "45055790-00b9-4841-a2b5-d1d3aa4814f9",
        "component_id": "88afd3d1-6da3-496a-ac81-669a47256d34",
        "value": 8.15,
        "timestamp_measured": "2019-04-27T19:00:00+00:00",
        "import_log_id": "0fe5f8c8-6684-4dd2-b06d-ff13249d934f",
        "rating": 1,
        "status": "validated"
    },
    {
        "id": "baccaa38-a3a9-42af-91b3-172680100055",
        "station_id": "45055790-00b9-4841-a2b5-d1d3aa4814f9",
        "component_id": "88afd3d1-6da3-496a-ac81-669a47256d34",
        "value": 9.87,
        "timestamp_measured": "2019-04-27T20:00:00+00:00",
        "import_log_id": "0fe5f8c8-6684-4dd2-b06d-ff13249d934f",
        "rating": 1,
        "status": "validated"
    },
    {
        "id": "4e8f12bd-c16a-4703-8ce6-4beec013c11f",
        "station_id": "45055790-00b9-4841-a2b5-d1d3aa4814f9",
        "component_id": "88afd3d1-6da3-496a-ac81-669a47256d34",
        "value": 7.03,
        "timestamp_measured": "2019-04-27T21:00:00+00:00",
        "import_log_id": "0fe5f8c8-6684-4dd2-b06d-ff13249d934f",
        "rating": 1,
        "status": "validated"
    },
    {
        "id": "e64f0a17-a954-4a7a-b656-5040daca06f7",
        "station_id": "45055790-00b9-4841-a2b5-d1d3aa4814f9",
        "component_id": "88afd3d1-6da3-496a-ac81-669a47256d34",
        "value": 10.96,
        "timestamp_measured": "2019-04-27T22:00:00+00:00",
        "import_log_id": "0fe5f8c8-6684-4dd2-b06d-ff13249d934f",
        "rating": 2,
        "status": "validated"
    },
    {
        "id": "01f40daf-c736-46af-b6af-9f6fe20d3e52",
        "station_id": "45055790-00b9-4841-a2b5-d1d3aa4814f9",
        "component_id": "88afd3d1-6da3-496a-ac81-669a47256d34",
        "value": 8.73,
        "timestamp_measured": "2019-04-27T23:00:00+00:00",
        "import_log_id": "0fe5f8c8-6684-4dd2-b06d-ff13249d934f",
        "rating": 1,
        "status": "validated"
    },
    {
        "id": "7eaecaee-6a6b-46c3-84f8-7e2c5184bc0c",
        "station_id": "45055790-00b9-4841-a2b5-d1d3aa4814f9",
        "component_id": "88afd3d1-6da3-496a-ac81-669a47256d34",
        "value": 8.7,
        "timestamp_measured": "2019-04-28T00:00:00+00:00",
        "import_log_id": "0fe5f8c8-6684-4dd2-b06d-ff13249d934f",
        "rating": 1,
        "status": "validated"
    },
    {
        "id": "534d643e-5916-4f5d-a4d9-6dbee35a151c",
        "station_id": "45055790-00b9-4841-a2b5-d1d3aa4814f9",
        "component_id": "88afd3d1-6da3-496a-ac81-669a47256d34",
        "value": 8.84,
        "timestamp_measured": "2019-04-28T01:00:00+00:00",
        "import_log_id": "0fe5f8c8-6684-4dd2-b06d-ff13249d934f",
        "rating": 1,
        "status": "validated"
    },
    {
        "id": "9a3f7d5d-90b9-4161-b7d4-cf28ad54beaa",
        "station_id": "45055790-00b9-4841-a2b5-d1d3aa4814f9",
        "component_id": "88afd3d1-6da3-496a-ac81-669a47256d34",
        "value": 6.57,
        "timestamp_measured": "2019-04-28T02:00:00+00:00",
        "import_log_id": "0fe5f8c8-6684-4dd2-b06d-ff13249d934f",
        "rating": 1,
        "status": "validated"
    },
    {
        "id": "e50fe23e-5e48-4ace-b868-8c5903ac85dc",
        "station_id": "45055790-00b9-4841-a2b5-d1d3aa4814f9",
        "component_id": "88afd3d1-6da3-496a-ac81-669a47256d34",
        "value": 7.62,
        "timestamp_measured": "2019-04-28T03:00:00+00:00",
        "import_log_id": "0fe5f8c8-6684-4dd2-b06d-ff13249d934f",
        "rating": 1,
        "status": "validated"
    },
    {
        "id": "b3b85f23-97ce-4634-8f61-789ff19ab99f",
        "station_id": "45055790-00b9-4841-a2b5-d1d3aa4814f9",
        "component_id": "88afd3d1-6da3-496a-ac81-669a47256d34",
        "value": 6.47,
        "timestamp_measured": "2019-04-28T04:00:00+00:00",
        "import_log_id": "0fe5f8c8-6684-4dd2-b06d-ff13249d934f",
        "rating": 1,
        "status": "validated"
    },
    {
        "id": "44b6c616-5a17-46a3-82c2-274d549587e3",
        "station_id": "45055790-00b9-4841-a2b5-d1d3aa4814f9",
        "component_id": "88afd3d1-6da3-496a-ac81-669a47256d34",
        "value": 6.83,
        "timestamp_measured": "2019-04-28T05:00:00+00:00",
        "import_log_id": "0fe5f8c8-6684-4dd2-b06d-ff13249d934f",
        "rating": 1,
        "status": "validated"
    },
    {
        "id": "2903dd3d-38b9-43c9-bc67-066ba6460eda",
        "station_id": "45055790-00b9-4841-a2b5-d1d3aa4814f9",
        "component_id": "88afd3d1-6da3-496a-ac81-669a47256d34",
        "value": 8.16,
        "timestamp_measured": "2019-04-28T06:00:00+00:00",
        "import_log_id": "0fe5f8c8-6684-4dd2-b06d-ff13249d934f",
        "rating": 1,
        "status": "validated"
    },
    {
        "id": "e312d712-566d-4a9b-8abd-cb7e5987a9d8",
        "station_id": "45055790-00b9-4841-a2b5-d1d3aa4814f9",
        "component_id": "88afd3d1-6da3-496a-ac81-669a47256d34",
        "value": 7.34,
        "timestamp_measured": "2019-04-28T07:00:00+00:00",
        "import_log_id": "0fe5f8c8-6684-4dd2-b06d-ff13249d934f",
        "rating": 1,
        "status": "validated"
    },
    {
        "id": "21143277-ee1d-47dc-9e44-1afe09f552bc",
        "station_id": "45055790-00b9-4841-a2b5-d1d3aa4814f9",
        "component_id": "88afd3d1-6da3-496a-ac81-669a47256d34",
        "value": 6.73,
        "timestamp_measured": "2019-04-28T08:00:00+00:00",
        "import_log_id": "0fe5f8c8-6684-4dd2-b06d-ff13249d934f",
        "rating": 1,
        "status": "validated"
    },
    {
        "id": "c2c56a73-471e-4f76-b32b-a90cd470812e",
        "station_id": "45055790-00b9-4841-a2b5-d1d3aa4814f9",
        "component_id": "88afd3d1-6da3-496a-ac81-669a47256d34",
        "value": 6.65,
        "timestamp_measured": "2019-04-28T09:00:00+00:00",
        "import_log_id": "0fe5f8c8-6684-4dd2-b06d-ff13249d934f",
        "rating": 1,
        "status": "validated"
    },
    {
        "id": "b34fbd94-9d8d-4259-8374-66acf9eddaf8",
        "station_id": "45055790-00b9-4841-a2b5-d1d3aa4814f9",
        "component_id": "88afd3d1-6da3-496a-ac81-669a47256d34",
        "value": 7.15,
        "timestamp_measured": "2019-04-28T10:00:00+00:00",
        "import_log_id": "0fe5f8c8-6684-4dd2-b06d-ff13249d934f",
        "rating": 1,
        "status": "validated"
    },
    {
        "id": "08ed48e8-797d-44cc-9cd6-f2b1617f8409",
        "station_id": "45055790-00b9-4841-a2b5-d1d3aa4814f9",
        "component_id": "88afd3d1-6da3-496a-ac81-669a47256d34",
        "value": 8.03,
        "timestamp_measured": "2019-04-28T11:00:00+00:00",
        "import_log_id": "0fe5f8c8-6684-4dd2-b06d-ff13249d934f",
        "rating": 1,
        "status": "validated"
    },
    {
        "id": "dfc79112-5899-478e-9cb6-e5831ded538c",
        "station_id": "45055790-00b9-4841-a2b5-d1d3aa4814f9",
        "component_id": "88afd3d1-6da3-496a-ac81-669a47256d34",
        "value": 7.78,
        "timestamp_measured": "2019-04-28T12:00:00+00:00",
        "import_log_id": "0fe5f8c8-6684-4dd2-b06d-ff13249d934f",
        "rating": 1,
        "status": "validated"
    },
    {
        "id": "3cfe8511-b594-4269-b5b0-56e449b8bcf6",
        "station_id": "45055790-00b9-4841-a2b5-d1d3aa4814f9",
        "component_id": "88afd3d1-6da3-496a-ac81-669a47256d34",
        "value": 7.33,
        "timestamp_measured": "2019-04-28T13:00:00+00:00",
        "import_log_id": "0fe5f8c8-6684-4dd2-b06d-ff13249d934f",
        "rating": 1,
        "status": "validated"
    },
    {
        "id": "8b992409-c368-4043-8069-fc780dfccb5b",
        "station_id": "45055790-00b9-4841-a2b5-d1d3aa4814f9",
        "component_id": "88afd3d1-6da3-496a-ac81-669a47256d34",
        "value": 6.28,
        "timestamp_measured": "2019-04-28T14:00:00+00:00",
        "import_log_id": "0fe5f8c8-6684-4dd2-b06d-ff13249d934f",
        "rating": 1,
        "status": "validated"
    },
    {
        "id": "636a6736-2f5e-49f9-8ae7-8ca7ef5bbdeb",
        "station_id": "45055790-00b9-4841-a2b5-d1d3aa4814f9",
        "component_id": "88afd3d1-6da3-496a-ac81-669a47256d34",
        "value": 5.39,
        "timestamp_measured": "2019-04-28T15:00:00+00:00",
        "import_log_id": "0fe5f8c8-6684-4dd2-b06d-ff13249d934f",
        "rating": 1,
        "status": "validated"
    },
    {
        "id": "ff8248db-48c1-4918-a3a8-fd09fa4989d5",
        "station_id": "45055790-00b9-4841-a2b5-d1d3aa4814f9",
        "component_id": "88afd3d1-6da3-496a-ac81-669a47256d34",
        "value": 4.86,
        "timestamp_measured": "2019-04-28T16:00:00+00:00",
        "import_log_id": "0fe5f8c8-6684-4dd2-b06d-ff13249d934f",
        "rating": 1,
        "status": "validated"
    },
    {
        "id": "e834e769-cdf9-4e00-8a48-5681dd58e40e",
        "station_id": "45055790-00b9-4841-a2b5-d1d3aa4814f9",
        "component_id": "88afd3d1-6da3-496a-ac81-669a47256d34",
        "value": 6.41,
        "timestamp_measured": "2019-04-28T17:00:00+00:00",
        "import_log_id": "0fe5f8c8-6684-4dd2-b06d-ff13249d934f",
        "rating": 1,
        "status": "validated"
    },
    {
        "id": "f5e25b53-e2a7-4538-8faf-dce1f0ca72a5",
        "station_id": "45055790-00b9-4841-a2b5-d1d3aa4814f9",
        "component_id": "88afd3d1-6da3-496a-ac81-669a47256d34",
        "value": 8.58,
        "timestamp_measured": "2019-04-28T18:00:00+00:00",
        "import_log_id": "0fe5f8c8-6684-4dd2-b06d-ff13249d934f",
        "rating": 1,
        "status": "validated"
    },
    {
        "id": "75bec022-f1b9-48a2-9047-18fc07ad76d8",
        "station_id": "45055790-00b9-4841-a2b5-d1d3aa4814f9",
        "component_id": "88afd3d1-6da3-496a-ac81-669a47256d34",
        "value": 12.57,
        "timestamp_measured": "2019-04-28T19:00:00+00:00",
        "import_log_id": "0fe5f8c8-6684-4dd2-b06d-ff13249d934f",
        "rating": 2,
        "status": "validated"
    },
    {
        "id": "4b784aa8-e4c0-41c2-af55-40a0cd4c8056",
        "station_id": "45055790-00b9-4841-a2b5-d1d3aa4814f9",
        "component_id": "88afd3d1-6da3-496a-ac81-669a47256d34",
        "value": 18.91,
        "timestamp_measured": "2019-04-28T20:00:00+00:00",
        "import_log_id": "0fe5f8c8-6684-4dd2-b06d-ff13249d934f",
        "rating": 2,
        "status": "validated"
    },
    {
        "id": "1ff88a0a-9dff-47a9-b5ca-f8af9e149752",
        "station_id": "45055790-00b9-4841-a2b5-d1d3aa4814f9",
        "component_id": "88afd3d1-6da3-496a-ac81-669a47256d34",
        "value": 18.37,
        "timestamp_measured": "2019-04-28T21:00:00+00:00",
        "import_log_id": "0fe5f8c8-6684-4dd2-b06d-ff13249d934f",
        "rating": 2,
        "status": "validated"
    },
    {
        "id": "ee431a0d-8580-4433-98f4-cc90718568a0",
        "station_id": "45055790-00b9-4841-a2b5-d1d3aa4814f9",
        "component_id": "88afd3d1-6da3-496a-ac81-669a47256d34",
        "value": -999.0,
        "timestamp_measured": "2019-04-28T22:00:00+00:00",
        "import_log_id": "0fe5f8c8-6684-4dd2-b06d-ff13249d934f",
        "rating": -999,
        "status": "unvalidated"
    }
]