[
    {
        "id": "041e6e40-26b0-4f05-885b-4bfc7a554ca3",
        "station_id": "b26390ea-dabd-4b03-b135-9a8e9d252fbf",
        "component_id": "88afd3d1-6da3-496a-ac81-669a47256d34",
        "value": 17.8,
        "timestamp_measured": "2019-04-14T22:00:00+00:00",
        "import_log_id": "9a226d53-a39c-4a05-aca4-bd4903a4aaf1",
        "rating": 2,
        "status": "validated"
    },
    {
        "id": "5f7a49af-8988-4c70-befe-2ad355ea8786",
        "station_id": "b26390ea-dabd-4b03-b135-9a8e9d252fbf",
        "component_id": "88afd3d1-6da3-496a-ac81-669a47256d34",
        "value": 22.5,
        "timestamp_measured": "2019-04-14T23:00:00+00:00",
        "import_log_id": "9a226d53-a39c-4a05-aca4-bd4903a4aaf1",
        "rating": 3,
        "status": "validated"
    },
    {
        "id": "5578f0be-91ce-4883-9c8c-8321d26277c4",
        "station_id": "b26390ea-dabd-4b03-b135-9a8e9d252fbf",
        "component_id": "88afd3d1-6da3-496a-ac81-669a47256d34",
        "value": 17.0,
        "timestamp_measured": "2019-04-15T00:00:00+00:00",
        "import_log_id": "9a226d53-a39c-4a05-aca4-bd4903a4aaf1",
        "rating": 2,
        "status": "validated"
    },
    {
        "id": "ef925b13-3863-44cc-ad4d-eb73490ed9ae",
        "station_id": "b26390ea-dabd-4b03-b135-9a8e9d252fbf",
        "component_id": "88afd3d1-6da3-496a-ac81-669a47256d34",
        "value": 14.1,
        "timestamp_measured": "2019-04-15T01:00:00+00:00",
        "import_log_id": "9a226d53-a39c-4a05-aca4-bd4903a4aaf1",
        "rating": 2,
        "status": "validated"
    },
    {
        "id": "b4b23442-75f3-454b-979e-8988fd1be51d",
        "station_id": "b26390ea-dabd-4b03-b135-9a8e9d252fbf",
        "component_id": "88afd3d1-6da3-496a-ac81-669a47256d34",
        "value": 13.9,
        "timestamp_measured": "2019-04-15T02:00:00+00:00",
        "import_log_id": "9a226d53-a39c-4a05-aca4-bd4903a4aaf1",
        "rating": 2,
        "status": "validated"
    },
    {
        "id": "2fdf815f-3980-495e-85c8-64f4a0dd020e",
        "station_id": "b26390ea-dabd-4b03-b135-9a8e9d252fbf",
        "component_id": "88afd3d1-6da3-496a-ac81-669a47256d34",
        "value": 17.2,
        "timestamp_measured": "2019-04-15T03:00:00+00:00",
        "import_log_id": "9a226d53-a39c-4a05-aca4-bd4903a4aaf1",
        "rating": 2,
        "status": "validated"
    },
    {
        "id": "14c8ca6a-9de6-4c83-a2af-4b0b06fa2b6d",
        "station_id": "b26390ea-dabd-4b03-b135-9a8e9d252fbf",
        "component_id": "88afd3d1-6da3-496a-ac81-669a47256d34",
        "value": 19.3,
        "timestamp_measured": "2019-04-15T04:00:00+00:00",
        "import_log_id": "9a226d53-a39c-4a05-aca4-bd4903a4aaf1",
        "rating": 2,
        "status": "validated"
    },
    {
        "id": "2eb65ae6-86ef-4d0c-9b37-e0a6bb3a3109",
        "station_id": "b26390ea-dabd-4b03-b135-9a8e9d252fbf",
        "component_id": "88afd3d1-6da3-496a-ac81-669a47256d34",
        "value": 30.4,
        "timestamp_measured": "2019-04-15T05:00:00+00:00",
        "import_log_id": "9a226d53-a39c-4a05-aca4-bd4903a4aaf1",
        "rating": 4,
        "status": "validated"
    },
    {
        "id": "9c455452-a55b-4cf2-857e-3818bff7a100",
        "station_id": "b26390ea-dabd-4b03-b135-9a8e9d252fbf",
        "component_id": "88afd3d1-6da3-496a-ac81-669a47256d34",
        "value": 30.4,
        "timestamp_measured": "2019-04-15T06:00:00+00:00",
        "import_log_id": "9a226d53-a39c-4a05-aca4-bd4903a4aaf1",
        "rating": 4,
        "status": "validated"
    },
    {
        "id": "4a691480-ca99-46b5-bdb5-349c9023ea8c",
        "station_id": "b26390ea-dabd-4b03-b135-9a8e9d252fbf",
        "component_id": "88afd3d1-6da3-496a-ac81-669a47256d34",
        "value": 26.2,
        "timestamp_measured": "2019-04-15T07:00:00+00:00",
        "import_log_id": "9a226d53-a39c-4a05-aca4-bd4903a4aaf1",
        "rating": 3,
        "status": "validated"
    },
    {
        "id": "ca39a33d-5419-4cc3-ad77-3e131b9c9d11",
        "station_id": "b26390ea-dabd-4b03-b135-9a8e9d252fbf",
        "component_id": "88afd3d1-6da3-496a-ac81-669a47256d34",
        "value": 15.3,
        "timestamp_measured": "2019-04-15T08:00:00+00:00",
        "import_log_id": "9a226d53-a39c-4a05-aca4-bd4903a4aaf1",
        "rating": 2,
        "status": "validated"
    },
    {
        "id": "772739d0-0676-463d-9795-4f6d37cf6505",
        "station_id": "b26390ea-dabd-4b03-b135-9a8e9d252fbf",
        "component_id": "88afd3d1-6da3-496a-ac81-669a47256d34",
        "value": 16.2,
        "timestamp_measured": "2019-04-15T09:00:00+00:00",
        "import_log_id": "9a226d53-a39c-4a05-aca4-bd4903a4aaf1",
        "rating": 2,
        "status": "validated"
    },
    {
        "id": "d8b0471d-ebc7-4d46-b980-8af77c15e4bc",
        "station_id": "b26390ea-dabd-4b03-b135-9a8e9d252fbf",
        "component_id": "88afd3d1-6da3-496a-ac81-669a47256d34",
        "value": 15.7,
        "timestamp_measured": "2019-04-15T10:00:00+00:00",
        "import_log_id": "9a226d53-a39c-4a05-aca4-bd4903a4aaf1",
        "rating": 2,
        "status": "validated"
    },
    {
        "id": "4855b0f7-fd27-4adc-9869-b6b80bf4b566",
        "station_id": "b26390ea-dabd-4b03-b135-9a8e9d252fbf",
        "component_id": "88afd3d1-6da3-496a-ac81-669a47256d34",
        "value": 13.0,
        "timestamp_measured": "2019-04-15T11:00:00+00:00",
        "import_log_id": "9a226d53-a39c-4a05-aca4-bd4903a4aaf1",
        "rating": 2,
        "status": "validated"
    },
    {
        "id": "ee217ad2-347b-4120-a5d6-be7a4fb22bb8",
        "station_id": "b26390ea-dabd-4b03-b135-9a8e9d252fbf",
        "component_id": "88afd3d1-6da3-496a-ac81-669a47256d34",
        "value": 11.8,
        "timestamp_measured": "2019-04-15T12:00:00+00:00",
        "import_log_id": "9a226d53-a39c-4a05-aca4-bd4903a4aaf1",
        "rating": 2,
        "status": "validated"
    },
    {
        "id": "dd5d1b01-5c8c-41a5-9e90-f7a7f2405986",
        "station_id": "b26390ea-dabd-4b03-b135-9a8e9d252fbf",
        "component_id": "88afd3d1-6da3-496a-ac81-669a47256d34",
        "value": 12.0,
        "timestamp_measured": "2019-04-15T13:00:00+00:00",
        "import_log_id": "9a226d53-a39c-4a05-aca4-bd4903a4aaf1",
        "rating": 2,
        "status": "validated"
    },
    {
        "id": "f546d4bd-e75c-4a51-832e-1177716b17f3",
        "station_id": "b26390ea-dabd-4b03-b135-9a8e9d252fbf",
        "component_id": "88afd3d1-6da3-496a-ac81-669a47256d34",
        "value": 13.4,
        "timestamp_measured": "2019-04-15T14:00:00+00:00",
        "import_log_id": "9a226d53-a39c-4a05-aca4-bd4903a4aaf1",
        "rating": 2,
        "status": "validated"
    },
    {
        "id": "b97287c7-5c8d-4057-953c-1532a8629c81",
        "station_id": "b26390ea-dabd-4b03-b135-9a8e9d252fbf",
        "component_id": "88afd3d1-6da3-496a-ac81-669a47256d34",
        "value": 15.9,
        "timestamp_measured": "2019-04-15T15:00:00+00:00",
        "import_log_id": "9a226d53-a39c-4a05-aca4-bd4903a4aaf1",
        "rating": 2,
        "status": "validated"
    },
    {
        "id": "bc8eaf4b-1d45-4a81-9179-10c03e9ed29d",
        "station_id": "b26390ea-dabd-4b03-b135-9a8e9d252fbf",
        "component_id": "88afd3d1-6da3-496a-ac81-669a47256d34",
        "value": 16.4,
        "timestamp_measured": "2019-04-15T16:00:00+00:00",
        "import_log_id": "9a226d53-a39c-4a05-aca4-bd4903a4aaf1",
        "rating": 2,
        "status": "validated"
    },
    {
        "id": "e3d42d53-cca0-4f5a-abf4-fb94431057f4",
        "station_id": "b26390ea-dabd-4b03-b135-9a8e9d252fbf",
        "component_id": "88afd3d1-6da3-496a-ac81-669a47256d34",
        "value": 16.2,
        "timestamp_measured": "2019-04-15T17:00:00+00:00",
        "import_log_id": "9a226d53-a39c-4a05-aca4-bd4903a4aaf1",
        "rating": 2,
        "status": "validated"
    },
    {
        "id": "07a35c99-37fc-4841-a2ac-ac0a97f3b487",
        "station_id": "b26390ea-dabd-4b03-b135-9a8e9d252fbf",
        "component_id": "88afd3d1-6da3-496a-ac81-669a47256d34",
        "value": 18.5,
        "timestamp_measured": "2019-04-15T18:00:00+00:00",
        "import_log_id": "9a226d53-a39c-4a05-aca4-bd4903a4aaf1",
        "rating": 2,
        "status": "validated"
    },
    {
        "id": "87e95a8a-2e8c-42b8-92eb-b7f79ba98fee",
        "station_id": "b26390ea-dabd-4b03-b135-9a8e9d252fbf",
        "component_id": "88afd3d1-6da3-496a-ac81-669a47256d34",
        "value": 19.7,
        "timestamp_measured": "2019-04-15T19:00:00+00:00",
        "import_log_id": "9a226d53-a39c-4a05-aca4-bd4903a4aaf1",
        "rating": 2,
        "status": "validated"
    },
    {
        "id": "21406178-8d0a-4645-a278-3fe65bc3a4de",
        "station_id": "b26390ea-dabd-4b03-b135-9a8e9d252fbf",
        "component_id": "88afd3d1-6da3-496a-ac81-669a47256d34",
        "value": 17.8,
        "timestamp_measured": "2019-04-15T20:00:00+00:00",
        "import_log_id": "9a226d53-a39c-4a05-aca4-bd4903a4aaf1",
        "rating": 2,
        "status": "validated"
    },
    {
        "id": "db5f71f1-bcd4-4a24-951d-dbc26f33fd3e",
        "station_id": "b26390ea-dabd-4b03-b135-9a8e9d252fbf",
        "component_id": "88afd3d1-6da3-496a-ac81-669a47256d34",
        "value": 15.9,
        "timestamp_measured": "2019-04-15T21:00:00+00:00",
        "import_log_id": "9a226d53-a39c-4a05-aca4-bd4903a4aaf1",
        "rating": 2,
        "status": "validated"
    },
    {
        "id": "175d95e7-8115-4918-b091-657fe8130d05",
        "station_id": "b26390ea-dabd-4b03-b135-9a8e9d252fbf",
        "component_id": "88afd3d1-6da3-496a-ac81-669a47256d34",
        "value": 14.7,
        "timestamp_measured": "2019-04-15T22:00:00+00:00",
        "import_log_id": "9a226d53-a39c-4a05-aca4-bd4903a4aaf1",
        "rating": 2,
        "status": "validated"
    },
    {
        "id": "29b41b70-61ae-473c-9b77-bebc6f32ff53",
        "station_id": "b26390ea-dabd-4b03-b135-9a8e9d252fbf",
        "component_id": "88afd3d1-6da3-496a-ac81-669a47256d34",
        "value": 15.5,
        "timestamp_measured": "2019-04-15T23:00:00+00:00",
        "import_log_id": "9a226d53-a39c-4a05-aca4-bd4903a4aaf1",
        "rating": 2,
        "status": "validated"
    },
    {
        "id": "42b7fce7-b6d3-4c60-9f14-8cf2e3ea20a9",
        "station_id": "b26390ea-dabd-4b03-b135-9a8e9d252fbf",
        "component_id": "88afd3d1-6da3-496a-ac81-669a47256d34",
        "value": 12.4,
        "timestamp_measured": "2019-04-16T00:00:00+00:00",
        "import_log_id": "9a226d53-a39c-4a05-aca4-bd4903a4aaf1",
        "rating": 2,
        "status": "validated"
    },
    {
        "id": "f9e1883d-654c-4bf7-a52a-28e9260f8779",
        "station_id": "b26390ea-dabd-4b03-b135-9a8e9d252fbf",
        "component_id": "88afd3d1-6da3-496a-ac81-669a47256d34",
        "value": 10.9,
        "timestamp_measured": "2019-04-16T01:00:00+00:00",
        "import_log_id": "9a226d53-a39c-4a05-aca4-bd4903a4aaf1",
        "rating": 2,
        "status": "validated"
    },
    {
        "id": "64c6cb4b-7995-4179-8664-231d4a418d7e",
        "station_id": "b26390ea-dabd-4b03-b135-9a8e9d252fbf",
        "component_id": "88afd3d1-6da3-496a-ac81-669a47256d34",
        "value": 12.4,
        "timestamp_measured": "2019-04-16T02:00:00+00:00",
        "import_log_id": "9a226d53-a39c-4a05-aca4-bd4903a4aaf1",
        "rating": 2,
        "status": "validated"
    },
    {
        "id": "1c4191a8-cdaf-4b80-b543-027a494b168b",
        "station_id": "b26390ea-dabd-4b03-b135-9a8e9d252fbf",
        "component_id": "88afd3d1-6da3-496a-ac81-669a47256d34",
        "value": 14.9,
        "timestamp_measured": "2019-04-16T03:00:00+00:00",
        "import_log_id": "9a226d53-a39c-4a05-aca4-bd4903a4aaf1",
        "rating": 2,
        "status": "validated"
    },
    {
        "id": "43d0a484-761d-4906-b430-1fb3e9fc8ec9",
        "station_id": "b26390ea-dabd-4b03-b135-9a8e9d252fbf",
        "component_id": "88afd3d1-6da3-496a-ac81-669a47256d34",
        "value": 15.5,
        "timestamp_measured": "2019-04-16T04:00:00+00:00",
        "import_log_id": "9a226d53-a39c-4a05-aca4-bd4903a4aaf1",
        "rating": 2,
        "status": "validated"
    },
    {
        "id": "224d62b0-554f-41d5-9b62-d8bb8c746482",
        "station_id": "b26390ea-dabd-4b03-b135-9a8e9d252fbf",
        "component_id": "88afd3d1-6da3-496a-ac81-669a47256d34",
        "value": 24.4,
        "timestamp_measured": "2019-04-16T05:00:00+00:00",
        "import_log_id": "9a226d53-a39c-4a05-aca4-bd4903a4aaf1",
        "rating": 3,
        "status": "validated"
    },
    {
        "id": "d4bfa2cc-4b7f-41f0-a40e-6568e265f4af",
        "station_id": "b26390ea-dabd-4b03-b135-9a8e9d252fbf",
        "component_id": "88afd3d1-6da3-496a-ac81-669a47256d34",
        "value": 28.8,
        "timestamp_measured": "2019-04-16T06:00:00+00:00",
        "import_log_id": "9a226d53-a39c-4a05-aca4-bd4903a4aaf1",
        "rating": 3,
        "status": "validated"
    },
    {
        "id": "8a8c6968-aeff-4334-8fce-6caa7c4f8230",
        "station_id": "b26390ea-dabd-4b03-b135-9a8e9d252fbf",
        "component_id": "88afd3d1-6da3-496a-ac81-669a47256d34",
        "value": 31.9,
        "timestamp_measured": "2019-04-16T07:00:00+00:00",
        "import_log_id": "9a226d53-a39c-4a05-aca4-bd4903a4aaf1",
        "rating": 4,
        "status": "validated"
    },
    {
        "id": "2afd32da-2319-49c5-b25b-703079555d15",
        "station_id": "b26390ea-dabd-4b03-b135-9a8e9d252fbf",
        "component_id": "88afd3d1-6da3-496a-ac81-669a47256d34",
        "value": 28.3,
        "timestamp_measured": "2019-04-16T08:00:00+00:00",
        "import_log_id": "9a226d53-a39c-4a05-aca4-bd4903a4aaf1",
        "rating": 3,
        "status": "validated"
    },
    {
        "id": "9a1ffbcc-0eb5-4c1c-930d-f74040329153",
        "station_id": "b26390ea-dabd-4b03-b135-9a8e9d252fbf",
        "component_id": "88afd3d1-6da3-496a-ac81-669a47256d34",
        "value": 25.2,
        "timestamp_measured": "2019-04-16T09:00:00+00:00",
        "import_log_id": "9a226d53-a39c-4a05-aca4-bd4903a4aaf1",
        "rating": 3,
        "status": "validated"
    },
    {
        "id": "635bf4d2-718e-4a9b-a8e4-ff50d6653818",
        "station_id": "b26390ea-dabd-4b03-b135-9a8e9d252fbf",
        "component_id": "88afd3d1-6da3-496a-ac81-669a47256d34",
        "value": 25.0,
        "timestamp_measured": "2019-04-16T10:00:00+00:00",
        "import_log_id": "9a226d53-a39c-4a05-aca4-bd4903a4aaf1",
        "rating": 3,
        "status": "validated"
    },
    {
        "id": "c23aa0ee-6ba1-4a11-a6e0-b72138e8919d",
        "station_id": "b26390ea-dabd-4b03-b135-9a8e9d252fbf",
        "component_id": "88afd3d1-6da3-496a-ac81-669a47256d34",
        "value": 22.5,
        "timestamp_measured": "2019-04-16T11:00:00+00:00",
        "import_log_id": "9a226d53-a39c-4a05-aca4-bd4903a4aaf1",
        "rating": 3,
        "status": "validated"
    },
    {
        "id": "1ad162af-9225-4334-a0b9-1dbd926a7950",
        "station_id": "b26390ea-dabd-4b03-b135-9a8e9d252fbf",
        "component_id": "88afd3d1-6da3-496a-ac81-669a47256d34",
        "value": 18.7,
        "timestamp_measured": "2019-04-16T12:00:00+00:00",
        "import_log_id": "9a226d53-a39c-4a05-aca4-bd4903a4aaf1",
        "rating": 2,
        "status": "validated"
    },
    {
        "id": "68fb4891-6079-4a2a-8310-c9e8e1669a39",
        "station_id": "b26390ea-dabd-4b03-b135-9a8e9d252fbf",
        "component_id": "88afd3d1-6da3-496a-ac81-669a47256d34",
        "value": 14.9,
        "timestamp_measured": "2019-04-16T13:00:00+00:00",
        "import_log_id": "9a226d53-a39c-4a05-aca4-bd4903a4aaf1",
        "rating": 2,
        "status": "validated"
    },
    {
        "id": "6a1fdc20-70ee-48ea-951f-9a768b8c49db",
        "station_id": "b26390ea-dabd-4b03-b135-9a8e9d252fbf",
        "component_id": "88afd3d1-6da3-496a-ac81-669a47256d34",
        "value": 16.2,
        "timestamp_measured": "2019-04-16T14:00:00+00:00",
        "import_log_id": "9a226d53-a39c-4a05-aca4-bd4903a4aaf1",
        "rating": 2,
        "status": "validated"
    },
    {
        "id": "d3416a9f-5b5a-4c80-8961-0ffa59c23ad1",
        "station_id": "b26390ea-dabd-4b03-b135-9a8e9d252fbf",
        "component_id": "88afd3d1-6da3-496a-ac81-669a47256d34",
        "value": 17.8,
        "timestamp_measured": "2019-04-16T15:00:00+00:00",
        "import_log_id": "9a226d53-a39c-4a05-aca4-bd4903a4aaf1",
        "rating": 2,
        "status": "validated"
    },
    {
        "id": "99d5458a-11ae-4207-987c-a1adcab222db",
        "station_id": "b26390ea-dabd-4b03-b135-9a8e9d252fbf",
        "component_id": "88afd3d1-6da3-496a-ac81-669a47256d34",
        "value": 22.7,
        "timestamp_measured": "2019-04-16T16:00:00+00:00",
        "import_log_id": "9a226d53-a39c-4a05-aca4-bd4903a4aaf1",
        "rating": 3,
        "status": "validated"
    },
    {
        "id": "80d0fee4-b489-44a3-807a-6ae1c292578d",
        "station_id": "b26390ea-dabd-4b03-b135-9a8e9d252fbf",
        "component_id": "88afd3d1-6da3-496a-ac81-669a47256d34",
        "value": 29.8,
        "timestamp_measured": "2019-04-16T17:00:00+00:00",
        "import_log_id": "9a226d53-a39c-4a05-aca4-bd4903a4aaf1",
        "rating": 3,
        "status": "validated"
    },
    {
        "id": "f967ae67-cd22-4707-ac58-650a2d09a397",
        "station_id": "b26390ea-dabd-4b03-b135-9a8e9d252fbf",
        "component_id": "88afd3d1-6da3-496a-ac81-669a47256d34",
        "value": 33.6,
        "timestamp_measured": "2019-04-16T18:00:00+00:00",
        "import_log_id": "9a226d53-a39c-4a05-aca4-bd4903a4aaf1",
        "rating": 4,
        "status": "validated"
    },
    {
        "id": "e52aafeb-390c-48b4-9855-75920393f068",
        "station_id": "b26390ea-dabd-4b03-b135-9a8e9d252fbf",
        "component_id": "88afd3d1-6da3-496a-ac81-669a47256d34",
        "value": 26.2,
        "timestamp_measured": "2019-04-16T19:00:00+00:00",
        "import_log_id": "9a226d53-a39c-4a05-aca4-bd4903a4aaf1",
        "rating": 3,
        "status": "validated"
    },
    {
        "id": "20ebc5a2-db78-417c-85a0-d2738072430d",
        "station_id": "b26390ea-dabd-4b03-b135-9a8e9d252fbf",
        "component_id": "88afd3d1-6da3-496a-ac81-669a47256d34",
        "value": 27.3,
        "timestamp_measured": "2019-04-16T20:00:00+00:00",
        "import_log_id": "9a226d53-a39c-4a05-aca4-bd4903a4aaf1",
        "rating": 3,
        "status": "validated"
    },
    {
        "id": "43f67aae-5197-4b29-b807-e200a9a4d1d7",
        "station_id": "b26390ea-dabd-4b03-b135-9a8e9d252fbf",
        "component_id": "88afd3d1-6da3-496a-ac81-669a47256d34",
        "value": 28.3,
        "timestamp_measured": "2019-04-16T21:00:00+00:00",
        "import_log_id": "9a226d53-a39c-4a05-aca4-bd4903a4aaf1",
        "rating": 3,
        "status": "validated"
    },
    {
        "id": "ca97d2e6-6399-4b66-bbaa-1e1ab60ea111",
        "station_id": "b26390ea-dabd-4b03-b135-9a8e9d252fbf",
        "component_id": "88afd3d1-6da3-496a-ac81-669a47256d34",
        "value": 23.1,
        "timestamp_measured": "2019-04-16T22:00:00+00:00",
        "import_log_id": "9a226d53-a39c-4a05-aca4-bd4903a4aaf1",
        "rating": 3,
        "status": "validated"
    },
    {
        "id": "53a67006-5e08-49a7-bb0f-b90d32c020ba",
        "station_id": "b26390ea-dabd-4b03-b135-9a8e9d252fbf",
        "component_id": "88afd3d1-6da3-496a-ac81-669a47256d34",
        "value": 21.4,
        "timestamp_measured": "2019-04-16T23:00:00+00:00",
        "import_log_id": "9a226d53-a39c-4a05-aca4-bd4903a4aaf1",
        "rating": 3,
        "status": "validated"
    },
    {
        "id": "2eab922a-353d-4d2e-a703-cbc3e2b80572",
        "station_id": "b26390ea-dabd-4b03-b135-9a8e9d252fbf",
        "component_id": "88afd3d1-6da3-496a-ac81-669a47256d34",
        "value": 19.9,
        "timestamp_measured": "2019-04-17T00:00:00+00:00",
        "import_log_id": "9a226d53-a39c-4a05-aca4-bd4903a4aaf1",
        "rating": 2,
        "status": "validated"
    },
    {
        "id": "46e46248-f82b-4f72-a965-bd2e89ef13df",
        "station_id": "b26390ea-dabd-4b03-b135-9a8e9d252fbf",
        "component_id": "88afd3d1-6da3-496a-ac81-669a47256d34",
        "value": 17.2,
        "timestamp_measured": "2019-04-17T01:00:00+00:00",
        "import_log_id": "9a226d53-a39c-4a05-aca4-bd4903a4aaf1",
        "rating": 2,
        "status": "validated"
    },
    {
        "id": "71b50475-2020-471a-bee2-23d85e87dee8",
        "station_id": "b26390ea-dabd-4b03-b135-9a8e9d252fbf",
        "component_id": "88afd3d1-6da3-496a-ac81-669a47256d34",
        "value": 19.3,
        "timestamp_measured": "2019-04-17T02:00:00+00:00",
        "import_log_id": "9a226d53-a39c-4a05-aca4-bd4903a4aaf1",
        "rating": 2,
        "status": "validated"
    },
    {
        "id": "6ee71710-6d2a-4336-b4c4-edbda6a172dc",
        "station_id": "b26390ea-dabd-4b03-b135-9a8e9d252fbf",
        "component_id": "88afd3d1-6da3-496a-ac81-669a47256d34",
        "value": 20.6,
        "timestamp_measured": "2019-04-17T03:00:00+00:00",
        "import_log_id": "9a226d53-a39c-4a05-aca4-bd4903a4aaf1",
        "rating": 3,
        "status": "validated"
    },
    {
        "id": "89f7fa7e-8dc1-4598-bffc-b5ae4045caaf",
        "station_id": "b26390ea-dabd-4b03-b135-9a8e9d252fbf",
        "component_id": "88afd3d1-6da3-496a-ac81-669a47256d34",
        "value": 22.9,
        "timestamp_measured": "2019-04-17T04:00:00+00:00",
        "import_log_id": "9a226d53-a39c-4a05-aca4-bd4903a4aaf1",
        "rating": 3,
        "status": "validated"
    },
    {
        "id": "3d1e9a73-3a8c-4557-a1b6-d8dc1744fc3a",
        "station_id": "b26390ea-dabd-4b03-b135-9a8e9d252fbf",
        "component_id": "88afd3d1-6da3-496a-ac81-669a47256d34",
        "value": 49.3,
        "timestamp_measured": "2019-04-17T05:00:00+00:00",
        "import_log_id": "9a226d53-a39c-4a05-aca4-bd4903a4aaf1",
        "rating": 5,
        "status": "validated"
    },
    {
        "id": "9b658547-e119-44d4-b058-322cff08ca9f",
        "station_id": "b26390ea-dabd-4b03-b135-9a8e9d252fbf",
        "component_id": "88afd3d1-6da3-496a-ac81-669a47256d34",
        "value": 60.4,
        "timestamp_measured": "2019-04-17T06:00:00+00:00",
        "import_log_id": "9a226d53-a39c-4a05-aca4-bd4903a4aaf1",
        "rating": 6,
        "status": "validated"
    },
    {
        "id": "3358fe66-f6d2-41df-bc11-8d9cd82f799e",
        "station_id": "b26390ea-dabd-4b03-b135-9a8e9d252fbf",
        "component_id": "88afd3d1-6da3-496a-ac81-669a47256d34",
        "value": 48.9,
        "timestamp_measured": "2019-04-17T07:00:00+00:00",
        "import_log_id": "9a226d53-a39c-4a05-aca4-bd4903a4aaf1",
        "rating": 5,
        "status": "validated"
    },
    {
        "id": "e2787fa0-b516-42df-8ddc-5a678c497ea0",
        "station_id": "b26390ea-dabd-4b03-b135-9a8e9d252fbf",
        "component_id": "88afd3d1-6da3-496a-ac81-669a47256d34",
        "value": 40.3,
        "timestamp_measured": "2019-04-17T08:00:00+00:00",
        "import_log_id": "9a226d53-a39c-4a05-aca4-bd4903a4aaf1",
        "rating": 4,
        "status": "validated"
    },
    {
        "id": "607e457d-300d-4cc3-859e-0327fd184b80",
        "station_id": "b26390ea-dabd-4b03-b135-9a8e9d252fbf",
        "component_id": "88afd3d1-6da3-496a-ac81-669a47256d34",
        "value": 22.3,
        "timestamp_measured": "2019-04-17T09:00:00+00:00",
        "import_log_id": "9a226d53-a39c-4a05-aca4-bd4903a4aaf1",
        "rating": 3,
        "status": "validated"
    },
    {
        "id": "29dafebd-86b9-44d4-a54f-48c9ce6d75b8",
        "station_id": "b26390ea-dabd-4b03-b135-9a8e9d252fbf",
        "component_id": "88afd3d1-6da3-496a-ac81-669a47256d34",
        "value": 17.0,
        "timestamp_measured": "2019-04-17T10:00:00+00:00",
        "import_log_id": "9a226d53-a39c-4a05-aca4-bd4903a4aaf1",
        "rating": 2,
        "status": "validated"
    },
    {
        "id": "ebce908b-83cc-433b-b0a0-82d5fc3a488f",
        "station_id": "b26390ea-dabd-4b03-b135-9a8e9d252fbf",
        "component_id": "88afd3d1-6da3-496a-ac81-669a47256d34",
        "value": 15.9,
        "timestamp_measured": "2019-04-17T11:00:00+00:00",
        "import_log_id": "9a226d53-a39c-4a05-aca4-bd4903a4aaf1",
        "rating": 2,
        "status": "validated"
    },
    {
        "id": "6c05cb8d-4f2c-4703-b251-138eb4c7f287",
        "station_id": "b26390ea-dabd-4b03-b135-9a8e9d252fbf",
        "component_id": "88afd3d1-6da3-496a-ac81-669a47256d34",
        "value": 18.1,
        "timestamp_measured": "2019-04-17T12:00:00+00:00",
        "import_log_id": "9a226d53-a39c-4a05-aca4-bd4903a4aaf1",
        "rating": 2,
        "status": "validated"
    },
    {
        "id": "9ebf0bb4-7d89-4f60-96cb-d67545e2b999",
        "station_id": "b26390ea-dabd-4b03-b135-9a8e9d252fbf",
        "component_id": "88afd3d1-6da3-496a-ac81-669a47256d34",
        "value": 19.5,
        "timestamp_measured": "2019-04-17T13:00:00+00:00",
        "import_log_id": "9a226d53-a39c-4a05-aca4-bd4903a4aaf1",
        "rating": 2,
        "status": "validated"
    },
    {
        "id": "0be8a225-8735-4f8b-a4f2-c3b8175d061f",
        "station_id": "b26390ea-dabd-4b03-b135-9a8e9d252fbf",
        "component_id": "88afd3d1-6da3-496a-ac81-669a47256d34",
        "value": 34.4,
        "timestamp_measured": "2019-04-17T14:00:00+00:00",
        "import_log_id": "9a226d53-a39c-4a05-aca4-bd4903a4aaf1",
        "rating": 4,
        "status": "validated"
    },
    {
        "id": "82f8c9af-950f-4ec4-9dd4-f33aac02e199",
        "station_id": "b26390ea-dabd-4b03-b135-9a8e9d252fbf",
        "component_id": "88afd3d1-6da3-496a-ac81-669a47256d34",
        "value": 40.3,
        "timestamp_measured": "2019-04-17T15:00:00+00:00",
        "import_log_id": "9a226d53-a39c-4a05-aca4-bd4903a4aaf1",
        "rating": 4,
        "status": "validated"
    },
    {
        "id": "4bc4bb9a-8f5e-4fa7-a548-3ef8b55093fc",
        "station_id": "b26390ea-dabd-4b03-b135-9a8e9d252fbf",
        "component_id": "88afd3d1-6da3-496a-ac81-669a47256d34",
        "value": 30.8,
        "timestamp_measured": "2019-04-17T16:00:00+00:00",
        "import_log_id": "9a226d53-a39c-4a05-aca4-bd4903a4aaf1",
        "rating": 4,
        "status": "validated"
    },
    {
        "id": "f10a47d0-15bb-41de-9ea4-2e11b43c8351",
        "station_id": "b26390ea-dabd-4b03-b135-9a8e9d252fbf",
        "component_id": "88afd3d1-6da3-496a-ac81-669a47256d34",
        "value": 31.1,
        "timestamp_measured": "2019-04-17T17:00:00+00:00",
        "import_log_id": "9a226d53-a39c-4a05-aca4-bd4903a4aaf1",
        "rating": 4,
        "status": "validated"
    },
    {
        "id": "e02b38b7-8453-4503-9127-ff0cf1477c6c",
        "station_id": "b26390ea-dabd-4b03-b135-9a8e9d252fbf",
        "component_id": "88afd3d1-6da3-496a-ac81-669a47256d34",
        "value": 26.0,
        "timestamp_measured": "2019-04-17T18:00:00+00:00",
        "import_log_id": "9a226d53-a39c-4a05-aca4-bd4903a4aaf1",
        "rating": 3,
        "status": "validated"
    },
    {
        "id": "c4662536-6131-4442-b2a6-f0190c87eb01",
        "station_id": "b26390ea-dabd-4b03-b135-9a8e9d252fbf",
        "component_id": "88afd3d1-6da3-496a-ac81-669a47256d34",
        "value": 31.1,
        "timestamp_measured": "2019-04-17T19:00:00+00:00",
        "import_log_id": "9a226d53-a39c-4a05-aca4-bd4903a4aaf1",
        "rating": 4,
        "status": "validated"
    },
    {
        "id": "bae17062-1229-4f35-9db5-0ea5e023f8d2",
        "station_id": "b26390ea-dabd-4b03-b135-9a8e9d252fbf",
        "component_id": "88afd3d1-6da3-496a-ac81-669a47256d34",
        "value": 47.8,
        "timestamp_measured": "2019-04-17T20:00:00+00:00",
        "import_log_id": "9a226d53-a39c-4a05-aca4-bd4903a4aaf1",
        "rating": 5,
        "status": "validated"
    },
    {
        "id": "bd5e2195-ee39-4332-9cf2-b15f803b9937",
        "station_id": "b26390ea-dabd-4b03-b135-9a8e9d252fbf",
        "component_id": "88afd3d1-6da3-496a-ac81-669a47256d34",
        "value": 48.5,
        "timestamp_measured": "2019-04-17T21:00:00+00:00",
        "import_log_id": "9a226d53-a39c-4a05-aca4-bd4903a4aaf1",
        "rating": 5,
        "status": "validated"
    },
    {
        "id": "e8d966e6-b85b-412a-bbce-962a4d19263a",
        "station_id": "b26390ea-dabd-4b03-b135-9a8e9d252fbf",
        "component_id": "88afd3d1-6da3-496a-ac81-669a47256d34",
        "value": 57.5,
        "timestamp_measured": "2019-04-17T22:00:00+00:00",
        "import_log_id": "9a226d53-a39c-4a05-aca4-bd4903a4aaf1",
        "rating": 5,
        "status": "validated"
    },
    {
        "id": "a016b3c2-a688-4de9-b326-dd39ed6cd808",
        "station_id": "b26390ea-dabd-4b03-b135-9a8e9d252fbf",
        "component_id": "88afd3d1-6da3-496a-ac81-669a47256d34",
        "value": 45.6,
        "timestamp_measured": "2019-04-17T23:00:00+00:00",
        "import_log_id": "9a226d53-a39c-4a05-aca4-bd4903a4aaf1",
        "rating": 5,
        "status": "validated"
    },
    {
        "id": "6e0bdb29-915d-4047-b6e5-727111757256",
        "station_id": "b26390ea-dabd-4b03-b135-9a8e9d252fbf",
        "component_id": "88afd3d1-6da3-496a-ac81-669a47256d34",
        "value": 28.7,
        "timestamp_measured": "2019-04-18T00:00:00+00:00",
        "import_log_id": "9a226d53-a39c-4a05-aca4-bd4903a4aaf1",
        "rating": 3,
        "status": "validated"
    },
    {
        "id": "8928eae7-b4d0-4f0b-8716-293714a18203",
        "station_id": "b26390ea-dabd-4b03-b135-9a8e9d252fbf",
        "component_id": "88afd3d1-6da3-496a-ac81-669a47256d34",
        "value": 26.2,
        "timestamp_measured": "2019-04-18T01:00:00+00:00",
        "import_log_id": "9a226d53-a39c-4a05-aca4-bd4903a4aaf1",
        "rating": 3,
        "status": "validated"
    },
    {
        "id": "ba612c8d-9f13-49a8-8b4a-257b5719fd33",
        "station_id": "b26390ea-dabd-4b03-b135-9a8e9d252fbf",
        "component_id": "88afd3d1-6da3-496a-ac81-669a47256d34",
        "value": 22.5,
        "timestamp_measured": "2019-04-18T02:00:00+00:00",
        "import_log_id": "9a226d53-a39c-4a05-aca4-bd4903a4aaf1",
        "rating": 3,
        "status": "validated"
    },
    {
        "id": "caa38e21-51bb-4b1f-a660-2cd671d84267",
        "station_id": "b26390ea-dabd-4b03-b135-9a8e9d252fbf",
        "component_id": "88afd3d1-6da3-496a-ac81-669a47256d34",
        "value": 21.0,
        "timestamp_measured": "2019-04-18T03:00:00+00:00",
        "import_log_id": "9a226d53-a39c-4a05-aca4-bd4903a4aaf1",
        "rating": 3,
        "status": "validated"
    },
    {
        "id": "e95eb822-85a5-4ef4-9c45-6f4efa73dc7a",
        "station_id": "b26390ea-dabd-4b03-b135-9a8e9d252fbf",
        "component_id": "88afd3d1-6da3-496a-ac81-669a47256d34",
        "value": 25.4,
        "timestamp_measured": "2019-04-18T04:00:00+00:00",
        "import_log_id": "9a226d53-a39c-4a05-aca4-bd4903a4aaf1",
        "rating": 3,
        "status": "validated"
    },
    {
        "id": "7009435b-4d82-4a71-9de1-f8453a74efd9",
        "station_id": "b26390ea-dabd-4b03-b135-9a8e9d252fbf",
        "component_id": "88afd3d1-6da3-496a-ac81-669a47256d34",
        "value": 37.2,
        "timestamp_measured": "2019-04-18T05:00:00+00:00",
        "import_log_id": "9a226d53-a39c-4a05-aca4-bd4903a4aaf1",
        "rating": 4,
        "status": "validated"
    },
    {
        "id": "88d93c41-bad3-4543-bdea-34927aacf1b6",
        "station_id": "b26390ea-dabd-4b03-b135-9a8e9d252fbf",
        "component_id": "88afd3d1-6da3-496a-ac81-669a47256d34",
        "value": 53.7,
        "timestamp_measured": "2019-04-18T06:00:00+00:00",
        "import_log_id": "9a226d53-a39c-4a05-aca4-bd4903a4aaf1",
        "rating": 5,
        "status": "validated"
    },
    {
        "id": "3c60147e-aeda-4b99-9e96-3df952a54781",
        "station_id": "b26390ea-dabd-4b03-b135-9a8e9d252fbf",
        "component_id": "88afd3d1-6da3-496a-ac81-669a47256d34",
        "value": 50.2,
        "timestamp_measured": "2019-04-18T07:00:00+00:00",
        "import_log_id": "9a226d53-a39c-4a05-aca4-bd4903a4aaf1",
        "rating": 5,
        "status": "validated"
    },
    {
        "id": "2cbfb924-f46d-4655-992b-df78d6944338",
        "station_id": "b26390ea-dabd-4b03-b135-9a8e9d252fbf",
        "component_id": "88afd3d1-6da3-496a-ac81-669a47256d34",
        "value": 37.2,
        "timestamp_measured": "2019-04-18T08:00:00+00:00",
        "import_log_id": "9a226d53-a39c-4a05-aca4-bd4903a4aaf1",
        "rating": 4,
        "status": "validated"
    },
    {
        "id": "493bf185-9028-4e90-a5ff-9e3c35d40a92",
        "station_id": "b26390ea-dabd-4b03-b135-9a8e9d252fbf",
        "component_id": "88afd3d1-6da3-496a-ac81-669a47256d34",
        "value": 28.8,
        "timestamp_measured": "2019-04-18T09:00:00+00:00",
        "import_log_id": "9a226d53-a39c-4a05-aca4-bd4903a4aaf1",
        "rating": 3,
        "status": "validated"
    },
    {
        "id": "8b553f0f-9a8c-4be9-bf8b-0d07bbba70a0",
        "station_id": "b26390ea-dabd-4b03-b135-9a8e9d252fbf",
        "component_id": "88afd3d1-6da3-496a-ac81-669a47256d34",
        "value": 27.9,
        "timestamp_measured": "2019-04-18T10:00:00+00:00",
        "import_log_id": "9a226d53-a39c-4a05-aca4-bd4903a4aaf1",
        "rating": 3,
        "status": "validated"
    },
    {
        "id": "a5c2054b-07fc-46d3-a2f9-871b2dcbcf0a",
        "station_id": "b26390ea-dabd-4b03-b135-9a8e9d252fbf",
        "component_id": "88afd3d1-6da3-496a-ac81-669a47256d34",
        "value": 23.1,
        "timestamp_measured": "2019-04-18T11:00:00+00:00",
        "import_log_id": "9a226d53-a39c-4a05-aca4-bd4903a4aaf1",
        "rating": 3,
        "status": "validated"
    },
    {
        "id": "80d8386b-530f-463b-8e22-389e6b511a40",
        "station_id": "b26390ea-dabd-4b03-b135-9a8e9d252fbf",
        "component_id": "88afd3d1-6da3-496a-ac81-669a47256d34",
        "value": 16.4,
        "timestamp_measured": "2019-04-18T12:00:00+00:00",
        "import_log_id": "9a226d53-a39c-4a05-aca4-bd4903a4aaf1",
        "rating": 2,
        "status": "validated"
    },
    {
        "id": "dc4d5552-dc75-458a-a52b-68ca99052167",
        "station_id": "b26390ea-dabd-4b03-b135-9a8e9d252fbf",
        "component_id": "88afd3d1-6da3-496a-ac81-669a47256d34",
        "value": 12.2,
        "timestamp_measured": "2019-04-18T13:00:00+00:00",
        "import_log_id": "9a226d53-a39c-4a05-aca4-bd4903a4aaf1",
        "rating": 2,
        "status": "validated"
    },
    {
        "id": "67d218c3-98ee-49d3-b603-0441c698a3bd",
        "station_id": "b26390ea-dabd-4b03-b135-9a8e9d252fbf",
        "component_id": "88afd3d1-6da3-496a-ac81-669a47256d34",
        "value": 11.5,
        "timestamp_measured": "2019-04-18T14:00:00+00:00",
        "import_log_id": "9a226d53-a39c-4a05-aca4-bd4903a4aaf1",
        "rating": 2,
        "status": "validated"
    },
    {
        "id": "09aea2ab-b145-4249-98a2-40ee5debff37",
        "station_id": "b26390ea-dabd-4b03-b135-9a8e9d252fbf",
        "component_id": "88afd3d1-6da3-496a-ac81-669a47256d34",
        "value": 11.7,
        "timestamp_measured": "2019-04-18T15:00:00+00:00",
        "import_log_id": "9a226d53-a39c-4a05-aca4-bd4903a4aaf1",
        "rating": 2,
        "status": "validated"
    },
    {
        "id": "75f79a66-94e0-4d8f-84c1-524d61129f63",
        "station_id": "b26390ea-dabd-4b03-b135-9a8e9d252fbf",
        "component_id": "88afd3d1-6da3-496a-ac81-669a47256d34",
        "value": 12.8,
        "timestamp_measured": "2019-04-18T16:00:00+00:00",
        "import_log_id": "9a226d53-a39c-4a05-aca4-bd4903a4aaf1",
        "rating": 2,
        "status": "validated"
    },
    {
        "id": "e100a42d-cfd5-4ebe-a6f7-1535dcc47a99",
        "station_id": "b26390ea-dabd-4b03-b135-9a8e9d252fbf",
        "component_id": "88afd3d1-6da3-496a-ac81-669a47256d34",
        "value": 16.4,
        "timestamp_measured": "2019-04-18T17:00:00+00:00",
        "import_log_id": "9a226d53-a39c-4a05-aca4-bd4903a4aaf1",
        "rating": 2,
        "status": "validated"
    },
    {
        "id": "744200bd-5c25-47f2-8a24-c0af37f45edc",
        "station_id": "b26390ea-dabd-4b03-b135-9a8e9d252fbf",
        "component_id": "88afd3d1-6da3-496a-ac81-669a47256d34",
        "value": 19.9,
        "timestamp_measured": "2019-04-18T18:00:00+00:00",
        "import_log_id": "9a226d53-a39c-4a05-aca4-bd4903a4aaf1",
        "rating": 2,
        "status": "validated"
    },
    {
        "id": "f30e677c-b70a-4586-b012-8b3d04027eab",
        "station_id": "b26390ea-dabd-4b03-b135-9a8e9d252fbf",
        "component_id": "88afd3d1-6da3-496a-ac81-669a47256d34",
        "value": 23.3,
        "timestamp_measured": "2019-04-18T19:00:00+00:00",
        "import_log_id": "9a226d53-a39c-4a05-aca4-bd4903a4aaf1",
        "rating": 3,
        "status": "validated"
    },
    {
        "id": "16824d59-7f1a-4768-8549-10de30acf5ff",
        "station_id": "b26390ea-dabd-4b03-b135-9a8e9d252fbf",
        "component_id": "88afd3d1-6da3-496a-ac81-669a47256d34",
        "value": 23.5,
        "timestamp_measured": "2019-04-18T20:00:00+00:00",
        "import_log_id": "9a226d53-a39c-4a05-aca4-bd4903a4aaf1",
        "rating": 3,
        "status": "validated"
    },
    {
        "id": "e7073dff-15ae-4f67-bc40-4b9d030e183f",
        "station_id": "b26390ea-dabd-4b03-b135-9a8e9d252fbf",
        "component_id": "88afd3d1-6da3-496a-ac81-669a47256d34",
        "value": 22.0,
        "timestamp_measured": "2019-04-18T21:00:00+00:00",
        "import_log_id": "9a226d53-a39c-4a05-aca4-bd4903a4aaf1",
        "rating": 3,
        "status": "validated"
    },
    {
        "id": "a27dd81c-b4d1-4bb8-8740-70932c293227",
        "station_id": "b26390ea-dabd-4b03-b135-9a8e9d252fbf",
        "component_id": "88afd3d1-6da3-496a-ac81-669a47256d34",
        "value": 15.3,
        "timestamp_measured": "2019-04-18T22:00:00+00:00",
        "import_log_id": "9a226d53-a39c-4a05-aca4-bd4903a4aaf1",
        "rating": 2,
        "status": "validated"
    },
    {
        "id": "707f3efd-a341-4202-b698-52b3ab2b86fb",
        "station_id": "b26390ea-dabd-4b03-b135-9a8e9d252fbf",
        "component_id": "88afd3d1-6da3-496a-ac81-669a47256d34",
        "value": 15.5,
        "timestamp_measured": "2019-04-18T23:00:00+00:00",
        "import_log_id": "9a226d53-a39c-4a05-aca4-bd4903a4aaf1",
        "rating": 2,
        "status": "validated"
    },
    {
        "id": "f6c1272a-9cbd-47cd-9c65-92ac79f1dbe4",
        "station_id": "b26390ea-dabd-4b03-b135-9a8e9d252fbf",
        "component_id": "88afd3d1-6da3-496a-ac81-669a47256d34",
        "value": 15.9,
        "timestamp_measured": "2019-04-19T00:00:00+00:00",
        "import_log_id": "9a226d53-a39c-4a05-aca4-bd4903a4aaf1",
        "rating": 2,
        "status": "validated"
    },
    {
        "id": "ae9c5668-8ac0-4f56-ad5e-a7a60f4ac771",
        "station_id": "b26390ea-dabd-4b03-b135-9a8e9d252fbf",
        "component_id": "88afd3d1-6da3-496a-ac81-669a47256d34",
        "value": 13.0,
        "timestamp_measured": "2019-04-19T01:00:00+00:00",
        "import_log_id": "9a226d53-a39c-4a05-aca4-bd4903a4aaf1",
        "rating": 2,
        "status": "validated"
    },
    {
        "id": "0d4fcb29-5da8-43a8-ab61-470d2ae5aa85",
        "station_id": "b26390ea-dabd-4b03-b135-9a8e9d252fbf",
        "component_id": "88afd3d1-6da3-496a-ac81-669a47256d34",
        "value": 11.5,
        "timestamp_measured": "2019-04-19T02:00:00+00:00",
        "import_log_id": "9a226d53-a39c-4a05-aca4-bd4903a4aaf1",
        "rating": 2,
        "status": "validated"
    },
    {
        "id": "3bf37728-9df7-4ff9-a6ef-2921dbb92b44",
        "station_id": "b26390ea-dabd-4b03-b135-9a8e9d252fbf",
        "component_id": "88afd3d1-6da3-496a-ac81-669a47256d34",
        "value": 12.8,
        "timestamp_measured": "2019-04-19T03:00:00+00:00",
        "import_log_id": "9a226d53-a39c-4a05-aca4-bd4903a4aaf1",
        "rating": 2,
        "status": "validated"
    },
    {
        "id": "1e0cbae0-7d19-4a42-a511-423b5796a37f",
        "station_id": "b26390ea-dabd-4b03-b135-9a8e9d252fbf",
        "component_id": "88afd3d1-6da3-496a-ac81-669a47256d34",
        "value": 14.5,
        "timestamp_measured": "2019-04-19T04:00:00+00:00",
        "import_log_id": "9a226d53-a39c-4a05-aca4-bd4903a4aaf1",
        "rating": 2,
        "status": "validated"
    },
    {
        "id": "e8526b9a-c418-498d-b31c-8ea4e26e2f63",
        "station_id": "b26390ea-dabd-4b03-b135-9a8e9d252fbf",
        "component_id": "88afd3d1-6da3-496a-ac81-669a47256d34",
        "value": 20.1,
        "timestamp_measured": "2019-04-19T05:00:00+00:00",
        "import_log_id": "9a226d53-a39c-4a05-aca4-bd4903a4aaf1",
        "rating": 3,
        "status": "validated"
    },
    {
        "id": "4f72099a-e553-4a3a-b0cd-050cd9137790",
        "station_id": "b26390ea-dabd-4b03-b135-9a8e9d252fbf",
        "component_id": "88afd3d1-6da3-496a-ac81-669a47256d34",
        "value": 28.5,
        "timestamp_measured": "2019-04-19T06:00:00+00:00",
        "import_log_id": "9a226d53-a39c-4a05-aca4-bd4903a4aaf1",
        "rating": 3,
        "status": "validated"
    },
    {
        "id": "21705abe-bdc2-4e03-871d-9c261d8ccf06",
        "station_id": "b26390ea-dabd-4b03-b135-9a8e9d252fbf",
        "component_id": "88afd3d1-6da3-496a-ac81-669a47256d34",
        "value": 30.6,
        "timestamp_measured": "2019-04-19T07:00:00+00:00",
        "import_log_id": "9a226d53-a39c-4a05-aca4-bd4903a4aaf1",
        "rating": 4,
        "status": "validated"
    },
    {
        "id": "f8de4528-ede5-4647-b51f-fabf1ba6ba02",
        "station_id": "b26390ea-dabd-4b03-b135-9a8e9d252fbf",
        "component_id": "88afd3d1-6da3-496a-ac81-669a47256d34",
        "value": 35.7,
        "timestamp_measured": "2019-04-19T08:00:00+00:00",
        "import_log_id": "9a226d53-a39c-4a05-aca4-bd4903a4aaf1",
        "rating": 4,
        "status": "validated"
    },
    {
        "id": "41057ddd-0ec1-4d4d-8ecf-13929f306972",
        "station_id": "b26390ea-dabd-4b03-b135-9a8e9d252fbf",
        "component_id": "88afd3d1-6da3-496a-ac81-669a47256d34",
        "value": 27.9,
        "timestamp_measured": "2019-04-19T09:00:00+00:00",
        "import_log_id": "9a226d53-a39c-4a05-aca4-bd4903a4aaf1",
        "rating": 3,
        "status": "validated"
    },
    {
        "id": "62dbe5e3-6143-47a5-b5b7-e100238eef5b",
        "station_id": "b26390ea-dabd-4b03-b135-9a8e9d252fbf",
        "component_id": "88afd3d1-6da3-496a-ac81-669a47256d34",
        "value": 23.3,
        "timestamp_measured": "2019-04-19T10:00:00+00:00",
        "import_log_id": "9a226d53-a39c-4a05-aca4-bd4903a4aaf1",
        "rating": 3,
        "status": "validated"
    },
    {
        "id": "dd4a8f7e-e4a5-438b-93a7-8a78f4fd8588",
        "station_id": "b26390ea-dabd-4b03-b135-9a8e9d252fbf",
        "component_id": "88afd3d1-6da3-496a-ac81-669a47256d34",
        "value": 16.8,
        "timestamp_measured": "2019-04-19T11:00:00+00:00",
        "import_log_id": "9a226d53-a39c-4a05-aca4-bd4903a4aaf1",
        "rating": 2,
        "status": "validated"
    },
    {
        "id": "7bc9397e-eb66-4cd2-a2ee-0653765f92fb",
        "station_id": "b26390ea-dabd-4b03-b135-9a8e9d252fbf",
        "component_id": "88afd3d1-6da3-496a-ac81-669a47256d34",
        "value": 12.8,
        "timestamp_measured": "2019-04-19T12:00:00+00:00",
        "import_log_id": "9a226d53-a39c-4a05-aca4-bd4903a4aaf1",
        "rating": 2,
        "status": "validated"
    },
    {
        "id": "8be68dc3-c018-4a88-bc2b-363f170851d6",
        "station_id": "b26390ea-dabd-4b03-b135-9a8e9d252fbf",
        "component_id": "88afd3d1-6da3-496a-ac81-669a47256d34",
        "value": 11.5,
        "timestamp_measured": "2019-04-19T13:00:00+00:00",
        "import_log_id": "9a226d53-a39c-4a05-aca4-bd4903a4aaf1",
        "rating": 2,
        "status": "validated"
    },
    {
        "id": "763d9de5-4f5d-42c4-b3aa-50642edff558",
        "station_id": "b26390ea-dabd-4b03-b135-9a8e9d252fbf",
        "component_id": "88afd3d1-6da3-496a-ac81-669a47256d34",
        "value": 12.4,
        "timestamp_measured": "2019-04-19T14:00:00+00:00",
        "import_log_id": "9a226d53-a39c-4a05-aca4-bd4903a4aaf1",
        "rating": 2,
        "status": "validated"
    },
    {
        "id": "d261d6a7-e2fa-4d0e-811b-d23c26c7387e",
        "station_id": "b26390ea-dabd-4b03-b135-9a8e9d252fbf",
        "component_id": "88afd3d1-6da3-496a-ac81-669a47256d34",
        "value": 13.2,
        "timestamp_measured": "2019-04-19T15:00:00+00:00",
        "import_log_id": "9a226d53-a39c-4a05-aca4-bd4903a4aaf1",
        "rating": 2,
        "status": "validated"
    },
    {
        "id": "d290e7af-4fff-46a9-a558-e93b7fd22dd8",
        "station_id": "b26390ea-dabd-4b03-b135-9a8e9d252fbf",
        "component_id": "88afd3d1-6da3-496a-ac81-669a47256d34",
        "value": 10.3,
        "timestamp_measured": "2019-04-19T16:00:00+00:00",
        "import_log_id": "9a226d53-a39c-4a05-aca4-bd4903a4aaf1",
        "rating": 2,
        "status": "validated"
    },
    {
        "id": "ae93e098-f950-43ef-885c-ec8e5837e99d",
        "station_id": "b26390ea-dabd-4b03-b135-9a8e9d252fbf",
        "component_id": "88afd3d1-6da3-496a-ac81-669a47256d34",
        "value": 10.9,
        "timestamp_measured": "2019-04-19T17:00:00+00:00",
        "import_log_id": "9a226d53-a39c-4a05-aca4-bd4903a4aaf1",
        "rating": 2,
        "status": "validated"
    },
    {
        "id": "3a78baad-aaa7-4a98-a592-602c2906d497",
        "station_id": "b26390ea-dabd-4b03-b135-9a8e9d252fbf",
        "component_id": "88afd3d1-6da3-496a-ac81-669a47256d34",
        "value": 17.6,
        "timestamp_measured": "2019-04-19T18:00:00+00:00",
        "import_log_id": "9a226d53-a39c-4a05-aca4-bd4903a4aaf1",
        "rating": 2,
        "status": "validated"
    },
    {
        "id": "a6f27a9c-72de-400e-8565-09703d64b5a9",
        "station_id": "b26390ea-dabd-4b03-b135-9a8e9d252fbf",
        "component_id": "88afd3d1-6da3-496a-ac81-669a47256d34",
        "value": 24.8,
        "timestamp_measured": "2019-04-19T19:00:00+00:00",
        "import_log_id": "9a226d53-a39c-4a05-aca4-bd4903a4aaf1",
        "rating": 3,
        "status": "validated"
    },
    {
        "id": "2d182255-832e-438f-a833-07fcd891cba1",
        "station_id": "b26390ea-dabd-4b03-b135-9a8e9d252fbf",
        "component_id": "88afd3d1-6da3-496a-ac81-669a47256d34",
        "value": 30.0,
        "timestamp_measured": "2019-04-19T20:00:00+00:00",
        "import_log_id": "9a226d53-a39c-4a05-aca4-bd4903a4aaf1",
        "rating": 4,
        "status": "validated"
    },
    {
        "id": "f98923a9-9c88-4a93-9808-21b657ae1e5b",
        "station_id": "b26390ea-dabd-4b03-b135-9a8e9d252fbf",
        "component_id": "88afd3d1-6da3-496a-ac81-669a47256d34",
        "value": 35.3,
        "timestamp_measured": "2019-04-19T21:00:00+00:00",
        "import_log_id": "9a226d53-a39c-4a05-aca4-bd4903a4aaf1",
        "rating": 4,
        "status": "validated"
    },
    {
        "id": "4dc04d54-7d42-4822-88fa-4456cb1efd5e",
        "station_id": "b26390ea-dabd-4b03-b135-9a8e9d252fbf",
        "component_id": "88afd3d1-6da3-496a-ac81-669a47256d34",
        "value": 37.4,
        "timestamp_measured": "2019-04-19T22:00:00+00:00",
        "import_log_id": "9a226d53-a39c-4a05-aca4-bd4903a4aaf1",
        "rating": 4,
        "status": "validated"
    },
    {
        "id": "034c74ee-a005-425b-9e2d-f55cb7f564b2",
        "station_id": "b26390ea-dabd-4b03-b135-9a8e9d252fbf",
        "component_id": "88afd3d1-6da3-496a-ac81-669a47256d34",
        "value": 36.7,
        "timestamp_measured": "2019-04-19T23:00:00+00:00",
        "import_log_id": "9a226d53-a39c-4a05-aca4-bd4903a4aaf1",
        "rating": 4,
        "status": "validated"
    },
    {
        "id": "5e6b9739-d654-4d11-9f1e-7a61f6ca4b1f",
        "station_id": "b26390ea-dabd-4b03-b135-9a8e9d252fbf",
        "component_id": "88afd3d1-6da3-496a-ac81-669a47256d34",
        "value": 27.7,
        "timestamp_measured": "2019-04-20T00:00:00+00:00",
        "import_log_id": "9a226d53-a39c-4a05-aca4-bd4903a4aaf1",
        "rating": 3,
        "status": "validated"
    },
    {
        "id": "3e04ce6c-27e4-43db-acca-c7f7ba13a5cb",
        "station_id": "b26390ea-dabd-4b03-b135-9a8e9d252fbf",
        "component_id": "88afd3d1-6da3-496a-ac81-669a47256d34",
        "value": 23.7,
        "timestamp_measured": "2019-04-20T01:00:00+00:00",
        "import_log_id": "9a226d53-a39c-4a05-aca4-bd4903a4aaf1",
        "rating": 3,
        "status": "validated"
    },
    {
        "id": "c2d1de7a-a15f-4af2-bddc-594f9505ce50",
        "station_id": "b26390ea-dabd-4b03-b135-9a8e9d252fbf",
        "component_id": "88afd3d1-6da3-496a-ac81-669a47256d34",
        "value": 18.5,
        "timestamp_measured": "2019-04-20T02:00:00+00:00",
        "import_log_id": "9a226d53-a39c-4a05-aca4-bd4903a4aaf1",
        "rating": 2,
        "status": "validated"
    },
    {
        "id": "0ce434d0-7bca-4345-bb57-af5cd610263d",
        "station_id": "b26390ea-dabd-4b03-b135-9a8e9d252fbf",
        "component_id": "88afd3d1-6da3-496a-ac81-669a47256d34",
        "value": 16.4,
        "timestamp_measured": "2019-04-20T03:00:00+00:00",
        "import_log_id": "9a226d53-a39c-4a05-aca4-bd4903a4aaf1",
        "rating": 2,
        "status": "validated"
    },
    {
        "id": "944c53bb-88cb-40dd-96ad-65de502cc5f7",
        "station_id": "b26390ea-dabd-4b03-b135-9a8e9d252fbf",
        "component_id": "88afd3d1-6da3-496a-ac81-669a47256d34",
        "value": 17.2,
        "timestamp_measured": "2019-04-20T04:00:00+00:00",
        "import_log_id": "9a226d53-a39c-4a05-aca4-bd4903a4aaf1",
        "rating": 2,
        "status": "validated"
    },
    {
        "id": "2585b5e6-8125-463b-beea-2f775a245383",
        "station_id": "b26390ea-dabd-4b03-b135-9a8e9d252fbf",
        "component_id": "88afd3d1-6da3-496a-ac81-669a47256d34",
        "value": 21.0,
        "timestamp_measured": "2019-04-20T05:00:00+00:00",
        "import_log_id": "9a226d53-a39c-4a05-aca4-bd4903a4aaf1",
        "rating": 3,
        "status": "validated"
    },
    {
        "id": "1037ce27-5549-4ff5-8174-dc1e86457e3b",
        "station_id": "b26390ea-dabd-4b03-b135-9a8e9d252fbf",
        "component_id": "88afd3d1-6da3-496a-ac81-669a47256d34",
        "value": 23.5,
        "timestamp_measured": "2019-04-20T06:00:00+00:00",
        "import_log_id": "9a226d53-a39c-4a05-aca4-bd4903a4aaf1",
        "rating": 3,
        "status": "validated"
    },
    {
        "id": "721f09e0-e134-41b5-8943-a8624c1a2d47",
        "station_id": "b26390ea-dabd-4b03-b135-9a8e9d252fbf",
        "component_id": "88afd3d1-6da3-496a-ac81-669a47256d34",
        "value": 22.2,
        "timestamp_measured": "2019-04-20T07:00:00+00:00",
        "import_log_id": "9a226d53-a39c-4a05-aca4-bd4903a4aaf1",
        "rating": 3,
        "status": "validated"
    },
    {
        "id": "2f79cb4f-316c-4d72-b178-8497f0007c38",
        "station_id": "b26390ea-dabd-4b03-b135-9a8e9d252fbf",
        "component_id": "88afd3d1-6da3-496a-ac81-669a47256d34",
        "value": 23.5,
        "timestamp_measured": "2019-04-20T08:00:00+00:00",
        "import_log_id": "9a226d53-a39c-4a05-aca4-bd4903a4aaf1",
        "rating": 3,
        "status": "validated"
    },
    {
        "id": "c09b8267-dc52-4ada-a70e-a51e9d6f764d",
        "station_id": "b26390ea-dabd-4b03-b135-9a8e9d252fbf",
        "component_id": "88afd3d1-6da3-496a-ac81-669a47256d34",
        "value": 24.4,
        "timestamp_measured": "2019-04-20T09:00:00+00:00",
        "import_log_id": "9a226d53-a39c-4a05-aca4-bd4903a4aaf1",
        "rating": 3,
        "status": "validated"
    },
    {
        "id": "ae2203d2-2e24-4a5e-ba2b-a29787a98485",
        "station_id": "b26390ea-dabd-4b03-b135-9a8e9d252fbf",
        "component_id": "88afd3d1-6da3-496a-ac81-669a47256d34",
        "value": 20.8,
        "timestamp_measured": "2019-04-20T10:00:00+00:00",
        "import_log_id": "9a226d53-a39c-4a05-aca4-bd4903a4aaf1",
        "rating": 3,
        "status": "validated"
    },
    {
        "id": "bea34360-d3e7-4dfa-8efa-0458a054ce2c",
        "station_id": "b26390ea-dabd-4b03-b135-9a8e9d252fbf",
        "component_id": "88afd3d1-6da3-496a-ac81-669a47256d34",
        "value": 13.8,
        "timestamp_measured": "2019-04-20T11:00:00+00:00",
        "import_log_id": "9a226d53-a39c-4a05-aca4-bd4903a4aaf1",
        "rating": 2,
        "status": "validated"
    },
    {
        "id": "d9b52adc-8751-4857-97cd-e0bd5a0bed1d",
        "station_id": "b26390ea-dabd-4b03-b135-9a8e9d252fbf",
        "component_id": "88afd3d1-6da3-496a-ac81-669a47256d34",
        "value": 10.9,
        "timestamp_measured": "2019-04-20T12:00:00+00:00",
        "import_log_id": "9a226d53-a39c-4a05-aca4-bd4903a4aaf1",
        "rating": 2,
        "status": "validated"
    },
    {
        "id": "14e6f32a-29e8-4421-8de2-7326f38d4dde",
        "station_id": "b26390ea-dabd-4b03-b135-9a8e9d252fbf",
        "component_id": "88afd3d1-6da3-496a-ac81-669a47256d34",
        "value": 9.2,
        "timestamp_measured": "2019-04-20T13:00:00+00:00",
        "import_log_id": "9a226d53-a39c-4a05-aca4-bd4903a4aaf1",
        "rating": 1,
        "status": "validated"
    },
    {
        "id": "3c260c7c-7d8d-4657-9ac4-83b37f56961f",
        "station_id": "b26390ea-dabd-4b03-b135-9a8e9d252fbf",
        "component_id": "88afd3d1-6da3-496a-ac81-669a47256d34",
        "value": 8.4,
        "timestamp_measured": "2019-04-20T14:00:00+00:00",
        "import_log_id": "9a226d53-a39c-4a05-aca4-bd4903a4aaf1",
        "rating": 1,
        "status": "validated"
    },
    {
        "id": "5198bfcf-dbf2-407b-987c-20791d18b0e5",
        "station_id": "b26390ea-dabd-4b03-b135-9a8e9d252fbf",
        "component_id": "88afd3d1-6da3-496a-ac81-669a47256d34",
        "value": 11.5,
        "timestamp_measured": "2019-04-20T15:00:00+00:00",
        "import_log_id": "9a226d53-a39c-4a05-aca4-bd4903a4aaf1",
        "rating": 2,
        "status": "validated"
    },
    {
        "id": "16fd6bb0-4a7b-45d9-8a60-d57dc143f477",
        "station_id": "b26390ea-dabd-4b03-b135-9a8e9d252fbf",
        "component_id": "88afd3d1-6da3-496a-ac81-669a47256d34",
        "value": 9.2,
        "timestamp_measured": "2019-04-20T16:00:00+00:00",
        "import_log_id": "9a226d53-a39c-4a05-aca4-bd4903a4aaf1",
        "rating": 1,
        "status": "validated"
    },
    {
        "id": "8f272bd4-9cd2-4ac4-954e-39cc55e4b2db",
        "station_id": "b26390ea-dabd-4b03-b135-9a8e9d252fbf",
        "component_id": "88afd3d1-6da3-496a-ac81-669a47256d34",
        "value": 13.0,
        "timestamp_measured": "2019-04-20T17:00:00+00:00",
        "import_log_id": "9a226d53-a39c-4a05-aca4-bd4903a4aaf1",
        "rating": 2,
        "status": "validated"
    },
    {
        "id": "677df779-930c-4eea-8b03-4ccea5f55749",
        "station_id": "b26390ea-dabd-4b03-b135-9a8e9d252fbf",
        "component_id": "88afd3d1-6da3-496a-ac81-669a47256d34",
        "value": 14.7,
        "timestamp_measured": "2019-04-20T18:00:00+00:00",
        "import_log_id": "9a226d53-a39c-4a05-aca4-bd4903a4aaf1",
        "rating": 2,
        "status": "validated"
    },
    {
        "id": "a25c2685-9f59-4061-aa18-bdcaec7bdb2f",
        "station_id": "b26390ea-dabd-4b03-b135-9a8e9d252fbf",
        "component_id": "88afd3d1-6da3-496a-ac81-669a47256d34",
        "value": 16.4,
        "timestamp_measured": "2019-04-20T19:00:00+00:00",
        "import_log_id": "9a226d53-a39c-4a05-aca4-bd4903a4aaf1",
        "rating": 2,
        "status": "validated"
    },
    {
        "id": "d270302e-21dc-4f57-9c9c-1da250eeda68",
        "station_id": "b26390ea-dabd-4b03-b135-9a8e9d252fbf",
        "component_id": "88afd3d1-6da3-496a-ac81-669a47256d34",
        "value": 17.6,
        "timestamp_measured": "2019-04-20T20:00:00+00:00",
        "import_log_id": "9a226d53-a39c-4a05-aca4-bd4903a4aaf1",
        "rating": 2,
        "status": "validated"
    },
    {
        "id": "b8420ce2-f2d7-413d-98bb-a74d9718caab",
        "station_id": "b26390ea-dabd-4b03-b135-9a8e9d252fbf",
        "component_id": "88afd3d1-6da3-496a-ac81-669a47256d34",
        "value": 17.4,
        "timestamp_measured": "2019-04-20T21:00:00+00:00",
        "import_log_id": "9a226d53-a39c-4a05-aca4-bd4903a4aaf1",
        "rating": 2,
        "status": "validated"
    },
    {
        "id": "7f360a34-400f-4b3b-9704-4a74bbc2d100",
        "station_id": "b26390ea-dabd-4b03-b135-9a8e9d252fbf",
        "component_id": "88afd3d1-6da3-496a-ac81-669a47256d34",
        "value": 17.0,
        "timestamp_measured": "2019-04-20T22:00:00+00:00",
        "import_log_id": "9a226d53-a39c-4a05-aca4-bd4903a4aaf1",
        "rating": 2,
        "status": "validated"
    },
    {
        "id": "fcde4a52-9b48-4986-a2bd-1f34417e1ed7",
        "station_id": "b26390ea-dabd-4b03-b135-9a8e9d252fbf",
        "component_id": "88afd3d1-6da3-496a-ac81-669a47256d34",
        "value": 13.9,
        "timestamp_measured": "2019-04-20T23:00:00+00:00",
        "import_log_id": "9a226d53-a39c-4a05-aca4-bd4903a4aaf1",
        "rating": 2,
        "status": "validated"
    },
    {
        "id": "45d8a4c2-8128-42fd-8e87-8f7a84983150",
        "station_id": "b26390ea-dabd-4b03-b135-9a8e9d252fbf",
        "component_id": "88afd3d1-6da3-496a-ac81-669a47256d34",
        "value": 14.3,
        "timestamp_measured": "2019-04-21T00:00:00+00:00",
        "import_log_id": "9a226d53-a39c-4a05-aca4-bd4903a4aaf1",
        "rating": 2,
        "status": "validated"
    },
    {
        "id": "fc6a4f16-b670-4ecf-b05b-b4c430bd348b",
        "station_id": "b26390ea-dabd-4b03-b135-9a8e9d252fbf",
        "component_id": "88afd3d1-6da3-496a-ac81-669a47256d34",
        "value": 12.6,
        "timestamp_measured": "2019-04-21T01:00:00+00:00",
        "import_log_id": "9a226d53-a39c-4a05-aca4-bd4903a4aaf1",
        "rating": 2,
        "status": "validated"
    },
    {
        "id": "93e5e4f3-d8b0-486a-8a26-3dce7d3bbab1",
        "station_id": "b26390ea-dabd-4b03-b135-9a8e9d252fbf",
        "component_id": "88afd3d1-6da3-496a-ac81-669a47256d34",
        "value": 12.8,
        "timestamp_measured": "2019-04-21T02:00:00+00:00",
        "import_log_id": "9a226d53-a39c-4a05-aca4-bd4903a4aaf1",
        "rating": 2,
        "status": "validated"
    },
    {
        "id": "5ab262d3-374d-4a86-b8e1-0034fe83de15",
        "station_id": "b26390ea-dabd-4b03-b135-9a8e9d252fbf",
        "component_id": "88afd3d1-6da3-496a-ac81-669a47256d34",
        "value": 14.3,
        "timestamp_measured": "2019-04-21T03:00:00+00:00",
        "import_log_id": "9a226d53-a39c-4a05-aca4-bd4903a4aaf1",
        "rating": 2,
        "status": "validated"
    },
    {
        "id": "efeb6fbd-6178-4488-8605-f2fea76828fb",
        "station_id": "b26390ea-dabd-4b03-b135-9a8e9d252fbf",
        "component_id": "88afd3d1-6da3-496a-ac81-669a47256d34",
        "value": 17.0,
        "timestamp_measured": "2019-04-21T04:00:00+00:00",
        "import_log_id": "9a226d53-a39c-4a05-aca4-bd4903a4aaf1",
        "rating": 2,
        "status": "validated"
    },
    {
        "id": "86549099-b72a-4a14-8b8b-8e46f53b223d",
        "station_id": "b26390ea-dabd-4b03-b135-9a8e9d252fbf",
        "component_id": "88afd3d1-6da3-496a-ac81-669a47256d34",
        "value": 21.0,
        "timestamp_measured": "2019-04-21T05:00:00+00:00",
        "import_log_id": "9a226d53-a39c-4a05-aca4-bd4903a4aaf1",
        "rating": 3,
        "status": "validated"
    },
    {
        "id": "024ce836-da45-484a-8d9d-c93af4ef0a09",
        "station_id": "b26390ea-dabd-4b03-b135-9a8e9d252fbf",
        "component_id": "88afd3d1-6da3-496a-ac81-669a47256d34",
        "value": 25.6,
        "timestamp_measured": "2019-04-21T06:00:00+00:00",
        "import_log_id": "9a226d53-a39c-4a05-aca4-bd4903a4aaf1",
        "rating": 3,
        "status": "validated"
    },
    {
        "id": "f228bfec-38b9-42bf-bf33-bc6b956eadf6",
        "station_id": "b26390ea-dabd-4b03-b135-9a8e9d252fbf",
        "component_id": "88afd3d1-6da3-496a-ac81-669a47256d34",
        "value": 20.4,
        "timestamp_measured": "2019-04-21T07:00:00+00:00",
        "import_log_id": "9a226d53-a39c-4a05-aca4-bd4903a4aaf1",
        "rating": 3,
        "status": "validated"
    },
    {
        "id": "1f0e4c2f-da86-42aa-bb94-984bcae626be",
        "station_id": "b26390ea-dabd-4b03-b135-9a8e9d252fbf",
        "component_id": "88afd3d1-6da3-496a-ac81-669a47256d34",
        "value": 18.3,
        "timestamp_measured": "2019-04-21T08:00:00+00:00",
        "import_log_id": "9a226d53-a39c-4a05-aca4-bd4903a4aaf1",
        "rating": 2,
        "status": "validated"
    },
    {
        "id": "29d3b361-cef2-4be4-b120-ff33f89d380e",
        "station_id": "b26390ea-dabd-4b03-b135-9a8e9d252fbf",
        "component_id": "88afd3d1-6da3-496a-ac81-669a47256d34",
        "value": 17.0,
        "timestamp_measured": "2019-04-21T09:00:00+00:00",
        "import_log_id": "9a226d53-a39c-4a05-aca4-bd4903a4aaf1",
        "rating": 2,
        "status": "validated"
    },
    {
        "id": "7c10be89-9efc-4f3a-b99f-a962754f3407",
        "station_id": "b26390ea-dabd-4b03-b135-9a8e9d252fbf",
        "component_id": "88afd3d1-6da3-496a-ac81-669a47256d34",
        "value": 14.5,
        "timestamp_measured": "2019-04-21T10:00:00+00:00",
        "import_log_id": "9a226d53-a39c-4a05-aca4-bd4903a4aaf1",
        "rating": 2,
        "status": "validated"
    },
    {
        "id": "936aac4d-a821-4784-b0b3-ff4dd42de92e",
        "station_id": "b26390ea-dabd-4b03-b135-9a8e9d252fbf",
        "component_id": "88afd3d1-6da3-496a-ac81-669a47256d34",
        "value": 13.2,
        "timestamp_measured": "2019-04-21T11:00:00+00:00",
        "import_log_id": "9a226d53-a39c-4a05-aca4-bd4903a4aaf1",
        "rating": 2,
        "status": "validated"
    },
    {
        "id": "85044a17-ab71-4057-97d4-fe56c60c3a28",
        "station_id": "b26390ea-dabd-4b03-b135-9a8e9d252fbf",
        "component_id": "88afd3d1-6da3-496a-ac81-669a47256d34",
        "value": 11.5,
        "timestamp_measured": "2019-04-21T12:00:00+00:00",
        "import_log_id": "9a226d53-a39c-4a05-aca4-bd4903a4aaf1",
        "rating": 2,
        "status": "validated"
    },
    {
        "id": "ff21f73d-f98d-411c-92ea-9a37f20227ea",
        "station_id": "b26390ea-dabd-4b03-b135-9a8e9d252fbf",
        "component_id": "88afd3d1-6da3-496a-ac81-669a47256d34",
        "value": 9.0,
        "timestamp_measured": "2019-04-21T13:00:00+00:00",
        "import_log_id": "9a226d53-a39c-4a05-aca4-bd4903a4aaf1",
        "rating": 1,
        "status": "validated"
    },
    {
        "id": "c3cb827b-5db1-46e4-a8c4-7815b0d878e6",
        "station_id": "b26390ea-dabd-4b03-b135-9a8e9d252fbf",
        "component_id": "88afd3d1-6da3-496a-ac81-669a47256d34",
        "value": 8.0,
        "timestamp_measured": "2019-04-21T14:00:00+00:00",
        "import_log_id": "9a226d53-a39c-4a05-aca4-bd4903a4aaf1",
        "rating": 1,
        "status": "validated"
    },
    {
        "id": "c9d6e964-c26a-4ff5-ae3c-33409346cb5a",
        "station_id": "b26390ea-dabd-4b03-b135-9a8e9d252fbf",
        "component_id": "88afd3d1-6da3-496a-ac81-669a47256d34",
        "value": 8.4,
        "timestamp_measured": "2019-04-21T15:00:00+00:00",
        "import_log_id": "9a226d53-a39c-4a05-aca4-bd4903a4aaf1",
        "rating": 1,
        "status": "validated"
    },
    {
        "id": "989fff74-b07e-4b36-b2f1-6b93a9eaeabc",
        "station_id": "b26390ea-dabd-4b03-b135-9a8e9d252fbf",
        "component_id": "88afd3d1-6da3-496a-ac81-669a47256d34",
        "value": 8.6,
        "timestamp_measured": "2019-04-21T16:00:00+00:00",
        "import_log_id": "9a226d53-a39c-4a05-aca4-bd4903a4aaf1",
        "rating": 1,
        "status": "validated"
    },
    {
        "id": "76481e51-6e5e-464d-935a-949258dbb51c",
        "station_id": "b26390ea-dabd-4b03-b135-9a8e9d252fbf",
        "component_id": "88afd3d1-6da3-496a-ac81-669a47256d34",
        "value": 9.4,
        "timestamp_measured": "2019-04-21T17:00:00+00:00",
        "import_log_id": "9a226d53-a39c-4a05-aca4-bd4903a4aaf1",
        "rating": 1,
        "status": "validated"
    },
    {
        "id": "3d0f52b7-664b-4c26-a6a1-046841aebb35",
        "station_id": "b26390ea-dabd-4b03-b135-9a8e9d252fbf",
        "component_id": "88afd3d1-6da3-496a-ac81-669a47256d34",
        "value": 13.8,
        "timestamp_measured": "2019-04-21T18:00:00+00:00",
        "import_log_id": "9a226d53-a39c-4a05-aca4-bd4903a4aaf1",
        "rating": 2,
        "status": "validated"
    },
    {
        "id": "3d1ffd78-739f-491b-b8b8-0485b8fa336c",
        "station_id": "b26390ea-dabd-4b03-b135-9a8e9d252fbf",
        "component_id": "88afd3d1-6da3-496a-ac81-669a47256d34",
        "value": 18.5,
        "timestamp_measured": "2019-04-21T19:00:00+00:00",
        "import_log_id": "9a226d53-a39c-4a05-aca4-bd4903a4aaf1",
        "rating": 2,
        "status": "validated"
    },
    {
        "id": "0a29257f-7cc6-440e-8bac-a4eb608dd97b",
        "station_id": "b26390ea-dabd-4b03-b135-9a8e9d252fbf",
        "component_id": "88afd3d1-6da3-496a-ac81-669a47256d34",
        "value": 22.3,
        "timestamp_measured": "2019-04-21T20:00:00+00:00",
        "import_log_id": "9a226d53-a39c-4a05-aca4-bd4903a4aaf1",
        "rating": 3,
        "status": "validated"
    },
    {
        "id": "b228b457-c0de-479f-a8d6-299d0f95573a",
        "station_id": "b26390ea-dabd-4b03-b135-9a8e9d252fbf",
        "component_id": "88afd3d1-6da3-496a-ac81-669a47256d34",
        "value": 25.6,
        "timestamp_measured": "2019-04-21T21:00:00+00:00",
        "import_log_id": "9a226d53-a39c-4a05-aca4-bd4903a4aaf1",
        "rating": 3,
        "status": "validated"
    },
    {
        "id": "9dde0c46-b6c9-4d1b-be9f-eb9bdb0cf10d",
        "station_id": "b26390ea-dabd-4b03-b135-9a8e9d252fbf",
        "component_id": "88afd3d1-6da3-496a-ac81-669a47256d34",
        "value": -999.0,
        "timestamp_measured": "2019-04-21T22:00:00+00:00",
        "import_log_id": "9a226d53-a39c-4a05-aca4-bd4903a4aaf1",
        "rating": -999,
        "status": "unvalidated"
    }
]