[
    {
        "id": "7cd07121-91cb-431f-8799-f552a51ebc31",
        "station_id": "0d937a49-16e3-44e5-8855-3521c2f9227c",
        "component_id": "32d85dc5-83c3-4d3a-9d76-ccbfbf6f5b61",
        "value": 0.31,
        "timestamp_measured": "2019-04-21T22:00:00+00:00",
        "import_log_id": "a4d3ba56-d76f-447d-ad8d-f192789cfdef",
        "rating": 1,
        "status": "validated"
    },
    {
        "id": "2d32c51c-77a8-46b2-85d3-8435eaf38e5b",
        "station_id": "0d937a49-16e3-44e5-8855-3521c2f9227c",
        "component_id": "32d85dc5-83c3-4d3a-9d76-ccbfbf6f5b61",
        "value": 0.49,
        "timestamp_measured": "2019-04-21T23:00:00+00:00",
        "import_log_id": "a4d3ba56-d76f-447d-ad8d-f192789cfdef",
        "rating": 1,
        "status": "validated"
    },
    {
        "id": "2923e53b-074d-499b-933b-228a7a5bb42a",
        "station_id": "0d937a49-16e3-44e5-8855-3521c2f9227c",
        "component_id": "32d85dc5-83c3-4d3a-9d76-ccbfbf6f5b61",
        "value": 0.99,
        "timestamp_measured": "2019-04-22T00:00:00+00:00",
        "import_log_id": "a4d3ba56-d76f-447d-ad8d-f192789cfdef",
        "rating": 1,
        "status": "validated"
    },
    {
        "id": "8b5ca982-85ac-4dbb-844f-2e568b6b6f6b",
        "station_id": "0d937a49-16e3-44e5-8855-3521c2f9227c",
        "component_id": "32d85dc5-83c3-4d3a-9d76-ccbfbf6f5b61",
        "value": 0.77,
        "timestamp_measured": "2019-04-22T01:00:00+00:00",
        "import_log_id": "a4d3ba56-d76f-447d-ad8d-f192789cfdef",
        "rating": 1,
        "status": "validated"
    },
    {
        "id": "4c75194b-46fc-4d62-b72b-90ea707c7d48",
        "station_id": "0d937a49-16e3-44e5-8855-3521c2f9227c",
        "component_id": "32d85dc5-83c3-4d3a-9d76-ccbfbf6f5b61",
        "value": 0.81,
        "timestamp_measured": "2019-04-22T02:00:00+00:00",
        "import_log_id": "a4d3ba56-d76f-447d-ad8d-f192789cfdef",
        "rating": 1,
        "status": "validated"
    },
    {
        "id": "9fe01129-f905-4475-8ca9-52f88e0e19e3",
        "station_id": "0d937a49-16e3-44e5-8855-3521c2f9227c",
        "component_id": "32d85dc5-83c3-4d3a-9d76-ccbfbf6f5b61",
        "value": 0.9,
        "timestamp_measured": "2019-04-22T03:00:00+00:00",
        "import_log_id": "a4d3ba56-d76f-447d-ad8d-f192789cfdef",
        "rating": 1,
        "status": "validated"
    },
    {
        "id": "6bff9ad4-85ba-4cce-ae00-d35ddc8b1fc7",
        "station_id": "0d937a49-16e3-44e5-8855-3521c2f9227c",
        "component_id": "32d85dc5-83c3-4d3a-9d76-ccbfbf6f5b61",
        "value": 0.91,
        "timestamp_measured": "2019-04-22T04:00:00+00:00",
        "import_log_id": "a4d3ba56-d76f-447d-ad8d-f192789cfdef",
        "rating": 1,
        "status": "validated"
    },
    {
        "id": "1f88e62d-376f-49a4-ba0c-267b5f9e7380",
        "station_id": "0d937a49-16e3-44e5-8855-3521c2f9227c",
        "component_id": "32d85dc5-83c3-4d3a-9d76-ccbfbf6f5b61",
        "value": 1.11,
        "timestamp_measured": "2019-04-22T05:00:00+00:00",
        "import_log_id": "a4d3ba56-d76f-447d-ad8d-f192789cfdef",
        "rating": 1,
        "status": "validated"
    },
    {
        "id": "379faff0-4a2e-4db7-a5a3-fde65163b289",
        "station_id": "0d937a49-16e3-44e5-8855-3521c2f9227c",
        "component_id": "32d85dc5-83c3-4d3a-9d76-ccbfbf6f5b61",
        "value": 1.32,
        "timestamp_measured": "2019-04-22T06:00:00+00:00",
        "import_log_id": "a4d3ba56-d76f-447d-ad8d-f192789cfdef",
        "rating": 1,
        "status": "validated"
    },
    {
        "id": "c3da9938-6018-428d-96bf-b1cba904b17b",
        "station_id": "0d937a49-16e3-44e5-8855-3521c2f9227c",
        "component_id": "32d85dc5-83c3-4d3a-9d76-ccbfbf6f5b61",
        "value": 2.0,
        "timestamp_measured": "2019-04-22T07:00:00+00:00",
        "import_log_id": "a4d3ba56-d76f-447d-ad8d-f192789cfdef",
        "rating": 1,
        "status": "validated"
    },
    {
        "id": "6dba8d5d-f5df-41d7-82de-224f87e296cf",
        "station_id": "0d937a49-16e3-44e5-8855-3521c2f9227c",
        "component_id": "32d85dc5-83c3-4d3a-9d76-ccbfbf6f5b61",
        "value": 2.32,
        "timestamp_measured": "2019-04-22T08:00:00+00:00",
        "import_log_id": "a4d3ba56-d76f-447d-ad8d-f192789cfdef",
        "rating": 1,
        "status": "validated"
    },
    {
        "id": "4ec68188-2daf-4d5d-ba25-881e12993ea2",
        "station_id": "0d937a49-16e3-44e5-8855-3521c2f9227c",
        "component_id": "32d85dc5-83c3-4d3a-9d76-ccbfbf6f5b61",
        "value": 2.42,
        "timestamp_measured": "2019-04-22T09:00:00+00:00",
        "import_log_id": "a4d3ba56-d76f-447d-ad8d-f192789cfdef",
        "rating": 1,
        "status": "validated"
    },
    {
        "id": "3d1da05f-b256-4ae4-ab64-47592f855d81",
        "station_id": "0d937a49-16e3-44e5-8855-3521c2f9227c",
        "component_id": "32d85dc5-83c3-4d3a-9d76-ccbfbf6f5b61",
        "value": 2.08,
        "timestamp_measured": "2019-04-22T10:00:00+00:00",
        "import_log_id": "a4d3ba56-d76f-447d-ad8d-f192789cfdef",
        "rating": 1,
        "status": "validated"
    },
    {
        "id": "4832acee-1726-4901-8870-459da1bcf7d2",
        "station_id": "0d937a49-16e3-44e5-8855-3521c2f9227c",
        "component_id": "32d85dc5-83c3-4d3a-9d76-ccbfbf6f5b61",
        "value": 1.62,
        "timestamp_measured": "2019-04-22T11:00:00+00:00",
        "import_log_id": "a4d3ba56-d76f-447d-ad8d-f192789cfdef",
        "rating": 1,
        "status": "validated"
    },
    {
        "id": "8d7b3163-7022-4350-8741-bb6cb06ced66",
        "station_id": "0d937a49-16e3-44e5-8855-3521c2f9227c",
        "component_id": "32d85dc5-83c3-4d3a-9d76-ccbfbf6f5b61",
        "value": 1.9,
        "timestamp_measured": "2019-04-22T12:00:00+00:00",
        "import_log_id": "a4d3ba56-d76f-447d-ad8d-f192789cfdef",
        "rating": 1,
        "status": "validated"
    },
    {
        "id": "287eb9ca-2332-41ac-9498-995c3f12c955",
        "station_id": "0d937a49-16e3-44e5-8855-3521c2f9227c",
        "component_id": "32d85dc5-83c3-4d3a-9d76-ccbfbf6f5b61",
        "value": 2.19,
        "timestamp_measured": "2019-04-22T13:00:00+00:00",
        "import_log_id": "a4d3ba56-d76f-447d-ad8d-f192789cfdef",
        "rating": 1,
        "status": "validated"
    },
    {
        "id": "941029ac-d414-40ac-94bc-fb76aeda36b7",
        "station_id": "0d937a49-16e3-44e5-8855-3521c2f9227c",
        "component_id": "32d85dc5-83c3-4d3a-9d76-ccbfbf6f5b61",
        "value": 1.77,
        "timestamp_measured": "2019-04-22T14:00:00+00:00",
        "import_log_id": "a4d3ba56-d76f-447d-ad8d-f192789cfdef",
        "rating": 1,
        "status": "validated"
    },
    {
        "id": "701eca9b-45fd-4f0e-9feb-52131e3b352a",
        "station_id": "0d937a49-16e3-44e5-8855-3521c2f9227c",
        "component_id": "32d85dc5-83c3-4d3a-9d76-ccbfbf6f5b61",
        "value": 1.41,
        "timestamp_measured": "2019-04-22T15:00:00+00:00",
        "import_log_id": "a4d3ba56-d76f-447d-ad8d-f192789cfdef",
        "rating": 1,
        "status": "validated"
    },
    {
        "id": "919e7157-6f65-4be8-b642-aaed3b0890ce",
        "station_id": "0d937a49-16e3-44e5-8855-3521c2f9227c",
        "component_id": "32d85dc5-83c3-4d3a-9d76-ccbfbf6f5b61",
        "value": 1.11,
        "timestamp_measured": "2019-04-22T16:00:00+00:00",
        "import_log_id": "a4d3ba56-d76f-447d-ad8d-f192789cfdef",
        "rating": 1,
        "status": "validated"
    },
    {
        "id": "fb8952ca-294b-427f-843b-c88d0c1b7f28",
        "station_id": "0d937a49-16e3-44e5-8855-3521c2f9227c",
        "component_id": "32d85dc5-83c3-4d3a-9d76-ccbfbf6f5b61",
        "value": 0.74,
        "timestamp_measured": "2019-04-22T17:00:00+00:00",
        "import_log_id": "a4d3ba56-d76f-447d-ad8d-f192789cfdef",
        "rating": 1,
        "status": "validated"
    },
    {
        "id": "7025de3d-ef3a-41da-975b-cda2e7c2045a",
        "station_id": "0d937a49-16e3-44e5-8855-3521c2f9227c",
        "component_id": "32d85dc5-83c3-4d3a-9d76-ccbfbf6f5b61",
        "value": 0.76,
        "timestamp_measured": "2019-04-22T18:00:00+00:00",
        "import_log_id": "a4d3ba56-d76f-447d-ad8d-f192789cfdef",
        "rating": 1,
        "status": "validated"
    },
    {
        "id": "8c10d527-0279-4428-a1b2-2abec45e0402",
        "station_id": "0d937a49-16e3-44e5-8855-3521c2f9227c",
        "component_id": "32d85dc5-83c3-4d3a-9d76-ccbfbf6f5b61",
        "value": 0.27,
        "timestamp_measured": "2019-04-22T19:00:00+00:00",
        "import_log_id": "a4d3ba56-d76f-447d-ad8d-f192789cfdef",
        "rating": 1,
        "status": "validated"
    },
    {
        "id": "c92617ce-e00e-432b-a887-f3e555ec0700",
        "station_id": "0d937a49-16e3-44e5-8855-3521c2f9227c",
        "component_id": "32d85dc5-83c3-4d3a-9d76-ccbfbf6f5b61",
        "value": 0.38,
        "timestamp_measured": "2019-04-22T20:00:00+00:00",
        "import_log_id": "a4d3ba56-d76f-447d-ad8d-f192789cfdef",
        "rating": 1,
        "status": "validated"
    },
    {
        "id": "f6828d54-5878-46de-b626-8e8216329cdf",
        "station_id": "0d937a49-16e3-44e5-8855-3521c2f9227c",
        "component_id": "32d85dc5-83c3-4d3a-9d76-ccbfbf6f5b61",
        "value": 0.6,
        "timestamp_measured": "2019-04-22T21:00:00+00:00",
        "import_log_id": "a4d3ba56-d76f-447d-ad8d-f192789cfdef",
        "rating": 1,
        "status": "validated"
    },
    {
        "id": "4ec708bd-7a1c-447b-9f81-604e7fd6c135",
        "station_id": "0d937a49-16e3-44e5-8855-3521c2f9227c",
        "component_id": "32d85dc5-83c3-4d3a-9d76-ccbfbf6f5b61",
        "value": 0.33,
        "timestamp_measured": "2019-04-22T22:00:00+00:00",
        "import_log_id": "a4d3ba56-d76f-447d-ad8d-f192789cfdef",
        "rating": 1,
        "status": "validated"
    },
    {
        "id": "2ac378f6-3ec7-4ded-ab8a-4f4d871fe189",
        "station_id": "0d937a49-16e3-44e5-8855-3521c2f9227c",
        "component_id": "32d85dc5-83c3-4d3a-9d76-ccbfbf6f5b61",
        "value": 0.39,
        "timestamp_measured": "2019-04-22T23:00:00+00:00",
        "import_log_id": "a4d3ba56-d76f-447d-ad8d-f192789cfdef",
        "rating": 1,
        "status": "validated"
    },
    {
        "id": "b8cba72f-9ef1-4bd7-aaa8-98313b8409f2",
        "station_id": "0d937a49-16e3-44e5-8855-3521c2f9227c",
        "component_id": "32d85dc5-83c3-4d3a-9d76-ccbfbf6f5b61",
        "value": 0.53,
        "timestamp_measured": "2019-04-23T00:00:00+00:00",
        "import_log_id": "a4d3ba56-d76f-447d-ad8d-f192789cfdef",
        "rating": 1,
        "status": "validated"
    },
    {
        "id": "a10074d7-91b9-4efb-9f0f-e797fa9d2636",
        "station_id": "0d937a49-16e3-44e5-8855-3521c2f9227c",
        "component_id": "32d85dc5-83c3-4d3a-9d76-ccbfbf6f5b61",
        "value": 0.19,
        "timestamp_measured": "2019-04-23T01:00:00+00:00",
        "import_log_id": "a4d3ba56-d76f-447d-ad8d-f192789cfdef",
        "rating": 1,
        "status": "validated"
    },
    {
        "id": "543cae4e-13ee-421b-b0c7-0bb91e0f76c0",
        "station_id": "0d937a49-16e3-44e5-8855-3521c2f9227c",
        "component_id": "32d85dc5-83c3-4d3a-9d76-ccbfbf6f5b61",
        "value": 0.03,
        "timestamp_measured": "2019-04-23T02:00:00+00:00",
        "import_log_id": "a4d3ba56-d76f-447d-ad8d-f192789cfdef",
        "rating": 1,
        "status": "validated"
    },
    {
        "id": "f029943e-2223-4175-9dfa-07892a6534c2",
        "station_id": "0d937a49-16e3-44e5-8855-3521c2f9227c",
        "component_id": "32d85dc5-83c3-4d3a-9d76-ccbfbf6f5b61",
        "value": 0.13,
        "timestamp_measured": "2019-04-23T03:00:00+00:00",
        "import_log_id": "a4d3ba56-d76f-447d-ad8d-f192789cfdef",
        "rating": 1,
        "status": "validated"
    },
    {
        "id": "3a85fd3c-6ff8-4ca4-b12d-a3c86de26f10",
        "station_id": "0d937a49-16e3-44e5-8855-3521c2f9227c",
        "component_id": "32d85dc5-83c3-4d3a-9d76-ccbfbf6f5b61",
        "value": 0.12,
        "timestamp_measured": "2019-04-23T04:00:00+00:00",
        "import_log_id": "a4d3ba56-d76f-447d-ad8d-f192789cfdef",
        "rating": 1,
        "status": "validated"
    },
    {
        "id": "8814b1c8-3893-47aa-801e-e7bd959d6bd9",
        "station_id": "0d937a49-16e3-44e5-8855-3521c2f9227c",
        "component_id": "32d85dc5-83c3-4d3a-9d76-ccbfbf6f5b61",
        "value": 1.27,
        "timestamp_measured": "2019-04-23T05:00:00+00:00",
        "import_log_id": "a4d3ba56-d76f-447d-ad8d-f192789cfdef",
        "rating": 1,
        "status": "validated"
    },
    {
        "id": "30d96740-e3b0-4125-a9e0-3308973c0b94",
        "station_id": "0d937a49-16e3-44e5-8855-3521c2f9227c",
        "component_id": "32d85dc5-83c3-4d3a-9d76-ccbfbf6f5b61",
        "value": 2.15,
        "timestamp_measured": "2019-04-23T06:00:00+00:00",
        "import_log_id": "a4d3ba56-d76f-447d-ad8d-f192789cfdef",
        "rating": 1,
        "status": "validated"
    },
    {
        "id": "9fbc34fc-e582-4d5b-8ab8-1ed84f9881a3",
        "station_id": "0d937a49-16e3-44e5-8855-3521c2f9227c",
        "component_id": "32d85dc5-83c3-4d3a-9d76-ccbfbf6f5b61",
        "value": 4.91,
        "timestamp_measured": "2019-04-23T07:00:00+00:00",
        "import_log_id": "a4d3ba56-d76f-447d-ad8d-f192789cfdef",
        "rating": 1,
        "status": "validated"
    },
    {
        "id": "99edd143-38a0-469e-a48b-ba57b9f99f85",
        "station_id": "0d937a49-16e3-44e5-8855-3521c2f9227c",
        "component_id": "32d85dc5-83c3-4d3a-9d76-ccbfbf6f5b61",
        "value": 3.23,
        "timestamp_measured": "2019-04-23T08:00:00+00:00",
        "import_log_id": "a4d3ba56-d76f-447d-ad8d-f192789cfdef",
        "rating": 1,
        "status": "validated"
    },
    {
        "id": "d91066d4-f6c5-419c-959e-d48d044b029e",
        "station_id": "0d937a49-16e3-44e5-8855-3521c2f9227c",
        "component_id": "32d85dc5-83c3-4d3a-9d76-ccbfbf6f5b61",
        "value": 2.27,
        "timestamp_measured": "2019-04-23T09:00:00+00:00",
        "import_log_id": "a4d3ba56-d76f-447d-ad8d-f192789cfdef",
        "rating": 1,
        "status": "validated"
    },
    {
        "id": "f2d71f2e-5dc8-4ea1-89dd-d907960b2153",
        "station_id": "0d937a49-16e3-44e5-8855-3521c2f9227c",
        "component_id": "32d85dc5-83c3-4d3a-9d76-ccbfbf6f5b61",
        "value": 1.61,
        "timestamp_measured": "2019-04-23T10:00:00+00:00",
        "import_log_id": "a4d3ba56-d76f-447d-ad8d-f192789cfdef",
        "rating": 1,
        "status": "validated"
    },
    {
        "id": "67a87c5b-6080-4786-b53b-74adb663c601",
        "station_id": "0d937a49-16e3-44e5-8855-3521c2f9227c",
        "component_id": "32d85dc5-83c3-4d3a-9d76-ccbfbf6f5b61",
        "value": 3.43,
        "timestamp_measured": "2019-04-23T11:00:00+00:00",
        "import_log_id": "a4d3ba56-d76f-447d-ad8d-f192789cfdef",
        "rating": 1,
        "status": "validated"
    },
    {
        "id": "5c3cda49-4bcb-4083-9368-2386c79a0635",
        "station_id": "0d937a49-16e3-44e5-8855-3521c2f9227c",
        "component_id": "32d85dc5-83c3-4d3a-9d76-ccbfbf6f5b61",
        "value": 1.3,
        "timestamp_measured": "2019-04-23T12:00:00+00:00",
        "import_log_id": "a4d3ba56-d76f-447d-ad8d-f192789cfdef",
        "rating": 1,
        "status": "validated"
    },
    {
        "id": "2cba9425-e81f-4945-9c14-3afa7fd94389",
        "station_id": "0d937a49-16e3-44e5-8855-3521c2f9227c",
        "component_id": "32d85dc5-83c3-4d3a-9d76-ccbfbf6f5b61",
        "value": 2.88,
        "timestamp_measured": "2019-04-23T13:00:00+00:00",
        "import_log_id": "a4d3ba56-d76f-447d-ad8d-f192789cfdef",
        "rating": 1,
        "status": "validated"
    },
    {
        "id": "bcc96589-3ae3-46d9-a09b-e9bab408c7b2",
        "station_id": "0d937a49-16e3-44e5-8855-3521c2f9227c",
        "component_id": "32d85dc5-83c3-4d3a-9d76-ccbfbf6f5b61",
        "value": 2.54,
        "timestamp_measured": "2019-04-23T14:00:00+00:00",
        "import_log_id": "a4d3ba56-d76f-447d-ad8d-f192789cfdef",
        "rating": 1,
        "status": "validated"
    },
    {
        "id": "1c4ac787-9757-4171-89fc-f64aea0b5278",
        "station_id": "0d937a49-16e3-44e5-8855-3521c2f9227c",
        "component_id": "32d85dc5-83c3-4d3a-9d76-ccbfbf6f5b61",
        "value": 2.6,
        "timestamp_measured": "2019-04-23T15:00:00+00:00",
        "import_log_id": "a4d3ba56-d76f-447d-ad8d-f192789cfdef",
        "rating": 1,
        "status": "validated"
    },
    {
        "id": "6362ee98-5a5a-4ba2-a3ba-e8ca3026efb5",
        "station_id": "0d937a49-16e3-44e5-8855-3521c2f9227c",
        "component_id": "32d85dc5-83c3-4d3a-9d76-ccbfbf6f5b61",
        "value": 3.96,
        "timestamp_measured": "2019-04-23T16:00:00+00:00",
        "import_log_id": "a4d3ba56-d76f-447d-ad8d-f192789cfdef",
        "rating": 1,
        "status": "validated"
    },
    {
        "id": "b7d64a72-139d-496d-a774-b2836da2e5c9",
        "station_id": "0d937a49-16e3-44e5-8855-3521c2f9227c",
        "component_id": "32d85dc5-83c3-4d3a-9d76-ccbfbf6f5b61",
        "value": 3.5,
        "timestamp_measured": "2019-04-23T17:00:00+00:00",
        "import_log_id": "a4d3ba56-d76f-447d-ad8d-f192789cfdef",
        "rating": 1,
        "status": "validated"
    },
    {
        "id": "3e8709cc-71dc-4ad1-8712-8969a2539c17",
        "station_id": "0d937a49-16e3-44e5-8855-3521c2f9227c",
        "component_id": "32d85dc5-83c3-4d3a-9d76-ccbfbf6f5b61",
        "value": 1.58,
        "timestamp_measured": "2019-04-23T18:00:00+00:00",
        "import_log_id": "a4d3ba56-d76f-447d-ad8d-f192789cfdef",
        "rating": 1,
        "status": "validated"
    },
    {
        "id": "c92cd235-e70c-4638-ac95-cc40b99d2839",
        "station_id": "0d937a49-16e3-44e5-8855-3521c2f9227c",
        "component_id": "32d85dc5-83c3-4d3a-9d76-ccbfbf6f5b61",
        "value": 0.62,
        "timestamp_measured": "2019-04-23T19:00:00+00:00",
        "import_log_id": "a4d3ba56-d76f-447d-ad8d-f192789cfdef",
        "rating": 1,
        "status": "validated"
    },
    {
        "id": "b74296f3-75fe-4dda-b7a1-dfa0fb83cfe5",
        "station_id": "0d937a49-16e3-44e5-8855-3521c2f9227c",
        "component_id": "32d85dc5-83c3-4d3a-9d76-ccbfbf6f5b61",
        "value": 0.54,
        "timestamp_measured": "2019-04-23T20:00:00+00:00",
        "import_log_id": "a4d3ba56-d76f-447d-ad8d-f192789cfdef",
        "rating": 1,
        "status": "validated"
    },
    {
        "id": "3064dcf3-3290-4749-9c09-460cdf2032a0",
        "station_id": "0d937a49-16e3-44e5-8855-3521c2f9227c",
        "component_id": "32d85dc5-83c3-4d3a-9d76-ccbfbf6f5b61",
        "value": 0.35,
        "timestamp_measured": "2019-04-23T21:00:00+00:00",
        "import_log_id": "a4d3ba56-d76f-447d-ad8d-f192789cfdef",
        "rating": 1,
        "status": "validated"
    },
    {
        "id": "fc9121ef-da6a-4116-9a97-f59e37884552",
        "station_id": "0d937a49-16e3-44e5-8855-3521c2f9227c",
        "component_id": "32d85dc5-83c3-4d3a-9d76-ccbfbf6f5b61",
        "value": 0.48,
        "timestamp_measured": "2019-04-23T22:00:00+00:00",
        "import_log_id": "a4d3ba56-d76f-447d-ad8d-f192789cfdef",
        "rating": 1,
        "status": "validated"
    },
    {
        "id": "85b4a2de-2ca9-4633-a213-8a1d0e5b14d3",
        "station_id": "0d937a49-16e3-44e5-8855-3521c2f9227c",
        "component_id": "32d85dc5-83c3-4d3a-9d76-ccbfbf6f5b61",
        "value": 0.72,
        "timestamp_measured": "2019-04-23T23:00:00+00:00",
        "import_log_id": "a4d3ba56-d76f-447d-ad8d-f192789cfdef",
        "rating": 1,
        "status": "validated"
    },
    {
        "id": "a1e551ed-de86-4b05-9914-e22f2666b22d",
        "station_id": "0d937a49-16e3-44e5-8855-3521c2f9227c",
        "component_id": "32d85dc5-83c3-4d3a-9d76-ccbfbf6f5b61",
        "value": 0.68,
        "timestamp_measured": "2019-04-24T00:00:00+00:00",
        "import_log_id": "a4d3ba56-d76f-447d-ad8d-f192789cfdef",
        "rating": 1,
        "status": "validated"
    },
    {
        "id": "073fe9c5-9310-4e49-8b8b-80629bc59f42",
        "station_id": "0d937a49-16e3-44e5-8855-3521c2f9227c",
        "component_id": "32d85dc5-83c3-4d3a-9d76-ccbfbf6f5b61",
        "value": 0.67,
        "timestamp_measured": "2019-04-24T01:00:00+00:00",
        "import_log_id": "a4d3ba56-d76f-447d-ad8d-f192789cfdef",
        "rating": 1,
        "status": "validated"
    },
    {
        "id": "927f08b0-3cfe-488a-afe6-78b1815fc600",
        "station_id": "0d937a49-16e3-44e5-8855-3521c2f9227c",
        "component_id": "32d85dc5-83c3-4d3a-9d76-ccbfbf6f5b61",
        "value": 1.58,
        "timestamp_measured": "2019-04-24T02:00:00+00:00",
        "import_log_id": "a4d3ba56-d76f-447d-ad8d-f192789cfdef",
        "rating": 1,
        "status": "validated"
    },
    {
        "id": "d6e71b17-9865-42ec-a039-4a9a440b477f",
        "station_id": "0d937a49-16e3-44e5-8855-3521c2f9227c",
        "component_id": "32d85dc5-83c3-4d3a-9d76-ccbfbf6f5b61",
        "value": 1.11,
        "timestamp_measured": "2019-04-24T03:00:00+00:00",
        "import_log_id": "a4d3ba56-d76f-447d-ad8d-f192789cfdef",
        "rating": 1,
        "status": "validated"
    },
    {
        "id": "8a9ad045-0d13-4833-aa2a-2b979ae47b39",
        "station_id": "0d937a49-16e3-44e5-8855-3521c2f9227c",
        "component_id": "32d85dc5-83c3-4d3a-9d76-ccbfbf6f5b61",
        "value": 2.86,
        "timestamp_measured": "2019-04-24T04:00:00+00:00",
        "import_log_id": "a4d3ba56-d76f-447d-ad8d-f192789cfdef",
        "rating": 1,
        "status": "validated"
    },
    {
        "id": "78fec04d-bb64-4d2e-875a-4d36cbc39feb",
        "station_id": "0d937a49-16e3-44e5-8855-3521c2f9227c",
        "component_id": "32d85dc5-83c3-4d3a-9d76-ccbfbf6f5b61",
        "value": 16.22,
        "timestamp_measured": "2019-04-24T05:00:00+00:00",
        "import_log_id": "a4d3ba56-d76f-447d-ad8d-f192789cfdef",
        "rating": 2,
        "status": "validated"
    },
    {
        "id": "3cb8dde9-601b-4920-84dd-0d4a48d7b17f",
        "station_id": "0d937a49-16e3-44e5-8855-3521c2f9227c",
        "component_id": "32d85dc5-83c3-4d3a-9d76-ccbfbf6f5b61",
        "value": 39.35,
        "timestamp_measured": "2019-04-24T06:00:00+00:00",
        "import_log_id": "a4d3ba56-d76f-447d-ad8d-f192789cfdef",
        "rating": 3,
        "status": "validated"
    },
    {
        "id": "607dd29f-a343-4368-b267-8046cabd6813",
        "station_id": "0d937a49-16e3-44e5-8855-3521c2f9227c",
        "component_id": "32d85dc5-83c3-4d3a-9d76-ccbfbf6f5b61",
        "value": 20.56,
        "timestamp_measured": "2019-04-24T07:00:00+00:00",
        "import_log_id": "a4d3ba56-d76f-447d-ad8d-f192789cfdef",
        "rating": 2,
        "status": "validated"
    },
    {
        "id": "4d80fce8-de45-497d-a217-acb08bc2fb47",
        "station_id": "0d937a49-16e3-44e5-8855-3521c2f9227c",
        "component_id": "32d85dc5-83c3-4d3a-9d76-ccbfbf6f5b61",
        "value": 14.74,
        "timestamp_measured": "2019-04-24T08:00:00+00:00",
        "import_log_id": "a4d3ba56-d76f-447d-ad8d-f192789cfdef",
        "rating": 2,
        "status": "validated"
    },
    {
        "id": "994a295d-e666-4c10-b632-0d811af0e9ff",
        "station_id": "0d937a49-16e3-44e5-8855-3521c2f9227c",
        "component_id": "32d85dc5-83c3-4d3a-9d76-ccbfbf6f5b61",
        "value": 11.81,
        "timestamp_measured": "2019-04-24T09:00:00+00:00",
        "import_log_id": "a4d3ba56-d76f-447d-ad8d-f192789cfdef",
        "rating": 2,
        "status": "validated"
    },
    {
        "id": "5153a006-f372-4b8d-bddc-ec9669a8f618",
        "station_id": "0d937a49-16e3-44e5-8855-3521c2f9227c",
        "component_id": "32d85dc5-83c3-4d3a-9d76-ccbfbf6f5b61",
        "value": 7.12,
        "timestamp_measured": "2019-04-24T10:00:00+00:00",
        "import_log_id": "a4d3ba56-d76f-447d-ad8d-f192789cfdef",
        "rating": 1,
        "status": "validated"
    },
    {
        "id": "46fdb008-59af-4f20-bfd3-a12fd39ae5cc",
        "station_id": "0d937a49-16e3-44e5-8855-3521c2f9227c",
        "component_id": "32d85dc5-83c3-4d3a-9d76-ccbfbf6f5b61",
        "value": 7.26,
        "timestamp_measured": "2019-04-24T11:00:00+00:00",
        "import_log_id": "a4d3ba56-d76f-447d-ad8d-f192789cfdef",
        "rating": 1,
        "status": "validated"
    },
    {
        "id": "0076d242-4f17-41fa-95fb-5e2813b4427b",
        "station_id": "0d937a49-16e3-44e5-8855-3521c2f9227c",
        "component_id": "32d85dc5-83c3-4d3a-9d76-ccbfbf6f5b61",
        "value": 6.38,
        "timestamp_measured": "2019-04-24T12:00:00+00:00",
        "import_log_id": "a4d3ba56-d76f-447d-ad8d-f192789cfdef",
        "rating": 1,
        "status": "validated"
    },
    {
        "id": "25716aa7-a421-48db-a93e-8af58260c148",
        "station_id": "0d937a49-16e3-44e5-8855-3521c2f9227c",
        "component_id": "32d85dc5-83c3-4d3a-9d76-ccbfbf6f5b61",
        "value": 4.81,
        "timestamp_measured": "2019-04-24T13:00:00+00:00",
        "import_log_id": "a4d3ba56-d76f-447d-ad8d-f192789cfdef",
        "rating": 1,
        "status": "validated"
    },
    {
        "id": "acae1c5a-361a-4b86-9381-aa2433c0c1a1",
        "station_id": "0d937a49-16e3-44e5-8855-3521c2f9227c",
        "component_id": "32d85dc5-83c3-4d3a-9d76-ccbfbf6f5b61",
        "value": 5.6,
        "timestamp_measured": "2019-04-24T14:00:00+00:00",
        "import_log_id": "a4d3ba56-d76f-447d-ad8d-f192789cfdef",
        "rating": 1,
        "status": "validated"
    },
    {
        "id": "f7c759e5-b58e-4dc1-9221-ff0a1012eac5",
        "station_id": "0d937a49-16e3-44e5-8855-3521c2f9227c",
        "component_id": "32d85dc5-83c3-4d3a-9d76-ccbfbf6f5b61",
        "value": 6.52,
        "timestamp_measured": "2019-04-24T15:00:00+00:00",
        "import_log_id": "a4d3ba56-d76f-447d-ad8d-f192789cfdef",
        "rating": 1,
        "status": "validated"
    },
    {
        "id": "d49ce6c8-58e0-49ad-ba00-aa24e9f06a14",
        "station_id": "0d937a49-16e3-44e5-8855-3521c2f9227c",
        "component_id": "32d85dc5-83c3-4d3a-9d76-ccbfbf6f5b61",
        "value": 7.65,
        "timestamp_measured": "2019-04-24T16:00:00+00:00",
        "import_log_id": "a4d3ba56-d76f-447d-ad8d-f192789cfdef",
        "rating": 1,
        "status": "validated"
    },
    {
        "id": "bb5f9f79-37b8-4eeb-a428-d7f91366fc65",
        "station_id": "0d937a49-16e3-44e5-8855-3521c2f9227c",
        "component_id": "32d85dc5-83c3-4d3a-9d76-ccbfbf6f5b61",
        "value": 5.35,
        "timestamp_measured": "2019-04-24T17:00:00+00:00",
        "import_log_id": "a4d3ba56-d76f-447d-ad8d-f192789cfdef",
        "rating": 1,
        "status": "validated"
    },
    {
        "id": "79dad78b-d002-47fb-a9df-8b95d9c2f06e",
        "station_id": "0d937a49-16e3-44e5-8855-3521c2f9227c",
        "component_id": "32d85dc5-83c3-4d3a-9d76-ccbfbf6f5b61",
        "value": 4.33,
        "timestamp_measured": "2019-04-24T18:00:00+00:00",
        "import_log_id": "a4d3ba56-d76f-447d-ad8d-f192789cfdef",
        "rating": 1,
        "status": "validated"
    },
    {
        "id": "d90062bd-ebe5-4245-beb7-dd812ce7765e",
        "station_id": "0d937a49-16e3-44e5-8855-3521c2f9227c",
        "component_id": "32d85dc5-83c3-4d3a-9d76-ccbfbf6f5b61",
        "value": 2.74,
        "timestamp_measured": "2019-04-24T19:00:00+00:00",
        "import_log_id": "a4d3ba56-d76f-447d-ad8d-f192789cfdef",
        "rating": 1,
        "status": "validated"
    },
    {
        "id": "0d190faa-c320-4844-9e97-c43f3bce3ecb",
        "station_id": "0d937a49-16e3-44e5-8855-3521c2f9227c",
        "component_id": "32d85dc5-83c3-4d3a-9d76-ccbfbf6f5b61",
        "value": 3.47,
        "timestamp_measured": "2019-04-24T20:00:00+00:00",
        "import_log_id": "a4d3ba56-d76f-447d-ad8d-f192789cfdef",
        "rating": 1,
        "status": "validated"
    },
    {
        "id": "567e7910-9090-4c20-94a0-de81b5e9de2f",
        "station_id": "0d937a49-16e3-44e5-8855-3521c2f9227c",
        "component_id": "32d85dc5-83c3-4d3a-9d76-ccbfbf6f5b61",
        "value": 4.29,
        "timestamp_measured": "2019-04-24T21:00:00+00:00",
        "import_log_id": "a4d3ba56-d76f-447d-ad8d-f192789cfdef",
        "rating": 1,
        "status": "validated"
    },
    {
        "id": "9b0261ce-e194-4a2f-849e-a83276fdf5b5",
        "station_id": "0d937a49-16e3-44e5-8855-3521c2f9227c",
        "component_id": "32d85dc5-83c3-4d3a-9d76-ccbfbf6f5b61",
        "value": 2.23,
        "timestamp_measured": "2019-04-24T22:00:00+00:00",
        "import_log_id": "a4d3ba56-d76f-447d-ad8d-f192789cfdef",
        "rating": 1,
        "status": "validated"
    },
    {
        "id": "a5cc2f93-87a7-40e4-a924-0b836a30f905",
        "station_id": "0d937a49-16e3-44e5-8855-3521c2f9227c",
        "component_id": "32d85dc5-83c3-4d3a-9d76-ccbfbf6f5b61",
        "value": 1.28,
        "timestamp_measured": "2019-04-24T23:00:00+00:00",
        "import_log_id": "a4d3ba56-d76f-447d-ad8d-f192789cfdef",
        "rating": 1,
        "status": "validated"
    },
    {
        "id": "6c59720e-93af-4f45-837a-637dba4d8990",
        "station_id": "0d937a49-16e3-44e5-8855-3521c2f9227c",
        "component_id": "32d85dc5-83c3-4d3a-9d76-ccbfbf6f5b61",
        "value": 1.55,
        "timestamp_measured": "2019-04-25T00:00:00+00:00",
        "import_log_id": "a4d3ba56-d76f-447d-ad8d-f192789cfdef",
        "rating": 1,
        "status": "validated"
    },
    {
        "id": "92bf9371-7034-41a7-a825-bc2b637aedef",
        "station_id": "0d937a49-16e3-44e5-8855-3521c2f9227c",
        "component_id": "32d85dc5-83c3-4d3a-9d76-ccbfbf6f5b61",
        "value": 1.53,
        "timestamp_measured": "2019-04-25T01:00:00+00:00",
        "import_log_id": "a4d3ba56-d76f-447d-ad8d-f192789cfdef",
        "rating": 1,
        "status": "validated"
    },
    {
        "id": "76a1d7d3-15d5-4aa8-a368-bc92a1b6f902",
        "station_id": "0d937a49-16e3-44e5-8855-3521c2f9227c",
        "component_id": "32d85dc5-83c3-4d3a-9d76-ccbfbf6f5b61",
        "value": 1.9,
        "timestamp_measured": "2019-04-25T02:00:00+00:00",
        "import_log_id": "a4d3ba56-d76f-447d-ad8d-f192789cfdef",
        "rating": 1,
        "status": "validated"
    },
    {
        "id": "b1dbfd11-1494-41b7-8477-75ebfab616ae",
        "station_id": "0d937a49-16e3-44e5-8855-3521c2f9227c",
        "component_id": "32d85dc5-83c3-4d3a-9d76-ccbfbf6f5b61",
        "value": 0.98,
        "timestamp_measured": "2019-04-25T03:00:00+00:00",
        "import_log_id": "a4d3ba56-d76f-447d-ad8d-f192789cfdef",
        "rating": 1,
        "status": "validated"
    },
    {
        "id": "83910c4d-1dda-49f3-b8a7-f5fb6cf4a6b1",
        "station_id": "0d937a49-16e3-44e5-8855-3521c2f9227c",
        "component_id": "32d85dc5-83c3-4d3a-9d76-ccbfbf6f5b61",
        "value": 4.25,
        "timestamp_measured": "2019-04-25T04:00:00+00:00",
        "import_log_id": "a4d3ba56-d76f-447d-ad8d-f192789cfdef",
        "rating": 1,
        "status": "validated"
    },
    {
        "id": "f26e5e26-5783-44ce-b2be-9f6b88e25783",
        "station_id": "0d937a49-16e3-44e5-8855-3521c2f9227c",
        "component_id": "32d85dc5-83c3-4d3a-9d76-ccbfbf6f5b61",
        "value": 10.54,
        "timestamp_measured": "2019-04-25T05:00:00+00:00",
        "import_log_id": "a4d3ba56-d76f-447d-ad8d-f192789cfdef",
        "rating": 2,
        "status": "validated"
    },
    {
        "id": "7b30d120-043c-4731-9897-00b0d8cd5d48",
        "station_id": "0d937a49-16e3-44e5-8855-3521c2f9227c",
        "component_id": "32d85dc5-83c3-4d3a-9d76-ccbfbf6f5b61",
        "value": 13.49,
        "timestamp_measured": "2019-04-25T06:00:00+00:00",
        "import_log_id": "a4d3ba56-d76f-447d-ad8d-f192789cfdef",
        "rating": 2,
        "status": "validated"
    },
    {
        "id": "ada59ec1-f5cf-4fb9-84f9-4c7b7a9f279d",
        "station_id": "0d937a49-16e3-44e5-8855-3521c2f9227c",
        "component_id": "32d85dc5-83c3-4d3a-9d76-ccbfbf6f5b61",
        "value": 18.15,
        "timestamp_measured": "2019-04-25T07:00:00+00:00",
        "import_log_id": "a4d3ba56-d76f-447d-ad8d-f192789cfdef",
        "rating": 2,
        "status": "validated"
    },
    {
        "id": "e686da5b-b0f1-4c70-a7d5-74ceef04ea04",
        "station_id": "0d937a49-16e3-44e5-8855-3521c2f9227c",
        "component_id": "32d85dc5-83c3-4d3a-9d76-ccbfbf6f5b61",
        "value": 11.14,
        "timestamp_measured": "2019-04-25T08:00:00+00:00",
        "import_log_id": "a4d3ba56-d76f-447d-ad8d-f192789cfdef",
        "rating": 2,
        "status": "validated"
    },
    {
        "id": "d577fd23-d502-48de-8375-6f6cf27b03ae",
        "station_id": "0d937a49-16e3-44e5-8855-3521c2f9227c",
        "component_id": "32d85dc5-83c3-4d3a-9d76-ccbfbf6f5b61",
        "value": 12.31,
        "timestamp_measured": "2019-04-25T09:00:00+00:00",
        "import_log_id": "a4d3ba56-d76f-447d-ad8d-f192789cfdef",
        "rating": 2,
        "status": "validated"
    },
    {
        "id": "36c6ecf5-9446-4513-95b6-a7b13102c609",
        "station_id": "0d937a49-16e3-44e5-8855-3521c2f9227c",
        "component_id": "32d85dc5-83c3-4d3a-9d76-ccbfbf6f5b61",
        "value": 10.96,
        "timestamp_measured": "2019-04-25T10:00:00+00:00",
        "import_log_id": "a4d3ba56-d76f-447d-ad8d-f192789cfdef",
        "rating": 2,
        "status": "validated"
    },
    {
        "id": "687c8e80-4d78-4831-8b15-fd56ea9c6cf2",
        "station_id": "0d937a49-16e3-44e5-8855-3521c2f9227c",
        "component_id": "32d85dc5-83c3-4d3a-9d76-ccbfbf6f5b61",
        "value": 7.69,
        "timestamp_measured": "2019-04-25T11:00:00+00:00",
        "import_log_id": "a4d3ba56-d76f-447d-ad8d-f192789cfdef",
        "rating": 1,
        "status": "validated"
    },
    {
        "id": "b4bedf47-7bb2-47b7-b347-93a8abcac167",
        "station_id": "0d937a49-16e3-44e5-8855-3521c2f9227c",
        "component_id": "32d85dc5-83c3-4d3a-9d76-ccbfbf6f5b61",
        "value": 6.95,
        "timestamp_measured": "2019-04-25T12:00:00+00:00",
        "import_log_id": "a4d3ba56-d76f-447d-ad8d-f192789cfdef",
        "rating": 1,
        "status": "validated"
    },
    {
        "id": "16dfc874-2155-428a-9f4b-a2db89bdc917",
        "station_id": "0d937a49-16e3-44e5-8855-3521c2f9227c",
        "component_id": "32d85dc5-83c3-4d3a-9d76-ccbfbf6f5b61",
        "value": 5.51,
        "timestamp_measured": "2019-04-25T13:00:00+00:00",
        "import_log_id": "a4d3ba56-d76f-447d-ad8d-f192789cfdef",
        "rating": 1,
        "status": "validated"
    },
    {
        "id": "15edd98b-baa9-4367-bb69-3b2f228a86d6",
        "station_id": "0d937a49-16e3-44e5-8855-3521c2f9227c",
        "component_id": "32d85dc5-83c3-4d3a-9d76-ccbfbf6f5b61",
        "value": 12.37,
        "timestamp_measured": "2019-04-25T14:00:00+00:00",
        "import_log_id": "a4d3ba56-d76f-447d-ad8d-f192789cfdef",
        "rating": 2,
        "status": "validated"
    },
    {
        "id": "75a816d4-b6ab-4564-90f9-fba6a740dd9b",
        "station_id": "0d937a49-16e3-44e5-8855-3521c2f9227c",
        "component_id": "32d85dc5-83c3-4d3a-9d76-ccbfbf6f5b61",
        "value": 11.64,
        "timestamp_measured": "2019-04-25T15:00:00+00:00",
        "import_log_id": "a4d3ba56-d76f-447d-ad8d-f192789cfdef",
        "rating": 2,
        "status": "validated"
    },
    {
        "id": "738d905c-af12-40a3-8b00-6aa8c954f193",
        "station_id": "0d937a49-16e3-44e5-8855-3521c2f9227c",
        "component_id": "32d85dc5-83c3-4d3a-9d76-ccbfbf6f5b61",
        "value": 14.21,
        "timestamp_measured": "2019-04-25T16:00:00+00:00",
        "import_log_id": "a4d3ba56-d76f-447d-ad8d-f192789cfdef",
        "rating": 2,
        "status": "validated"
    },
    {
        "id": "bc46c9dc-15d4-4a92-8dce-174748437a17",
        "station_id": "0d937a49-16e3-44e5-8855-3521c2f9227c",
        "component_id": "32d85dc5-83c3-4d3a-9d76-ccbfbf6f5b61",
        "value": 14.14,
        "timestamp_measured": "2019-04-25T17:00:00+00:00",
        "import_log_id": "a4d3ba56-d76f-447d-ad8d-f192789cfdef",
        "rating": 2,
        "status": "validated"
    },
    {
        "id": "430c1f17-c35e-4b92-9ff4-17bc0f4ffab4",
        "station_id": "0d937a49-16e3-44e5-8855-3521c2f9227c",
        "component_id": "32d85dc5-83c3-4d3a-9d76-ccbfbf6f5b61",
        "value": 9.05,
        "timestamp_measured": "2019-04-25T18:00:00+00:00",
        "import_log_id": "a4d3ba56-d76f-447d-ad8d-f192789cfdef",
        "rating": 1,
        "status": "validated"
    },
    {
        "id": "e5d3c982-d8c2-4a8c-bb26-e9582f41a327",
        "station_id": "0d937a49-16e3-44e5-8855-3521c2f9227c",
        "component_id": "32d85dc5-83c3-4d3a-9d76-ccbfbf6f5b61",
        "value": 7.16,
        "timestamp_measured": "2019-04-25T19:00:00+00:00",
        "import_log_id": "a4d3ba56-d76f-447d-ad8d-f192789cfdef",
        "rating": 1,
        "status": "validated"
    },
    {
        "id": "5b1f67c7-3ce9-4213-941d-eff1f79acc34",
        "station_id": "0d937a49-16e3-44e5-8855-3521c2f9227c",
        "component_id": "32d85dc5-83c3-4d3a-9d76-ccbfbf6f5b61",
        "value": 6.96,
        "timestamp_measured": "2019-04-25T20:00:00+00:00",
        "import_log_id": "a4d3ba56-d76f-447d-ad8d-f192789cfdef",
        "rating": 1,
        "status": "validated"
    },
    {
        "id": "d1489a9c-35d8-4120-a0db-cfc3fc8ef2aa",
        "station_id": "0d937a49-16e3-44e5-8855-3521c2f9227c",
        "component_id": "32d85dc5-83c3-4d3a-9d76-ccbfbf6f5b61",
        "value": 4.88,
        "timestamp_measured": "2019-04-25T21:00:00+00:00",
        "import_log_id": "a4d3ba56-d76f-447d-ad8d-f192789cfdef",
        "rating": 1,
        "status": "validated"
    },
    {
        "id": "9a5c0d21-6cd7-492f-8dd2-fdbca30ab285",
        "station_id": "0d937a49-16e3-44e5-8855-3521c2f9227c",
        "component_id": "32d85dc5-83c3-4d3a-9d76-ccbfbf6f5b61",
        "value": 2.89,
        "timestamp_measured": "2019-04-25T22:00:00+00:00",
        "import_log_id": "a4d3ba56-d76f-447d-ad8d-f192789cfdef",
        "rating": 1,
        "status": "validated"
    },
    {
        "id": "54232c65-f54b-4d58-8bd1-2f97f86e01e5",
        "station_id": "0d937a49-16e3-44e5-8855-3521c2f9227c",
        "component_id": "32d85dc5-83c3-4d3a-9d76-ccbfbf6f5b61",
        "value": 2.97,
        "timestamp_measured": "2019-04-25T23:00:00+00:00",
        "import_log_id": "a4d3ba56-d76f-447d-ad8d-f192789cfdef",
        "rating": 1,
        "status": "validated"
    },
    {
        "id": "dadff97d-33f6-462d-b23f-4077639d9c18",
        "station_id": "0d937a49-16e3-44e5-8855-3521c2f9227c",
        "component_id": "32d85dc5-83c3-4d3a-9d76-ccbfbf6f5b61",
        "value": 1.45,
        "timestamp_measured": "2019-04-26T00:00:00+00:00",
        "import_log_id": "a4d3ba56-d76f-447d-ad8d-f192789cfdef",
        "rating": 1,
        "status": "validated"
    },
    {
        "id": "82ba4273-a18a-4b8b-9b44-892040502bf8",
        "station_id": "0d937a49-16e3-44e5-8855-3521c2f9227c",
        "component_id": "32d85dc5-83c3-4d3a-9d76-ccbfbf6f5b61",
        "value": 2.32,
        "timestamp_measured": "2019-04-26T01:00:00+00:00",
        "import_log_id": "a4d3ba56-d76f-447d-ad8d-f192789cfdef",
        "rating": 1,
        "status": "validated"
    },
    {
        "id": "b80469c4-543d-40e2-bfbd-27dd559faef3",
        "station_id": "0d937a49-16e3-44e5-8855-3521c2f9227c",
        "component_id": "32d85dc5-83c3-4d3a-9d76-ccbfbf6f5b61",
        "value": 1.29,
        "timestamp_measured": "2019-04-26T02:00:00+00:00",
        "import_log_id": "a4d3ba56-d76f-447d-ad8d-f192789cfdef",
        "rating": 1,
        "status": "validated"
    },
    {
        "id": "13567cde-3a6d-4bb5-8aa4-7dbb8d69fd65",
        "station_id": "0d937a49-16e3-44e5-8855-3521c2f9227c",
        "component_id": "32d85dc5-83c3-4d3a-9d76-ccbfbf6f5b61",
        "value": 1.25,
        "timestamp_measured": "2019-04-26T03:00:00+00:00",
        "import_log_id": "a4d3ba56-d76f-447d-ad8d-f192789cfdef",
        "rating": 1,
        "status": "validated"
    },
    {
        "id": "4cdf2eeb-c010-4b2c-91b8-7031b0af29e5",
        "station_id": "0d937a49-16e3-44e5-8855-3521c2f9227c",
        "component_id": "32d85dc5-83c3-4d3a-9d76-ccbfbf6f5b61",
        "value": 3.16,
        "timestamp_measured": "2019-04-26T04:00:00+00:00",
        "import_log_id": "a4d3ba56-d76f-447d-ad8d-f192789cfdef",
        "rating": 1,
        "status": "validated"
    },
    {
        "id": "a21b6a98-4282-4138-8c5e-166e21ec6b4a",
        "station_id": "0d937a49-16e3-44e5-8855-3521c2f9227c",
        "component_id": "32d85dc5-83c3-4d3a-9d76-ccbfbf6f5b61",
        "value": 13.1,
        "timestamp_measured": "2019-04-26T05:00:00+00:00",
        "import_log_id": "a4d3ba56-d76f-447d-ad8d-f192789cfdef",
        "rating": 2,
        "status": "validated"
    },
    {
        "id": "a4b69cc2-f0cf-4565-acce-b6d71efaa019",
        "station_id": "0d937a49-16e3-44e5-8855-3521c2f9227c",
        "component_id": "32d85dc5-83c3-4d3a-9d76-ccbfbf6f5b61",
        "value": 17.54,
        "timestamp_measured": "2019-04-26T06:00:00+00:00",
        "import_log_id": "a4d3ba56-d76f-447d-ad8d-f192789cfdef",
        "rating": 2,
        "status": "validated"
    },
    {
        "id": "52db4fb7-9cba-4e75-ae57-2f51e17aafff",
        "station_id": "0d937a49-16e3-44e5-8855-3521c2f9227c",
        "component_id": "32d85dc5-83c3-4d3a-9d76-ccbfbf6f5b61",
        "value": 22.29,
        "timestamp_measured": "2019-04-26T07:00:00+00:00",
        "import_log_id": "a4d3ba56-d76f-447d-ad8d-f192789cfdef",
        "rating": 2,
        "status": "validated"
    },
    {
        "id": "d1265c69-36a3-4d16-a74b-59569ee61dad",
        "station_id": "0d937a49-16e3-44e5-8855-3521c2f9227c",
        "component_id": "32d85dc5-83c3-4d3a-9d76-ccbfbf6f5b61",
        "value": 21.36,
        "timestamp_measured": "2019-04-26T08:00:00+00:00",
        "import_log_id": "a4d3ba56-d76f-447d-ad8d-f192789cfdef",
        "rating": 2,
        "status": "validated"
    },
    {
        "id": "dc1a9773-9c8a-4e75-a372-35656e1b7ab2",
        "station_id": "0d937a49-16e3-44e5-8855-3521c2f9227c",
        "component_id": "32d85dc5-83c3-4d3a-9d76-ccbfbf6f5b61",
        "value": 22.4,
        "timestamp_measured": "2019-04-26T09:00:00+00:00",
        "import_log_id": "a4d3ba56-d76f-447d-ad8d-f192789cfdef",
        "rating": 2,
        "status": "validated"
    },
    {
        "id": "18db4599-d55c-48bf-af33-d5b9e2558e31",
        "station_id": "0d937a49-16e3-44e5-8855-3521c2f9227c",
        "component_id": "32d85dc5-83c3-4d3a-9d76-ccbfbf6f5b61",
        "value": 17.41,
        "timestamp_measured": "2019-04-26T10:00:00+00:00",
        "import_log_id": "a4d3ba56-d76f-447d-ad8d-f192789cfdef",
        "rating": 2,
        "status": "validated"
    },
    {
        "id": "b016c9f6-f322-459c-b3bd-01bb1ea0b971",
        "station_id": "0d937a49-16e3-44e5-8855-3521c2f9227c",
        "component_id": "32d85dc5-83c3-4d3a-9d76-ccbfbf6f5b61",
        "value": 14.13,
        "timestamp_measured": "2019-04-26T11:00:00+00:00",
        "import_log_id": "a4d3ba56-d76f-447d-ad8d-f192789cfdef",
        "rating": 2,
        "status": "validated"
    },
    {
        "id": "6efb6783-c45f-4207-b8f4-2fc6d5d19866",
        "station_id": "0d937a49-16e3-44e5-8855-3521c2f9227c",
        "component_id": "32d85dc5-83c3-4d3a-9d76-ccbfbf6f5b61",
        "value": 9.37,
        "timestamp_measured": "2019-04-26T12:00:00+00:00",
        "import_log_id": "a4d3ba56-d76f-447d-ad8d-f192789cfdef",
        "rating": 1,
        "status": "validated"
    },
    {
        "id": "5f03ccdc-ef9b-4845-ac61-0a0e91c4aa23",
        "station_id": "0d937a49-16e3-44e5-8855-3521c2f9227c",
        "component_id": "32d85dc5-83c3-4d3a-9d76-ccbfbf6f5b61",
        "value": 8.76,
        "timestamp_measured": "2019-04-26T13:00:00+00:00",
        "import_log_id": "a4d3ba56-d76f-447d-ad8d-f192789cfdef",
        "rating": 1,
        "status": "validated"
    },
    {
        "id": "452c90d2-1c14-4075-b350-9f3922857fc8",
        "station_id": "0d937a49-16e3-44e5-8855-3521c2f9227c",
        "component_id": "32d85dc5-83c3-4d3a-9d76-ccbfbf6f5b61",
        "value": 10.52,
        "timestamp_measured": "2019-04-26T14:00:00+00:00",
        "import_log_id": "a4d3ba56-d76f-447d-ad8d-f192789cfdef",
        "rating": 2,
        "status": "validated"
    },
    {
        "id": "53714451-6e44-41d3-8335-b9e9f6062b9c",
        "station_id": "0d937a49-16e3-44e5-8855-3521c2f9227c",
        "component_id": "32d85dc5-83c3-4d3a-9d76-ccbfbf6f5b61",
        "value": 9.54,
        "timestamp_measured": "2019-04-26T15:00:00+00:00",
        "import_log_id": "a4d3ba56-d76f-447d-ad8d-f192789cfdef",
        "rating": 1,
        "status": "validated"
    },
    {
        "id": "1ff3c2db-b42e-4e86-9a32-f2f725187dc6",
        "station_id": "0d937a49-16e3-44e5-8855-3521c2f9227c",
        "component_id": "32d85dc5-83c3-4d3a-9d76-ccbfbf6f5b61",
        "value": 7.35,
        "timestamp_measured": "2019-04-26T16:00:00+00:00",
        "import_log_id": "a4d3ba56-d76f-447d-ad8d-f192789cfdef",
        "rating": 1,
        "status": "validated"
    },
    {
        "id": "fdd1ef4b-b97c-4e32-bfe6-6b242092e73d",
        "station_id": "0d937a49-16e3-44e5-8855-3521c2f9227c",
        "component_id": "32d85dc5-83c3-4d3a-9d76-ccbfbf6f5b61",
        "value": 6.57,
        "timestamp_measured": "2019-04-26T17:00:00+00:00",
        "import_log_id": "a4d3ba56-d76f-447d-ad8d-f192789cfdef",
        "rating": 1,
        "status": "validated"
    },
    {
        "id": "5cd7631f-5501-4e71-a440-82060cf97901",
        "station_id": "0d937a49-16e3-44e5-8855-3521c2f9227c",
        "component_id": "32d85dc5-83c3-4d3a-9d76-ccbfbf6f5b61",
        "value": 5.77,
        "timestamp_measured": "2019-04-26T18:00:00+00:00",
        "import_log_id": "a4d3ba56-d76f-447d-ad8d-f192789cfdef",
        "rating": 1,
        "status": "validated"
    },
    {
        "id": "00564649-b9f0-41a1-b880-0bdffa770b98",
        "station_id": "0d937a49-16e3-44e5-8855-3521c2f9227c",
        "component_id": "32d85dc5-83c3-4d3a-9d76-ccbfbf6f5b61",
        "value": 5.97,
        "timestamp_measured": "2019-04-26T19:00:00+00:00",
        "import_log_id": "a4d3ba56-d76f-447d-ad8d-f192789cfdef",
        "rating": 1,
        "status": "validated"
    },
    {
        "id": "109f4b8f-e500-46f0-b5b1-65ceb98782fd",
        "station_id": "0d937a49-16e3-44e5-8855-3521c2f9227c",
        "component_id": "32d85dc5-83c3-4d3a-9d76-ccbfbf6f5b61",
        "value": 10.94,
        "timestamp_measured": "2019-04-26T20:00:00+00:00",
        "import_log_id": "a4d3ba56-d76f-447d-ad8d-f192789cfdef",
        "rating": 2,
        "status": "validated"
    },
    {
        "id": "59599cc8-e851-41c7-8ae3-bf2527d6d1a4",
        "station_id": "0d937a49-16e3-44e5-8855-3521c2f9227c",
        "component_id": "32d85dc5-83c3-4d3a-9d76-ccbfbf6f5b61",
        "value": 11.2,
        "timestamp_measured": "2019-04-26T21:00:00+00:00",
        "import_log_id": "a4d3ba56-d76f-447d-ad8d-f192789cfdef",
        "rating": 2,
        "status": "validated"
    },
    {
        "id": "4706d003-93f5-451f-aea4-58d5fe3312b9",
        "station_id": "0d937a49-16e3-44e5-8855-3521c2f9227c",
        "component_id": "32d85dc5-83c3-4d3a-9d76-ccbfbf6f5b61",
        "value": 5.47,
        "timestamp_measured": "2019-04-26T22:00:00+00:00",
        "import_log_id": "a4d3ba56-d76f-447d-ad8d-f192789cfdef",
        "rating": 1,
        "status": "validated"
    },
    {
        "id": "e87fdef3-f2ee-40f8-83df-19454566a71a",
        "station_id": "0d937a49-16e3-44e5-8855-3521c2f9227c",
        "component_id": "32d85dc5-83c3-4d3a-9d76-ccbfbf6f5b61",
        "value": 4.89,
        "timestamp_measured": "2019-04-26T23:00:00+00:00",
        "import_log_id": "a4d3ba56-d76f-447d-ad8d-f192789cfdef",
        "rating": 1,
        "status": "validated"
    },
    {
        "id": "74fe3d2a-1e1c-4d19-a40c-0c6ae59fc86f",
        "station_id": "0d937a49-16e3-44e5-8855-3521c2f9227c",
        "component_id": "32d85dc5-83c3-4d3a-9d76-ccbfbf6f5b61",
        "value": 4.75,
        "timestamp_measured": "2019-04-27T00:00:00+00:00",
        "import_log_id": "a4d3ba56-d76f-447d-ad8d-f192789cfdef",
        "rating": 1,
        "status": "validated"
    },
    {
        "id": "93da1a92-6b7c-4c0b-884e-48e37b1c68c2",
        "station_id": "0d937a49-16e3-44e5-8855-3521c2f9227c",
        "component_id": "32d85dc5-83c3-4d3a-9d76-ccbfbf6f5b61",
        "value": 3.64,
        "timestamp_measured": "2019-04-27T01:00:00+00:00",
        "import_log_id": "a4d3ba56-d76f-447d-ad8d-f192789cfdef",
        "rating": 1,
        "status": "validated"
    },
    {
        "id": "014cc29c-cf74-4c22-87c1-63371668d36b",
        "station_id": "0d937a49-16e3-44e5-8855-3521c2f9227c",
        "component_id": "32d85dc5-83c3-4d3a-9d76-ccbfbf6f5b61",
        "value": 2.74,
        "timestamp_measured": "2019-04-27T02:00:00+00:00",
        "import_log_id": "a4d3ba56-d76f-447d-ad8d-f192789cfdef",
        "rating": 1,
        "status": "validated"
    },
    {
        "id": "428a506d-d047-42c7-b409-1c365ea39776",
        "station_id": "0d937a49-16e3-44e5-8855-3521c2f9227c",
        "component_id": "32d85dc5-83c3-4d3a-9d76-ccbfbf6f5b61",
        "value": 2.83,
        "timestamp_measured": "2019-04-27T03:00:00+00:00",
        "import_log_id": "a4d3ba56-d76f-447d-ad8d-f192789cfdef",
        "rating": 1,
        "status": "validated"
    },
    {
        "id": "209879c6-66c4-401d-957e-797b533339c5",
        "station_id": "0d937a49-16e3-44e5-8855-3521c2f9227c",
        "component_id": "32d85dc5-83c3-4d3a-9d76-ccbfbf6f5b61",
        "value": 1.73,
        "timestamp_measured": "2019-04-27T04:00:00+00:00",
        "import_log_id": "a4d3ba56-d76f-447d-ad8d-f192789cfdef",
        "rating": 1,
        "status": "validated"
    },
    {
        "id": "2d0cca11-7337-44ee-9a1c-5178eee356fe",
        "station_id": "0d937a49-16e3-44e5-8855-3521c2f9227c",
        "component_id": "32d85dc5-83c3-4d3a-9d76-ccbfbf6f5b61",
        "value": 1.7,
        "timestamp_measured": "2019-04-27T05:00:00+00:00",
        "import_log_id": "a4d3ba56-d76f-447d-ad8d-f192789cfdef",
        "rating": 1,
        "status": "validated"
    },
    {
        "id": "ef7518c7-e74e-4b81-b45c-08ab2ce3cdd3",
        "station_id": "0d937a49-16e3-44e5-8855-3521c2f9227c",
        "component_id": "32d85dc5-83c3-4d3a-9d76-ccbfbf6f5b61",
        "value": 3.64,
        "timestamp_measured": "2019-04-27T06:00:00+00:00",
        "import_log_id": "a4d3ba56-d76f-447d-ad8d-f192789cfdef",
        "rating": 1,
        "status": "validated"
    },
    {
        "id": "c705e822-24c6-470d-84b3-7c907adec4d5",
        "station_id": "0d937a49-16e3-44e5-8855-3521c2f9227c",
        "component_id": "32d85dc5-83c3-4d3a-9d76-ccbfbf6f5b61",
        "value": 2.53,
        "timestamp_measured": "2019-04-27T07:00:00+00:00",
        "import_log_id": "a4d3ba56-d76f-447d-ad8d-f192789cfdef",
        "rating": 1,
        "status": "validated"
    },
    {
        "id": "18c341ed-21b2-4da4-968f-591785c74a22",
        "station_id": "0d937a49-16e3-44e5-8855-3521c2f9227c",
        "component_id": "32d85dc5-83c3-4d3a-9d76-ccbfbf6f5b61",
        "value": 3.99,
        "timestamp_measured": "2019-04-27T08:00:00+00:00",
        "import_log_id": "a4d3ba56-d76f-447d-ad8d-f192789cfdef",
        "rating": 1,
        "status": "validated"
    },
    {
        "id": "a388074f-5eb8-416e-9020-e24403857741",
        "station_id": "0d937a49-16e3-44e5-8855-3521c2f9227c",
        "component_id": "32d85dc5-83c3-4d3a-9d76-ccbfbf6f5b61",
        "value": 4.05,
        "timestamp_measured": "2019-04-27T09:00:00+00:00",
        "import_log_id": "a4d3ba56-d76f-447d-ad8d-f192789cfdef",
        "rating": 1,
        "status": "validated"
    },
    {
        "id": "2342ef51-3245-4bc5-bc46-e554ba6fd70f",
        "station_id": "0d937a49-16e3-44e5-8855-3521c2f9227c",
        "component_id": "32d85dc5-83c3-4d3a-9d76-ccbfbf6f5b61",
        "value": 3.84,
        "timestamp_measured": "2019-04-27T10:00:00+00:00",
        "import_log_id": "a4d3ba56-d76f-447d-ad8d-f192789cfdef",
        "rating": 1,
        "status": "validated"
    },
    {
        "id": "ee960968-f957-42e3-acf4-38e44662eadc",
        "station_id": "0d937a49-16e3-44e5-8855-3521c2f9227c",
        "component_id": "32d85dc5-83c3-4d3a-9d76-ccbfbf6f5b61",
        "value": 4.3,
        "timestamp_measured": "2019-04-27T11:00:00+00:00",
        "import_log_id": "a4d3ba56-d76f-447d-ad8d-f192789cfdef",
        "rating": 1,
        "status": "validated"
    },
    {
        "id": "44014e2d-69c6-413e-87ce-5fb8ac9b2ce0",
        "station_id": "0d937a49-16e3-44e5-8855-3521c2f9227c",
        "component_id": "32d85dc5-83c3-4d3a-9d76-ccbfbf6f5b61",
        "value": 6.19,
        "timestamp_measured": "2019-04-27T12:00:00+00:00",
        "import_log_id": "a4d3ba56-d76f-447d-ad8d-f192789cfdef",
        "rating": 1,
        "status": "validated"
    },
    {
        "id": "d59d26e1-03b1-4e8e-ab42-d73a0cdf0562",
        "station_id": "0d937a49-16e3-44e5-8855-3521c2f9227c",
        "component_id": "32d85dc5-83c3-4d3a-9d76-ccbfbf6f5b61",
        "value": 4.07,
        "timestamp_measured": "2019-04-27T13:00:00+00:00",
        "import_log_id": "a4d3ba56-d76f-447d-ad8d-f192789cfdef",
        "rating": 1,
        "status": "validated"
    },
    {
        "id": "c0e6ae01-f958-4967-8d15-87a8e66f86f9",
        "station_id": "0d937a49-16e3-44e5-8855-3521c2f9227c",
        "component_id": "32d85dc5-83c3-4d3a-9d76-ccbfbf6f5b61",
        "value": 3.33,
        "timestamp_measured": "2019-04-27T14:00:00+00:00",
        "import_log_id": "a4d3ba56-d76f-447d-ad8d-f192789cfdef",
        "rating": 1,
        "status": "validated"
    },
    {
        "id": "45fdb3f6-fdda-431a-b299-16bb28e3f01b",
        "station_id": "0d937a49-16e3-44e5-8855-3521c2f9227c",
        "component_id": "32d85dc5-83c3-4d3a-9d76-ccbfbf6f5b61",
        "value": 4.05,
        "timestamp_measured": "2019-04-27T15:00:00+00:00",
        "import_log_id": "a4d3ba56-d76f-447d-ad8d-f192789cfdef",
        "rating": 1,
        "status": "validated"
    },
    {
        "id": "9aeac1ae-14c0-4b45-b46e-3f7879081350",
        "station_id": "0d937a49-16e3-44e5-8855-3521c2f9227c",
        "component_id": "32d85dc5-83c3-4d3a-9d76-ccbfbf6f5b61",
        "value": 3.76,
        "timestamp_measured": "2019-04-27T16:00:00+00:00",
        "import_log_id": "a4d3ba56-d76f-447d-ad8d-f192789cfdef",
        "rating": 1,
        "status": "validated"
    },
    {
        "id": "4e245659-9505-468f-8a9e-cfcc88aedfed",
        "station_id": "0d937a49-16e3-44e5-8855-3521c2f9227c",
        "component_id": "32d85dc5-83c3-4d3a-9d76-ccbfbf6f5b61",
        "value": 4.7,
        "timestamp_measured": "2019-04-27T17:00:00+00:00",
        "import_log_id": "a4d3ba56-d76f-447d-ad8d-f192789cfdef",
        "rating": 1,
        "status": "validated"
    },
    {
        "id": "af76c467-c79b-444c-b6aa-374b4ddb4a35",
        "station_id": "0d937a49-16e3-44e5-8855-3521c2f9227c",
        "component_id": "32d85dc5-83c3-4d3a-9d76-ccbfbf6f5b61",
        "value": 3.8,
        "timestamp_measured": "2019-04-27T18:00:00+00:00",
        "import_log_id": "a4d3ba56-d76f-447d-ad8d-f192789cfdef",
        "rating": 1,
        "status": "validated"
    },
    {
        "id": "47797e33-a973-4555-979d-cb9e77ac3396",
        "station_id": "0d937a49-16e3-44e5-8855-3521c2f9227c",
        "component_id": "32d85dc5-83c3-4d3a-9d76-ccbfbf6f5b61",
        "value": 5.21,
        "timestamp_measured": "2019-04-27T19:00:00+00:00",
        "import_log_id": "a4d3ba56-d76f-447d-ad8d-f192789cfdef",
        "rating": 1,
        "status": "validated"
    },
    {
        "id": "545178b0-550e-4c8f-b823-dae24818639f",
        "station_id": "0d937a49-16e3-44e5-8855-3521c2f9227c",
        "component_id": "32d85dc5-83c3-4d3a-9d76-ccbfbf6f5b61",
        "value": 3.81,
        "timestamp_measured": "2019-04-27T20:00:00+00:00",
        "import_log_id": "a4d3ba56-d76f-447d-ad8d-f192789cfdef",
        "rating": 1,
        "status": "validated"
    },
    {
        "id": "30870143-56a2-4099-96ad-7a59706b515e",
        "station_id": "0d937a49-16e3-44e5-8855-3521c2f9227c",
        "component_id": "32d85dc5-83c3-4d3a-9d76-ccbfbf6f5b61",
        "value": 5.06,
        "timestamp_measured": "2019-04-27T21:00:00+00:00",
        "import_log_id": "a4d3ba56-d76f-447d-ad8d-f192789cfdef",
        "rating": 1,
        "status": "validated"
    },
    {
        "id": "3ddd3ca9-e1c6-48d3-a108-82b40a09b2e8",
        "station_id": "0d937a49-16e3-44e5-8855-3521c2f9227c",
        "component_id": "32d85dc5-83c3-4d3a-9d76-ccbfbf6f5b61",
        "value": 2.93,
        "timestamp_measured": "2019-04-27T22:00:00+00:00",
        "import_log_id": "a4d3ba56-d76f-447d-ad8d-f192789cfdef",
        "rating": 1,
        "status": "validated"
    },
    {
        "id": "151d497c-82ca-4b6f-a1d2-411bcf86cd60",
        "station_id": "0d937a49-16e3-44e5-8855-3521c2f9227c",
        "component_id": "32d85dc5-83c3-4d3a-9d76-ccbfbf6f5b61",
        "value": 2.64,
        "timestamp_measured": "2019-04-27T23:00:00+00:00",
        "import_log_id": "a4d3ba56-d76f-447d-ad8d-f192789cfdef",
        "rating": 1,
        "status": "validated"
    },
    {
        "id": "d904a0ad-9752-46aa-bb97-7e33d186575b",
        "station_id": "0d937a49-16e3-44e5-8855-3521c2f9227c",
        "component_id": "32d85dc5-83c3-4d3a-9d76-ccbfbf6f5b61",
        "value": 2.47,
        "timestamp_measured": "2019-04-28T00:00:00+00:00",
        "import_log_id": "a4d3ba56-d76f-447d-ad8d-f192789cfdef",
        "rating": 1,
        "status": "validated"
    },
    {
        "id": "d8f4e571-19ff-434a-9755-549565500004",
        "station_id": "0d937a49-16e3-44e5-8855-3521c2f9227c",
        "component_id": "32d85dc5-83c3-4d3a-9d76-ccbfbf6f5b61",
        "value": 2.05,
        "timestamp_measured": "2019-04-28T01:00:00+00:00",
        "import_log_id": "a4d3ba56-d76f-447d-ad8d-f192789cfdef",
        "rating": 1,
        "status": "validated"
    },
    {
        "id": "da291846-6bd0-49f2-b153-d5d4f33a5fbe",
        "station_id": "0d937a49-16e3-44e5-8855-3521c2f9227c",
        "component_id": "32d85dc5-83c3-4d3a-9d76-ccbfbf6f5b61",
        "value": 1.0,
        "timestamp_measured": "2019-04-28T02:00:00+00:00",
        "import_log_id": "a4d3ba56-d76f-447d-ad8d-f192789cfdef",
        "rating": 1,
        "status": "validated"
    },
    {
        "id": "1c3c6d4d-3a3c-4383-9355-ca80fe4e19f1",
        "station_id": "0d937a49-16e3-44e5-8855-3521c2f9227c",
        "component_id": "32d85dc5-83c3-4d3a-9d76-ccbfbf6f5b61",
        "value": 1.55,
        "timestamp_measured": "2019-04-28T03:00:00+00:00",
        "import_log_id": "a4d3ba56-d76f-447d-ad8d-f192789cfdef",
        "rating": 1,
        "status": "validated"
    },
    {
        "id": "904f2e3b-e456-464f-9b7c-dca5904554ca",
        "station_id": "0d937a49-16e3-44e5-8855-3521c2f9227c",
        "component_id": "32d85dc5-83c3-4d3a-9d76-ccbfbf6f5b61",
        "value": 0.84,
        "timestamp_measured": "2019-04-28T04:00:00+00:00",
        "import_log_id": "a4d3ba56-d76f-447d-ad8d-f192789cfdef",
        "rating": 1,
        "status": "validated"
    },
    {
        "id": "5e595065-68db-401e-9a4a-b5306c695a82",
        "station_id": "0d937a49-16e3-44e5-8855-3521c2f9227c",
        "component_id": "32d85dc5-83c3-4d3a-9d76-ccbfbf6f5b61",
        "value": 0.81,
        "timestamp_measured": "2019-04-28T05:00:00+00:00",
        "import_log_id": "a4d3ba56-d76f-447d-ad8d-f192789cfdef",
        "rating": 1,
        "status": "validated"
    },
    {
        "id": "98343f55-660f-449d-bd57-f23b2ac737b3",
        "station_id": "0d937a49-16e3-44e5-8855-3521c2f9227c",
        "component_id": "32d85dc5-83c3-4d3a-9d76-ccbfbf6f5b61",
        "value": 1.91,
        "timestamp_measured": "2019-04-28T06:00:00+00:00",
        "import_log_id": "a4d3ba56-d76f-447d-ad8d-f192789cfdef",
        "rating": 1,
        "status": "validated"
    },
    {
        "id": "b1f6970d-a502-4391-8256-42103daa8122",
        "station_id": "0d937a49-16e3-44e5-8855-3521c2f9227c",
        "component_id": "32d85dc5-83c3-4d3a-9d76-ccbfbf6f5b61",
        "value": 2.97,
        "timestamp_measured": "2019-04-28T07:00:00+00:00",
        "import_log_id": "a4d3ba56-d76f-447d-ad8d-f192789cfdef",
        "rating": 1,
        "status": "validated"
    },
    {
        "id": "be0baba3-2785-4289-a69d-0e3099d82a6d",
        "station_id": "0d937a49-16e3-44e5-8855-3521c2f9227c",
        "component_id": "32d85dc5-83c3-4d3a-9d76-ccbfbf6f5b61",
        "value": 3.17,
        "timestamp_measured": "2019-04-28T08:00:00+00:00",
        "import_log_id": "a4d3ba56-d76f-447d-ad8d-f192789cfdef",
        "rating": 1,
        "status": "validated"
    },
    {
        "id": "269a2b5d-f0f9-4506-b5cc-4d2882e08592",
        "station_id": "0d937a49-16e3-44e5-8855-3521c2f9227c",
        "component_id": "32d85dc5-83c3-4d3a-9d76-ccbfbf6f5b61",
        "value": 6.59,
        "timestamp_measured": "2019-04-28T09:00:00+00:00",
        "import_log_id": "a4d3ba56-d76f-447d-ad8d-f192789cfdef",
        "rating": 1,
        "status": "validated"
    },
    {
        "id": "445c052f-d90b-4e0d-9486-6181cca32b11",
        "station_id": "0d937a49-16e3-44e5-8855-3521c2f9227c",
        "component_id": "32d85dc5-83c3-4d3a-9d76-ccbfbf6f5b61",
        "value": 7.88,
        "timestamp_measured": "2019-04-28T10:00:00+00:00",
        "import_log_id": "a4d3ba56-d76f-447d-ad8d-f192789cfdef",
        "rating": 1,
        "status": "validated"
    },
    {
        "id": "0e39335e-67cc-42d6-b3b3-b4740d3e818c",
        "station_id": "0d937a49-16e3-44e5-8855-3521c2f9227c",
        "component_id": "32d85dc5-83c3-4d3a-9d76-ccbfbf6f5b61",
        "value": 8.87,
        "timestamp_measured": "2019-04-28T11:00:00+00:00",
        "import_log_id": "a4d3ba56-d76f-447d-ad8d-f192789cfdef",
        "rating": 1,
        "status": "validated"
    },
    {
        "id": "216da973-8ffb-41a3-91d2-a583f121cfeb",
        "station_id": "0d937a49-16e3-44e5-8855-3521c2f9227c",
        "component_id": "32d85dc5-83c3-4d3a-9d76-ccbfbf6f5b61",
        "value": 9.1,
        "timestamp_measured": "2019-04-28T12:00:00+00:00",
        "import_log_id": "a4d3ba56-d76f-447d-ad8d-f192789cfdef",
        "rating": 1,
        "status": "validated"
    },
    {
        "id": "fcc8c967-1b32-474e-af9a-62c21d8e8761",
        "station_id": "0d937a49-16e3-44e5-8855-3521c2f9227c",
        "component_id": "32d85dc5-83c3-4d3a-9d76-ccbfbf6f5b61",
        "value": 6.42,
        "timestamp_measured": "2019-04-28T13:00:00+00:00",
        "import_log_id": "a4d3ba56-d76f-447d-ad8d-f192789cfdef",
        "rating": 1,
        "status": "validated"
    },
    {
        "id": "c4ff8dda-a2f5-48f3-87e6-4a9144e46c80",
        "station_id": "0d937a49-16e3-44e5-8855-3521c2f9227c",
        "component_id": "32d85dc5-83c3-4d3a-9d76-ccbfbf6f5b61",
        "value": 4.38,
        "timestamp_measured": "2019-04-28T14:00:00+00:00",
        "import_log_id": "a4d3ba56-d76f-447d-ad8d-f192789cfdef",
        "rating": 1,
        "status": "validated"
    },
    {
        "id": "7cd6a1f2-cec2-44bb-a19b-9c7dae0c825b",
        "station_id": "0d937a49-16e3-44e5-8855-3521c2f9227c",
        "component_id": "32d85dc5-83c3-4d3a-9d76-ccbfbf6f5b61",
        "value": 3.81,
        "timestamp_measured": "2019-04-28T15:00:00+00:00",
        "import_log_id": "a4d3ba56-d76f-447d-ad8d-f192789cfdef",
        "rating": 1,
        "status": "validated"
    },
    {
        "id": "977eb028-af82-4c62-bd8f-a019617209ac",
        "station_id": "0d937a49-16e3-44e5-8855-3521c2f9227c",
        "component_id": "32d85dc5-83c3-4d3a-9d76-ccbfbf6f5b61",
        "value": 0.83,
        "timestamp_measured": "2019-04-28T16:00:00+00:00",
        "import_log_id": "a4d3ba56-d76f-447d-ad8d-f192789cfdef",
        "rating": 1,
        "status": "validated"
    },
    {
        "id": "d3dc3807-909f-48d3-8636-48d2d8a702c3",
        "station_id": "0d937a49-16e3-44e5-8855-3521c2f9227c",
        "component_id": "32d85dc5-83c3-4d3a-9d76-ccbfbf6f5b61",
        "value": 1.41,
        "timestamp_measured": "2019-04-28T17:00:00+00:00",
        "import_log_id": "a4d3ba56-d76f-447d-ad8d-f192789cfdef",
        "rating": 1,
        "status": "validated"
    },
    {
        "id": "66b7ccb7-4508-467a-be1c-126fdc342093",
        "station_id": "0d937a49-16e3-44e5-8855-3521c2f9227c",
        "component_id": "32d85dc5-83c3-4d3a-9d76-ccbfbf6f5b61",
        "value": 1.13,
        "timestamp_measured": "2019-04-28T18:00:00+00:00",
        "import_log_id": "a4d3ba56-d76f-447d-ad8d-f192789cfdef",
        "rating": 1,
        "status": "validated"
    },
    {
        "id": "44a7626c-cb7e-4ac1-802f-d9ab08d768df",
        "station_id": "0d937a49-16e3-44e5-8855-3521c2f9227c",
        "component_id": "32d85dc5-83c3-4d3a-9d76-ccbfbf6f5b61",
        "value": 0.63,
        "timestamp_measured": "2019-04-28T19:00:00+00:00",
        "import_log_id": "a4d3ba56-d76f-447d-ad8d-f192789cfdef",
        "rating": 1,
        "status": "validated"
    },
    {
        "id": "6926d827-db26-40f8-9759-1683c4048d49",
        "station_id": "0d937a49-16e3-44e5-8855-3521c2f9227c",
        "component_id": "32d85dc5-83c3-4d3a-9d76-ccbfbf6f5b61",
        "value": 0.96,
        "timestamp_measured": "2019-04-28T20:00:00+00:00",
        "import_log_id": "a4d3ba56-d76f-447d-ad8d-f192789cfdef",
        "rating": 1,
        "status": "validated"
    },
    {
        "id": "9adabaae-c94b-4f87-9024-af4acbe8f389",
        "station_id": "0d937a49-16e3-44e5-8855-3521c2f9227c",
        "component_id": "32d85dc5-83c3-4d3a-9d76-ccbfbf6f5b61",
        "value": 3.59,
        "timestamp_measured": "2019-04-28T21:00:00+00:00",
        "import_log_id": "a4d3ba56-d76f-447d-ad8d-f192789cfdef",
        "rating": 1,
        "status": "validated"
    },
    {
        "id": "c1feb720-0de7-4366-a87e-7e47530105a6",
        "station_id": "0d937a49-16e3-44e5-8855-3521c2f9227c",
        "component_id": "32d85dc5-83c3-4d3a-9d76-ccbfbf6f5b61",
        "value": -999.0,
        "timestamp_measured": "2019-04-28T22:00:00+00:00",
        "import_log_id": "a4d3ba56-d76f-447d-ad8d-f192789cfdef",
        "rating": -999,
        "status": "unvalidated"
    }
]