[
    {
        "id": "57f8d428-8af3-4124-8ccb-c5f50aaffc1f",
        "station_id": "133a145b-0fa8-46fd-ba90-995dae2e21e6",
        "component_id": "32d85dc5-83c3-4d3a-9d76-ccbfbf6f5b61",
        "value": 0.13,
        "timestamp_measured": "2019-03-31T22:00:00+00:00",
        "import_log_id": "76d3c078-e6f9-48ae-a7d0-7085515d4afe",
        "rating": 1,
        "status": "validated"
    },
    {
        "id": "bbe0e2ae-7723-4f13-a44a-d929ae780dd7",
        "station_id": "133a145b-0fa8-46fd-ba90-995dae2e21e6",
        "component_id": "32d85dc5-83c3-4d3a-9d76-ccbfbf6f5b61",
        "value": 0.44,
        "timestamp_measured": "2019-03-31T23:00:00+00:00",
        "import_log_id": "76d3c078-e6f9-48ae-a7d0-7085515d4afe",
        "rating": 1,
        "status": "validated"
    },
    {
        "id": "2edc2aec-7e60-46b0-820a-bba0ab7dd78c",
        "station_id": "133a145b-0fa8-46fd-ba90-995dae2e21e6",
        "component_id": "32d85dc5-83c3-4d3a-9d76-ccbfbf6f5b61",
        "value": 0.22,
        "timestamp_measured": "2019-04-01T00:00:00+00:00",
        "import_log_id": "76d3c078-e6f9-48ae-a7d0-7085515d4afe",
        "rating": 1,
        "status": "validated"
    },
    {
        "id": "183e37b7-7dc6-4dc3-9e33-4c34de181d8f",
        "station_id": "133a145b-0fa8-46fd-ba90-995dae2e21e6",
        "component_id": "32d85dc5-83c3-4d3a-9d76-ccbfbf6f5b61",
        "value": 0.14,
        "timestamp_measured": "2019-04-01T01:00:00+00:00",
        "import_log_id": "76d3c078-e6f9-48ae-a7d0-7085515d4afe",
        "rating": 1,
        "status": "validated"
    },
    {
        "id": "6f8e5767-b89a-4787-9079-8150ca7b878a",
        "station_id": "133a145b-0fa8-46fd-ba90-995dae2e21e6",
        "component_id": "32d85dc5-83c3-4d3a-9d76-ccbfbf6f5b61",
        "value": 0.04,
        "timestamp_measured": "2019-04-01T02:00:00+00:00",
        "import_log_id": "76d3c078-e6f9-48ae-a7d0-7085515d4afe",
        "rating": 1,
        "status": "validated"
    },
    {
        "id": "1b37a3ed-3857-4edb-b09b-004cdd295692",
        "station_id": "133a145b-0fa8-46fd-ba90-995dae2e21e6",
        "component_id": "32d85dc5-83c3-4d3a-9d76-ccbfbf6f5b61",
        "value": -0.06,
        "timestamp_measured": "2019-04-01T03:00:00+00:00",
        "import_log_id": "76d3c078-e6f9-48ae-a7d0-7085515d4afe",
        "rating": -999,
        "status": "validated"
    },
    {
        "id": "6db7e41d-66b9-4b57-a316-7ed2b434d244",
        "station_id": "133a145b-0fa8-46fd-ba90-995dae2e21e6",
        "component_id": "32d85dc5-83c3-4d3a-9d76-ccbfbf6f5b61",
        "value": 0.15,
        "timestamp_measured": "2019-04-01T04:00:00+00:00",
        "import_log_id": "76d3c078-e6f9-48ae-a7d0-7085515d4afe",
        "rating": 1,
        "status": "validated"
    },
    {
        "id": "9535c2a6-f2a9-4567-ab7e-52eff425d990",
        "station_id": "133a145b-0fa8-46fd-ba90-995dae2e21e6",
        "component_id": "32d85dc5-83c3-4d3a-9d76-ccbfbf6f5b61",
        "value": 0.15,
        "timestamp_measured": "2019-04-01T05:00:00+00:00",
        "import_log_id": "76d3c078-e6f9-48ae-a7d0-7085515d4afe",
        "rating": 1,
        "status": "validated"
    },
    {
        "id": "93b611dd-d606-42a9-bf4b-1fa80b4af6f8",
        "station_id": "133a145b-0fa8-46fd-ba90-995dae2e21e6",
        "component_id": "32d85dc5-83c3-4d3a-9d76-ccbfbf6f5b61",
        "value": 0.4,
        "timestamp_measured": "2019-04-01T06:00:00+00:00",
        "import_log_id": "76d3c078-e6f9-48ae-a7d0-7085515d4afe",
        "rating": 1,
        "status": "validated"
    },
    {
        "id": "d168b77c-2a26-42f4-a1b1-f6f342a92ef1",
        "station_id": "133a145b-0fa8-46fd-ba90-995dae2e21e6",
        "component_id": "32d85dc5-83c3-4d3a-9d76-ccbfbf6f5b61",
        "value": 1.16,
        "timestamp_measured": "2019-04-01T07:00:00+00:00",
        "import_log_id": "76d3c078-e6f9-48ae-a7d0-7085515d4afe",
        "rating": 1,
        "status": "validated"
    },
    {
        "id": "178cd139-8cf4-4441-bc86-59a388cd3814",
        "station_id": "133a145b-0fa8-46fd-ba90-995dae2e21e6",
        "component_id": "32d85dc5-83c3-4d3a-9d76-ccbfbf6f5b61",
        "value": 3.79,
        "timestamp_measured": "2019-04-01T08:00:00+00:00",
        "import_log_id": "76d3c078-e6f9-48ae-a7d0-7085515d4afe",
        "rating": 1,
        "status": "validated"
    },
    {
        "id": "12add673-0d6a-482b-8b97-786c2ee506f4",
        "station_id": "133a145b-0fa8-46fd-ba90-995dae2e21e6",
        "component_id": "32d85dc5-83c3-4d3a-9d76-ccbfbf6f5b61",
        "value": 5.37,
        "timestamp_measured": "2019-04-01T09:00:00+00:00",
        "import_log_id": "76d3c078-e6f9-48ae-a7d0-7085515d4afe",
        "rating": 1,
        "status": "validated"
    },
    {
        "id": "391eae0d-12e8-4c9d-a0ef-140a69d63c81",
        "station_id": "133a145b-0fa8-46fd-ba90-995dae2e21e6",
        "component_id": "32d85dc5-83c3-4d3a-9d76-ccbfbf6f5b61",
        "value": 5.9,
        "timestamp_measured": "2019-04-01T10:00:00+00:00",
        "import_log_id": "76d3c078-e6f9-48ae-a7d0-7085515d4afe",
        "rating": 1,
        "status": "validated"
    },
    {
        "id": "395cd687-c389-4f2b-93d5-e767d11c89ec",
        "station_id": "133a145b-0fa8-46fd-ba90-995dae2e21e6",
        "component_id": "32d85dc5-83c3-4d3a-9d76-ccbfbf6f5b61",
        "value": 7.3,
        "timestamp_measured": "2019-04-01T11:00:00+00:00",
        "import_log_id": "76d3c078-e6f9-48ae-a7d0-7085515d4afe",
        "rating": 1,
        "status": "validated"
    },
    {
        "id": "4f3351cf-8cb7-4827-8c05-37bb9f049a37",
        "station_id": "133a145b-0fa8-46fd-ba90-995dae2e21e6",
        "component_id": "32d85dc5-83c3-4d3a-9d76-ccbfbf6f5b61",
        "value": 7.35,
        "timestamp_measured": "2019-04-01T12:00:00+00:00",
        "import_log_id": "76d3c078-e6f9-48ae-a7d0-7085515d4afe",
        "rating": 1,
        "status": "validated"
    },
    {
        "id": "69a8f501-f2b3-4e72-a715-4d8a88d9e435",
        "station_id": "133a145b-0fa8-46fd-ba90-995dae2e21e6",
        "component_id": "32d85dc5-83c3-4d3a-9d76-ccbfbf6f5b61",
        "value": 5.09,
        "timestamp_measured": "2019-04-01T13:00:00+00:00",
        "import_log_id": "76d3c078-e6f9-48ae-a7d0-7085515d4afe",
        "rating": 1,
        "status": "validated"
    },
    {
        "id": "69ea4087-ce68-4f63-a4fd-e2d4f3bca3de",
        "station_id": "133a145b-0fa8-46fd-ba90-995dae2e21e6",
        "component_id": "32d85dc5-83c3-4d3a-9d76-ccbfbf6f5b61",
        "value": 4.54,
        "timestamp_measured": "2019-04-01T14:00:00+00:00",
        "import_log_id": "76d3c078-e6f9-48ae-a7d0-7085515d4afe",
        "rating": 1,
        "status": "validated"
    },
    {
        "id": "3c24467e-3604-4512-81e9-ffa30128756d",
        "station_id": "133a145b-0fa8-46fd-ba90-995dae2e21e6",
        "component_id": "32d85dc5-83c3-4d3a-9d76-ccbfbf6f5b61",
        "value": 3.72,
        "timestamp_measured": "2019-04-01T15:00:00+00:00",
        "import_log_id": "76d3c078-e6f9-48ae-a7d0-7085515d4afe",
        "rating": 1,
        "status": "validated"
    },
    {
        "id": "17891700-61cc-456b-bc4b-77ce50d67ca7",
        "station_id": "133a145b-0fa8-46fd-ba90-995dae2e21e6",
        "component_id": "32d85dc5-83c3-4d3a-9d76-ccbfbf6f5b61",
        "value": 2.62,
        "timestamp_measured": "2019-04-01T16:00:00+00:00",
        "import_log_id": "76d3c078-e6f9-48ae-a7d0-7085515d4afe",
        "rating": 1,
        "status": "validated"
    },
    {
        "id": "b406e9d1-43fc-49db-b5c7-dd9c219f41e3",
        "station_id": "133a145b-0fa8-46fd-ba90-995dae2e21e6",
        "component_id": "32d85dc5-83c3-4d3a-9d76-ccbfbf6f5b61",
        "value": 1.97,
        "timestamp_measured": "2019-04-01T17:00:00+00:00",
        "import_log_id": "76d3c078-e6f9-48ae-a7d0-7085515d4afe",
        "rating": 1,
        "status": "validated"
    },
    {
        "id": "eab2473c-97cb-45f8-b893-895f0ee51dc7",
        "station_id": "133a145b-0fa8-46fd-ba90-995dae2e21e6",
        "component_id": "32d85dc5-83c3-4d3a-9d76-ccbfbf6f5b61",
        "value": 1.09,
        "timestamp_measured": "2019-04-01T18:00:00+00:00",
        "import_log_id": "76d3c078-e6f9-48ae-a7d0-7085515d4afe",
        "rating": 1,
        "status": "validated"
    },
    {
        "id": "269582fd-ccb6-4e95-80c6-538873f12416",
        "station_id": "133a145b-0fa8-46fd-ba90-995dae2e21e6",
        "component_id": "32d85dc5-83c3-4d3a-9d76-ccbfbf6f5b61",
        "value": 0.47,
        "timestamp_measured": "2019-04-01T19:00:00+00:00",
        "import_log_id": "76d3c078-e6f9-48ae-a7d0-7085515d4afe",
        "rating": 1,
        "status": "validated"
    },
    {
        "id": "9c518ce4-b583-4a9f-ac17-0dd06d95e5d3",
        "station_id": "133a145b-0fa8-46fd-ba90-995dae2e21e6",
        "component_id": "32d85dc5-83c3-4d3a-9d76-ccbfbf6f5b61",
        "value": 0.58,
        "timestamp_measured": "2019-04-01T20:00:00+00:00",
        "import_log_id": "76d3c078-e6f9-48ae-a7d0-7085515d4afe",
        "rating": 1,
        "status": "validated"
    },
    {
        "id": "cb99e636-4518-49b5-9e2b-4007a262debe",
        "station_id": "133a145b-0fa8-46fd-ba90-995dae2e21e6",
        "component_id": "32d85dc5-83c3-4d3a-9d76-ccbfbf6f5b61",
        "value": 1.47,
        "timestamp_measured": "2019-04-01T21:00:00+00:00",
        "import_log_id": "76d3c078-e6f9-48ae-a7d0-7085515d4afe",
        "rating": 1,
        "status": "validated"
    },
    {
        "id": "14cf2064-d145-423b-b2d5-645ce9c62177",
        "station_id": "133a145b-0fa8-46fd-ba90-995dae2e21e6",
        "component_id": "32d85dc5-83c3-4d3a-9d76-ccbfbf6f5b61",
        "value": 1.47,
        "timestamp_measured": "2019-04-01T22:00:00+00:00",
        "import_log_id": "76d3c078-e6f9-48ae-a7d0-7085515d4afe",
        "rating": 1,
        "status": "validated"
    },
    {
        "id": "7b6e6e95-824c-474e-a0e2-ad480d79ba4e",
        "station_id": "133a145b-0fa8-46fd-ba90-995dae2e21e6",
        "component_id": "32d85dc5-83c3-4d3a-9d76-ccbfbf6f5b61",
        "value": 0.41,
        "timestamp_measured": "2019-04-01T23:00:00+00:00",
        "import_log_id": "76d3c078-e6f9-48ae-a7d0-7085515d4afe",
        "rating": 1,
        "status": "validated"
    },
    {
        "id": "08daaf95-0994-4b96-ac10-062f1c03bf8c",
        "station_id": "133a145b-0fa8-46fd-ba90-995dae2e21e6",
        "component_id": "32d85dc5-83c3-4d3a-9d76-ccbfbf6f5b61",
        "value": 0.27,
        "timestamp_measured": "2019-04-02T00:00:00+00:00",
        "import_log_id": "76d3c078-e6f9-48ae-a7d0-7085515d4afe",
        "rating": 1,
        "status": "validated"
    },
    {
        "id": "84d49189-2760-4d00-8585-b51a7e094df4",
        "station_id": "133a145b-0fa8-46fd-ba90-995dae2e21e6",
        "component_id": "32d85dc5-83c3-4d3a-9d76-ccbfbf6f5b61",
        "value": 0.3,
        "timestamp_measured": "2019-04-02T01:00:00+00:00",
        "import_log_id": "76d3c078-e6f9-48ae-a7d0-7085515d4afe",
        "rating": 1,
        "status": "validated"
    },
    {
        "id": "67918812-78e3-43df-a70d-f94a4af73778",
        "station_id": "133a145b-0fa8-46fd-ba90-995dae2e21e6",
        "component_id": "32d85dc5-83c3-4d3a-9d76-ccbfbf6f5b61",
        "value": 0.2,
        "timestamp_measured": "2019-04-02T02:00:00+00:00",
        "import_log_id": "76d3c078-e6f9-48ae-a7d0-7085515d4afe",
        "rating": 1,
        "status": "validated"
    },
    {
        "id": "04117fa0-6a6c-4d5a-9980-e796bf0d392e",
        "station_id": "133a145b-0fa8-46fd-ba90-995dae2e21e6",
        "component_id": "32d85dc5-83c3-4d3a-9d76-ccbfbf6f5b61",
        "value": 0.42,
        "timestamp_measured": "2019-04-02T03:00:00+00:00",
        "import_log_id": "76d3c078-e6f9-48ae-a7d0-7085515d4afe",
        "rating": 1,
        "status": "validated"
    },
    {
        "id": "999dc453-a585-4b65-ab92-843aef97e1f1",
        "station_id": "133a145b-0fa8-46fd-ba90-995dae2e21e6",
        "component_id": "32d85dc5-83c3-4d3a-9d76-ccbfbf6f5b61",
        "value": 4.26,
        "timestamp_measured": "2019-04-02T04:00:00+00:00",
        "import_log_id": "76d3c078-e6f9-48ae-a7d0-7085515d4afe",
        "rating": 1,
        "status": "validated"
    },
    {
        "id": "36f041c6-fa1e-4848-bef9-05bcd869b05a",
        "station_id": "133a145b-0fa8-46fd-ba90-995dae2e21e6",
        "component_id": "32d85dc5-83c3-4d3a-9d76-ccbfbf6f5b61",
        "value": 1.99,
        "timestamp_measured": "2019-04-02T05:00:00+00:00",
        "import_log_id": "76d3c078-e6f9-48ae-a7d0-7085515d4afe",
        "rating": 1,
        "status": "validated"
    },
    {
        "id": "1e785ac5-1b85-4c63-9800-758b7984ff06",
        "station_id": "133a145b-0fa8-46fd-ba90-995dae2e21e6",
        "component_id": "32d85dc5-83c3-4d3a-9d76-ccbfbf6f5b61",
        "value": 0.9,
        "timestamp_measured": "2019-04-02T06:00:00+00:00",
        "import_log_id": "76d3c078-e6f9-48ae-a7d0-7085515d4afe",
        "rating": 1,
        "status": "validated"
    },
    {
        "id": "5619f587-22ad-4387-bef3-51bfacfd4222",
        "station_id": "133a145b-0fa8-46fd-ba90-995dae2e21e6",
        "component_id": "32d85dc5-83c3-4d3a-9d76-ccbfbf6f5b61",
        "value": 4.61,
        "timestamp_measured": "2019-04-02T07:00:00+00:00",
        "import_log_id": "76d3c078-e6f9-48ae-a7d0-7085515d4afe",
        "rating": 1,
        "status": "validated"
    },
    {
        "id": "384a2074-dc5a-49da-873d-efaa6f846080",
        "station_id": "133a145b-0fa8-46fd-ba90-995dae2e21e6",
        "component_id": "32d85dc5-83c3-4d3a-9d76-ccbfbf6f5b61",
        "value": 6.47,
        "timestamp_measured": "2019-04-02T08:00:00+00:00",
        "import_log_id": "76d3c078-e6f9-48ae-a7d0-7085515d4afe",
        "rating": 1,
        "status": "validated"
    },
    {
        "id": "ab685791-f99f-423e-a070-bae55bde94e4",
        "station_id": "133a145b-0fa8-46fd-ba90-995dae2e21e6",
        "component_id": "32d85dc5-83c3-4d3a-9d76-ccbfbf6f5b61",
        "value": 5.35,
        "timestamp_measured": "2019-04-02T09:00:00+00:00",
        "import_log_id": "76d3c078-e6f9-48ae-a7d0-7085515d4afe",
        "rating": 1,
        "status": "validated"
    },
    {
        "id": "5fae217a-167a-40e8-8dea-f50008331199",
        "station_id": "133a145b-0fa8-46fd-ba90-995dae2e21e6",
        "component_id": "32d85dc5-83c3-4d3a-9d76-ccbfbf6f5b61",
        "value": 4.22,
        "timestamp_measured": "2019-04-02T10:00:00+00:00",
        "import_log_id": "76d3c078-e6f9-48ae-a7d0-7085515d4afe",
        "rating": 1,
        "status": "validated"
    },
    {
        "id": "44d90db6-904d-4286-a03a-f38a4a0fcfd3",
        "station_id": "133a145b-0fa8-46fd-ba90-995dae2e21e6",
        "component_id": "32d85dc5-83c3-4d3a-9d76-ccbfbf6f5b61",
        "value": 3.84,
        "timestamp_measured": "2019-04-02T11:00:00+00:00",
        "import_log_id": "76d3c078-e6f9-48ae-a7d0-7085515d4afe",
        "rating": 1,
        "status": "validated"
    },
    {
        "id": "a8204167-9743-424f-9844-3d4ab2fc738d",
        "station_id": "133a145b-0fa8-46fd-ba90-995dae2e21e6",
        "component_id": "32d85dc5-83c3-4d3a-9d76-ccbfbf6f5b61",
        "value": 5.33,
        "timestamp_measured": "2019-04-02T12:00:00+00:00",
        "import_log_id": "76d3c078-e6f9-48ae-a7d0-7085515d4afe",
        "rating": 1,
        "status": "validated"
    },
    {
        "id": "0dbe991a-c527-4468-99a9-0a34cbb04daf",
        "station_id": "133a145b-0fa8-46fd-ba90-995dae2e21e6",
        "component_id": "32d85dc5-83c3-4d3a-9d76-ccbfbf6f5b61",
        "value": 7.83,
        "timestamp_measured": "2019-04-02T13:00:00+00:00",
        "import_log_id": "76d3c078-e6f9-48ae-a7d0-7085515d4afe",
        "rating": 1,
        "status": "validated"
    },
    {
        "id": "b927d410-0e63-4034-b9be-eb3979b66a0e",
        "station_id": "133a145b-0fa8-46fd-ba90-995dae2e21e6",
        "component_id": "32d85dc5-83c3-4d3a-9d76-ccbfbf6f5b61",
        "value": 2.8,
        "timestamp_measured": "2019-04-02T14:00:00+00:00",
        "import_log_id": "76d3c078-e6f9-48ae-a7d0-7085515d4afe",
        "rating": 1,
        "status": "validated"
    },
    {
        "id": "1ce1cdba-cb9a-4148-9855-2d55ba95cede",
        "station_id": "133a145b-0fa8-46fd-ba90-995dae2e21e6",
        "component_id": "32d85dc5-83c3-4d3a-9d76-ccbfbf6f5b61",
        "value": 1.27,
        "timestamp_measured": "2019-04-02T15:00:00+00:00",
        "import_log_id": "76d3c078-e6f9-48ae-a7d0-7085515d4afe",
        "rating": 1,
        "status": "validated"
    },
    {
        "id": "3afdbf91-1b9c-4977-91ff-e7b936b3f0f9",
        "station_id": "133a145b-0fa8-46fd-ba90-995dae2e21e6",
        "component_id": "32d85dc5-83c3-4d3a-9d76-ccbfbf6f5b61",
        "value": -0.13,
        "timestamp_measured": "2019-04-02T16:00:00+00:00",
        "import_log_id": "76d3c078-e6f9-48ae-a7d0-7085515d4afe",
        "rating": -999,
        "status": "validated"
    },
    {
        "id": "c12385fd-babf-4a2b-99bc-ab3dfc7ca0c5",
        "station_id": "133a145b-0fa8-46fd-ba90-995dae2e21e6",
        "component_id": "32d85dc5-83c3-4d3a-9d76-ccbfbf6f5b61",
        "value": -0.28,
        "timestamp_measured": "2019-04-02T17:00:00+00:00",
        "import_log_id": "76d3c078-e6f9-48ae-a7d0-7085515d4afe",
        "rating": -999,
        "status": "validated"
    },
    {
        "id": "705b3389-099b-4d3e-83ac-a96280f26d99",
        "station_id": "133a145b-0fa8-46fd-ba90-995dae2e21e6",
        "component_id": "32d85dc5-83c3-4d3a-9d76-ccbfbf6f5b61",
        "value": -0.32,
        "timestamp_measured": "2019-04-02T18:00:00+00:00",
        "import_log_id": "76d3c078-e6f9-48ae-a7d0-7085515d4afe",
        "rating": -999,
        "status": "validated"
    },
    {
        "id": "20a9972b-4d47-470f-95e4-3073942e92fb",
        "station_id": "133a145b-0fa8-46fd-ba90-995dae2e21e6",
        "component_id": "32d85dc5-83c3-4d3a-9d76-ccbfbf6f5b61",
        "value": -0.3,
        "timestamp_measured": "2019-04-02T19:00:00+00:00",
        "import_log_id": "76d3c078-e6f9-48ae-a7d0-7085515d4afe",
        "rating": -999,
        "status": "validated"
    },
    {
        "id": "75ee4859-e9af-4bb7-b0ca-20971b6c885b",
        "station_id": "133a145b-0fa8-46fd-ba90-995dae2e21e6",
        "component_id": "32d85dc5-83c3-4d3a-9d76-ccbfbf6f5b61",
        "value": -0.47,
        "timestamp_measured": "2019-04-02T20:00:00+00:00",
        "import_log_id": "76d3c078-e6f9-48ae-a7d0-7085515d4afe",
        "rating": -999,
        "status": "validated"
    },
    {
        "id": "3cd3695d-5649-435b-b800-48ef59753b91",
        "station_id": "133a145b-0fa8-46fd-ba90-995dae2e21e6",
        "component_id": "32d85dc5-83c3-4d3a-9d76-ccbfbf6f5b61",
        "value": -0.13,
        "timestamp_measured": "2019-04-02T21:00:00+00:00",
        "import_log_id": "76d3c078-e6f9-48ae-a7d0-7085515d4afe",
        "rating": -999,
        "status": "validated"
    },
    {
        "id": "6601d2f7-720c-434b-ac04-55da1c0dca1a",
        "station_id": "133a145b-0fa8-46fd-ba90-995dae2e21e6",
        "component_id": "32d85dc5-83c3-4d3a-9d76-ccbfbf6f5b61",
        "value": -0.37,
        "timestamp_measured": "2019-04-02T22:00:00+00:00",
        "import_log_id": "76d3c078-e6f9-48ae-a7d0-7085515d4afe",
        "rating": -999,
        "status": "validated"
    },
    {
        "id": "e19ecad8-19f6-4cdf-a3f7-9729172040f7",
        "station_id": "133a145b-0fa8-46fd-ba90-995dae2e21e6",
        "component_id": "32d85dc5-83c3-4d3a-9d76-ccbfbf6f5b61",
        "value": -0.39,
        "timestamp_measured": "2019-04-02T23:00:00+00:00",
        "import_log_id": "76d3c078-e6f9-48ae-a7d0-7085515d4afe",
        "rating": -999,
        "status": "validated"
    },
    {
        "id": "f359dcdb-fa28-4d38-9bc1-341cd7b9661d",
        "station_id": "133a145b-0fa8-46fd-ba90-995dae2e21e6",
        "component_id": "32d85dc5-83c3-4d3a-9d76-ccbfbf6f5b61",
        "value": 0.61,
        "timestamp_measured": "2019-04-03T00:00:00+00:00",
        "import_log_id": "76d3c078-e6f9-48ae-a7d0-7085515d4afe",
        "rating": 1,
        "status": "validated"
    },
    {
        "id": "b9ad122d-b7d1-4fe5-a1ab-b4ae8e09e41f",
        "station_id": "133a145b-0fa8-46fd-ba90-995dae2e21e6",
        "component_id": "32d85dc5-83c3-4d3a-9d76-ccbfbf6f5b61",
        "value": 0.52,
        "timestamp_measured": "2019-04-03T01:00:00+00:00",
        "import_log_id": "76d3c078-e6f9-48ae-a7d0-7085515d4afe",
        "rating": 1,
        "status": "validated"
    },
    {
        "id": "6e0eff10-2068-47d4-8d93-25c1f6214b01",
        "station_id": "133a145b-0fa8-46fd-ba90-995dae2e21e6",
        "component_id": "32d85dc5-83c3-4d3a-9d76-ccbfbf6f5b61",
        "value": 0.39,
        "timestamp_measured": "2019-04-03T02:00:00+00:00",
        "import_log_id": "76d3c078-e6f9-48ae-a7d0-7085515d4afe",
        "rating": 1,
        "status": "validated"
    },
    {
        "id": "8d27d4f1-206e-4bd8-bc7d-2c016860486b",
        "station_id": "133a145b-0fa8-46fd-ba90-995dae2e21e6",
        "component_id": "32d85dc5-83c3-4d3a-9d76-ccbfbf6f5b61",
        "value": 0.45,
        "timestamp_measured": "2019-04-03T03:00:00+00:00",
        "import_log_id": "76d3c078-e6f9-48ae-a7d0-7085515d4afe",
        "rating": 1,
        "status": "validated"
    },
    {
        "id": "cd063b71-d427-4d24-89e9-ba00baad6eb0",
        "station_id": "133a145b-0fa8-46fd-ba90-995dae2e21e6",
        "component_id": "32d85dc5-83c3-4d3a-9d76-ccbfbf6f5b61",
        "value": 0.58,
        "timestamp_measured": "2019-04-03T04:00:00+00:00",
        "import_log_id": "76d3c078-e6f9-48ae-a7d0-7085515d4afe",
        "rating": 1,
        "status": "validated"
    },
    {
        "id": "346626ff-c866-417f-8b35-5ddfb986e175",
        "station_id": "133a145b-0fa8-46fd-ba90-995dae2e21e6",
        "component_id": "32d85dc5-83c3-4d3a-9d76-ccbfbf6f5b61",
        "value": 0.69,
        "timestamp_measured": "2019-04-03T05:00:00+00:00",
        "import_log_id": "76d3c078-e6f9-48ae-a7d0-7085515d4afe",
        "rating": 1,
        "status": "validated"
    },
    {
        "id": "a0c573d5-c71d-4811-b34b-84d76419d4ee",
        "station_id": "133a145b-0fa8-46fd-ba90-995dae2e21e6",
        "component_id": "32d85dc5-83c3-4d3a-9d76-ccbfbf6f5b61",
        "value": 1.01,
        "timestamp_measured": "2019-04-03T06:00:00+00:00",
        "import_log_id": "76d3c078-e6f9-48ae-a7d0-7085515d4afe",
        "rating": 1,
        "status": "validated"
    },
    {
        "id": "d572d3a7-0c43-446b-aa7e-bb59ce92f740",
        "station_id": "133a145b-0fa8-46fd-ba90-995dae2e21e6",
        "component_id": "32d85dc5-83c3-4d3a-9d76-ccbfbf6f5b61",
        "value": 3.16,
        "timestamp_measured": "2019-04-03T07:00:00+00:00",
        "import_log_id": "76d3c078-e6f9-48ae-a7d0-7085515d4afe",
        "rating": 1,
        "status": "validated"
    },
    {
        "id": "bcda9dbe-a53e-4533-ae52-5951b56d7722",
        "station_id": "133a145b-0fa8-46fd-ba90-995dae2e21e6",
        "component_id": "32d85dc5-83c3-4d3a-9d76-ccbfbf6f5b61",
        "value": 2.59,
        "timestamp_measured": "2019-04-03T08:00:00+00:00",
        "import_log_id": "76d3c078-e6f9-48ae-a7d0-7085515d4afe",
        "rating": 1,
        "status": "validated"
    },
    {
        "id": "cbcfc783-7b45-4e98-85da-2339c1611973",
        "station_id": "133a145b-0fa8-46fd-ba90-995dae2e21e6",
        "component_id": "32d85dc5-83c3-4d3a-9d76-ccbfbf6f5b61",
        "value": 1.98,
        "timestamp_measured": "2019-04-03T09:00:00+00:00",
        "import_log_id": "76d3c078-e6f9-48ae-a7d0-7085515d4afe",
        "rating": 1,
        "status": "validated"
    },
    {
        "id": "8c3888b8-8fbb-49ad-bf05-02709bbf74bd",
        "station_id": "133a145b-0fa8-46fd-ba90-995dae2e21e6",
        "component_id": "32d85dc5-83c3-4d3a-9d76-ccbfbf6f5b61",
        "value": 2.75,
        "timestamp_measured": "2019-04-03T10:00:00+00:00",
        "import_log_id": "76d3c078-e6f9-48ae-a7d0-7085515d4afe",
        "rating": 1,
        "status": "validated"
    },
    {
        "id": "2277d56e-19b7-49d3-8124-62294309c138",
        "station_id": "133a145b-0fa8-46fd-ba90-995dae2e21e6",
        "component_id": "32d85dc5-83c3-4d3a-9d76-ccbfbf6f5b61",
        "value": 2.0,
        "timestamp_measured": "2019-04-03T11:00:00+00:00",
        "import_log_id": "76d3c078-e6f9-48ae-a7d0-7085515d4afe",
        "rating": 1,
        "status": "validated"
    },
    {
        "id": "c4face36-20e6-4df2-b3f6-1e3b5ae423f2",
        "station_id": "133a145b-0fa8-46fd-ba90-995dae2e21e6",
        "component_id": "32d85dc5-83c3-4d3a-9d76-ccbfbf6f5b61",
        "value": 2.43,
        "timestamp_measured": "2019-04-03T12:00:00+00:00",
        "import_log_id": "76d3c078-e6f9-48ae-a7d0-7085515d4afe",
        "rating": 1,
        "status": "validated"
    },
    {
        "id": "ea172d53-f3e2-4f57-94b3-3ff3742ff609",
        "station_id": "133a145b-0fa8-46fd-ba90-995dae2e21e6",
        "component_id": "32d85dc5-83c3-4d3a-9d76-ccbfbf6f5b61",
        "value": 2.33,
        "timestamp_measured": "2019-04-03T13:00:00+00:00",
        "import_log_id": "76d3c078-e6f9-48ae-a7d0-7085515d4afe",
        "rating": 1,
        "status": "validated"
    },
    {
        "id": "b1257724-bf54-4a41-99af-83ba014509fa",
        "station_id": "133a145b-0fa8-46fd-ba90-995dae2e21e6",
        "component_id": "32d85dc5-83c3-4d3a-9d76-ccbfbf6f5b61",
        "value": 1.72,
        "timestamp_measured": "2019-04-03T14:00:00+00:00",
        "import_log_id": "76d3c078-e6f9-48ae-a7d0-7085515d4afe",
        "rating": 1,
        "status": "validated"
    },
    {
        "id": "3f6167f6-a094-434f-8ce5-2c63c71f59d3",
        "station_id": "133a145b-0fa8-46fd-ba90-995dae2e21e6",
        "component_id": "32d85dc5-83c3-4d3a-9d76-ccbfbf6f5b61",
        "value": 1.45,
        "timestamp_measured": "2019-04-03T15:00:00+00:00",
        "import_log_id": "76d3c078-e6f9-48ae-a7d0-7085515d4afe",
        "rating": 1,
        "status": "validated"
    },
    {
        "id": "a81cc98d-7a8b-44f5-ad5b-5eda8e9d5747",
        "station_id": "133a145b-0fa8-46fd-ba90-995dae2e21e6",
        "component_id": "32d85dc5-83c3-4d3a-9d76-ccbfbf6f5b61",
        "value": 1.06,
        "timestamp_measured": "2019-04-03T16:00:00+00:00",
        "import_log_id": "76d3c078-e6f9-48ae-a7d0-7085515d4afe",
        "rating": 1,
        "status": "validated"
    },
    {
        "id": "dd2f9a1a-c375-410f-9e9b-7e3bb1340c35",
        "station_id": "133a145b-0fa8-46fd-ba90-995dae2e21e6",
        "component_id": "32d85dc5-83c3-4d3a-9d76-ccbfbf6f5b61",
        "value": 1.27,
        "timestamp_measured": "2019-04-03T17:00:00+00:00",
        "import_log_id": "76d3c078-e6f9-48ae-a7d0-7085515d4afe",
        "rating": 1,
        "status": "validated"
    },
    {
        "id": "c5d496ca-195e-4ffc-98c1-b222461f38d7",
        "station_id": "133a145b-0fa8-46fd-ba90-995dae2e21e6",
        "component_id": "32d85dc5-83c3-4d3a-9d76-ccbfbf6f5b61",
        "value": 1.12,
        "timestamp_measured": "2019-04-03T18:00:00+00:00",
        "import_log_id": "76d3c078-e6f9-48ae-a7d0-7085515d4afe",
        "rating": 1,
        "status": "validated"
    },
    {
        "id": "900cde0b-ddbf-4b84-bca5-25b57b90aae6",
        "station_id": "133a145b-0fa8-46fd-ba90-995dae2e21e6",
        "component_id": "32d85dc5-83c3-4d3a-9d76-ccbfbf6f5b61",
        "value": 0.32,
        "timestamp_measured": "2019-04-03T19:00:00+00:00",
        "import_log_id": "76d3c078-e6f9-48ae-a7d0-7085515d4afe",
        "rating": 1,
        "status": "validated"
    },
    {
        "id": "45e8916c-88ae-46c3-aabe-f419476ad61a",
        "station_id": "133a145b-0fa8-46fd-ba90-995dae2e21e6",
        "component_id": "32d85dc5-83c3-4d3a-9d76-ccbfbf6f5b61",
        "value": 0.47,
        "timestamp_measured": "2019-04-03T20:00:00+00:00",
        "import_log_id": "76d3c078-e6f9-48ae-a7d0-7085515d4afe",
        "rating": 1,
        "status": "validated"
    },
    {
        "id": "3382fcdd-04e8-4443-a33b-0d335cf712a9",
        "station_id": "133a145b-0fa8-46fd-ba90-995dae2e21e6",
        "component_id": "32d85dc5-83c3-4d3a-9d76-ccbfbf6f5b61",
        "value": 0.16,
        "timestamp_measured": "2019-04-03T21:00:00+00:00",
        "import_log_id": "76d3c078-e6f9-48ae-a7d0-7085515d4afe",
        "rating": 1,
        "status": "validated"
    },
    {
        "id": "a7846e7b-634b-4e0b-beb6-97df78b5e137",
        "station_id": "133a145b-0fa8-46fd-ba90-995dae2e21e6",
        "component_id": "32d85dc5-83c3-4d3a-9d76-ccbfbf6f5b61",
        "value": 0.54,
        "timestamp_measured": "2019-04-03T22:00:00+00:00",
        "import_log_id": "76d3c078-e6f9-48ae-a7d0-7085515d4afe",
        "rating": 1,
        "status": "validated"
    },
    {
        "id": "b3d0ea82-310d-4c3c-8e11-adf90b1d4cab",
        "station_id": "133a145b-0fa8-46fd-ba90-995dae2e21e6",
        "component_id": "32d85dc5-83c3-4d3a-9d76-ccbfbf6f5b61",
        "value": 0.64,
        "timestamp_measured": "2019-04-03T23:00:00+00:00",
        "import_log_id": "76d3c078-e6f9-48ae-a7d0-7085515d4afe",
        "rating": 1,
        "status": "validated"
    },
    {
        "id": "fefee48f-862e-452c-a43e-10a8251af762",
        "station_id": "133a145b-0fa8-46fd-ba90-995dae2e21e6",
        "component_id": "32d85dc5-83c3-4d3a-9d76-ccbfbf6f5b61",
        "value": 0.21,
        "timestamp_measured": "2019-04-04T00:00:00+00:00",
        "import_log_id": "76d3c078-e6f9-48ae-a7d0-7085515d4afe",
        "rating": 1,
        "status": "validated"
    },
    {
        "id": "950c9346-de01-48f7-b6f0-34ba57cfb665",
        "station_id": "133a145b-0fa8-46fd-ba90-995dae2e21e6",
        "component_id": "32d85dc5-83c3-4d3a-9d76-ccbfbf6f5b61",
        "value": 0.26,
        "timestamp_measured": "2019-04-04T01:00:00+00:00",
        "import_log_id": "76d3c078-e6f9-48ae-a7d0-7085515d4afe",
        "rating": 1,
        "status": "validated"
    },
    {
        "id": "f48f188c-8b28-45fe-ac70-4aa1a35e517d",
        "station_id": "133a145b-0fa8-46fd-ba90-995dae2e21e6",
        "component_id": "32d85dc5-83c3-4d3a-9d76-ccbfbf6f5b61",
        "value": 0.2,
        "timestamp_measured": "2019-04-04T02:00:00+00:00",
        "import_log_id": "76d3c078-e6f9-48ae-a7d0-7085515d4afe",
        "rating": 1,
        "status": "validated"
    },
    {
        "id": "507d72e0-30cb-40c8-ab35-6da61ef7f31f",
        "station_id": "133a145b-0fa8-46fd-ba90-995dae2e21e6",
        "component_id": "32d85dc5-83c3-4d3a-9d76-ccbfbf6f5b61",
        "value": 0.13,
        "timestamp_measured": "2019-04-04T03:00:00+00:00",
        "import_log_id": "76d3c078-e6f9-48ae-a7d0-7085515d4afe",
        "rating": 1,
        "status": "validated"
    },
    {
        "id": "f41a5278-fc3d-4c2d-8e70-b0398bbfde84",
        "station_id": "133a145b-0fa8-46fd-ba90-995dae2e21e6",
        "component_id": "32d85dc5-83c3-4d3a-9d76-ccbfbf6f5b61",
        "value": 0.33,
        "timestamp_measured": "2019-04-04T04:00:00+00:00",
        "import_log_id": "76d3c078-e6f9-48ae-a7d0-7085515d4afe",
        "rating": 1,
        "status": "validated"
    },
    {
        "id": "5f530776-c4f5-4677-9af5-7c4b3e284ce9",
        "station_id": "133a145b-0fa8-46fd-ba90-995dae2e21e6",
        "component_id": "32d85dc5-83c3-4d3a-9d76-ccbfbf6f5b61",
        "value": 0.46,
        "timestamp_measured": "2019-04-04T05:00:00+00:00",
        "import_log_id": "76d3c078-e6f9-48ae-a7d0-7085515d4afe",
        "rating": 1,
        "status": "validated"
    },
    {
        "id": "d09e7f0d-2527-4741-a35a-b9a0d8c58c7c",
        "station_id": "133a145b-0fa8-46fd-ba90-995dae2e21e6",
        "component_id": "32d85dc5-83c3-4d3a-9d76-ccbfbf6f5b61",
        "value": 1.27,
        "timestamp_measured": "2019-04-04T06:00:00+00:00",
        "import_log_id": "76d3c078-e6f9-48ae-a7d0-7085515d4afe",
        "rating": 1,
        "status": "validated"
    },
    {
        "id": "e5702c4e-dbfc-48bc-906b-b592bd474862",
        "station_id": "133a145b-0fa8-46fd-ba90-995dae2e21e6",
        "component_id": "32d85dc5-83c3-4d3a-9d76-ccbfbf6f5b61",
        "value": 3.22,
        "timestamp_measured": "2019-04-04T07:00:00+00:00",
        "import_log_id": "76d3c078-e6f9-48ae-a7d0-7085515d4afe",
        "rating": 1,
        "status": "validated"
    },
    {
        "id": "83a04832-302b-43e4-ab24-54f2d1704f63",
        "station_id": "133a145b-0fa8-46fd-ba90-995dae2e21e6",
        "component_id": "32d85dc5-83c3-4d3a-9d76-ccbfbf6f5b61",
        "value": 5.01,
        "timestamp_measured": "2019-04-04T08:00:00+00:00",
        "import_log_id": "76d3c078-e6f9-48ae-a7d0-7085515d4afe",
        "rating": 1,
        "status": "validated"
    },
    {
        "id": "d973add7-d193-402e-8cde-684470b3d171",
        "station_id": "133a145b-0fa8-46fd-ba90-995dae2e21e6",
        "component_id": "32d85dc5-83c3-4d3a-9d76-ccbfbf6f5b61",
        "value": 9.58,
        "timestamp_measured": "2019-04-04T09:00:00+00:00",
        "import_log_id": "76d3c078-e6f9-48ae-a7d0-7085515d4afe",
        "rating": 1,
        "status": "validated"
    },
    {
        "id": "f4f090d2-fe68-4082-b0e3-ecfae1411ae1",
        "station_id": "133a145b-0fa8-46fd-ba90-995dae2e21e6",
        "component_id": "32d85dc5-83c3-4d3a-9d76-ccbfbf6f5b61",
        "value": 11.7,
        "timestamp_measured": "2019-04-04T10:00:00+00:00",
        "import_log_id": "76d3c078-e6f9-48ae-a7d0-7085515d4afe",
        "rating": 2,
        "status": "validated"
    },
    {
        "id": "b351db39-528e-4d12-b4bb-8cd4d39827b9",
        "station_id": "133a145b-0fa8-46fd-ba90-995dae2e21e6",
        "component_id": "32d85dc5-83c3-4d3a-9d76-ccbfbf6f5b61",
        "value": 7.32,
        "timestamp_measured": "2019-04-04T11:00:00+00:00",
        "import_log_id": "76d3c078-e6f9-48ae-a7d0-7085515d4afe",
        "rating": 1,
        "status": "validated"
    },
    {
        "id": "f4c15ee9-78d2-41e6-9854-fb43942cdeda",
        "station_id": "133a145b-0fa8-46fd-ba90-995dae2e21e6",
        "component_id": "32d85dc5-83c3-4d3a-9d76-ccbfbf6f5b61",
        "value": 8.51,
        "timestamp_measured": "2019-04-04T12:00:00+00:00",
        "import_log_id": "76d3c078-e6f9-48ae-a7d0-7085515d4afe",
        "rating": 1,
        "status": "validated"
    },
    {
        "id": "164add54-8341-4859-bd5b-af6b7380c963",
        "station_id": "133a145b-0fa8-46fd-ba90-995dae2e21e6",
        "component_id": "32d85dc5-83c3-4d3a-9d76-ccbfbf6f5b61",
        "value": 4.41,
        "timestamp_measured": "2019-04-04T13:00:00+00:00",
        "import_log_id": "76d3c078-e6f9-48ae-a7d0-7085515d4afe",
        "rating": 1,
        "status": "validated"
    },
    {
        "id": "10218bbb-7d87-46f7-a233-fd9be9324b43",
        "station_id": "133a145b-0fa8-46fd-ba90-995dae2e21e6",
        "component_id": "32d85dc5-83c3-4d3a-9d76-ccbfbf6f5b61",
        "value": 4.0,
        "timestamp_measured": "2019-04-04T14:00:00+00:00",
        "import_log_id": "76d3c078-e6f9-48ae-a7d0-7085515d4afe",
        "rating": 1,
        "status": "validated"
    },
    {
        "id": "5d544894-b4b0-466a-b086-bd37ee7f4a7c",
        "station_id": "133a145b-0fa8-46fd-ba90-995dae2e21e6",
        "component_id": "32d85dc5-83c3-4d3a-9d76-ccbfbf6f5b61",
        "value": 3.47,
        "timestamp_measured": "2019-04-04T15:00:00+00:00",
        "import_log_id": "76d3c078-e6f9-48ae-a7d0-7085515d4afe",
        "rating": 1,
        "status": "validated"
    },
    {
        "id": "195cb911-080a-4856-bc78-811cc6c3564e",
        "station_id": "133a145b-0fa8-46fd-ba90-995dae2e21e6",
        "component_id": "32d85dc5-83c3-4d3a-9d76-ccbfbf6f5b61",
        "value": 4.77,
        "timestamp_measured": "2019-04-04T16:00:00+00:00",
        "import_log_id": "76d3c078-e6f9-48ae-a7d0-7085515d4afe",
        "rating": 1,
        "status": "validated"
    },
    {
        "id": "b6be6e5b-ae68-4d42-81be-31a95fa597b1",
        "station_id": "133a145b-0fa8-46fd-ba90-995dae2e21e6",
        "component_id": "32d85dc5-83c3-4d3a-9d76-ccbfbf6f5b61",
        "value": 2.77,
        "timestamp_measured": "2019-04-04T17:00:00+00:00",
        "import_log_id": "76d3c078-e6f9-48ae-a7d0-7085515d4afe",
        "rating": 1,
        "status": "validated"
    },
    {
        "id": "67f9a0a0-1e66-4b11-82e7-648e391795d5",
        "station_id": "133a145b-0fa8-46fd-ba90-995dae2e21e6",
        "component_id": "32d85dc5-83c3-4d3a-9d76-ccbfbf6f5b61",
        "value": 1.99,
        "timestamp_measured": "2019-04-04T18:00:00+00:00",
        "import_log_id": "76d3c078-e6f9-48ae-a7d0-7085515d4afe",
        "rating": 1,
        "status": "validated"
    },
    {
        "id": "029892ba-5632-4c51-bd41-17af3a0c4f2f",
        "station_id": "133a145b-0fa8-46fd-ba90-995dae2e21e6",
        "component_id": "32d85dc5-83c3-4d3a-9d76-ccbfbf6f5b61",
        "value": 0.36,
        "timestamp_measured": "2019-04-04T19:00:00+00:00",
        "import_log_id": "76d3c078-e6f9-48ae-a7d0-7085515d4afe",
        "rating": 1,
        "status": "validated"
    },
    {
        "id": "d94346bb-aefb-4e1c-87f2-f324b7488bb0",
        "station_id": "133a145b-0fa8-46fd-ba90-995dae2e21e6",
        "component_id": "32d85dc5-83c3-4d3a-9d76-ccbfbf6f5b61",
        "value": 0.4,
        "timestamp_measured": "2019-04-04T20:00:00+00:00",
        "import_log_id": "76d3c078-e6f9-48ae-a7d0-7085515d4afe",
        "rating": 1,
        "status": "validated"
    },
    {
        "id": "68179f53-fac0-400c-8e70-d633af4ad386",
        "station_id": "133a145b-0fa8-46fd-ba90-995dae2e21e6",
        "component_id": "32d85dc5-83c3-4d3a-9d76-ccbfbf6f5b61",
        "value": 0.51,
        "timestamp_measured": "2019-04-04T21:00:00+00:00",
        "import_log_id": "76d3c078-e6f9-48ae-a7d0-7085515d4afe",
        "rating": 1,
        "status": "validated"
    },
    {
        "id": "4312b872-3830-45b1-8606-be3cd0f0e3dc",
        "station_id": "133a145b-0fa8-46fd-ba90-995dae2e21e6",
        "component_id": "32d85dc5-83c3-4d3a-9d76-ccbfbf6f5b61",
        "value": 0.67,
        "timestamp_measured": "2019-04-04T22:00:00+00:00",
        "import_log_id": "76d3c078-e6f9-48ae-a7d0-7085515d4afe",
        "rating": 1,
        "status": "validated"
    },
    {
        "id": "4de9d4e8-dcba-4e64-a5ff-f05d33cf6b66",
        "station_id": "133a145b-0fa8-46fd-ba90-995dae2e21e6",
        "component_id": "32d85dc5-83c3-4d3a-9d76-ccbfbf6f5b61",
        "value": 0.46,
        "timestamp_measured": "2019-04-04T23:00:00+00:00",
        "import_log_id": "76d3c078-e6f9-48ae-a7d0-7085515d4afe",
        "rating": 1,
        "status": "validated"
    },
    {
        "id": "18738388-8a67-43f9-92c4-f7a2885ec6cf",
        "station_id": "133a145b-0fa8-46fd-ba90-995dae2e21e6",
        "component_id": "32d85dc5-83c3-4d3a-9d76-ccbfbf6f5b61",
        "value": 1.16,
        "timestamp_measured": "2019-04-05T00:00:00+00:00",
        "import_log_id": "76d3c078-e6f9-48ae-a7d0-7085515d4afe",
        "rating": 1,
        "status": "validated"
    },
    {
        "id": "00e838f4-abff-4fac-8957-fea63b056626",
        "station_id": "133a145b-0fa8-46fd-ba90-995dae2e21e6",
        "component_id": "32d85dc5-83c3-4d3a-9d76-ccbfbf6f5b61",
        "value": 0.83,
        "timestamp_measured": "2019-04-05T01:00:00+00:00",
        "import_log_id": "76d3c078-e6f9-48ae-a7d0-7085515d4afe",
        "rating": 1,
        "status": "validated"
    },
    {
        "id": "26431a17-0474-49ab-8db4-1346bed9a778",
        "station_id": "133a145b-0fa8-46fd-ba90-995dae2e21e6",
        "component_id": "32d85dc5-83c3-4d3a-9d76-ccbfbf6f5b61",
        "value": 1.96,
        "timestamp_measured": "2019-04-05T02:00:00+00:00",
        "import_log_id": "76d3c078-e6f9-48ae-a7d0-7085515d4afe",
        "rating": 1,
        "status": "validated"
    },
    {
        "id": "f4f2fd5c-3c6a-4057-95b9-26d897bc6402",
        "station_id": "133a145b-0fa8-46fd-ba90-995dae2e21e6",
        "component_id": "32d85dc5-83c3-4d3a-9d76-ccbfbf6f5b61",
        "value": 4.01,
        "timestamp_measured": "2019-04-05T03:00:00+00:00",
        "import_log_id": "76d3c078-e6f9-48ae-a7d0-7085515d4afe",
        "rating": 1,
        "status": "validated"
    },
    {
        "id": "e68cc564-6cd4-4996-af1a-e4103457f9f1",
        "station_id": "133a145b-0fa8-46fd-ba90-995dae2e21e6",
        "component_id": "32d85dc5-83c3-4d3a-9d76-ccbfbf6f5b61",
        "value": 3.75,
        "timestamp_measured": "2019-04-05T04:00:00+00:00",
        "import_log_id": "76d3c078-e6f9-48ae-a7d0-7085515d4afe",
        "rating": 1,
        "status": "validated"
    },
    {
        "id": "74ec706e-f45a-46fc-989a-7b10a8df55bc",
        "station_id": "133a145b-0fa8-46fd-ba90-995dae2e21e6",
        "component_id": "32d85dc5-83c3-4d3a-9d76-ccbfbf6f5b61",
        "value": 5.03,
        "timestamp_measured": "2019-04-05T05:00:00+00:00",
        "import_log_id": "76d3c078-e6f9-48ae-a7d0-7085515d4afe",
        "rating": 1,
        "status": "validated"
    },
    {
        "id": "693e9e61-99d2-420a-8fd8-afe6086672f9",
        "station_id": "133a145b-0fa8-46fd-ba90-995dae2e21e6",
        "component_id": "32d85dc5-83c3-4d3a-9d76-ccbfbf6f5b61",
        "value": 8.92,
        "timestamp_measured": "2019-04-05T06:00:00+00:00",
        "import_log_id": "76d3c078-e6f9-48ae-a7d0-7085515d4afe",
        "rating": 1,
        "status": "validated"
    },
    {
        "id": "3d08b3a1-f1be-4568-9199-5b32485af334",
        "station_id": "133a145b-0fa8-46fd-ba90-995dae2e21e6",
        "component_id": "32d85dc5-83c3-4d3a-9d76-ccbfbf6f5b61",
        "value": 10.19,
        "timestamp_measured": "2019-04-05T07:00:00+00:00",
        "import_log_id": "76d3c078-e6f9-48ae-a7d0-7085515d4afe",
        "rating": 2,
        "status": "validated"
    },
    {
        "id": "900dcd8a-8e74-475e-a5d9-67a34ab0b862",
        "station_id": "133a145b-0fa8-46fd-ba90-995dae2e21e6",
        "component_id": "32d85dc5-83c3-4d3a-9d76-ccbfbf6f5b61",
        "value": 11.59,
        "timestamp_measured": "2019-04-05T08:00:00+00:00",
        "import_log_id": "76d3c078-e6f9-48ae-a7d0-7085515d4afe",
        "rating": 2,
        "status": "validated"
    },
    {
        "id": "0eae001a-d94f-4a29-bff2-fcf0a9d95fc6",
        "station_id": "133a145b-0fa8-46fd-ba90-995dae2e21e6",
        "component_id": "32d85dc5-83c3-4d3a-9d76-ccbfbf6f5b61",
        "value": 11.97,
        "timestamp_measured": "2019-04-05T09:00:00+00:00",
        "import_log_id": "76d3c078-e6f9-48ae-a7d0-7085515d4afe",
        "rating": 2,
        "status": "validated"
    },
    {
        "id": "f2e33f69-f5bf-4899-82de-2a8123e1d500",
        "station_id": "133a145b-0fa8-46fd-ba90-995dae2e21e6",
        "component_id": "32d85dc5-83c3-4d3a-9d76-ccbfbf6f5b61",
        "value": 7.88,
        "timestamp_measured": "2019-04-05T10:00:00+00:00",
        "import_log_id": "76d3c078-e6f9-48ae-a7d0-7085515d4afe",
        "rating": 1,
        "status": "validated"
    },
    {
        "id": "8ae1a205-b10c-4699-aaef-ddf337005427",
        "station_id": "133a145b-0fa8-46fd-ba90-995dae2e21e6",
        "component_id": "32d85dc5-83c3-4d3a-9d76-ccbfbf6f5b61",
        "value": 5.54,
        "timestamp_measured": "2019-04-05T11:00:00+00:00",
        "import_log_id": "76d3c078-e6f9-48ae-a7d0-7085515d4afe",
        "rating": 1,
        "status": "validated"
    },
    {
        "id": "f1a3a867-cb77-4aed-99ad-ac1be4252e93",
        "station_id": "133a145b-0fa8-46fd-ba90-995dae2e21e6",
        "component_id": "32d85dc5-83c3-4d3a-9d76-ccbfbf6f5b61",
        "value": 2.51,
        "timestamp_measured": "2019-04-05T12:00:00+00:00",
        "import_log_id": "76d3c078-e6f9-48ae-a7d0-7085515d4afe",
        "rating": 1,
        "status": "validated"
    },
    {
        "id": "d20b606b-0ac3-4f6c-9cdd-7863288e2c2f",
        "station_id": "133a145b-0fa8-46fd-ba90-995dae2e21e6",
        "component_id": "32d85dc5-83c3-4d3a-9d76-ccbfbf6f5b61",
        "value": 3.57,
        "timestamp_measured": "2019-04-05T13:00:00+00:00",
        "import_log_id": "76d3c078-e6f9-48ae-a7d0-7085515d4afe",
        "rating": 1,
        "status": "validated"
    },
    {
        "id": "21fb3f49-4c11-4eff-91cb-70b5118f7095",
        "station_id": "133a145b-0fa8-46fd-ba90-995dae2e21e6",
        "component_id": "32d85dc5-83c3-4d3a-9d76-ccbfbf6f5b61",
        "value": 2.58,
        "timestamp_measured": "2019-04-05T14:00:00+00:00",
        "import_log_id": "76d3c078-e6f9-48ae-a7d0-7085515d4afe",
        "rating": 1,
        "status": "validated"
    },
    {
        "id": "4e8ad355-4c7a-4c81-be99-7ec53a02d813",
        "station_id": "133a145b-0fa8-46fd-ba90-995dae2e21e6",
        "component_id": "32d85dc5-83c3-4d3a-9d76-ccbfbf6f5b61",
        "value": 1.82,
        "timestamp_measured": "2019-04-05T15:00:00+00:00",
        "import_log_id": "76d3c078-e6f9-48ae-a7d0-7085515d4afe",
        "rating": 1,
        "status": "validated"
    },
    {
        "id": "9d713004-7d4c-44c7-b949-a9ee78b69126",
        "station_id": "133a145b-0fa8-46fd-ba90-995dae2e21e6",
        "component_id": "32d85dc5-83c3-4d3a-9d76-ccbfbf6f5b61",
        "value": 1.51,
        "timestamp_measured": "2019-04-05T16:00:00+00:00",
        "import_log_id": "76d3c078-e6f9-48ae-a7d0-7085515d4afe",
        "rating": 1,
        "status": "validated"
    },
    {
        "id": "0982a51f-300c-4fec-8f4c-413420634d29",
        "station_id": "133a145b-0fa8-46fd-ba90-995dae2e21e6",
        "component_id": "32d85dc5-83c3-4d3a-9d76-ccbfbf6f5b61",
        "value": 1.06,
        "timestamp_measured": "2019-04-05T17:00:00+00:00",
        "import_log_id": "76d3c078-e6f9-48ae-a7d0-7085515d4afe",
        "rating": 1,
        "status": "validated"
    },
    {
        "id": "79d7a8f6-494d-4bb5-a574-a61675500800",
        "station_id": "133a145b-0fa8-46fd-ba90-995dae2e21e6",
        "component_id": "32d85dc5-83c3-4d3a-9d76-ccbfbf6f5b61",
        "value": 1.03,
        "timestamp_measured": "2019-04-05T18:00:00+00:00",
        "import_log_id": "76d3c078-e6f9-48ae-a7d0-7085515d4afe",
        "rating": 1,
        "status": "validated"
    },
    {
        "id": "4689d4aa-f411-4a38-a0ca-4e0ea493ea30",
        "station_id": "133a145b-0fa8-46fd-ba90-995dae2e21e6",
        "component_id": "32d85dc5-83c3-4d3a-9d76-ccbfbf6f5b61",
        "value": 0.85,
        "timestamp_measured": "2019-04-05T19:00:00+00:00",
        "import_log_id": "76d3c078-e6f9-48ae-a7d0-7085515d4afe",
        "rating": 1,
        "status": "validated"
    },
    {
        "id": "5862b405-7e65-4fee-9ff7-cf4ef17515e8",
        "station_id": "133a145b-0fa8-46fd-ba90-995dae2e21e6",
        "component_id": "32d85dc5-83c3-4d3a-9d76-ccbfbf6f5b61",
        "value": 0.72,
        "timestamp_measured": "2019-04-05T20:00:00+00:00",
        "import_log_id": "76d3c078-e6f9-48ae-a7d0-7085515d4afe",
        "rating": 1,
        "status": "validated"
    },
    {
        "id": "f4002f2b-b14a-427a-9243-384feeb8ff0e",
        "station_id": "133a145b-0fa8-46fd-ba90-995dae2e21e6",
        "component_id": "32d85dc5-83c3-4d3a-9d76-ccbfbf6f5b61",
        "value": 0.67,
        "timestamp_measured": "2019-04-05T21:00:00+00:00",
        "import_log_id": "76d3c078-e6f9-48ae-a7d0-7085515d4afe",
        "rating": 1,
        "status": "validated"
    },
    {
        "id": "d6051439-4154-40c2-8d4a-6bb465ec73f1",
        "station_id": "133a145b-0fa8-46fd-ba90-995dae2e21e6",
        "component_id": "32d85dc5-83c3-4d3a-9d76-ccbfbf6f5b61",
        "value": 0.46,
        "timestamp_measured": "2019-04-05T22:00:00+00:00",
        "import_log_id": "76d3c078-e6f9-48ae-a7d0-7085515d4afe",
        "rating": 1,
        "status": "validated"
    },
    {
        "id": "cac14d71-4777-46eb-9486-c1cea497024e",
        "station_id": "133a145b-0fa8-46fd-ba90-995dae2e21e6",
        "component_id": "32d85dc5-83c3-4d3a-9d76-ccbfbf6f5b61",
        "value": 0.83,
        "timestamp_measured": "2019-04-05T23:00:00+00:00",
        "import_log_id": "76d3c078-e6f9-48ae-a7d0-7085515d4afe",
        "rating": 1,
        "status": "validated"
    },
    {
        "id": "c61069a3-8a8f-4185-a9b3-348b1a632c84",
        "station_id": "133a145b-0fa8-46fd-ba90-995dae2e21e6",
        "component_id": "32d85dc5-83c3-4d3a-9d76-ccbfbf6f5b61",
        "value": 0.35,
        "timestamp_measured": "2019-04-06T00:00:00+00:00",
        "import_log_id": "76d3c078-e6f9-48ae-a7d0-7085515d4afe",
        "rating": 1,
        "status": "validated"
    },
    {
        "id": "a5462430-6dbd-4147-a660-e8ba386fcdd8",
        "station_id": "133a145b-0fa8-46fd-ba90-995dae2e21e6",
        "component_id": "32d85dc5-83c3-4d3a-9d76-ccbfbf6f5b61",
        "value": 0.55,
        "timestamp_measured": "2019-04-06T01:00:00+00:00",
        "import_log_id": "76d3c078-e6f9-48ae-a7d0-7085515d4afe",
        "rating": 1,
        "status": "validated"
    },
    {
        "id": "732188a9-3249-4856-aab2-7bb906a73397",
        "station_id": "133a145b-0fa8-46fd-ba90-995dae2e21e6",
        "component_id": "32d85dc5-83c3-4d3a-9d76-ccbfbf6f5b61",
        "value": 0.32,
        "timestamp_measured": "2019-04-06T02:00:00+00:00",
        "import_log_id": "76d3c078-e6f9-48ae-a7d0-7085515d4afe",
        "rating": 1,
        "status": "validated"
    },
    {
        "id": "9cb6baeb-d9c2-424b-8741-ae7b3bc10462",
        "station_id": "133a145b-0fa8-46fd-ba90-995dae2e21e6",
        "component_id": "32d85dc5-83c3-4d3a-9d76-ccbfbf6f5b61",
        "value": 0.34,
        "timestamp_measured": "2019-04-06T03:00:00+00:00",
        "import_log_id": "76d3c078-e6f9-48ae-a7d0-7085515d4afe",
        "rating": 1,
        "status": "validated"
    },
    {
        "id": "00d166df-0a6f-4603-a4de-20292bacce9b",
        "station_id": "133a145b-0fa8-46fd-ba90-995dae2e21e6",
        "component_id": "32d85dc5-83c3-4d3a-9d76-ccbfbf6f5b61",
        "value": 0.96,
        "timestamp_measured": "2019-04-06T04:00:00+00:00",
        "import_log_id": "76d3c078-e6f9-48ae-a7d0-7085515d4afe",
        "rating": 1,
        "status": "validated"
    },
    {
        "id": "bd253a20-2e22-41b4-8c39-9d89d1e64476",
        "station_id": "133a145b-0fa8-46fd-ba90-995dae2e21e6",
        "component_id": "32d85dc5-83c3-4d3a-9d76-ccbfbf6f5b61",
        "value": 0.94,
        "timestamp_measured": "2019-04-06T05:00:00+00:00",
        "import_log_id": "76d3c078-e6f9-48ae-a7d0-7085515d4afe",
        "rating": 1,
        "status": "validated"
    },
    {
        "id": "09e73853-98f3-47a9-88ca-6caf80ba88b8",
        "station_id": "133a145b-0fa8-46fd-ba90-995dae2e21e6",
        "component_id": "32d85dc5-83c3-4d3a-9d76-ccbfbf6f5b61",
        "value": 2.31,
        "timestamp_measured": "2019-04-06T06:00:00+00:00",
        "import_log_id": "76d3c078-e6f9-48ae-a7d0-7085515d4afe",
        "rating": 1,
        "status": "validated"
    },
    {
        "id": "04e6b095-5b2c-4cae-bb06-2bf42f36866b",
        "station_id": "133a145b-0fa8-46fd-ba90-995dae2e21e6",
        "component_id": "32d85dc5-83c3-4d3a-9d76-ccbfbf6f5b61",
        "value": 2.87,
        "timestamp_measured": "2019-04-06T07:00:00+00:00",
        "import_log_id": "76d3c078-e6f9-48ae-a7d0-7085515d4afe",
        "rating": 1,
        "status": "validated"
    },
    {
        "id": "e188908d-c5c3-4aae-b8e4-94a89502c9c0",
        "station_id": "133a145b-0fa8-46fd-ba90-995dae2e21e6",
        "component_id": "32d85dc5-83c3-4d3a-9d76-ccbfbf6f5b61",
        "value": 2.99,
        "timestamp_measured": "2019-04-06T08:00:00+00:00",
        "import_log_id": "76d3c078-e6f9-48ae-a7d0-7085515d4afe",
        "rating": 1,
        "status": "validated"
    },
    {
        "id": "19f6eb80-8a31-4bdb-9db8-12d89c2956e4",
        "station_id": "133a145b-0fa8-46fd-ba90-995dae2e21e6",
        "component_id": "32d85dc5-83c3-4d3a-9d76-ccbfbf6f5b61",
        "value": 3.62,
        "timestamp_measured": "2019-04-06T09:00:00+00:00",
        "import_log_id": "76d3c078-e6f9-48ae-a7d0-7085515d4afe",
        "rating": 1,
        "status": "validated"
    },
    {
        "id": "8ae43c83-5b40-45df-84ab-ed3ba3586a57",
        "station_id": "133a145b-0fa8-46fd-ba90-995dae2e21e6",
        "component_id": "32d85dc5-83c3-4d3a-9d76-ccbfbf6f5b61",
        "value": 4.26,
        "timestamp_measured": "2019-04-06T10:00:00+00:00",
        "import_log_id": "76d3c078-e6f9-48ae-a7d0-7085515d4afe",
        "rating": 1,
        "status": "validated"
    },
    {
        "id": "b1d356c1-f91f-47e5-8065-336c47e71d94",
        "station_id": "133a145b-0fa8-46fd-ba90-995dae2e21e6",
        "component_id": "32d85dc5-83c3-4d3a-9d76-ccbfbf6f5b61",
        "value": 3.33,
        "timestamp_measured": "2019-04-06T11:00:00+00:00",
        "import_log_id": "76d3c078-e6f9-48ae-a7d0-7085515d4afe",
        "rating": 1,
        "status": "validated"
    },
    {
        "id": "ee7d86db-18c3-47b1-9076-bd1cf5240297",
        "station_id": "133a145b-0fa8-46fd-ba90-995dae2e21e6",
        "component_id": "32d85dc5-83c3-4d3a-9d76-ccbfbf6f5b61",
        "value": 3.34,
        "timestamp_measured": "2019-04-06T12:00:00+00:00",
        "import_log_id": "76d3c078-e6f9-48ae-a7d0-7085515d4afe",
        "rating": 1,
        "status": "validated"
    },
    {
        "id": "752c766d-2fb0-43e8-a426-edc817eb273d",
        "station_id": "133a145b-0fa8-46fd-ba90-995dae2e21e6",
        "component_id": "32d85dc5-83c3-4d3a-9d76-ccbfbf6f5b61",
        "value": 2.23,
        "timestamp_measured": "2019-04-06T13:00:00+00:00",
        "import_log_id": "76d3c078-e6f9-48ae-a7d0-7085515d4afe",
        "rating": 1,
        "status": "validated"
    },
    {
        "id": "564c32cb-2e77-4ca2-bfa1-04cb954aa7ca",
        "station_id": "133a145b-0fa8-46fd-ba90-995dae2e21e6",
        "component_id": "32d85dc5-83c3-4d3a-9d76-ccbfbf6f5b61",
        "value": 1.64,
        "timestamp_measured": "2019-04-06T14:00:00+00:00",
        "import_log_id": "76d3c078-e6f9-48ae-a7d0-7085515d4afe",
        "rating": 1,
        "status": "validated"
    },
    {
        "id": "65564dce-1867-41de-91d3-41501d06f8e0",
        "station_id": "133a145b-0fa8-46fd-ba90-995dae2e21e6",
        "component_id": "32d85dc5-83c3-4d3a-9d76-ccbfbf6f5b61",
        "value": 1.69,
        "timestamp_measured": "2019-04-06T15:00:00+00:00",
        "import_log_id": "76d3c078-e6f9-48ae-a7d0-7085515d4afe",
        "rating": 1,
        "status": "validated"
    },
    {
        "id": "e35da2c5-f377-4cc8-b2f4-8a543d87b11f",
        "station_id": "133a145b-0fa8-46fd-ba90-995dae2e21e6",
        "component_id": "32d85dc5-83c3-4d3a-9d76-ccbfbf6f5b61",
        "value": 2.14,
        "timestamp_measured": "2019-04-06T16:00:00+00:00",
        "import_log_id": "76d3c078-e6f9-48ae-a7d0-7085515d4afe",
        "rating": 1,
        "status": "validated"
    },
    {
        "id": "60ffe5a4-da6d-40a1-a6da-2ae014176b70",
        "station_id": "133a145b-0fa8-46fd-ba90-995dae2e21e6",
        "component_id": "32d85dc5-83c3-4d3a-9d76-ccbfbf6f5b61",
        "value": 2.12,
        "timestamp_measured": "2019-04-06T17:00:00+00:00",
        "import_log_id": "76d3c078-e6f9-48ae-a7d0-7085515d4afe",
        "rating": 1,
        "status": "validated"
    },
    {
        "id": "76b44fc6-5093-4fa7-b316-0f58ac56abce",
        "station_id": "133a145b-0fa8-46fd-ba90-995dae2e21e6",
        "component_id": "32d85dc5-83c3-4d3a-9d76-ccbfbf6f5b61",
        "value": 1.3,
        "timestamp_measured": "2019-04-06T18:00:00+00:00",
        "import_log_id": "76d3c078-e6f9-48ae-a7d0-7085515d4afe",
        "rating": 1,
        "status": "validated"
    },
    {
        "id": "a37d3a90-00e3-41d2-ac71-93e55bae4c41",
        "station_id": "133a145b-0fa8-46fd-ba90-995dae2e21e6",
        "component_id": "32d85dc5-83c3-4d3a-9d76-ccbfbf6f5b61",
        "value": 6.32,
        "timestamp_measured": "2019-04-06T19:00:00+00:00",
        "import_log_id": "76d3c078-e6f9-48ae-a7d0-7085515d4afe",
        "rating": 1,
        "status": "validated"
    },
    {
        "id": "28ada158-8d5c-4320-9ac9-79be739b58c6",
        "station_id": "133a145b-0fa8-46fd-ba90-995dae2e21e6",
        "component_id": "32d85dc5-83c3-4d3a-9d76-ccbfbf6f5b61",
        "value": 6.7,
        "timestamp_measured": "2019-04-06T20:00:00+00:00",
        "import_log_id": "76d3c078-e6f9-48ae-a7d0-7085515d4afe",
        "rating": 1,
        "status": "validated"
    },
    {
        "id": "bc2401f1-36a9-4669-8f4b-44ae070be8c1",
        "station_id": "133a145b-0fa8-46fd-ba90-995dae2e21e6",
        "component_id": "32d85dc5-83c3-4d3a-9d76-ccbfbf6f5b61",
        "value": 8.89,
        "timestamp_measured": "2019-04-06T21:00:00+00:00",
        "import_log_id": "76d3c078-e6f9-48ae-a7d0-7085515d4afe",
        "rating": 1,
        "status": "validated"
    },
    {
        "id": "37a6c889-9822-4bef-a665-928133c75ba5",
        "station_id": "133a145b-0fa8-46fd-ba90-995dae2e21e6",
        "component_id": "32d85dc5-83c3-4d3a-9d76-ccbfbf6f5b61",
        "value": 0.68,
        "timestamp_measured": "2019-04-06T22:00:00+00:00",
        "import_log_id": "76d3c078-e6f9-48ae-a7d0-7085515d4afe",
        "rating": 1,
        "status": "validated"
    },
    {
        "id": "fee57cf2-64ef-42c8-a98e-bfd37efc802e",
        "station_id": "133a145b-0fa8-46fd-ba90-995dae2e21e6",
        "component_id": "32d85dc5-83c3-4d3a-9d76-ccbfbf6f5b61",
        "value": 3.76,
        "timestamp_measured": "2019-04-06T23:00:00+00:00",
        "import_log_id": "76d3c078-e6f9-48ae-a7d0-7085515d4afe",
        "rating": 1,
        "status": "validated"
    },
    {
        "id": "628e0468-dc2f-4ffc-8b8a-54d8f4835ab1",
        "station_id": "133a145b-0fa8-46fd-ba90-995dae2e21e6",
        "component_id": "32d85dc5-83c3-4d3a-9d76-ccbfbf6f5b61",
        "value": 4.03,
        "timestamp_measured": "2019-04-07T00:00:00+00:00",
        "import_log_id": "76d3c078-e6f9-48ae-a7d0-7085515d4afe",
        "rating": 1,
        "status": "validated"
    },
    {
        "id": "8b48403b-b6cd-490c-9ec0-c413a6134e73",
        "station_id": "133a145b-0fa8-46fd-ba90-995dae2e21e6",
        "component_id": "32d85dc5-83c3-4d3a-9d76-ccbfbf6f5b61",
        "value": 1.88,
        "timestamp_measured": "2019-04-07T01:00:00+00:00",
        "import_log_id": "76d3c078-e6f9-48ae-a7d0-7085515d4afe",
        "rating": 1,
        "status": "validated"
    },
    {
        "id": "9117bd26-652d-400b-a207-9787b5e99fd8",
        "station_id": "133a145b-0fa8-46fd-ba90-995dae2e21e6",
        "component_id": "32d85dc5-83c3-4d3a-9d76-ccbfbf6f5b61",
        "value": 1.64,
        "timestamp_measured": "2019-04-07T02:00:00+00:00",
        "import_log_id": "76d3c078-e6f9-48ae-a7d0-7085515d4afe",
        "rating": 1,
        "status": "validated"
    },
    {
        "id": "0439b1b0-feef-4368-9459-c5ceb3c4097a",
        "station_id": "133a145b-0fa8-46fd-ba90-995dae2e21e6",
        "component_id": "32d85dc5-83c3-4d3a-9d76-ccbfbf6f5b61",
        "value": 0.92,
        "timestamp_measured": "2019-04-07T03:00:00+00:00",
        "import_log_id": "76d3c078-e6f9-48ae-a7d0-7085515d4afe",
        "rating": 1,
        "status": "validated"
    },
    {
        "id": "4c1386d8-bf90-4905-936d-07b1c9c064ac",
        "station_id": "133a145b-0fa8-46fd-ba90-995dae2e21e6",
        "component_id": "32d85dc5-83c3-4d3a-9d76-ccbfbf6f5b61",
        "value": 1.0,
        "timestamp_measured": "2019-04-07T04:00:00+00:00",
        "import_log_id": "76d3c078-e6f9-48ae-a7d0-7085515d4afe",
        "rating": 1,
        "status": "validated"
    },
    {
        "id": "ee2f5275-97eb-4e1f-9647-3d3ccc485e64",
        "station_id": "133a145b-0fa8-46fd-ba90-995dae2e21e6",
        "component_id": "32d85dc5-83c3-4d3a-9d76-ccbfbf6f5b61",
        "value": 0.88,
        "timestamp_measured": "2019-04-07T05:00:00+00:00",
        "import_log_id": "76d3c078-e6f9-48ae-a7d0-7085515d4afe",
        "rating": 1,
        "status": "validated"
    },
    {
        "id": "d6435ebe-8cdb-46d1-a66e-494c1507de67",
        "station_id": "133a145b-0fa8-46fd-ba90-995dae2e21e6",
        "component_id": "32d85dc5-83c3-4d3a-9d76-ccbfbf6f5b61",
        "value": 1.9,
        "timestamp_measured": "2019-04-07T06:00:00+00:00",
        "import_log_id": "76d3c078-e6f9-48ae-a7d0-7085515d4afe",
        "rating": 1,
        "status": "validated"
    },
    {
        "id": "0744c172-66e0-4a13-b5e5-35d6193e2089",
        "station_id": "133a145b-0fa8-46fd-ba90-995dae2e21e6",
        "component_id": "32d85dc5-83c3-4d3a-9d76-ccbfbf6f5b61",
        "value": 6.16,
        "timestamp_measured": "2019-04-07T07:00:00+00:00",
        "import_log_id": "76d3c078-e6f9-48ae-a7d0-7085515d4afe",
        "rating": 1,
        "status": "validated"
    },
    {
        "id": "3f618000-7031-4eaa-b81f-9d64460afa80",
        "station_id": "133a145b-0fa8-46fd-ba90-995dae2e21e6",
        "component_id": "32d85dc5-83c3-4d3a-9d76-ccbfbf6f5b61",
        "value": 8.89,
        "timestamp_measured": "2019-04-07T08:00:00+00:00",
        "import_log_id": "76d3c078-e6f9-48ae-a7d0-7085515d4afe",
        "rating": 1,
        "status": "validated"
    },
    {
        "id": "8135edc9-2364-4987-a454-a132f0b77c1a",
        "station_id": "133a145b-0fa8-46fd-ba90-995dae2e21e6",
        "component_id": "32d85dc5-83c3-4d3a-9d76-ccbfbf6f5b61",
        "value": 7.83,
        "timestamp_measured": "2019-04-07T09:00:00+00:00",
        "import_log_id": "76d3c078-e6f9-48ae-a7d0-7085515d4afe",
        "rating": 1,
        "status": "validated"
    },
    {
        "id": "4b872af0-80c9-41de-a57e-06cd710df5c4",
        "station_id": "133a145b-0fa8-46fd-ba90-995dae2e21e6",
        "component_id": "32d85dc5-83c3-4d3a-9d76-ccbfbf6f5b61",
        "value": 6.81,
        "timestamp_measured": "2019-04-07T10:00:00+00:00",
        "import_log_id": "76d3c078-e6f9-48ae-a7d0-7085515d4afe",
        "rating": 1,
        "status": "validated"
    },
    {
        "id": "da6433ac-57e7-4371-901f-11b14629a201",
        "station_id": "133a145b-0fa8-46fd-ba90-995dae2e21e6",
        "component_id": "32d85dc5-83c3-4d3a-9d76-ccbfbf6f5b61",
        "value": 4.86,
        "timestamp_measured": "2019-04-07T11:00:00+00:00",
        "import_log_id": "76d3c078-e6f9-48ae-a7d0-7085515d4afe",
        "rating": 1,
        "status": "validated"
    },
    {
        "id": "0e1bccf3-cfa1-4932-817b-56d42c0e7e95",
        "station_id": "133a145b-0fa8-46fd-ba90-995dae2e21e6",
        "component_id": "32d85dc5-83c3-4d3a-9d76-ccbfbf6f5b61",
        "value": 3.35,
        "timestamp_measured": "2019-04-07T12:00:00+00:00",
        "import_log_id": "76d3c078-e6f9-48ae-a7d0-7085515d4afe",
        "rating": 1,
        "status": "validated"
    },
    {
        "id": "24e353ac-1be6-494b-89b7-53e9e2b3ff5a",
        "station_id": "133a145b-0fa8-46fd-ba90-995dae2e21e6",
        "component_id": "32d85dc5-83c3-4d3a-9d76-ccbfbf6f5b61",
        "value": 2.4,
        "timestamp_measured": "2019-04-07T13:00:00+00:00",
        "import_log_id": "76d3c078-e6f9-48ae-a7d0-7085515d4afe",
        "rating": 1,
        "status": "validated"
    },
    {
        "id": "2eb09e74-862c-461c-b899-4d9cca68b045",
        "station_id": "133a145b-0fa8-46fd-ba90-995dae2e21e6",
        "component_id": "32d85dc5-83c3-4d3a-9d76-ccbfbf6f5b61",
        "value": 2.19,
        "timestamp_measured": "2019-04-07T14:00:00+00:00",
        "import_log_id": "76d3c078-e6f9-48ae-a7d0-7085515d4afe",
        "rating": 1,
        "status": "validated"
    },
    {
        "id": "38603cfe-e4ef-46ed-afff-69b3a5a48223",
        "station_id": "133a145b-0fa8-46fd-ba90-995dae2e21e6",
        "component_id": "32d85dc5-83c3-4d3a-9d76-ccbfbf6f5b61",
        "value": 0.97,
        "timestamp_measured": "2019-04-07T15:00:00+00:00",
        "import_log_id": "76d3c078-e6f9-48ae-a7d0-7085515d4afe",
        "rating": 1,
        "status": "validated"
    },
    {
        "id": "8d52533e-5bb6-4db8-b608-602330e1481f",
        "station_id": "133a145b-0fa8-46fd-ba90-995dae2e21e6",
        "component_id": "32d85dc5-83c3-4d3a-9d76-ccbfbf6f5b61",
        "value": 0.39,
        "timestamp_measured": "2019-04-07T16:00:00+00:00",
        "import_log_id": "76d3c078-e6f9-48ae-a7d0-7085515d4afe",
        "rating": 1,
        "status": "validated"
    },
    {
        "id": "d4a84f34-376c-4396-b3f6-3a4584e66f46",
        "station_id": "133a145b-0fa8-46fd-ba90-995dae2e21e6",
        "component_id": "32d85dc5-83c3-4d3a-9d76-ccbfbf6f5b61",
        "value": 0.34,
        "timestamp_measured": "2019-04-07T17:00:00+00:00",
        "import_log_id": "76d3c078-e6f9-48ae-a7d0-7085515d4afe",
        "rating": 1,
        "status": "validated"
    },
    {
        "id": "891d642e-520c-4716-afc1-7710c97d09e4",
        "station_id": "133a145b-0fa8-46fd-ba90-995dae2e21e6",
        "component_id": "32d85dc5-83c3-4d3a-9d76-ccbfbf6f5b61",
        "value": 0.52,
        "timestamp_measured": "2019-04-07T18:00:00+00:00",
        "import_log_id": "76d3c078-e6f9-48ae-a7d0-7085515d4afe",
        "rating": 1,
        "status": "validated"
    },
    {
        "id": "2b0f7cce-0eb4-424c-8b08-b95d696d87c6",
        "station_id": "133a145b-0fa8-46fd-ba90-995dae2e21e6",
        "component_id": "32d85dc5-83c3-4d3a-9d76-ccbfbf6f5b61",
        "value": 0.34,
        "timestamp_measured": "2019-04-07T19:00:00+00:00",
        "import_log_id": "76d3c078-e6f9-48ae-a7d0-7085515d4afe",
        "rating": 1,
        "status": "validated"
    },
    {
        "id": "0bdd9411-0dd9-4131-9dfe-025646d245ca",
        "station_id": "133a145b-0fa8-46fd-ba90-995dae2e21e6",
        "component_id": "32d85dc5-83c3-4d3a-9d76-ccbfbf6f5b61",
        "value": 0.54,
        "timestamp_measured": "2019-04-07T20:00:00+00:00",
        "import_log_id": "76d3c078-e6f9-48ae-a7d0-7085515d4afe",
        "rating": 1,
        "status": "validated"
    },
    {
        "id": "ca4feef1-cbe6-47a8-933a-7ffcee89c051",
        "station_id": "133a145b-0fa8-46fd-ba90-995dae2e21e6",
        "component_id": "32d85dc5-83c3-4d3a-9d76-ccbfbf6f5b61",
        "value": 0.29,
        "timestamp_measured": "2019-04-07T21:00:00+00:00",
        "import_log_id": "76d3c078-e6f9-48ae-a7d0-7085515d4afe",
        "rating": 1,
        "status": "validated"
    },
    {
        "id": "8964da6e-b381-4703-9f1f-fa9c8e7d1df3",
        "station_id": "133a145b-0fa8-46fd-ba90-995dae2e21e6",
        "component_id": "32d85dc5-83c3-4d3a-9d76-ccbfbf6f5b61",
        "value": -999.0,
        "timestamp_measured": "2019-04-07T22:00:00+00:00",
        "import_log_id": "76d3c078-e6f9-48ae-a7d0-7085515d4afe",
        "rating": -999,
        "status": "unvalidated"
    }
]